forecast_id,store_id,store_name,neighborhood,store_type,date,day_of_week,hour,forecast_orders,forecast_drinks,forecast_food_items,actual_orders,actual_drinks,actual_food_items,forecast_error_pct,weather_condition,temperature_f,local_event_flag,event_type,season,demand_level
FC0000001,SD001,Starbucks - Gaslamp Quarter,Downtown,downtown,2024-01-01,Monday,6,35,25,10,35,24,11,0.0,Partly Cloudy,65,No,None,Winter,Moderate
FC0000002,SD001,Starbucks - Gaslamp Quarter,Downtown,downtown,2024-01-01,Monday,7,131,92,39,115,78,37,-12.21,Partly Cloudy,65,No,None,Winter,Very High
FC0000003,SD001,Starbucks - Gaslamp Quarter,Downtown,downtown,2024-01-01,Monday,8,241,178,63,238,188,50,-1.24,Partly Cloudy,65,No,None,Winter,Very High
FC0000004,SD001,Starbucks - Gaslamp Quarter,Downtown,downtown,2024-01-01,Monday,9,260,184,76,277,196,81,6.54,Partly Cloudy,65,No,None,Winter,Very High
FC0000005,SD001,Starbucks - Gaslamp Quarter,Downtown,downtown,2024-01-01,Monday,10,78,56,22,79,60,19,1.28,Partly Cloudy,65,No,None,Winter,High
FC0000006,SD001,Starbucks - Gaslamp Quarter,Downtown,downtown,2024-01-01,Monday,11,120,82,38,124,98,26,3.33,Partly Cloudy,65,No,None,Winter,Very High
FC0000007,SD001,Starbucks - Gaslamp Quarter,Downtown,downtown,2024-01-01,Monday,15,104,78,26,103,80,23,-0.96,Partly Cloudy,65,No,None,Winter,Very High
FC0000008,SD001,Starbucks - Gaslamp Quarter,Downtown,downtown,2024-01-01,Monday,18,88,63,25,77,55,22,-12.5,Partly Cloudy,65,No,None,Winter,High
FC0000009,SD001,Starbucks - Gaslamp Quarter,Downtown,downtown,2024-01-01,Monday,20,30,22,8,31,24,7,3.33,Partly Cloudy,65,No,None,Winter,Moderate
FC0000010,SD001,Starbucks - Gaslamp Quarter,Downtown,downtown,2024-01-01,Monday,21,23,17,6,24,17,7,4.35,Partly Cloudy,65,No,None,Winter,Low
FC0000011,SD001,Starbucks - Gaslamp Quarter,Downtown,downtown,2024-01-08,Monday,6,31,21,10,28,20,8,-9.68,Light Rain,57,Yes,Comic-Con,Winter,Low
FC0000012,SD001,Starbucks - Gaslamp Quarter,Downtown,downtown,2024-01-08,Monday,10,96,69,27,108,72,36,12.5,Light Rain,57,Yes,Comic-Con,Winter,Very High
FC0000013,SD001,Starbucks - Gaslamp Quarter,Downtown,downtown,2024-01-08,Monday,11,141,97,44,147,114,33,4.26,Light Rain,57,Yes,Comic-Con,Winter,Very High
FC0000014,SD001,Starbucks - Gaslamp Quarter,Downtown,downtown,2024-01-08,Monday,14,140,99,41,154,115,39,10.0,Light Rain,57,Yes,Comic-Con,Winter,Very High
FC0000015,SD001,Starbucks - Gaslamp Quarter,Downtown,downtown,2024-01-08,Monday,15,98,66,32,96,71,25,-2.04,Light Rain,57,Yes,Comic-Con,Winter,High
FC0000016,SD001,Starbucks - Gaslamp Quarter,Downtown,downtown,2024-01-08,Monday,16,98,74,24,109,84,25,11.22,Light Rain,57,Yes,Comic-Con,Winter,Very High
FC0000017,SD001,Starbucks - Gaslamp Quarter,Downtown,downtown,2024-01-08,Monday,17,94,72,22,93,68,25,-1.06,Light Rain,57,Yes,Comic-Con,Winter,High
FC0000018,SD001,Starbucks - Gaslamp Quarter,Downtown,downtown,2024-01-08,Monday,18,118,87,31,121,89,32,2.54,Light Rain,57,Yes,Comic-Con,Winter,Very High
FC0000019,SD001,Starbucks - Gaslamp Quarter,Downtown,downtown,2024-01-08,Monday,19,61,43,18,59,43,16,-3.28,Light Rain,57,Yes,Comic-Con,Winter,Moderate
FC0000020,SD001,Starbucks - Gaslamp Quarter,Downtown,downtown,2024-01-08,Monday,20,54,37,17,58,40,18,7.41,Light Rain,57,Yes,Comic-Con,Winter,Moderate
FC0000021,SD001,Starbucks - Gaslamp Quarter,Downtown,downtown,2024-01-15,Monday,7,198,150,48,199,146,53,0.51,Light Rain,59,Yes,Padres Home Game,Winter,Very High
FC0000022,SD001,Starbucks - Gaslamp Quarter,Downtown,downtown,2024-01-15,Monday,8,211,149,62,237,170,67,12.32,Light Rain,59,Yes,Padres Home Game,Winter,Very High
FC0000023,SD001,Starbucks - Gaslamp Quarter,Downtown,downtown,2024-01-15,Monday,10,105,81,24,104,77,27,-0.95,Light Rain,59,Yes,Padres Home Game,Winter,Very High
FC0000024,SD001,Starbucks - Gaslamp Quarter,Downtown,downtown,2024-01-15,Monday,11,132,93,39,139,98,41,5.3,Light Rain,59,Yes,Padres Home Game,Winter,Very High
FC0000025,SD001,Starbucks - Gaslamp Quarter,Downtown,downtown,2024-01-15,Monday,12,154,118,36,177,140,37,14.94,Light Rain,59,Yes,Padres Home Game,Winter,Very High
FC0000026,SD001,Starbucks - Gaslamp Quarter,Downtown,downtown,2024-01-15,Monday,13,165,125,40,178,127,51,7.88,Light Rain,59,Yes,Padres Home Game,Winter,Very High
FC0000027,SD001,Starbucks - Gaslamp Quarter,Downtown,downtown,2024-01-15,Monday,15,159,119,40,153,105,48,-3.77,Light Rain,59,Yes,Padres Home Game,Winter,Very High
FC0000028,SD001,Starbucks - Gaslamp Quarter,Downtown,downtown,2024-01-15,Monday,16,148,111,37,136,89,47,-8.11,Light Rain,59,Yes,Padres Home Game,Winter,Very High
FC0000029,SD001,Starbucks - Gaslamp Quarter,Downtown,downtown,2024-01-15,Monday,18,79,57,22,79,54,25,0.0,Light Rain,59,Yes,Padres Home Game,Winter,High
FC0000030,SD001,Starbucks - Gaslamp Quarter,Downtown,downtown,2024-01-15,Monday,20,26,17,9,27,19,8,3.85,Light Rain,59,Yes,Padres Home Game,Winter,Low
FC0000031,SD001,Starbucks - Gaslamp Quarter,Downtown,downtown,2024-01-22,Monday,6,20,14,6,20,13,7,0.0,Overcast,61,No,None,Winter,Low
FC0000032,SD001,Starbucks - Gaslamp Quarter,Downtown,downtown,2024-01-22,Monday,7,106,81,25,110,84,26,3.77,Overcast,61,No,None,Winter,Very High
FC0000033,SD001,Starbucks - Gaslamp Quarter,Downtown,downtown,2024-01-22,Monday,10,145,108,37,143,101,42,-1.38,Overcast,61,No,None,Winter,Very High
FC0000034,SD001,Starbucks - Gaslamp Quarter,Downtown,downtown,2024-01-22,Monday,11,106,82,24,114,80,34,7.55,Overcast,61,No,None,Winter,Very High
FC0000035,SD001,Starbucks - Gaslamp Quarter,Downtown,downtown,2024-01-22,Monday,14,120,90,30,132,95,37,10.0,Overcast,61,No,None,Winter,Very High
FC0000036,SD001,Starbucks - Gaslamp Quarter,Downtown,downtown,2024-01-22,Monday,15,77,59,18,89,64,25,15.58,Overcast,61,No,None,Winter,High
FC0000037,SD001,Starbucks - Gaslamp Quarter,Downtown,downtown,2024-01-22,Monday,16,83,58,25,76,60,16,-8.43,Overcast,61,No,None,Winter,High
FC0000038,SD001,Starbucks - Gaslamp Quarter,Downtown,downtown,2024-01-22,Monday,17,86,59,27,82,62,20,-4.65,Overcast,61,No,None,Winter,High
FC0000039,SD001,Starbucks - Gaslamp Quarter,Downtown,downtown,2024-01-22,Monday,20,34,23,11,34,26,8,0.0,Overcast,61,No,None,Winter,Moderate
FC0000040,SD001,Starbucks - Gaslamp Quarter,Downtown,downtown,2024-01-22,Monday,21,17,12,5,19,13,6,11.76,Overcast,61,No,None,Winter,Low
FC0000041,SD001,Starbucks - Gaslamp Quarter,Downtown,downtown,2024-01-29,Monday,6,31,21,10,29,21,8,-6.45,Partly Cloudy,61,No,None,Winter,Low
FC0000042,SD001,Starbucks - Gaslamp Quarter,Downtown,downtown,2024-01-29,Monday,8,286,204,82,275,207,68,-3.85,Partly Cloudy,61,No,None,Winter,Very High
FC0000043,SD001,Starbucks - Gaslamp Quarter,Downtown,downtown,2024-01-29,Monday,9,279,194,85,286,226,60,2.51,Partly Cloudy,61,No,None,Winter,Very High
FC0000044,SD001,Starbucks - Gaslamp Quarter,Downtown,downtown,2024-01-29,Monday,10,76,54,22,69,47,22,-9.21,Partly Cloudy,61,No,None,Winter,High
FC0000045,SD001,Starbucks - Gaslamp Quarter,Downtown,downtown,2024-01-29,Monday,11,81,62,19,75,59,16,-7.41,Partly Cloudy,61,No,None,Winter,High
FC0000046,SD001,Starbucks - Gaslamp Quarter,Downtown,downtown,2024-01-29,Monday,13,74,50,24,72,55,17,-2.7,Partly Cloudy,61,No,None,Winter,High
FC0000047,SD001,Starbucks - Gaslamp Quarter,Downtown,downtown,2024-01-29,Monday,14,104,79,25,84,59,25,-19.23,Partly Cloudy,61,No,None,Winter,High
FC0000048,SD001,Starbucks - Gaslamp Quarter,Downtown,downtown,2024-01-29,Monday,15,73,56,17,73,53,20,0.0,Partly Cloudy,61,No,None,Winter,High
FC0000049,SD001,Starbucks - Gaslamp Quarter,Downtown,downtown,2024-01-29,Monday,18,46,31,15,51,38,13,10.87,Partly Cloudy,61,No,None,Winter,Moderate
FC0000050,SD001,Starbucks - Gaslamp Quarter,Downtown,downtown,2024-01-29,Monday,19,34,25,9,34,26,8,0.0,Partly Cloudy,61,No,None,Winter,Moderate
FC0000051,SD001,Starbucks - Gaslamp Quarter,Downtown,downtown,2024-02-05,Monday,6,45,34,11,46,36,10,2.22,Overcast,68,Yes,SD Marathon,Winter,Moderate
FC0000052,SD001,Starbucks - Gaslamp Quarter,Downtown,downtown,2024-02-05,Monday,7,162,123,39,166,131,35,2.47,Overcast,68,Yes,SD Marathon,Winter,Very High
FC0000053,SD001,Starbucks - Gaslamp Quarter,Downtown,downtown,2024-02-05,Monday,9,240,178,62,222,156,66,-7.5,Overcast,68,Yes,SD Marathon,Winter,Very High
FC0000054,SD001,Starbucks - Gaslamp Quarter,Downtown,downtown,2024-02-05,Monday,12,145,108,37,154,111,43,6.21,Overcast,68,Yes,SD Marathon,Winter,Very High
FC0000055,SD001,Starbucks - Gaslamp Quarter,Downtown,downtown,2024-02-05,Monday,14,93,66,27,97,68,29,4.3,Overcast,68,Yes,SD Marathon,Winter,High
FC0000056,SD001,Starbucks - Gaslamp Quarter,Downtown,downtown,2024-02-05,Monday,15,104,79,25,117,91,26,12.5,Overcast,68,Yes,SD Marathon,Winter,Very High
FC0000057,SD001,Starbucks - Gaslamp Quarter,Downtown,downtown,2024-02-05,Monday,16,118,85,33,111,78,33,-5.93,Overcast,68,Yes,SD Marathon,Winter,Very High
FC0000058,SD001,Starbucks - Gaslamp Quarter,Downtown,downtown,2024-02-05,Monday,19,78,56,22,76,55,21,-2.56,Overcast,68,Yes,SD Marathon,Winter,High
FC0000059,SD001,Starbucks - Gaslamp Quarter,Downtown,downtown,2024-02-05,Monday,20,44,30,14,43,32,11,-2.27,Overcast,68,Yes,SD Marathon,Winter,Moderate
FC0000060,SD001,Starbucks - Gaslamp Quarter,Downtown,downtown,2024-02-05,Monday,21,27,19,8,28,19,9,3.7,Overcast,68,Yes,SD Marathon,Winter,Low
FC0000061,SD001,Starbucks - Gaslamp Quarter,Downtown,downtown,2024-02-12,Monday,6,33,25,8,33,25,8,0.0,Sunny,60,No,None,Winter,Moderate
FC0000062,SD001,Starbucks - Gaslamp Quarter,Downtown,downtown,2024-02-12,Monday,7,192,139,53,221,174,47,15.1,Sunny,60,No,None,Winter,Very High
FC0000063,SD001,Starbucks - Gaslamp Quarter,Downtown,downtown,2024-02-12,Monday,8,252,174,78,266,209,57,5.56,Sunny,60,No,None,Winter,Very High
FC0000064,SD001,Starbucks - Gaslamp Quarter,Downtown,downtown,2024-02-12,Monday,9,217,156,61,209,153,56,-3.69,Sunny,60,No,None,Winter,Very High
FC0000065,SD001,Starbucks - Gaslamp Quarter,Downtown,downtown,2024-02-12,Monday,10,101,69,32,104,81,23,2.97,Sunny,60,No,None,Winter,Very High
FC0000066,SD001,Starbucks - Gaslamp Quarter,Downtown,downtown,2024-02-12,Monday,11,88,60,28,88,63,25,0.0,Sunny,60,No,None,Winter,High
FC0000067,SD001,Starbucks - Gaslamp Quarter,Downtown,downtown,2024-02-12,Monday,12,132,98,34,140,111,29,6.06,Sunny,60,No,None,Winter,Very High
FC0000068,SD001,Starbucks - Gaslamp Quarter,Downtown,downtown,2024-02-12,Monday,13,70,48,22,67,48,19,-4.29,Sunny,60,No,None,Winter,High
FC0000069,SD001,Starbucks - Gaslamp Quarter,Downtown,downtown,2024-02-12,Monday,14,110,79,31,112,73,39,1.82,Sunny,60,No,None,Winter,Very High
FC0000070,SD001,Starbucks - Gaslamp Quarter,Downtown,downtown,2024-02-12,Monday,17,80,59,21,72,50,22,-10.0,Sunny,60,No,None,Winter,High
FC0000071,SD001,Starbucks - Gaslamp Quarter,Downtown,downtown,2024-02-19,Monday,6,22,15,7,19,12,7,-13.64,Sunny,66,No,None,Winter,Low
FC0000072,SD001,Starbucks - Gaslamp Quarter,Downtown,downtown,2024-02-19,Monday,8,264,189,75,282,216,66,6.82,Sunny,66,No,None,Winter,Very High
FC0000073,SD001,Starbucks - Gaslamp Quarter,Downtown,downtown,2024-02-19,Monday,10,127,88,39,124,96,28,-2.36,Sunny,66,No,None,Winter,Very High
FC0000074,SD001,Starbucks - Gaslamp Quarter,Downtown,downtown,2024-02-19,Monday,11,64,45,19,59,43,16,-7.81,Sunny,66,No,None,Winter,Moderate
FC0000075,SD001,Starbucks - Gaslamp Quarter,Downtown,downtown,2024-02-19,Monday,12,101,72,29,95,74,21,-5.94,Sunny,66,No,None,Winter,High
FC0000076,SD001,Starbucks - Gaslamp Quarter,Downtown,downtown,2024-02-19,Monday,14,83,62,21,80,63,17,-3.61,Sunny,66,No,None,Winter,High
FC0000077,SD001,Starbucks - Gaslamp Quarter,Downtown,downtown,2024-02-19,Monday,15,64,49,15,66,44,22,3.12,Sunny,66,No,None,Winter,High
FC0000078,SD001,Starbucks - Gaslamp Quarter,Downtown,downtown,2024-02-19,Monday,16,132,93,39,142,103,39,7.58,Sunny,66,No,None,Winter,Very High
FC0000079,SD001,Starbucks - Gaslamp Quarter,Downtown,downtown,2024-02-19,Monday,19,64,44,20,70,46,24,9.38,Sunny,66,No,None,Winter,High
FC0000080,SD001,Starbucks - Gaslamp Quarter,Downtown,downtown,2024-02-19,Monday,21,14,9,5,14,9,5,0.0,Sunny,66,No,None,Winter,Low
FC0000081,SD001,Starbucks - Gaslamp Quarter,Downtown,downtown,2024-02-26,Monday,6,32,24,8,31,21,10,-3.12,Partly Cloudy,59,No,None,Winter,Moderate
FC0000082,SD001,Starbucks - Gaslamp Quarter,Downtown,downtown,2024-02-26,Monday,7,172,132,40,159,119,40,-7.56,Partly Cloudy,59,No,None,Winter,Very High
FC0000083,SD001,Starbucks - Gaslamp Quarter,Downtown,downtown,2024-02-26,Monday,8,239,163,76,239,170,69,0.0,Partly Cloudy,59,No,None,Winter,Very High
FC0000084,SD001,Starbucks - Gaslamp Quarter,Downtown,downtown,2024-02-26,Monday,11,88,66,22,93,70,23,5.68,Partly Cloudy,59,No,None,Winter,High
FC0000085,SD001,Starbucks - Gaslamp Quarter,Downtown,downtown,2024-02-26,Monday,12,124,84,40,114,77,37,-8.06,Partly Cloudy,59,No,None,Winter,Very High
FC0000086,SD001,Starbucks - Gaslamp Quarter,Downtown,downtown,2024-02-26,Monday,13,82,63,19,83,63,20,1.22,Partly Cloudy,59,No,None,Winter,High
FC0000087,SD001,Starbucks - Gaslamp Quarter,Downtown,downtown,2024-02-26,Monday,15,71,52,19,70,54,16,-1.41,Partly Cloudy,59,No,None,Winter,High
FC0000088,SD001,Starbucks - Gaslamp Quarter,Downtown,downtown,2024-02-26,Monday,19,40,28,12,39,28,11,-2.5,Partly Cloudy,59,No,None,Winter,Moderate
FC0000089,SD001,Starbucks - Gaslamp Quarter,Downtown,downtown,2024-02-26,Monday,20,20,13,7,21,16,5,5.0,Partly Cloudy,59,No,None,Winter,Low
FC0000090,SD001,Starbucks - Gaslamp Quarter,Downtown,downtown,2024-02-26,Monday,21,22,16,6,23,15,8,4.55,Partly Cloudy,59,No,None,Winter,Low
FC0000091,SD001,Starbucks - Gaslamp Quarter,Downtown,downtown,2024-03-04,Monday,6,29,20,9,24,16,8,-17.24,Light Rain,63,Yes,SD Marathon,Spring,Low
FC0000092,SD001,Starbucks - Gaslamp Quarter,Downtown,downtown,2024-03-04,Monday,7,227,168,59,248,174,74,9.25,Light Rain,63,Yes,SD Marathon,Spring,Very High
FC0000093,SD001,Starbucks - Gaslamp Quarter,Downtown,downtown,2024-03-04,Monday,10,170,117,53,174,127,47,2.35,Light Rain,63,Yes,SD Marathon,Spring,Very High
FC0000094,SD001,Starbucks - Gaslamp Quarter,Downtown,downtown,2024-03-04,Monday,11,172,131,41,205,146,59,19.19,Light Rain,63,Yes,SD Marathon,Spring,Very High
FC0000095,SD001,Starbucks - Gaslamp Quarter,Downtown,downtown,2024-03-04,Monday,12,180,137,43,165,114,51,-8.33,Light Rain,63,Yes,SD Marathon,Spring,Very High
FC0000096,SD001,Starbucks - Gaslamp Quarter,Downtown,downtown,2024-03-04,Monday,15,158,113,45,145,107,38,-8.23,Light Rain,63,Yes,SD Marathon,Spring,Very High
FC0000097,SD001,Starbucks - Gaslamp Quarter,Downtown,downtown,2024-03-04,Monday,16,115,80,35,116,89,27,0.87,Light Rain,63,Yes,SD Marathon,Spring,Very High
FC0000098,SD001,Starbucks - Gaslamp Quarter,Downtown,downtown,2024-03-04,Monday,18,62,43,19,57,39,18,-8.06,Light Rain,63,Yes,SD Marathon,Spring,Moderate
FC0000099,SD001,Starbucks - Gaslamp Quarter,Downtown,downtown,2024-03-04,Monday,20,32,23,9,34,22,12,6.25,Light Rain,63,Yes,SD Marathon,Spring,Moderate
FC0000100,SD001,Starbucks - Gaslamp Quarter,Downtown,downtown,2024-03-04,Monday,21,20,14,6,20,15,5,0.0,Light Rain,63,Yes,SD Marathon,Spring,Low
FC0000101,SD001,Starbucks - Gaslamp Quarter,Downtown,downtown,2024-03-11,Monday,6,43,29,14,45,32,13,4.65,Partly Cloudy,62,No,None,Spring,Moderate
FC0000102,SD001,Starbucks - Gaslamp Quarter,Downtown,downtown,2024-03-11,Monday,11,128,92,36,120,86,34,-6.25,Partly Cloudy,62,No,None,Spring,Very High
FC0000103,SD001,Starbucks - Gaslamp Quarter,Downtown,downtown,2024-03-11,Monday,12,96,71,25,93,63,30,-3.12,Partly Cloudy,62,No,None,Spring,High
FC0000104,SD001,Starbucks - Gaslamp Quarter,Downtown,downtown,2024-03-11,Monday,14,127,92,35,112,75,37,-11.81,Partly Cloudy,62,No,None,Spring,Very High
FC0000105,SD001,Starbucks - Gaslamp Quarter,Downtown,downtown,2024-03-11,Monday,15,71,49,22,75,57,18,5.63,Partly Cloudy,62,No,None,Spring,High
FC0000106,SD001,Starbucks - Gaslamp Quarter,Downtown,downtown,2024-03-11,Monday,16,114,88,26,122,97,25,7.02,Partly Cloudy,62,No,None,Spring,Very High
FC0000107,SD001,Starbucks - Gaslamp Quarter,Downtown,downtown,2024-03-11,Monday,18,78,59,19,84,65,19,7.69,Partly Cloudy,62,No,None,Spring,High
FC0000108,SD001,Starbucks - Gaslamp Quarter,Downtown,downtown,2024-03-11,Monday,19,50,37,13,47,36,11,-6.0,Partly Cloudy,62,No,None,Spring,Moderate
FC0000109,SD001,Starbucks - Gaslamp Quarter,Downtown,downtown,2024-03-11,Monday,20,41,29,12,42,31,11,2.44,Partly Cloudy,62,No,None,Spring,Moderate
FC0000110,SD001,Starbucks - Gaslamp Quarter,Downtown,downtown,2024-03-11,Monday,21,21,16,5,21,14,7,0.0,Partly Cloudy,62,No,None,Spring,Low
FC0000111,SD001,Starbucks - Gaslamp Quarter,Downtown,downtown,2024-03-18,Monday,8,271,189,82,273,209,64,0.74,Overcast,64,No,None,Spring,Very High
FC0000112,SD001,Starbucks - Gaslamp Quarter,Downtown,downtown,2024-03-18,Monday,10,105,75,30,112,86,26,6.67,Overcast,64,No,None,Spring,Very High
FC0000113,SD001,Starbucks - Gaslamp Quarter,Downtown,downtown,2024-03-18,Monday,12,152,110,42,146,106,40,-3.95,Overcast,64,No,None,Spring,Very High
FC0000114,SD001,Starbucks - Gaslamp Quarter,Downtown,downtown,2024-03-18,Monday,13,131,97,34,127,93,34,-3.05,Overcast,64,No,None,Spring,Very High
FC0000115,SD001,Starbucks - Gaslamp Quarter,Downtown,downtown,2024-03-18,Monday,14,101,75,26,95,66,29,-5.94,Overcast,64,No,None,Spring,High
FC0000116,SD001,Starbucks - Gaslamp Quarter,Downtown,downtown,2024-03-18,Monday,15,88,65,23,88,68,20,0.0,Overcast,64,No,None,Spring,High
FC0000117,SD001,Starbucks - Gaslamp Quarter,Downtown,downtown,2024-03-18,Monday,16,118,90,28,114,82,32,-3.39,Overcast,64,No,None,Spring,Very High
FC0000118,SD001,Starbucks - Gaslamp Quarter,Downtown,downtown,2024-03-18,Monday,17,75,58,17,71,48,23,-5.33,Overcast,64,No,None,Spring,High
FC0000119,SD001,Starbucks - Gaslamp Quarter,Downtown,downtown,2024-03-18,Monday,18,67,46,21,67,47,20,0.0,Overcast,64,No,None,Spring,High
FC0000120,SD001,Starbucks - Gaslamp Quarter,Downtown,downtown,2024-03-18,Monday,21,16,11,5,14,10,4,-12.5,Overcast,64,No,None,Spring,Low
FC0000121,SD001,Starbucks - Gaslamp Quarter,Downtown,downtown,2024-03-25,Monday,6,31,23,8,30,22,8,-3.23,Partly Cloudy,62,Yes,SD Marathon,Spring,Moderate
FC0000122,SD001,Starbucks - Gaslamp Quarter,Downtown,downtown,2024-03-25,Monday,7,248,177,71,277,182,95,11.69,Partly Cloudy,62,Yes,SD Marathon,Spring,Very High
FC0000123,SD001,Starbucks - Gaslamp Quarter,Downtown,downtown,2024-03-25,Monday,8,344,253,91,374,254,120,8.72,Partly Cloudy,62,Yes,SD Marathon,Spring,Very High
FC0000124,SD001,Starbucks - Gaslamp Quarter,Downtown,downtown,2024-03-25,Monday,9,374,275,99,381,294,87,1.87,Partly Cloudy,62,Yes,SD Marathon,Spring,Very High
FC0000125,SD001,Starbucks - Gaslamp Quarter,Downtown,downtown,2024-03-25,Monday,10,159,117,42,160,113,47,0.63,Partly Cloudy,62,Yes,SD Marathon,Spring,Very High
FC0000126,SD001,Starbucks - Gaslamp Quarter,Downtown,downtown,2024-03-25,Monday,11,144,102,42,141,110,31,-2.08,Partly Cloudy,62,Yes,SD Marathon,Spring,Very High
FC0000127,SD001,Starbucks - Gaslamp Quarter,Downtown,downtown,2024-03-25,Monday,14,109,81,28,98,76,22,-10.09,Partly Cloudy,62,Yes,SD Marathon,Spring,High
FC0000128,SD001,Starbucks - Gaslamp Quarter,Downtown,downtown,2024-03-25,Monday,16,174,135,39,170,120,50,-2.3,Partly Cloudy,62,Yes,SD Marathon,Spring,Very High
FC0000129,SD001,Starbucks - Gaslamp Quarter,Downtown,downtown,2024-03-25,Monday,18,94,65,29,95,69,26,1.06,Partly Cloudy,62,Yes,SD Marathon,Spring,High
FC0000130,SD001,Starbucks - Gaslamp Quarter,Downtown,downtown,2024-03-25,Monday,21,26,18,8,23,15,8,-11.54,Partly Cloudy,62,Yes,SD Marathon,Spring,Low
FC0000131,SD001,Starbucks - Gaslamp Quarter,Downtown,downtown,2024-04-01,Monday,8,155,113,42,142,106,36,-8.39,Partly Cloudy,65,No,None,Spring,Very High
FC0000132,SD001,Starbucks - Gaslamp Quarter,Downtown,downtown,2024-04-01,Monday,9,224,159,65,228,172,56,1.79,Partly Cloudy,65,No,None,Spring,Very High
FC0000133,SD001,Starbucks - Gaslamp Quarter,Downtown,downtown,2024-04-01,Monday,10,83,61,22,73,56,17,-12.05,Partly Cloudy,65,No,None,Spring,High
FC0000134,SD001,Starbucks - Gaslamp Quarter,Downtown,downtown,2024-04-01,Monday,12,118,81,37,127,95,32,7.63,Partly Cloudy,65,No,None,Spring,Very High
FC0000135,SD001,Starbucks - Gaslamp Quarter,Downtown,downtown,2024-04-01,Monday,13,70,48,22,72,51,21,2.86,Partly Cloudy,65,No,None,Spring,High
FC0000136,SD001,Starbucks - Gaslamp Quarter,Downtown,downtown,2024-04-01,Monday,15,106,77,29,120,89,31,13.21,Partly Cloudy,65,No,None,Spring,Very High
FC0000137,SD001,Starbucks - Gaslamp Quarter,Downtown,downtown,2024-04-01,Monday,16,63,48,15,61,45,16,-3.17,Partly Cloudy,65,No,None,Spring,High
FC0000138,SD001,Starbucks - Gaslamp Quarter,Downtown,downtown,2024-04-01,Monday,17,112,81,31,113,84,29,0.89,Partly Cloudy,65,No,None,Spring,Very High
FC0000139,SD001,Starbucks - Gaslamp Quarter,Downtown,downtown,2024-04-01,Monday,18,49,34,15,48,35,13,-2.04,Partly Cloudy,65,No,None,Spring,Moderate
FC0000140,SD001,Starbucks - Gaslamp Quarter,Downtown,downtown,2024-04-01,Monday,19,30,21,9,30,22,8,0.0,Partly Cloudy,65,No,None,Spring,Moderate
FC0000141,SD001,Starbucks - Gaslamp Quarter,Downtown,downtown,2024-04-08,Monday,6,42,32,10,48,34,14,14.29,Sunny,66,No,None,Spring,Moderate
FC0000142,SD001,Starbucks - Gaslamp Quarter,Downtown,downtown,2024-04-08,Monday,7,190,143,47,200,139,61,5.26,Sunny,66,No,None,Spring,Very High
FC0000143,SD001,Starbucks - Gaslamp Quarter,Downtown,downtown,2024-04-08,Monday,9,256,176,80,278,221,57,8.59,Sunny,66,No,None,Spring,Very High
FC0000144,SD001,Starbucks - Gaslamp Quarter,Downtown,downtown,2024-04-08,Monday,10,108,81,27,101,70,31,-6.48,Sunny,66,No,None,Spring,Very High
FC0000145,SD001,Starbucks - Gaslamp Quarter,Downtown,downtown,2024-04-08,Monday,11,82,56,26,79,56,23,-3.66,Sunny,66,No,None,Spring,High
FC0000146,SD001,Starbucks - Gaslamp Quarter,Downtown,downtown,2024-04-08,Monday,12,80,55,25,63,43,20,-21.25,Sunny,66,No,None,Spring,High
FC0000147,SD001,Starbucks - Gaslamp Quarter,Downtown,downtown,2024-04-08,Monday,15,108,76,32,91,68,23,-15.74,Sunny,66,No,None,Spring,High
FC0000148,SD001,Starbucks - Gaslamp Quarter,Downtown,downtown,2024-04-08,Monday,17,57,44,13,59,44,15,3.51,Sunny,66,No,None,Spring,Moderate
FC0000149,SD001,Starbucks - Gaslamp Quarter,Downtown,downtown,2024-04-08,Monday,19,35,23,12,36,26,10,2.86,Sunny,66,No,None,Spring,Moderate
FC0000150,SD001,Starbucks - Gaslamp Quarter,Downtown,downtown,2024-04-08,Monday,21,16,12,4,15,10,5,-6.25,Sunny,66,No,None,Spring,Low
FC0000151,SD001,Starbucks - Gaslamp Quarter,Downtown,downtown,2024-04-15,Monday,6,53,37,16,60,46,14,13.21,Overcast,65,Yes,Padres Home Game,Spring,High
FC0000152,SD001,Starbucks - Gaslamp Quarter,Downtown,downtown,2024-04-15,Monday,7,188,136,52,192,141,51,2.13,Overcast,65,Yes,Padres Home Game,Spring,Very High
FC0000153,SD001,Starbucks - Gaslamp Quarter,Downtown,downtown,2024-04-15,Monday,10,183,126,57,194,143,51,6.01,Overcast,65,Yes,Padres Home Game,Spring,Very High
FC0000154,SD001,Starbucks - Gaslamp Quarter,Downtown,downtown,2024-04-15,Monday,12,119,83,36,125,84,41,5.04,Overcast,65,Yes,Padres Home Game,Spring,Very High
FC0000155,SD001,Starbucks - Gaslamp Quarter,Downtown,downtown,2024-04-15,Monday,13,180,131,49,168,119,49,-6.67,Overcast,65,Yes,Padres Home Game,Spring,Very High
FC0000156,SD001,Starbucks - Gaslamp Quarter,Downtown,downtown,2024-04-15,Monday,15,119,83,36,101,78,23,-15.13,Overcast,65,Yes,Padres Home Game,Spring,Very High
FC0000157,SD001,Starbucks - Gaslamp Quarter,Downtown,downtown,2024-04-15,Monday,16,165,115,50,159,120,39,-3.64,Overcast,65,Yes,Padres Home Game,Spring,Very High
FC0000158,SD001,Starbucks - Gaslamp Quarter,Downtown,downtown,2024-04-15,Monday,17,139,106,33,132,97,35,-5.04,Overcast,65,Yes,Padres Home Game,Spring,Very High
FC0000159,SD001,Starbucks - Gaslamp Quarter,Downtown,downtown,2024-04-15,Monday,19,53,36,17,56,42,14,5.66,Overcast,65,Yes,Padres Home Game,Spring,Moderate
FC0000160,SD001,Starbucks - Gaslamp Quarter,Downtown,downtown,2024-04-15,Monday,21,22,16,6,22,16,6,0.0,Overcast,65,Yes,Padres Home Game,Spring,Low
FC0000161,SD001,Starbucks - Gaslamp Quarter,Downtown,downtown,2024-04-22,Monday,8,289,200,89,253,181,72,-12.46,Marine Layer,67,Yes,Padres Home Game,Spring,Very High
FC0000162,SD001,Starbucks - Gaslamp Quarter,Downtown,downtown,2024-04-22,Monday,9,200,154,46,180,123,57,-10.0,Marine Layer,67,Yes,Padres Home Game,Spring,Very High
FC0000163,SD001,Starbucks - Gaslamp Quarter,Downtown,downtown,2024-04-22,Monday,10,110,80,30,106,71,35,-3.64,Marine Layer,67,Yes,Padres Home Game,Spring,Very High
FC0000164,SD001,Starbucks - Gaslamp Quarter,Downtown,downtown,2024-04-22,Monday,11,110,84,26,102,81,21,-7.27,Marine Layer,67,Yes,Padres Home Game,Spring,Very High
FC0000165,SD001,Starbucks - Gaslamp Quarter,Downtown,downtown,2024-04-22,Monday,12,126,94,32,130,86,44,3.17,Marine Layer,67,Yes,Padres Home Game,Spring,Very High
FC0000166,SD001,Starbucks - Gaslamp Quarter,Downtown,downtown,2024-04-22,Monday,13,93,64,29,79,58,21,-15.05,Marine Layer,67,Yes,Padres Home Game,Spring,High
FC0000167,SD001,Starbucks - Gaslamp Quarter,Downtown,downtown,2024-04-22,Monday,14,100,77,23,100,67,33,0.0,Marine Layer,67,Yes,Padres Home Game,Spring,Very High
FC0000168,SD001,Starbucks - Gaslamp Quarter,Downtown,downtown,2024-04-22,Monday,17,148,103,45,160,111,49,8.11,Marine Layer,67,Yes,Padres Home Game,Spring,Very High
FC0000169,SD001,Starbucks - Gaslamp Quarter,Downtown,downtown,2024-04-22,Monday,19,52,36,16,58,39,19,11.54,Marine Layer,67,Yes,Padres Home Game,Spring,Moderate
FC0000170,SD001,Starbucks - Gaslamp Quarter,Downtown,downtown,2024-04-22,Monday,21,22,15,7,23,16,7,4.55,Marine Layer,67,Yes,Padres Home Game,Spring,Low
FC0000171,SD001,Starbucks - Gaslamp Quarter,Downtown,downtown,2024-04-29,Monday,8,276,196,80,270,200,70,-2.17,Partly Cloudy,69,Yes,Padres Home Game,Spring,Very High
FC0000172,SD001,Starbucks - Gaslamp Quarter,Downtown,downtown,2024-04-29,Monday,9,170,121,49,167,123,44,-1.76,Partly Cloudy,69,Yes,Padres Home Game,Spring,Very High
FC0000173,SD001,Starbucks - Gaslamp Quarter,Downtown,downtown,2024-04-29,Monday,10,119,89,30,119,86,33,0.0,Partly Cloudy,69,Yes,Padres Home Game,Spring,Very High
FC0000174,SD001,Starbucks - Gaslamp Quarter,Downtown,downtown,2024-04-29,Monday,11,120,87,33,106,82,24,-11.67,Partly Cloudy,69,Yes,Padres Home Game,Spring,Very High
FC0000175,SD001,Starbucks - Gaslamp Quarter,Downtown,downtown,2024-04-29,Monday,14,178,124,54,192,141,51,7.87,Partly Cloudy,69,Yes,Padres Home Game,Spring,Very High
FC0000176,SD001,Starbucks - Gaslamp Quarter,Downtown,downtown,2024-04-29,Monday,15,114,86,28,102,81,21,-10.53,Partly Cloudy,69,Yes,Padres Home Game,Spring,Very High
FC0000177,SD001,Starbucks - Gaslamp Quarter,Downtown,downtown,2024-04-29,Monday,17,115,78,37,110,74,36,-4.35,Partly Cloudy,69,Yes,Padres Home Game,Spring,Very High
FC0000178,SD001,Starbucks - Gaslamp Quarter,Downtown,downtown,2024-04-29,Monday,19,65,45,20,62,47,15,-4.62,Partly Cloudy,69,Yes,Padres Home Game,Spring,High
FC0000179,SD001,Starbucks - Gaslamp Quarter,Downtown,downtown,2024-04-29,Monday,20,37,28,9,43,32,11,16.22,Partly Cloudy,69,Yes,Padres Home Game,Spring,Moderate
FC0000180,SD001,Starbucks - Gaslamp Quarter,Downtown,downtown,2024-04-29,Monday,21,16,11,5,17,13,4,6.25,Partly Cloudy,69,Yes,Padres Home Game,Spring,Low
FC0000181,SD001,Starbucks - Gaslamp Quarter,Downtown,downtown,2024-05-06,Monday,8,163,117,46,169,124,45,3.68,Overcast,66,No,None,Spring,Very High
FC0000182,SD001,Starbucks - Gaslamp Quarter,Downtown,downtown,2024-05-06,Monday,9,250,184,66,260,207,53,4.0,Overcast,66,No,None,Spring,Very High
FC0000183,SD001,Starbucks - Gaslamp Quarter,Downtown,downtown,2024-05-06,Monday,10,132,102,30,124,98,26,-6.06,Overcast,66,No,None,Spring,Very High
FC0000184,SD001,Starbucks - Gaslamp Quarter,Downtown,downtown,2024-05-06,Monday,11,106,78,28,100,68,32,-5.66,Overcast,66,No,None,Spring,Very High
FC0000185,SD001,Starbucks - Gaslamp Quarter,Downtown,downtown,2024-05-06,Monday,15,63,42,21,65,46,19,3.17,Overcast,66,No,None,Spring,High
FC0000186,SD001,Starbucks - Gaslamp Quarter,Downtown,downtown,2024-05-06,Monday,16,115,82,33,120,85,35,4.35,Overcast,66,No,None,Spring,Very High
FC0000187,SD001,Starbucks - Gaslamp Quarter,Downtown,downtown,2024-05-06,Monday,17,84,62,22,94,65,29,11.9,Overcast,66,No,None,Spring,High
FC0000188,SD001,Starbucks - Gaslamp Quarter,Downtown,downtown,2024-05-06,Monday,18,66,47,19,53,39,14,-19.7,Overcast,66,No,None,Spring,Moderate
FC0000189,SD001,Starbucks - Gaslamp Quarter,Downtown,downtown,2024-05-06,Monday,19,42,29,13,44,33,11,4.76,Overcast,66,No,None,Spring,Moderate
FC0000190,SD001,Starbucks - Gaslamp Quarter,Downtown,downtown,2024-05-06,Monday,20,35,23,12,33,22,11,-5.71,Overcast,66,No,None,Spring,Moderate
FC0000191,SD001,Starbucks - Gaslamp Quarter,Downtown,downtown,2024-05-13,Monday,6,39,28,11,39,28,11,0.0,Partly Cloudy,74,Yes,Comic-Con,Spring,Moderate
FC0000192,SD001,Starbucks - Gaslamp Quarter,Downtown,downtown,2024-05-13,Monday,8,304,221,83,323,220,103,6.25,Partly Cloudy,74,Yes,Comic-Con,Spring,Very High
FC0000193,SD001,Starbucks - Gaslamp Quarter,Downtown,downtown,2024-05-13,Monday,9,267,203,64,269,193,76,0.75,Partly Cloudy,74,Yes,Comic-Con,Spring,Very High
FC0000194,SD001,Starbucks - Gaslamp Quarter,Downtown,downtown,2024-05-13,Monday,10,109,76,33,113,78,35,3.67,Partly Cloudy,74,Yes,Comic-Con,Spring,Very High
FC0000195,SD001,Starbucks - Gaslamp Quarter,Downtown,downtown,2024-05-13,Monday,11,172,128,44,155,112,43,-9.88,Partly Cloudy,74,Yes,Comic-Con,Spring,Very High
FC0000196,SD001,Starbucks - Gaslamp Quarter,Downtown,downtown,2024-05-13,Monday,12,169,125,44,176,123,53,4.14,Partly Cloudy,74,Yes,Comic-Con,Spring,Very High
FC0000197,SD001,Starbucks - Gaslamp Quarter,Downtown,downtown,2024-05-13,Monday,14,111,86,25,112,84,28,0.9,Partly Cloudy,74,Yes,Comic-Con,Spring,Very High
FC0000198,SD001,Starbucks - Gaslamp Quarter,Downtown,downtown,2024-05-13,Monday,16,110,76,34,99,76,23,-10.0,Partly Cloudy,74,Yes,Comic-Con,Spring,High
FC0000199,SD001,Starbucks - Gaslamp Quarter,Downtown,downtown,2024-05-13,Monday,20,35,25,10,37,27,10,5.71,Partly Cloudy,74,Yes,Comic-Con,Spring,Moderate
FC0000200,SD001,Starbucks - Gaslamp Quarter,Downtown,downtown,2024-05-13,Monday,21,26,18,8,23,17,6,-11.54,Partly Cloudy,74,Yes,Comic-Con,Spring,Low
FC0000201,SD001,Starbucks - Gaslamp Quarter,Downtown,downtown,2024-05-20,Monday,7,181,133,48,180,140,40,-0.55,Sunny,67,No,None,Spring,Very High
FC0000202,SD001,Starbucks - Gaslamp Quarter,Downtown,downtown,2024-05-20,Monday,10,70,50,20,70,48,22,0.0,Sunny,67,No,None,Spring,High
FC0000203,SD001,Starbucks - Gaslamp Quarter,Downtown,downtown,2024-05-20,Monday,11,115,80,35,120,87,33,4.35,Sunny,67,No,None,Spring,Very High
FC0000204,SD001,Starbucks - Gaslamp Quarter,Downtown,downtown,2024-05-20,Monday,12,129,94,35,110,80,30,-14.73,Sunny,67,No,None,Spring,Very High
FC0000205,SD001,Starbucks - Gaslamp Quarter,Downtown,downtown,2024-05-20,Monday,13,107,74,33,116,78,38,8.41,Sunny,67,No,None,Spring,Very High
FC0000206,SD001,Starbucks - Gaslamp Quarter,Downtown,downtown,2024-05-20,Monday,14,112,83,29,117,90,27,4.46,Sunny,67,No,None,Spring,Very High
FC0000207,SD001,Starbucks - Gaslamp Quarter,Downtown,downtown,2024-05-20,Monday,16,94,67,27,90,67,23,-4.26,Sunny,67,No,None,Spring,High
FC0000208,SD001,Starbucks - Gaslamp Quarter,Downtown,downtown,2024-05-20,Monday,17,112,78,34,121,94,27,8.04,Sunny,67,No,None,Spring,Very High
FC0000209,SD001,Starbucks - Gaslamp Quarter,Downtown,downtown,2024-05-20,Monday,19,62,45,17,50,37,13,-19.35,Sunny,67,No,None,Spring,Moderate
FC0000210,SD001,Starbucks - Gaslamp Quarter,Downtown,downtown,2024-05-20,Monday,21,14,10,4,13,9,4,-7.14,Sunny,67,No,None,Spring,Low
FC0000211,SD001,Starbucks - Gaslamp Quarter,Downtown,downtown,2024-05-27,Monday,6,41,30,11,43,32,11,4.88,Sunny,69,No,None,Spring,Moderate
FC0000212,SD001,Starbucks - Gaslamp Quarter,Downtown,downtown,2024-05-27,Monday,8,293,212,81,252,190,62,-13.99,Sunny,69,No,None,Spring,Very High
FC0000213,SD001,Starbucks - Gaslamp Quarter,Downtown,downtown,2024-05-27,Monday,9,197,146,51,216,148,68,9.64,Sunny,69,No,None,Spring,Very High
FC0000214,SD001,Starbucks - Gaslamp Quarter,Downtown,downtown,2024-05-27,Monday,11,102,76,26,104,82,22,1.96,Sunny,69,No,None,Spring,Very High
FC0000215,SD001,Starbucks - Gaslamp Quarter,Downtown,downtown,2024-05-27,Monday,12,143,108,35,140,96,44,-2.1,Sunny,69,No,None,Spring,Very High
FC0000216,SD001,Starbucks - Gaslamp Quarter,Downtown,downtown,2024-05-27,Monday,15,118,81,37,115,81,34,-2.54,Sunny,69,No,None,Spring,Very High
FC0000217,SD001,Starbucks - Gaslamp Quarter,Downtown,downtown,2024-05-27,Monday,16,73,53,20,68,51,17,-6.85,Sunny,69,No,None,Spring,High
FC0000218,SD001,Starbucks - Gaslamp Quarter,Downtown,downtown,2024-05-27,Monday,19,49,34,15,42,27,15,-14.29,Sunny,69,No,None,Spring,Moderate
FC0000219,SD001,Starbucks - Gaslamp Quarter,Downtown,downtown,2024-05-27,Monday,20,42,29,13,38,29,9,-9.52,Sunny,69,No,None,Spring,Moderate
FC0000220,SD001,Starbucks - Gaslamp Quarter,Downtown,downtown,2024-05-27,Monday,21,23,16,7,22,15,7,-4.35,Sunny,69,No,None,Spring,Low
FC0000221,SD001,Starbucks - Gaslamp Quarter,Downtown,downtown,2024-06-03,Monday,7,180,122,58,173,136,37,-3.89,Sunny,72,Yes,Padres Home Game,Summer,Very High
FC0000222,SD001,Starbucks - Gaslamp Quarter,Downtown,downtown,2024-06-03,Monday,8,374,289,85,385,297,88,2.94,Sunny,72,Yes,Padres Home Game,Summer,Very High
FC0000223,SD001,Starbucks - Gaslamp Quarter,Downtown,downtown,2024-06-03,Monday,9,280,202,78,295,217,78,5.36,Sunny,72,Yes,Padres Home Game,Summer,Very High
FC0000224,SD001,Starbucks - Gaslamp Quarter,Downtown,downtown,2024-06-03,Monday,12,163,125,38,159,114,45,-2.45,Sunny,72,Yes,Padres Home Game,Summer,Very High
FC0000225,SD001,Starbucks - Gaslamp Quarter,Downtown,downtown,2024-06-03,Monday,14,105,76,29,104,81,23,-0.95,Sunny,72,Yes,Padres Home Game,Summer,Very High
FC0000226,SD001,Starbucks - Gaslamp Quarter,Downtown,downtown,2024-06-03,Monday,15,135,101,34,115,88,27,-14.81,Sunny,72,Yes,Padres Home Game,Summer,Very High
FC0000227,SD001,Starbucks - Gaslamp Quarter,Downtown,downtown,2024-06-03,Monday,16,120,91,29,125,97,28,4.17,Sunny,72,Yes,Padres Home Game,Summer,Very High
FC0000228,SD001,Starbucks - Gaslamp Quarter,Downtown,downtown,2024-06-03,Monday,17,127,90,37,114,84,30,-10.24,Sunny,72,Yes,Padres Home Game,Summer,Very High
FC0000229,SD001,Starbucks - Gaslamp Quarter,Downtown,downtown,2024-06-03,Monday,18,85,64,21,80,62,18,-5.88,Sunny,72,Yes,Padres Home Game,Summer,High
FC0000230,SD001,Starbucks - Gaslamp Quarter,Downtown,downtown,2024-06-03,Monday,20,36,27,9,31,20,11,-13.89,Sunny,72,Yes,Padres Home Game,Summer,Moderate
FC0000231,SD001,Starbucks - Gaslamp Quarter,Downtown,downtown,2024-06-10,Monday,6,21,15,6,20,14,6,-4.76,Sunny,75,No,None,Summer,Low
FC0000232,SD001,Starbucks - Gaslamp Quarter,Downtown,downtown,2024-06-10,Monday,7,138,103,35,132,97,35,-4.35,Sunny,75,No,None,Summer,Very High
FC0000233,SD001,Starbucks - Gaslamp Quarter,Downtown,downtown,2024-06-10,Monday,9,147,105,42,146,103,43,-0.68,Sunny,75,No,None,Summer,Very High
FC0000234,SD001,Starbucks - Gaslamp Quarter,Downtown,downtown,2024-06-10,Monday,13,131,92,39,122,91,31,-6.87,Sunny,75,No,None,Summer,Very High
FC0000235,SD001,Starbucks - Gaslamp Quarter,Downtown,downtown,2024-06-10,Monday,14,132,96,36,120,93,27,-9.09,Sunny,75,No,None,Summer,Very High
FC0000236,SD001,Starbucks - Gaslamp Quarter,Downtown,downtown,2024-06-10,Monday,15,60,44,16,57,41,16,-5.0,Sunny,75,No,None,Summer,Moderate
FC0000237,SD001,Starbucks - Gaslamp Quarter,Downtown,downtown,2024-06-10,Monday,16,112,78,34,110,79,31,-1.79,Sunny,75,No,None,Summer,Very High
FC0000238,SD001,Starbucks - Gaslamp Quarter,Downtown,downtown,2024-06-10,Monday,18,63,44,19,66,43,23,4.76,Sunny,75,No,None,Summer,High
FC0000239,SD001,Starbucks - Gaslamp Quarter,Downtown,downtown,2024-06-10,Monday,19,57,41,16,52,39,13,-8.77,Sunny,75,No,None,Summer,Moderate
FC0000240,SD001,Starbucks - Gaslamp Quarter,Downtown,downtown,2024-06-10,Monday,21,25,18,7,23,18,5,-8.0,Sunny,75,No,None,Summer,Low
FC0000241,SD001,Starbucks - Gaslamp Quarter,Downtown,downtown,2024-06-17,Monday,6,20,15,5,20,14,6,0.0,Sunny,74,No,None,Summer,Low
FC0000242,SD001,Starbucks - Gaslamp Quarter,Downtown,downtown,2024-06-17,Monday,7,126,90,36,107,70,37,-15.08,Sunny,74,No,None,Summer,Very High
FC0000243,SD001,Starbucks - Gaslamp Quarter,Downtown,downtown,2024-06-17,Monday,8,196,147,49,186,144,42,-5.1,Sunny,74,No,None,Summer,Very High
FC0000244,SD001,Starbucks - Gaslamp Quarter,Downtown,downtown,2024-06-17,Monday,9,198,143,55,201,137,64,1.52,Sunny,74,No,None,Summer,Very High
FC0000245,SD001,Starbucks - Gaslamp Quarter,Downtown,downtown,2024-06-17,Monday,11,93,72,21,89,69,20,-4.3,Sunny,74,No,None,Summer,High
FC0000246,SD001,Starbucks - Gaslamp Quarter,Downtown,downtown,2024-06-17,Monday,13,130,88,42,133,88,45,2.31,Sunny,74,No,None,Summer,Very High
FC0000247,SD001,Starbucks - Gaslamp Quarter,Downtown,downtown,2024-06-17,Monday,15,79,56,23,79,60,19,0.0,Sunny,74,No,None,Summer,High
FC0000248,SD001,Starbucks - Gaslamp Quarter,Downtown,downtown,2024-06-17,Monday,18,69,48,21,67,45,22,-2.9,Sunny,74,No,None,Summer,High
FC0000249,SD001,Starbucks - Gaslamp Quarter,Downtown,downtown,2024-06-17,Monday,20,31,21,10,40,30,10,29.03,Sunny,74,No,None,Summer,Moderate
FC0000250,SD001,Starbucks - Gaslamp Quarter,Downtown,downtown,2024-06-17,Monday,21,22,16,6,24,16,8,9.09,Sunny,74,No,None,Summer,Low
FC0000251,SD001,Starbucks - Gaslamp Quarter,Downtown,downtown,2024-06-24,Monday,6,40,30,10,39,30,9,-2.5,Overcast,72,No,None,Summer,Moderate
FC0000252,SD001,Starbucks - Gaslamp Quarter,Downtown,downtown,2024-06-24,Monday,7,205,140,65,192,142,50,-6.34,Overcast,72,No,None,Summer,Very High
FC0000253,SD001,Starbucks - Gaslamp Quarter,Downtown,downtown,2024-06-24,Monday,8,183,133,50,199,150,49,8.74,Overcast,72,No,None,Summer,Very High
FC0000254,SD001,Starbucks - Gaslamp Quarter,Downtown,downtown,2024-06-24,Monday,12,135,97,38,145,106,39,7.41,Overcast,72,No,None,Summer,Very High
FC0000255,SD001,Starbucks - Gaslamp Quarter,Downtown,downtown,2024-06-24,Monday,13,80,61,19,76,57,19,-5.0,Overcast,72,No,None,Summer,High
FC0000256,SD001,Starbucks - Gaslamp Quarter,Downtown,downtown,2024-06-24,Monday,15,121,84,37,110,78,32,-9.09,Overcast,72,No,None,Summer,Very High
FC0000257,SD001,Starbucks - Gaslamp Quarter,Downtown,downtown,2024-06-24,Monday,16,80,56,24,84,57,27,5.0,Overcast,72,No,None,Summer,High
FC0000258,SD001,Starbucks - Gaslamp Quarter,Downtown,downtown,2024-06-24,Monday,19,46,33,13,42,33,9,-8.7,Overcast,72,No,None,Summer,Moderate
FC0000259,SD001,Starbucks - Gaslamp Quarter,Downtown,downtown,2024-06-24,Monday,20,42,31,11,45,35,10,7.14,Overcast,72,No,None,Summer,Moderate
FC0000260,SD001,Starbucks - Gaslamp Quarter,Downtown,downtown,2024-06-24,Monday,21,19,13,6,21,15,6,10.53,Overcast,72,No,None,Summer,Low
FC0000261,SD001,Starbucks - Gaslamp Quarter,Downtown,downtown,2024-07-01,Monday,7,241,166,75,222,147,75,-7.88,Partly Cloudy,73,Yes,Padres Home Game,Summer,Very High
FC0000262,SD001,Starbucks - Gaslamp Quarter,Downtown,downtown,2024-07-01,Monday,9,345,261,84,341,242,99,-1.16,Partly Cloudy,73,Yes,Padres Home Game,Summer,Very High
FC0000263,SD001,Starbucks - Gaslamp Quarter,Downtown,downtown,2024-07-01,Monday,10,178,133,45,190,148,42,6.74,Partly Cloudy,73,Yes,Padres Home Game,Summer,Very High
FC0000264,SD001,Starbucks - Gaslamp Quarter,Downtown,downtown,2024-07-01,Monday,11,171,124,47,168,130,38,-1.75,Partly Cloudy,73,Yes,Padres Home Game,Summer,Very High
FC0000265,SD001,Starbucks - Gaslamp Quarter,Downtown,downtown,2024-07-01,Monday,12,128,88,40,133,91,42,3.91,Partly Cloudy,73,Yes,Padres Home Game,Summer,Very High
FC0000266,SD001,Starbucks - Gaslamp Quarter,Downtown,downtown,2024-07-01,Monday,13,178,134,44,169,128,41,-5.06,Partly Cloudy,73,Yes,Padres Home Game,Summer,Very High
FC0000267,SD001,Starbucks - Gaslamp Quarter,Downtown,downtown,2024-07-01,Monday,14,124,84,40,134,88,46,8.06,Partly Cloudy,73,Yes,Padres Home Game,Summer,Very High
FC0000268,SD001,Starbucks - Gaslamp Quarter,Downtown,downtown,2024-07-01,Monday,15,102,71,31,93,64,29,-8.82,Partly Cloudy,73,Yes,Padres Home Game,Summer,High
FC0000269,SD001,Starbucks - Gaslamp Quarter,Downtown,downtown,2024-07-01,Monday,16,87,65,22,93,65,28,6.9,Partly Cloudy,73,Yes,Padres Home Game,Summer,High
FC0000270,SD001,Starbucks - Gaslamp Quarter,Downtown,downtown,2024-07-01,Monday,17,111,86,25,128,86,42,15.32,Partly Cloudy,73,Yes,Padres Home Game,Summer,Very High
FC0000271,SD001,Starbucks - Gaslamp Quarter,Downtown,downtown,2024-07-08,Monday,6,34,26,8,33,24,9,-2.94,Sunny,75,No,None,Summer,Moderate
FC0000272,SD001,Starbucks - Gaslamp Quarter,Downtown,downtown,2024-07-08,Monday,7,172,126,46,175,124,51,1.74,Sunny,75,No,None,Summer,Very High
FC0000273,SD001,Starbucks - Gaslamp Quarter,Downtown,downtown,2024-07-08,Monday,9,245,170,75,223,155,68,-8.98,Sunny,75,No,None,Summer,Very High
FC0000274,SD001,Starbucks - Gaslamp Quarter,Downtown,downtown,2024-07-08,Monday,10,151,105,46,124,85,39,-17.88,Sunny,75,No,None,Summer,Very High
FC0000275,SD001,Starbucks - Gaslamp Quarter,Downtown,downtown,2024-07-08,Monday,11,93,72,21,97,68,29,4.3,Sunny,75,No,None,Summer,High
FC0000276,SD001,Starbucks - Gaslamp Quarter,Downtown,downtown,2024-07-08,Monday,12,138,96,42,137,109,28,-0.72,Sunny,75,No,None,Summer,Very High
FC0000277,SD001,Starbucks - Gaslamp Quarter,Downtown,downtown,2024-07-08,Monday,13,108,78,30,108,83,25,0.0,Sunny,75,No,None,Summer,Very High
FC0000278,SD001,Starbucks - Gaslamp Quarter,Downtown,downtown,2024-07-08,Monday,14,136,104,32,109,84,25,-19.85,Sunny,75,No,None,Summer,Very High
FC0000279,SD001,Starbucks - Gaslamp Quarter,Downtown,downtown,2024-07-08,Monday,15,85,64,21,76,59,17,-10.59,Sunny,75,No,None,Summer,High
FC0000280,SD001,Starbucks - Gaslamp Quarter,Downtown,downtown,2024-07-08,Monday,17,94,64,30,96,70,26,2.13,Sunny,75,No,None,Summer,High
FC0000281,SD001,Starbucks - Gaslamp Quarter,Downtown,downtown,2024-07-15,Monday,6,26,19,7,27,21,6,3.85,Partly Cloudy,78,No,None,Summer,Low
FC0000282,SD001,Starbucks - Gaslamp Quarter,Downtown,downtown,2024-07-15,Monday,9,166,125,41,162,111,51,-2.41,Partly Cloudy,78,No,None,Summer,Very High
FC0000283,SD001,Starbucks - Gaslamp Quarter,Downtown,downtown,2024-07-15,Monday,11,80,59,21,72,52,20,-10.0,Partly Cloudy,78,No,None,Summer,High
FC0000284,SD001,Starbucks - Gaslamp Quarter,Downtown,downtown,2024-07-15,Monday,13,99,75,24,91,67,24,-8.08,Partly Cloudy,78,No,None,Summer,High
FC0000285,SD001,Starbucks - Gaslamp Quarter,Downtown,downtown,2024-07-15,Monday,14,80,56,24,76,59,17,-5.0,Partly Cloudy,78,No,None,Summer,High
FC0000286,SD001,Starbucks - Gaslamp Quarter,Downtown,downtown,2024-07-15,Monday,15,83,63,20,80,58,22,-3.61,Partly Cloudy,78,No,None,Summer,High
FC0000287,SD001,Starbucks - Gaslamp Quarter,Downtown,downtown,2024-07-15,Monday,17,78,54,24,82,60,22,5.13,Partly Cloudy,78,No,None,Summer,High
FC0000288,SD001,Starbucks - Gaslamp Quarter,Downtown,downtown,2024-07-15,Monday,19,50,38,12,49,35,14,-2.0,Partly Cloudy,78,No,None,Summer,Moderate
FC0000289,SD001,Starbucks - Gaslamp Quarter,Downtown,downtown,2024-07-15,Monday,20,24,17,7,22,16,6,-8.33,Partly Cloudy,78,No,None,Summer,Low
FC0000290,SD001,Starbucks - Gaslamp Quarter,Downtown,downtown,2024-07-15,Monday,21,12,8,4,12,8,4,0.0,Partly Cloudy,78,No,None,Summer,Low
FC0000291,SD001,Starbucks - Gaslamp Quarter,Downtown,downtown,2024-07-22,Monday,7,101,71,30,90,71,19,-10.89,Marine Layer,79,No,None,Summer,High
FC0000292,SD001,Starbucks - Gaslamp Quarter,Downtown,downtown,2024-07-22,Monday,11,97,67,30,100,68,32,3.09,Marine Layer,79,No,None,Summer,Very High
FC0000293,SD001,Starbucks - Gaslamp Quarter,Downtown,downtown,2024-07-22,Monday,13,80,60,20,88,66,22,10.0,Marine Layer,79,No,None,Summer,High
FC0000294,SD001,Starbucks - Gaslamp Quarter,Downtown,downtown,2024-07-22,Monday,14,73,55,18,79,55,24,8.22,Marine Layer,79,No,None,Summer,High
FC0000295,SD001,Starbucks - Gaslamp Quarter,Downtown,downtown,2024-07-22,Monday,15,94,73,21,86,66,20,-8.51,Marine Layer,79,No,None,Summer,High
FC0000296,SD001,Starbucks - Gaslamp Quarter,Downtown,downtown,2024-07-22,Monday,17,102,75,27,108,82,26,5.88,Marine Layer,79,No,None,Summer,Very High
FC0000297,SD001,Starbucks - Gaslamp Quarter,Downtown,downtown,2024-07-22,Monday,18,82,55,27,69,50,19,-15.85,Marine Layer,79,No,None,Summer,High
FC0000298,SD001,Starbucks - Gaslamp Quarter,Downtown,downtown,2024-07-22,Monday,19,41,30,11,39,31,8,-4.88,Marine Layer,79,No,None,Summer,Moderate
FC0000299,SD001,Starbucks - Gaslamp Quarter,Downtown,downtown,2024-07-22,Monday,20,31,23,8,34,25,9,9.68,Marine Layer,79,No,None,Summer,Moderate
FC0000300,SD001,Starbucks - Gaslamp Quarter,Downtown,downtown,2024-07-22,Monday,21,19,13,6,18,13,5,-5.26,Marine Layer,79,No,None,Summer,Low
FC0000301,SD001,Starbucks - Gaslamp Quarter,Downtown,downtown,2024-07-29,Monday,6,41,30,11,36,26,10,-12.2,Partly Cloudy,82,No,None,Summer,Moderate
FC0000302,SD001,Starbucks - Gaslamp Quarter,Downtown,downtown,2024-07-29,Monday,7,185,131,54,215,151,64,16.22,Partly Cloudy,82,No,None,Summer,Very High
FC0000303,SD001,Starbucks - Gaslamp Quarter,Downtown,downtown,2024-07-29,Monday,8,200,142,58,204,141,63,2.0,Partly Cloudy,82,No,None,Summer,Very High
FC0000304,SD001,Starbucks - Gaslamp Quarter,Downtown,downtown,2024-07-29,Monday,10,140,108,32,136,97,39,-2.86,Partly Cloudy,82,No,None,Summer,Very High
FC0000305,SD001,Starbucks - Gaslamp Quarter,Downtown,downtown,2024-07-29,Monday,11,106,80,26,116,89,27,9.43,Partly Cloudy,82,No,None,Summer,Very High
FC0000306,SD001,Starbucks - Gaslamp Quarter,Downtown,downtown,2024-07-29,Monday,14,90,65,25,86,67,19,-4.44,Partly Cloudy,82,No,None,Summer,High
FC0000307,SD001,Starbucks - Gaslamp Quarter,Downtown,downtown,2024-07-29,Monday,16,80,60,20,72,55,17,-10.0,Partly Cloudy,82,No,None,Summer,High
FC0000308,SD001,Starbucks - Gaslamp Quarter,Downtown,downtown,2024-07-29,Monday,19,47,34,13,41,27,14,-12.77,Partly Cloudy,82,No,None,Summer,Moderate
FC0000309,SD001,Starbucks - Gaslamp Quarter,Downtown,downtown,2024-07-29,Monday,20,38,27,11,38,25,13,0.0,Partly Cloudy,82,No,None,Summer,Moderate
FC0000310,SD001,Starbucks - Gaslamp Quarter,Downtown,downtown,2024-07-29,Monday,21,27,19,8,22,17,5,-18.52,Partly Cloudy,82,No,None,Summer,Low
FC0000311,SD001,Starbucks - Gaslamp Quarter,Downtown,downtown,2024-08-05,Monday,6,36,26,10,34,22,12,-5.56,Light Rain,81,No,None,Summer,Moderate
FC0000312,SD001,Starbucks - Gaslamp Quarter,Downtown,downtown,2024-08-05,Monday,7,151,113,38,164,128,36,8.61,Light Rain,81,No,None,Summer,Very High
FC0000313,SD001,Starbucks - Gaslamp Quarter,Downtown,downtown,2024-08-05,Monday,8,171,127,44,154,104,50,-9.94,Light Rain,81,No,None,Summer,Very High
FC0000314,SD001,Starbucks - Gaslamp Quarter,Downtown,downtown,2024-08-05,Monday,10,81,57,24,84,56,28,3.7,Light Rain,81,No,None,Summer,High
FC0000315,SD001,Starbucks - Gaslamp Quarter,Downtown,downtown,2024-08-05,Monday,11,128,90,38,127,87,40,-0.78,Light Rain,81,No,None,Summer,Very High
FC0000316,SD001,Starbucks - Gaslamp Quarter,Downtown,downtown,2024-08-05,Monday,12,164,121,43,160,111,49,-2.44,Light Rain,81,No,None,Summer,Very High
FC0000317,SD001,Starbucks - Gaslamp Quarter,Downtown,downtown,2024-08-05,Monday,14,125,85,40,117,92,25,-6.4,Light Rain,81,No,None,Summer,Very High
FC0000318,SD001,Starbucks - Gaslamp Quarter,Downtown,downtown,2024-08-05,Monday,16,80,59,21,69,49,20,-13.75,Light Rain,81,No,None,Summer,High
FC0000319,SD001,Starbucks - Gaslamp Quarter,Downtown,downtown,2024-08-05,Monday,20,24,18,6,23,16,7,-4.17,Light Rain,81,No,None,Summer,Low
FC0000320,SD001,Starbucks - Gaslamp Quarter,Downtown,downtown,2024-08-05,Monday,21,25,17,8,27,19,8,8.0,Light Rain,81,No,None,Summer,Low
FC0000321,SD001,Starbucks - Gaslamp Quarter,Downtown,downtown,2024-08-12,Monday,6,32,23,9,31,21,10,-3.12,Partly Cloudy,75,No,None,Summer,Moderate
FC0000322,SD001,Starbucks - Gaslamp Quarter,Downtown,downtown,2024-08-12,Monday,8,283,202,81,259,189,70,-8.48,Partly Cloudy,75,No,None,Summer,Very High
FC0000323,SD001,Starbucks - Gaslamp Quarter,Downtown,downtown,2024-08-12,Monday,9,258,191,67,267,199,68,3.49,Partly Cloudy,75,No,None,Summer,Very High
FC0000324,SD001,Starbucks - Gaslamp Quarter,Downtown,downtown,2024-08-12,Monday,12,146,104,42,167,129,38,14.38,Partly Cloudy,75,No,None,Summer,Very High
FC0000325,SD001,Starbucks - Gaslamp Quarter,Downtown,downtown,2024-08-12,Monday,13,99,76,23,105,75,30,6.06,Partly Cloudy,75,No,None,Summer,Very High
FC0000326,SD001,Starbucks - Gaslamp Quarter,Downtown,downtown,2024-08-12,Monday,15,83,64,19,86,65,21,3.61,Partly Cloudy,75,No,None,Summer,High
FC0000327,SD001,Starbucks - Gaslamp Quarter,Downtown,downtown,2024-08-12,Monday,16,128,91,37,137,93,44,7.03,Partly Cloudy,75,No,None,Summer,Very High
FC0000328,SD001,Starbucks - Gaslamp Quarter,Downtown,downtown,2024-08-12,Monday,18,93,72,21,91,72,19,-2.15,Partly Cloudy,75,No,None,Summer,High
FC0000329,SD001,Starbucks - Gaslamp Quarter,Downtown,downtown,2024-08-12,Monday,19,43,32,11,42,28,14,-2.33,Partly Cloudy,75,No,None,Summer,Moderate
FC0000330,SD001,Starbucks - Gaslamp Quarter,Downtown,downtown,2024-08-12,Monday,20,32,22,10,30,22,8,-6.25,Partly Cloudy,75,No,None,Summer,Moderate
FC0000331,SD001,Starbucks - Gaslamp Quarter,Downtown,downtown,2024-08-19,Monday,7,95,67,28,82,59,23,-13.68,Sunny,82,No,None,Summer,High
FC0000332,SD001,Starbucks - Gaslamp Quarter,Downtown,downtown,2024-08-19,Monday,9,214,162,52,211,157,54,-1.4,Sunny,82,No,None,Summer,Very High
FC0000333,SD001,Starbucks - Gaslamp Quarter,Downtown,downtown,2024-08-19,Monday,10,116,87,29,124,94,30,6.9,Sunny,82,No,None,Summer,Very High
FC0000334,SD001,Starbucks - Gaslamp Quarter,Downtown,downtown,2024-08-19,Monday,11,111,82,29,110,86,24,-0.9,Sunny,82,No,None,Summer,Very High
FC0000335,SD001,Starbucks - Gaslamp Quarter,Downtown,downtown,2024-08-19,Monday,12,122,88,34,145,111,34,18.85,Sunny,82,No,None,Summer,Very High
FC0000336,SD001,Starbucks - Gaslamp Quarter,Downtown,downtown,2024-08-19,Monday,13,81,59,22,81,62,19,0.0,Sunny,82,No,None,Summer,High
FC0000337,SD001,Starbucks - Gaslamp Quarter,Downtown,downtown,2024-08-19,Monday,16,135,104,31,151,104,47,11.85,Sunny,82,No,None,Summer,Very High
FC0000338,SD001,Starbucks - Gaslamp Quarter,Downtown,downtown,2024-08-19,Monday,17,83,58,25,82,64,18,-1.2,Sunny,82,No,None,Summer,High
FC0000339,SD001,Starbucks - Gaslamp Quarter,Downtown,downtown,2024-08-19,Monday,19,42,32,10,43,29,14,2.38,Sunny,82,No,None,Summer,Moderate
FC0000340,SD001,Starbucks - Gaslamp Quarter,Downtown,downtown,2024-08-19,Monday,20,40,27,13,43,33,10,7.5,Sunny,82,No,None,Summer,Moderate
FC0000341,SD001,Starbucks - Gaslamp Quarter,Downtown,downtown,2024-08-26,Monday,6,24,17,7,25,19,6,4.17,Sunny,76,No,None,Summer,Low
FC0000342,SD001,Starbucks - Gaslamp Quarter,Downtown,downtown,2024-08-26,Monday,10,74,53,21,75,51,24,1.35,Sunny,76,No,None,Summer,High
FC0000343,SD001,Starbucks - Gaslamp Quarter,Downtown,downtown,2024-08-26,Monday,12,143,108,35,146,107,39,2.1,Sunny,76,No,None,Summer,Very High
FC0000344,SD001,Starbucks - Gaslamp Quarter,Downtown,downtown,2024-08-26,Monday,13,146,100,46,139,105,34,-4.79,Sunny,76,No,None,Summer,Very High
FC0000345,SD001,Starbucks - Gaslamp Quarter,Downtown,downtown,2024-08-26,Monday,14,69,50,19,66,52,14,-4.35,Sunny,76,No,None,Summer,High
FC0000346,SD001,Starbucks - Gaslamp Quarter,Downtown,downtown,2024-08-26,Monday,15,118,87,31,125,84,41,5.93,Sunny,76,No,None,Summer,Very High
FC0000347,SD001,Starbucks - Gaslamp Quarter,Downtown,downtown,2024-08-26,Monday,16,73,56,17,79,61,18,8.22,Sunny,76,No,None,Summer,High
FC0000348,SD001,Starbucks - Gaslamp Quarter,Downtown,downtown,2024-08-26,Monday,17,90,64,26,82,64,18,-8.89,Sunny,76,No,None,Summer,High
FC0000349,SD001,Starbucks - Gaslamp Quarter,Downtown,downtown,2024-08-26,Monday,20,24,16,8,25,16,9,4.17,Sunny,76,No,None,Summer,Low
FC0000350,SD001,Starbucks - Gaslamp Quarter,Downtown,downtown,2024-08-26,Monday,21,17,13,4,18,12,6,5.88,Sunny,76,No,None,Summer,Low
FC0000351,SD001,Starbucks - Gaslamp Quarter,Downtown,downtown,2024-09-02,Monday,7,112,84,28,123,85,38,9.82,Overcast,80,No,None,Fall,Very High
FC0000352,SD001,Starbucks - Gaslamp Quarter,Downtown,downtown,2024-09-02,Monday,10,138,94,44,137,95,42,-0.72,Overcast,80,No,None,Fall,Very High
FC0000353,SD001,Starbucks - Gaslamp Quarter,Downtown,downtown,2024-09-02,Monday,12,140,106,34,145,99,46,3.57,Overcast,80,No,None,Fall,Very High
FC0000354,SD001,Starbucks - Gaslamp Quarter,Downtown,downtown,2024-09-02,Monday,13,147,103,44,137,100,37,-6.8,Overcast,80,No,None,Fall,Very High
FC0000355,SD001,Starbucks - Gaslamp Quarter,Downtown,downtown,2024-09-02,Monday,14,100,77,23,93,72,21,-7.0,Overcast,80,No,None,Fall,High
FC0000356,SD001,Starbucks - Gaslamp Quarter,Downtown,downtown,2024-09-02,Monday,15,97,66,31,96,72,24,-1.03,Overcast,80,No,None,Fall,High
FC0000357,SD001,Starbucks - Gaslamp Quarter,Downtown,downtown,2024-09-02,Monday,16,114,84,30,115,91,24,0.88,Overcast,80,No,None,Fall,Very High
FC0000358,SD001,Starbucks - Gaslamp Quarter,Downtown,downtown,2024-09-02,Monday,17,65,44,21,60,40,20,-7.69,Overcast,80,No,None,Fall,High
FC0000359,SD001,Starbucks - Gaslamp Quarter,Downtown,downtown,2024-09-02,Monday,18,72,55,17,74,53,21,2.78,Overcast,80,No,None,Fall,High
FC0000360,SD001,Starbucks - Gaslamp Quarter,Downtown,downtown,2024-09-02,Monday,20,32,24,8,25,19,6,-21.88,Overcast,80,No,None,Fall,Low
FC0000361,SD001,Starbucks - Gaslamp Quarter,Downtown,downtown,2024-09-09,Monday,7,260,194,66,256,201,55,-1.54,Partly Cloudy,82,Yes,Padres Home Game,Fall,Very High
FC0000362,SD001,Starbucks - Gaslamp Quarter,Downtown,downtown,2024-09-09,Monday,8,335,255,80,326,240,86,-2.69,Partly Cloudy,82,Yes,Padres Home Game,Fall,Very High
FC0000363,SD001,Starbucks - Gaslamp Quarter,Downtown,downtown,2024-09-09,Monday,11,146,103,43,125,90,35,-14.38,Partly Cloudy,82,Yes,Padres Home Game,Fall,Very High
FC0000364,SD001,Starbucks - Gaslamp Quarter,Downtown,downtown,2024-09-09,Monday,13,141,108,33,146,106,40,3.55,Partly Cloudy,82,Yes,Padres Home Game,Fall,Very High
FC0000365,SD001,Starbucks - Gaslamp Quarter,Downtown,downtown,2024-09-09,Monday,14,153,106,47,153,120,33,0.0,Partly Cloudy,82,Yes,Padres Home Game,Fall,Very High
FC0000366,SD001,Starbucks - Gaslamp Quarter,Downtown,downtown,2024-09-09,Monday,16,88,60,28,74,52,22,-15.91,Partly Cloudy,82,Yes,Padres Home Game,Fall,High
FC0000367,SD001,Starbucks - Gaslamp Quarter,Downtown,downtown,2024-09-09,Monday,17,83,58,25,91,61,30,9.64,Partly Cloudy,82,Yes,Padres Home Game,Fall,High
FC0000368,SD001,Starbucks - Gaslamp Quarter,Downtown,downtown,2024-09-09,Monday,19,59,43,16,58,41,17,-1.69,Partly Cloudy,82,Yes,Padres Home Game,Fall,Moderate
FC0000369,SD001,Starbucks - Gaslamp Quarter,Downtown,downtown,2024-09-09,Monday,20,27,19,8,26,20,6,-3.7,Partly Cloudy,82,Yes,Padres Home Game,Fall,Low
FC0000370,SD001,Starbucks - Gaslamp Quarter,Downtown,downtown,2024-09-09,Monday,21,16,11,5,13,9,4,-18.75,Partly Cloudy,82,Yes,Padres Home Game,Fall,Low
FC0000371,SD001,Starbucks - Gaslamp Quarter,Downtown,downtown,2024-09-16,Monday,8,150,111,39,156,120,36,4.0,Overcast,78,No,None,Fall,Very High
FC0000372,SD001,Starbucks - Gaslamp Quarter,Downtown,downtown,2024-09-16,Monday,9,232,164,68,215,158,57,-7.33,Overcast,78,No,None,Fall,Very High
FC0000373,SD001,Starbucks - Gaslamp Quarter,Downtown,downtown,2024-09-16,Monday,10,141,99,42,157,105,52,11.35,Overcast,78,No,None,Fall,Very High
FC0000374,SD001,Starbucks - Gaslamp Quarter,Downtown,downtown,2024-09-16,Monday,12,139,97,42,131,103,28,-5.76,Overcast,78,No,None,Fall,Very High
FC0000375,SD001,Starbucks - Gaslamp Quarter,Downtown,downtown,2024-09-16,Monday,14,77,59,18,81,61,20,5.19,Overcast,78,No,None,Fall,High
FC0000376,SD001,Starbucks - Gaslamp Quarter,Downtown,downtown,2024-09-16,Monday,15,107,80,27,109,74,35,1.87,Overcast,78,No,None,Fall,Very High
FC0000377,SD001,Starbucks - Gaslamp Quarter,Downtown,downtown,2024-09-16,Monday,17,88,67,21,87,57,30,-1.14,Overcast,78,No,None,Fall,High
FC0000378,SD001,Starbucks - Gaslamp Quarter,Downtown,downtown,2024-09-16,Monday,18,79,61,18,79,56,23,0.0,Overcast,78,No,None,Fall,High
FC0000379,SD001,Starbucks - Gaslamp Quarter,Downtown,downtown,2024-09-16,Monday,20,23,16,7,23,16,7,0.0,Overcast,78,No,None,Fall,Low
FC0000380,SD001,Starbucks - Gaslamp Quarter,Downtown,downtown,2024-09-16,Monday,21,24,17,7,24,18,6,0.0,Overcast,78,No,None,Fall,Low
FC0000381,SD001,Starbucks - Gaslamp Quarter,Downtown,downtown,2024-09-23,Monday,7,116,86,30,115,89,26,-0.86,Sunny,74,No,None,Fall,Very High
FC0000382,SD001,Starbucks - Gaslamp Quarter,Downtown,downtown,2024-09-23,Monday,8,281,191,90,245,185,60,-12.81,Sunny,74,No,None,Fall,Very High
FC0000383,SD001,Starbucks - Gaslamp Quarter,Downtown,downtown,2024-09-23,Monday,10,110,75,35,117,89,28,6.36,Sunny,74,No,None,Fall,Very High
FC0000384,SD001,Starbucks - Gaslamp Quarter,Downtown,downtown,2024-09-23,Monday,11,133,99,34,133,87,46,0.0,Sunny,74,No,None,Fall,Very High
FC0000385,SD001,Starbucks - Gaslamp Quarter,Downtown,downtown,2024-09-23,Monday,13,94,67,27,93,68,25,-1.06,Sunny,74,No,None,Fall,High
FC0000386,SD001,Starbucks - Gaslamp Quarter,Downtown,downtown,2024-09-23,Monday,14,70,52,18,63,46,17,-10.0,Sunny,74,No,None,Fall,High
FC0000387,SD001,Starbucks - Gaslamp Quarter,Downtown,downtown,2024-09-23,Monday,16,92,66,26,93,72,21,1.09,Sunny,74,No,None,Fall,High
FC0000388,SD001,Starbucks - Gaslamp Quarter,Downtown,downtown,2024-09-23,Monday,18,78,53,25,72,50,22,-7.69,Sunny,74,No,None,Fall,High
FC0000389,SD001,Starbucks - Gaslamp Quarter,Downtown,downtown,2024-09-23,Monday,19,38,27,11,40,28,12,5.26,Sunny,74,No,None,Fall,Moderate
FC0000390,SD001,Starbucks - Gaslamp Quarter,Downtown,downtown,2024-09-23,Monday,21,24,16,8,22,17,5,-8.33,Sunny,74,No,None,Fall,Low
FC0000391,SD001,Starbucks - Gaslamp Quarter,Downtown,downtown,2024-09-30,Monday,6,38,25,13,35,24,11,-7.89,Partly Cloudy,77,No,None,Fall,Moderate
FC0000392,SD001,Starbucks - Gaslamp Quarter,Downtown,downtown,2024-09-30,Monday,8,322,249,73,341,231,110,5.9,Partly Cloudy,77,No,None,Fall,Very High
FC0000393,SD001,Starbucks - Gaslamp Quarter,Downtown,downtown,2024-09-30,Monday,9,235,169,66,223,176,47,-5.11,Partly Cloudy,77,No,None,Fall,Very High
FC0000394,SD001,Starbucks - Gaslamp Quarter,Downtown,downtown,2024-09-30,Monday,10,96,69,27,85,63,22,-11.46,Partly Cloudy,77,No,None,Fall,High
FC0000395,SD001,Starbucks - Gaslamp Quarter,Downtown,downtown,2024-09-30,Monday,12,133,92,41,130,94,36,-2.26,Partly Cloudy,77,No,None,Fall,Very High
FC0000396,SD001,Starbucks - Gaslamp Quarter,Downtown,downtown,2024-09-30,Monday,14,100,75,25,101,80,21,1.0,Partly Cloudy,77,No,None,Fall,Very High
FC0000397,SD001,Starbucks - Gaslamp Quarter,Downtown,downtown,2024-09-30,Monday,15,107,73,34,119,87,32,11.21,Partly Cloudy,77,No,None,Fall,Very High
FC0000398,SD001,Starbucks - Gaslamp Quarter,Downtown,downtown,2024-09-30,Monday,16,120,90,30,125,88,37,4.17,Partly Cloudy,77,No,None,Fall,Very High
FC0000399,SD001,Starbucks - Gaslamp Quarter,Downtown,downtown,2024-09-30,Monday,17,97,65,32,92,63,29,-5.15,Partly Cloudy,77,No,None,Fall,High
FC0000400,SD001,Starbucks - Gaslamp Quarter,Downtown,downtown,2024-09-30,Monday,18,73,56,17,67,52,15,-8.22,Partly Cloudy,77,No,None,Fall,High
FC0000401,SD001,Starbucks - Gaslamp Quarter,Downtown,downtown,2024-10-07,Monday,7,202,150,52,201,152,49,-0.5,Overcast,76,No,None,Fall,Very High
FC0000402,SD001,Starbucks - Gaslamp Quarter,Downtown,downtown,2024-10-07,Monday,9,212,154,58,225,166,59,6.13,Overcast,76,No,None,Fall,Very High
FC0000403,SD001,Starbucks - Gaslamp Quarter,Downtown,downtown,2024-10-07,Monday,10,109,83,26,113,88,25,3.67,Overcast,76,No,None,Fall,Very High
FC0000404,SD001,Starbucks - Gaslamp Quarter,Downtown,downtown,2024-10-07,Monday,11,79,56,23,84,66,18,6.33,Overcast,76,No,None,Fall,High
FC0000405,SD001,Starbucks - Gaslamp Quarter,Downtown,downtown,2024-10-07,Monday,14,114,81,33,123,96,27,7.89,Overcast,76,No,None,Fall,Very High
FC0000406,SD001,Starbucks - Gaslamp Quarter,Downtown,downtown,2024-10-07,Monday,15,105,74,31,99,76,23,-5.71,Overcast,76,No,None,Fall,High
FC0000407,SD001,Starbucks - Gaslamp Quarter,Downtown,downtown,2024-10-07,Monday,16,93,71,22,101,76,25,8.6,Overcast,76,No,None,Fall,Very High
FC0000408,SD001,Starbucks - Gaslamp Quarter,Downtown,downtown,2024-10-07,Monday,18,64,44,20,58,44,14,-9.38,Overcast,76,No,None,Fall,Moderate
FC0000409,SD001,Starbucks - Gaslamp Quarter,Downtown,downtown,2024-10-07,Monday,19,46,35,11,46,33,13,0.0,Overcast,76,No,None,Fall,Moderate
FC0000410,SD001,Starbucks - Gaslamp Quarter,Downtown,downtown,2024-10-07,Monday,21,13,8,5,14,9,5,7.69,Overcast,76,No,None,Fall,Low
FC0000411,SD001,Starbucks - Gaslamp Quarter,Downtown,downtown,2024-10-14,Monday,6,34,24,10,33,23,10,-2.94,Partly Cloudy,76,No,None,Fall,Moderate
FC0000412,SD001,Starbucks - Gaslamp Quarter,Downtown,downtown,2024-10-14,Monday,7,114,84,30,108,71,37,-5.26,Partly Cloudy,76,No,None,Fall,Very High
FC0000413,SD001,Starbucks - Gaslamp Quarter,Downtown,downtown,2024-10-14,Monday,9,189,139,50,220,145,75,16.4,Partly Cloudy,76,No,None,Fall,Very High
FC0000414,SD001,Starbucks - Gaslamp Quarter,Downtown,downtown,2024-10-14,Monday,10,115,79,36,105,81,24,-8.7,Partly Cloudy,76,No,None,Fall,Very High
FC0000415,SD001,Starbucks - Gaslamp Quarter,Downtown,downtown,2024-10-14,Monday,11,135,98,37,153,101,52,13.33,Partly Cloudy,76,No,None,Fall,Very High
FC0000416,SD001,Starbucks - Gaslamp Quarter,Downtown,downtown,2024-10-14,Monday,12,145,106,39,142,101,41,-2.07,Partly Cloudy,76,No,None,Fall,Very High
FC0000417,SD001,Starbucks - Gaslamp Quarter,Downtown,downtown,2024-10-14,Monday,13,143,110,33,150,116,34,4.9,Partly Cloudy,76,No,None,Fall,Very High
FC0000418,SD001,Starbucks - Gaslamp Quarter,Downtown,downtown,2024-10-14,Monday,16,95,68,27,99,76,23,4.21,Partly Cloudy,76,No,None,Fall,High
FC0000419,SD001,Starbucks - Gaslamp Quarter,Downtown,downtown,2024-10-14,Monday,19,56,43,13,50,38,12,-10.71,Partly Cloudy,76,No,None,Fall,Moderate
FC0000420,SD001,Starbucks - Gaslamp Quarter,Downtown,downtown,2024-10-14,Monday,20,41,29,12,34,26,8,-17.07,Partly Cloudy,76,No,None,Fall,Moderate
FC0000421,SD001,Starbucks - Gaslamp Quarter,Downtown,downtown,2024-10-21,Monday,6,30,20,10,33,26,7,10.0,Sunny,70,No,None,Fall,Moderate
FC0000422,SD001,Starbucks - Gaslamp Quarter,Downtown,downtown,2024-10-21,Monday,9,259,182,77,245,165,80,-5.41,Sunny,70,No,None,Fall,Very High
FC0000423,SD001,Starbucks - Gaslamp Quarter,Downtown,downtown,2024-10-21,Monday,10,73,52,21,76,60,16,4.11,Sunny,70,No,None,Fall,High
FC0000424,SD001,Starbucks - Gaslamp Quarter,Downtown,downtown,2024-10-21,Monday,11,107,81,26,123,86,37,14.95,Sunny,70,No,None,Fall,Very High
FC0000425,SD001,Starbucks - Gaslamp Quarter,Downtown,downtown,2024-10-21,Monday,14,128,88,40,133,98,35,3.91,Sunny,70,No,None,Fall,Very High
FC0000426,SD001,Starbucks - Gaslamp Quarter,Downtown,downtown,2024-10-21,Monday,15,92,71,21,102,75,27,10.87,Sunny,70,No,None,Fall,Very High
FC0000427,SD001,Starbucks - Gaslamp Quarter,Downtown,downtown,2024-10-21,Monday,16,80,56,24,82,58,24,2.5,Sunny,70,No,None,Fall,High
FC0000428,SD001,Starbucks - Gaslamp Quarter,Downtown,downtown,2024-10-21,Monday,18,47,32,15,49,36,13,4.26,Sunny,70,No,None,Fall,Moderate
FC0000429,SD001,Starbucks - Gaslamp Quarter,Downtown,downtown,2024-10-21,Monday,19,31,22,9,35,23,12,12.9,Sunny,70,No,None,Fall,Moderate
FC0000430,SD001,Starbucks - Gaslamp Quarter,Downtown,downtown,2024-10-21,Monday,21,15,11,4,13,8,5,-13.33,Sunny,70,No,None,Fall,Low
FC0000431,SD001,Starbucks - Gaslamp Quarter,Downtown,downtown,2024-10-28,Monday,6,43,31,12,45,30,15,4.65,Sunny,73,No,None,Fall,Moderate
FC0000432,SD001,Starbucks - Gaslamp Quarter,Downtown,downtown,2024-10-28,Monday,7,180,132,48,196,130,66,8.89,Sunny,73,No,None,Fall,Very High
FC0000433,SD001,Starbucks - Gaslamp Quarter,Downtown,downtown,2024-10-28,Monday,8,168,130,38,138,95,43,-17.86,Sunny,73,No,None,Fall,Very High
FC0000434,SD001,Starbucks - Gaslamp Quarter,Downtown,downtown,2024-10-28,Monday,11,113,77,36,119,89,30,5.31,Sunny,73,No,None,Fall,Very High
FC0000435,SD001,Starbucks - Gaslamp Quarter,Downtown,downtown,2024-10-28,Monday,13,121,86,35,118,90,28,-2.48,Sunny,73,No,None,Fall,Very High
FC0000436,SD001,Starbucks - Gaslamp Quarter,Downtown,downtown,2024-10-28,Monday,16,129,91,38,132,103,29,2.33,Sunny,73,No,None,Fall,Very High
FC0000437,SD001,Starbucks - Gaslamp Quarter,Downtown,downtown,2024-10-28,Monday,17,59,43,16,67,51,16,13.56,Sunny,73,No,None,Fall,High
FC0000438,SD001,Starbucks - Gaslamp Quarter,Downtown,downtown,2024-10-28,Monday,18,94,71,23,101,69,32,7.45,Sunny,73,No,None,Fall,Very High
FC0000439,SD001,Starbucks - Gaslamp Quarter,Downtown,downtown,2024-10-28,Monday,19,50,35,15,48,37,11,-4.0,Sunny,73,No,None,Fall,Moderate
FC0000440,SD001,Starbucks - Gaslamp Quarter,Downtown,downtown,2024-10-28,Monday,21,21,14,7,19,13,6,-9.52,Sunny,73,No,None,Fall,Low
FC0000441,SD001,Starbucks - Gaslamp Quarter,Downtown,downtown,2024-11-04,Monday,6,39,29,10,39,29,10,0.0,Sunny,66,No,None,Fall,Moderate
FC0000442,SD001,Starbucks - Gaslamp Quarter,Downtown,downtown,2024-11-04,Monday,7,151,112,39,155,113,42,2.65,Sunny,66,No,None,Fall,Very High
FC0000443,SD001,Starbucks - Gaslamp Quarter,Downtown,downtown,2024-11-04,Monday,10,73,55,18,70,48,22,-4.11,Sunny,66,No,None,Fall,High
FC0000444,SD001,Starbucks - Gaslamp Quarter,Downtown,downtown,2024-11-04,Monday,11,64,44,20,61,48,13,-4.69,Sunny,66,No,None,Fall,High
FC0000445,SD001,Starbucks - Gaslamp Quarter,Downtown,downtown,2024-11-04,Monday,13,79,54,25,78,53,25,-1.27,Sunny,66,No,None,Fall,High
FC0000446,SD001,Starbucks - Gaslamp Quarter,Downtown,downtown,2024-11-04,Monday,14,76,55,21,77,59,18,1.32,Sunny,66,No,None,Fall,High
FC0000447,SD001,Starbucks - Gaslamp Quarter,Downtown,downtown,2024-11-04,Monday,15,81,63,18,80,55,25,-1.23,Sunny,66,No,None,Fall,High
FC0000448,SD001,Starbucks - Gaslamp Quarter,Downtown,downtown,2024-11-04,Monday,16,117,87,30,126,98,28,7.69,Sunny,66,No,None,Fall,Very High
FC0000449,SD001,Starbucks - Gaslamp Quarter,Downtown,downtown,2024-11-04,Monday,17,101,70,31,87,69,18,-13.86,Sunny,66,No,None,Fall,High
FC0000450,SD001,Starbucks - Gaslamp Quarter,Downtown,downtown,2024-11-04,Monday,18,88,60,28,86,57,29,-2.27,Sunny,66,No,None,Fall,High
FC0000451,SD001,Starbucks - Gaslamp Quarter,Downtown,downtown,2024-11-11,Monday,6,39,26,13,39,27,12,0.0,Sunny,67,Yes,Comic-Con,Fall,Moderate
FC0000452,SD001,Starbucks - Gaslamp Quarter,Downtown,downtown,2024-11-11,Monday,7,234,172,62,243,192,51,3.85,Sunny,67,Yes,Comic-Con,Fall,Very High
FC0000453,SD001,Starbucks - Gaslamp Quarter,Downtown,downtown,2024-11-11,Monday,9,317,235,82,311,210,101,-1.89,Sunny,67,Yes,Comic-Con,Fall,Very High
FC0000454,SD001,Starbucks - Gaslamp Quarter,Downtown,downtown,2024-11-11,Monday,10,197,135,62,173,122,51,-12.18,Sunny,67,Yes,Comic-Con,Fall,Very High
FC0000455,SD001,Starbucks - Gaslamp Quarter,Downtown,downtown,2024-11-11,Monday,14,152,111,41,143,110,33,-5.92,Sunny,67,Yes,Comic-Con,Fall,Very High
FC0000456,SD001,Starbucks - Gaslamp Quarter,Downtown,downtown,2024-11-11,Monday,15,145,99,46,145,115,30,0.0,Sunny,67,Yes,Comic-Con,Fall,Very High
FC0000457,SD001,Starbucks - Gaslamp Quarter,Downtown,downtown,2024-11-11,Monday,16,98,74,24,87,65,22,-11.22,Sunny,67,Yes,Comic-Con,Fall,High
FC0000458,SD001,Starbucks - Gaslamp Quarter,Downtown,downtown,2024-11-11,Monday,19,50,36,14,46,33,13,-8.0,Sunny,67,Yes,Comic-Con,Fall,Moderate
FC0000459,SD001,Starbucks - Gaslamp Quarter,Downtown,downtown,2024-11-11,Monday,20,26,17,9,23,16,7,-11.54,Sunny,67,Yes,Comic-Con,Fall,Low
FC0000460,SD001,Starbucks - Gaslamp Quarter,Downtown,downtown,2024-11-11,Monday,21,27,19,8,23,18,5,-14.81,Sunny,67,Yes,Comic-Con,Fall,Low
FC0000461,SD001,Starbucks - Gaslamp Quarter,Downtown,downtown,2024-11-18,Monday,6,40,27,13,41,27,14,2.5,Partly Cloudy,70,No,None,Fall,Moderate
FC0000462,SD001,Starbucks - Gaslamp Quarter,Downtown,downtown,2024-11-18,Monday,9,244,174,70,244,169,75,0.0,Partly Cloudy,70,No,None,Fall,Very High
FC0000463,SD001,Starbucks - Gaslamp Quarter,Downtown,downtown,2024-11-18,Monday,12,108,73,35,88,58,30,-18.52,Partly Cloudy,70,No,None,Fall,High
FC0000464,SD001,Starbucks - Gaslamp Quarter,Downtown,downtown,2024-11-18,Monday,13,74,56,18,68,52,16,-8.11,Partly Cloudy,70,No,None,Fall,High
FC0000465,SD001,Starbucks - Gaslamp Quarter,Downtown,downtown,2024-11-18,Monday,15,59,40,19,51,39,12,-13.56,Partly Cloudy,70,No,None,Fall,Moderate
FC0000466,SD001,Starbucks - Gaslamp Quarter,Downtown,downtown,2024-11-18,Monday,16,134,104,30,132,94,38,-1.49,Partly Cloudy,70,No,None,Fall,Very High
FC0000467,SD001,Starbucks - Gaslamp Quarter,Downtown,downtown,2024-11-18,Monday,17,56,39,17,56,39,17,0.0,Partly Cloudy,70,No,None,Fall,Moderate
FC0000468,SD001,Starbucks - Gaslamp Quarter,Downtown,downtown,2024-11-18,Monday,18,66,45,21,63,45,18,-4.55,Partly Cloudy,70,No,None,Fall,High
FC0000469,SD001,Starbucks - Gaslamp Quarter,Downtown,downtown,2024-11-18,Monday,19,51,38,13,58,40,18,13.73,Partly Cloudy,70,No,None,Fall,Moderate
FC0000470,SD001,Starbucks - Gaslamp Quarter,Downtown,downtown,2024-11-18,Monday,20,43,31,12,34,25,9,-20.93,Partly Cloudy,70,No,None,Fall,Moderate
FC0000471,SD001,Starbucks - Gaslamp Quarter,Downtown,downtown,2024-11-25,Monday,6,20,14,6,18,13,5,-10.0,Sunny,67,No,None,Fall,Low
FC0000472,SD001,Starbucks - Gaslamp Quarter,Downtown,downtown,2024-11-25,Monday,10,74,51,23,74,53,21,0.0,Sunny,67,No,None,Fall,High
FC0000473,SD001,Starbucks - Gaslamp Quarter,Downtown,downtown,2024-11-25,Monday,13,107,82,25,99,76,23,-7.48,Sunny,67,No,None,Fall,High
FC0000474,SD001,Starbucks - Gaslamp Quarter,Downtown,downtown,2024-11-25,Monday,14,130,93,37,155,123,32,19.23,Sunny,67,No,None,Fall,Very High
FC0000475,SD001,Starbucks - Gaslamp Quarter,Downtown,downtown,2024-11-25,Monday,15,102,79,23,93,68,25,-8.82,Sunny,67,No,None,Fall,High
FC0000476,SD001,Starbucks - Gaslamp Quarter,Downtown,downtown,2024-11-25,Monday,17,88,61,27,84,63,21,-4.55,Sunny,67,No,None,Fall,High
FC0000477,SD001,Starbucks - Gaslamp Quarter,Downtown,downtown,2024-11-25,Monday,18,97,71,26,103,77,26,6.19,Sunny,67,No,None,Fall,Very High
FC0000478,SD001,Starbucks - Gaslamp Quarter,Downtown,downtown,2024-11-25,Monday,19,47,36,11,50,39,11,6.38,Sunny,67,No,None,Fall,Moderate
FC0000479,SD001,Starbucks - Gaslamp Quarter,Downtown,downtown,2024-11-25,Monday,20,36,27,9,34,23,11,-5.56,Sunny,67,No,None,Fall,Moderate
FC0000480,SD001,Starbucks - Gaslamp Quarter,Downtown,downtown,2024-11-25,Monday,21,14,10,4,15,10,5,7.14,Sunny,67,No,None,Fall,Low
FC0000481,SD001,Starbucks - Gaslamp Quarter,Downtown,downtown,2024-12-02,Monday,6,42,31,11,39,28,11,-7.14,Partly Cloudy,65,Yes,Padres Home Game,Winter,Moderate
FC0000482,SD001,Starbucks - Gaslamp Quarter,Downtown,downtown,2024-12-02,Monday,7,131,90,41,141,95,46,7.63,Partly Cloudy,65,Yes,Padres Home Game,Winter,Very High
FC0000483,SD001,Starbucks - Gaslamp Quarter,Downtown,downtown,2024-12-02,Monday,9,319,231,88,330,244,86,3.45,Partly Cloudy,65,Yes,Padres Home Game,Winter,Very High
FC0000484,SD001,Starbucks - Gaslamp Quarter,Downtown,downtown,2024-12-02,Monday,13,166,125,41,170,121,49,2.41,Partly Cloudy,65,Yes,Padres Home Game,Winter,Very High
FC0000485,SD001,Starbucks - Gaslamp Quarter,Downtown,downtown,2024-12-02,Monday,14,135,102,33,142,103,39,5.19,Partly Cloudy,65,Yes,Padres Home Game,Winter,Very High
FC0000486,SD001,Starbucks - Gaslamp Quarter,Downtown,downtown,2024-12-02,Monday,16,157,116,41,147,101,46,-6.37,Partly Cloudy,65,Yes,Padres Home Game,Winter,Very High
FC0000487,SD001,Starbucks - Gaslamp Quarter,Downtown,downtown,2024-12-02,Monday,17,110,78,32,103,74,29,-6.36,Partly Cloudy,65,Yes,Padres Home Game,Winter,Very High
FC0000488,SD001,Starbucks - Gaslamp Quarter,Downtown,downtown,2024-12-02,Monday,18,102,78,24,109,86,23,6.86,Partly Cloudy,65,Yes,Padres Home Game,Winter,Very High
FC0000489,SD001,Starbucks - Gaslamp Quarter,Downtown,downtown,2024-12-02,Monday,20,31,22,9,29,22,7,-6.45,Partly Cloudy,65,Yes,Padres Home Game,Winter,Low
FC0000490,SD001,Starbucks - Gaslamp Quarter,Downtown,downtown,2024-12-02,Monday,21,29,20,9,25,17,8,-13.79,Partly Cloudy,65,Yes,Padres Home Game,Winter,Low
FC0000491,SD001,Starbucks - Gaslamp Quarter,Downtown,downtown,2024-12-09,Monday,7,154,109,45,160,116,44,3.9,Overcast,63,No,None,Winter,Very High
FC0000492,SD001,Starbucks - Gaslamp Quarter,Downtown,downtown,2024-12-09,Monday,8,187,136,51,202,158,44,8.02,Overcast,63,No,None,Winter,Very High
FC0000493,SD001,Starbucks - Gaslamp Quarter,Downtown,downtown,2024-12-09,Monday,9,157,120,37,136,101,35,-13.38,Overcast,63,No,None,Winter,Very High
FC0000494,SD001,Starbucks - Gaslamp Quarter,Downtown,downtown,2024-12-09,Monday,10,73,54,19,79,61,18,8.22,Overcast,63,No,None,Winter,High
FC0000495,SD001,Starbucks - Gaslamp Quarter,Downtown,downtown,2024-12-09,Monday,11,98,66,32,100,66,34,2.04,Overcast,63,No,None,Winter,Very High
FC0000496,SD001,Starbucks - Gaslamp Quarter,Downtown,downtown,2024-12-09,Monday,14,77,52,25,67,48,19,-12.99,Overcast,63,No,None,Winter,High
FC0000497,SD001,Starbucks - Gaslamp Quarter,Downtown,downtown,2024-12-09,Monday,17,97,71,26,101,67,34,4.12,Overcast,63,No,None,Winter,Very High
FC0000498,SD001,Starbucks - Gaslamp Quarter,Downtown,downtown,2024-12-09,Monday,19,46,35,11,50,34,16,8.7,Overcast,63,No,None,Winter,Moderate
FC0000499,SD001,Starbucks - Gaslamp Quarter,Downtown,downtown,2024-12-09,Monday,20,33,22,11,33,24,9,0.0,Overcast,63,No,None,Winter,Moderate
FC0000500,SD001,Starbucks - Gaslamp Quarter,Downtown,downtown,2024-12-09,Monday,21,18,12,6,15,11,4,-16.67,Overcast,63,No,None,Winter,Low
FC0000501,SD002,Starbucks - Pacific Beach Boardwalk,Pacific Beach,beach,2024-01-01,Monday,7,169,129,40,169,129,40,0.0,Sunny,58,Yes,Beach Volleyball Tourney,Winter,Very High
FC0000502,SD002,Starbucks - Pacific Beach Boardwalk,Pacific Beach,beach,2024-01-01,Monday,11,117,80,37,127,88,39,8.55,Sunny,58,Yes,Beach Volleyball Tourney,Winter,Very High
FC0000503,SD002,Starbucks - Pacific Beach Boardwalk,Pacific Beach,beach,2024-01-01,Monday,12,152,116,36,149,112,37,-1.97,Sunny,58,Yes,Beach Volleyball Tourney,Winter,Very High
FC0000504,SD002,Starbucks - Pacific Beach Boardwalk,Pacific Beach,beach,2024-01-01,Monday,14,202,151,51,189,148,41,-6.44,Sunny,58,Yes,Beach Volleyball Tourney,Winter,Very High
FC0000505,SD002,Starbucks - Pacific Beach Boardwalk,Pacific Beach,beach,2024-01-01,Monday,15,81,57,24,76,50,26,-6.17,Sunny,58,Yes,Beach Volleyball Tourney,Winter,High
FC0000506,SD002,Starbucks - Pacific Beach Boardwalk,Pacific Beach,beach,2024-01-01,Monday,16,98,72,26,87,59,28,-11.22,Sunny,58,Yes,Beach Volleyball Tourney,Winter,High
FC0000507,SD002,Starbucks - Pacific Beach Boardwalk,Pacific Beach,beach,2024-01-01,Monday,17,80,56,24,80,53,27,0.0,Sunny,58,Yes,Beach Volleyball Tourney,Winter,High
FC0000508,SD002,Starbucks - Pacific Beach Boardwalk,Pacific Beach,beach,2024-01-01,Monday,18,72,49,23,73,51,22,1.39,Sunny,58,Yes,Beach Volleyball Tourney,Winter,High
FC0000509,SD002,Starbucks - Pacific Beach Boardwalk,Pacific Beach,beach,2024-01-01,Monday,19,70,50,20,69,54,15,-1.43,Sunny,58,Yes,Beach Volleyball Tourney,Winter,High
FC0000510,SD002,Starbucks - Pacific Beach Boardwalk,Pacific Beach,beach,2024-01-01,Monday,20,32,22,10,33,22,11,3.12,Sunny,58,Yes,Beach Volleyball Tourney,Winter,Moderate
FC0000511,SD002,Starbucks - Pacific Beach Boardwalk,Pacific Beach,beach,2024-01-08,Monday,6,25,17,8,24,18,6,-4.0,Overcast,58,No,None,Winter,Low
FC0000512,SD002,Starbucks - Pacific Beach Boardwalk,Pacific Beach,beach,2024-01-08,Monday,8,193,148,45,179,134,45,-7.25,Overcast,58,No,None,Winter,Very High
FC0000513,SD002,Starbucks - Pacific Beach Boardwalk,Pacific Beach,beach,2024-01-08,Monday,9,181,126,55,166,110,56,-8.29,Overcast,58,No,None,Winter,Very High
FC0000514,SD002,Starbucks - Pacific Beach Boardwalk,Pacific Beach,beach,2024-01-08,Monday,10,120,91,29,125,92,33,4.17,Overcast,58,No,None,Winter,Very High
FC0000515,SD002,Starbucks - Pacific Beach Boardwalk,Pacific Beach,beach,2024-01-08,Monday,11,92,64,28,98,75,23,6.52,Overcast,58,No,None,Winter,High
FC0000516,SD002,Starbucks - Pacific Beach Boardwalk,Pacific Beach,beach,2024-01-08,Monday,12,104,80,24,92,70,22,-11.54,Overcast,58,No,None,Winter,High
FC0000517,SD002,Starbucks - Pacific Beach Boardwalk,Pacific Beach,beach,2024-01-08,Monday,16,111,76,35,109,75,34,-1.8,Overcast,58,No,None,Winter,Very High
FC0000518,SD002,Starbucks - Pacific Beach Boardwalk,Pacific Beach,beach,2024-01-08,Monday,17,71,51,20,75,54,21,5.63,Overcast,58,No,None,Winter,High
FC0000519,SD002,Starbucks - Pacific Beach Boardwalk,Pacific Beach,beach,2024-01-08,Monday,19,59,44,15,62,42,20,5.08,Overcast,58,No,None,Winter,High
FC0000520,SD002,Starbucks - Pacific Beach Boardwalk,Pacific Beach,beach,2024-01-08,Monday,20,29,20,9,29,22,7,0.0,Overcast,58,No,None,Winter,Low
FC0000521,SD002,Starbucks - Pacific Beach Boardwalk,Pacific Beach,beach,2024-01-15,Monday,6,53,37,16,51,34,17,-3.77,Light Rain,65,Yes,Beach Volleyball Tourney,Winter,Moderate
FC0000522,SD002,Starbucks - Pacific Beach Boardwalk,Pacific Beach,beach,2024-01-15,Monday,7,101,68,33,107,76,31,5.94,Light Rain,65,Yes,Beach Volleyball Tourney,Winter,Very High
FC0000523,SD002,Starbucks - Pacific Beach Boardwalk,Pacific Beach,beach,2024-01-15,Monday,11,192,132,60,188,144,44,-2.08,Light Rain,65,Yes,Beach Volleyball Tourney,Winter,Very High
FC0000524,SD002,Starbucks - Pacific Beach Boardwalk,Pacific Beach,beach,2024-01-15,Monday,12,189,146,43,212,156,56,12.17,Light Rain,65,Yes,Beach Volleyball Tourney,Winter,Very High
FC0000525,SD002,Starbucks - Pacific Beach Boardwalk,Pacific Beach,beach,2024-01-15,Monday,13,223,157,66,227,154,73,1.79,Light Rain,65,Yes,Beach Volleyball Tourney,Winter,Very High
FC0000526,SD002,Starbucks - Pacific Beach Boardwalk,Pacific Beach,beach,2024-01-15,Monday,14,197,149,48,213,151,62,8.12,Light Rain,65,Yes,Beach Volleyball Tourney,Winter,Very High
FC0000527,SD002,Starbucks - Pacific Beach Boardwalk,Pacific Beach,beach,2024-01-15,Monday,15,132,101,31,121,79,42,-8.33,Light Rain,65,Yes,Beach Volleyball Tourney,Winter,Very High
FC0000528,SD002,Starbucks - Pacific Beach Boardwalk,Pacific Beach,beach,2024-01-15,Monday,17,81,60,21,80,59,21,-1.23,Light Rain,65,Yes,Beach Volleyball Tourney,Winter,High
FC0000529,SD002,Starbucks - Pacific Beach Boardwalk,Pacific Beach,beach,2024-01-15,Monday,20,32,22,10,35,26,9,9.38,Light Rain,65,Yes,Beach Volleyball Tourney,Winter,Moderate
FC0000530,SD002,Starbucks - Pacific Beach Boardwalk,Pacific Beach,beach,2024-01-15,Monday,21,15,10,5,15,10,5,0.0,Light Rain,65,Yes,Beach Volleyball Tourney,Winter,Low
FC0000531,SD002,Starbucks - Pacific Beach Boardwalk,Pacific Beach,beach,2024-01-22,Monday,6,33,23,10,33,26,7,0.0,Marine Layer,62,Yes,SD Marathon,Winter,Moderate
FC0000532,SD002,Starbucks - Pacific Beach Boardwalk,Pacific Beach,beach,2024-01-22,Monday,7,172,134,38,178,119,59,3.49,Marine Layer,62,Yes,SD Marathon,Winter,Very High
FC0000533,SD002,Starbucks - Pacific Beach Boardwalk,Pacific Beach,beach,2024-01-22,Monday,8,271,198,73,283,206,77,4.43,Marine Layer,62,Yes,SD Marathon,Winter,Very High
FC0000534,SD002,Starbucks - Pacific Beach Boardwalk,Pacific Beach,beach,2024-01-22,Monday,9,120,84,36,135,94,41,12.5,Marine Layer,62,Yes,SD Marathon,Winter,Very High
FC0000535,SD002,Starbucks - Pacific Beach Boardwalk,Pacific Beach,beach,2024-01-22,Monday,10,214,146,68,212,154,58,-0.93,Marine Layer,62,Yes,SD Marathon,Winter,Very High
FC0000536,SD002,Starbucks - Pacific Beach Boardwalk,Pacific Beach,beach,2024-01-22,Monday,11,175,127,48,169,123,46,-3.43,Marine Layer,62,Yes,SD Marathon,Winter,Very High
FC0000537,SD002,Starbucks - Pacific Beach Boardwalk,Pacific Beach,beach,2024-01-22,Monday,14,193,146,47,183,125,58,-5.18,Marine Layer,62,Yes,SD Marathon,Winter,Very High
FC0000538,SD002,Starbucks - Pacific Beach Boardwalk,Pacific Beach,beach,2024-01-22,Monday,15,157,116,41,174,132,42,10.83,Marine Layer,62,Yes,SD Marathon,Winter,Very High
FC0000539,SD002,Starbucks - Pacific Beach Boardwalk,Pacific Beach,beach,2024-01-22,Monday,18,117,90,27,99,75,24,-15.38,Marine Layer,62,Yes,SD Marathon,Winter,High
FC0000540,SD002,Starbucks - Pacific Beach Boardwalk,Pacific Beach,beach,2024-01-22,Monday,21,28,20,8,25,19,6,-10.71,Marine Layer,62,Yes,SD Marathon,Winter,Low
FC0000541,SD002,Starbucks - Pacific Beach Boardwalk,Pacific Beach,beach,2024-01-29,Monday,6,54,41,13,53,40,13,-1.85,Sunny,61,Yes,SD Marathon,Winter,Moderate
FC0000542,SD002,Starbucks - Pacific Beach Boardwalk,Pacific Beach,beach,2024-01-29,Monday,7,150,105,45,126,99,27,-16.0,Sunny,61,Yes,SD Marathon,Winter,Very High
FC0000543,SD002,Starbucks - Pacific Beach Boardwalk,Pacific Beach,beach,2024-01-29,Monday,9,115,89,26,112,80,32,-2.61,Sunny,61,Yes,SD Marathon,Winter,Very High
FC0000544,SD002,Starbucks - Pacific Beach Boardwalk,Pacific Beach,beach,2024-01-29,Monday,11,170,117,53,169,132,37,-0.59,Sunny,61,Yes,SD Marathon,Winter,Very High
FC0000545,SD002,Starbucks - Pacific Beach Boardwalk,Pacific Beach,beach,2024-01-29,Monday,13,149,109,40,138,91,47,-7.38,Sunny,61,Yes,SD Marathon,Winter,Very High
FC0000546,SD002,Starbucks - Pacific Beach Boardwalk,Pacific Beach,beach,2024-01-29,Monday,14,200,136,64,212,143,69,6.0,Sunny,61,Yes,SD Marathon,Winter,Very High
FC0000547,SD002,Starbucks - Pacific Beach Boardwalk,Pacific Beach,beach,2024-01-29,Monday,15,122,94,28,118,87,31,-3.28,Sunny,61,Yes,SD Marathon,Winter,Very High
FC0000548,SD002,Starbucks - Pacific Beach Boardwalk,Pacific Beach,beach,2024-01-29,Monday,17,105,76,29,98,66,32,-6.67,Sunny,61,Yes,SD Marathon,Winter,High
FC0000549,SD002,Starbucks - Pacific Beach Boardwalk,Pacific Beach,beach,2024-01-29,Monday,18,96,66,30,97,77,20,1.04,Sunny,61,Yes,SD Marathon,Winter,High
FC0000550,SD002,Starbucks - Pacific Beach Boardwalk,Pacific Beach,beach,2024-01-29,Monday,20,53,40,13,51,37,14,-3.77,Sunny,61,Yes,SD Marathon,Winter,Moderate
FC0000551,SD002,Starbucks - Pacific Beach Boardwalk,Pacific Beach,beach,2024-02-05,Monday,7,127,92,35,146,116,30,14.96,Partly Cloudy,67,No,None,Winter,Very High
FC0000552,SD002,Starbucks - Pacific Beach Boardwalk,Pacific Beach,beach,2024-02-05,Monday,8,139,107,32,138,108,30,-0.72,Partly Cloudy,67,No,None,Winter,Very High
FC0000553,SD002,Starbucks - Pacific Beach Boardwalk,Pacific Beach,beach,2024-02-05,Monday,10,102,73,29,105,77,28,2.94,Partly Cloudy,67,No,None,Winter,Very High
FC0000554,SD002,Starbucks - Pacific Beach Boardwalk,Pacific Beach,beach,2024-02-05,Monday,12,105,78,27,107,74,33,1.9,Partly Cloudy,67,No,None,Winter,Very High
FC0000555,SD002,Starbucks - Pacific Beach Boardwalk,Pacific Beach,beach,2024-02-05,Monday,14,174,120,54,189,138,51,8.62,Partly Cloudy,67,No,None,Winter,Very High
FC0000556,SD002,Starbucks - Pacific Beach Boardwalk,Pacific Beach,beach,2024-02-05,Monday,16,78,58,20,81,61,20,3.85,Partly Cloudy,67,No,None,Winter,High
FC0000557,SD002,Starbucks - Pacific Beach Boardwalk,Pacific Beach,beach,2024-02-05,Monday,18,55,39,16,54,40,14,-1.82,Partly Cloudy,67,No,None,Winter,Moderate
FC0000558,SD002,Starbucks - Pacific Beach Boardwalk,Pacific Beach,beach,2024-02-05,Monday,19,41,31,10,46,32,14,12.2,Partly Cloudy,67,No,None,Winter,Moderate
FC0000559,SD002,Starbucks - Pacific Beach Boardwalk,Pacific Beach,beach,2024-02-05,Monday,20,42,31,11,44,34,10,4.76,Partly Cloudy,67,No,None,Winter,Moderate
FC0000560,SD002,Starbucks - Pacific Beach Boardwalk,Pacific Beach,beach,2024-02-05,Monday,21,16,11,5,14,11,3,-12.5,Partly Cloudy,67,No,None,Winter,Low
FC0000561,SD002,Starbucks - Pacific Beach Boardwalk,Pacific Beach,beach,2024-02-12,Monday,6,24,16,8,23,16,7,-4.17,Partly Cloudy,66,No,None,Winter,Low
FC0000562,SD002,Starbucks - Pacific Beach Boardwalk,Pacific Beach,beach,2024-02-12,Monday,7,107,77,30,104,74,30,-2.8,Partly Cloudy,66,No,None,Winter,Very High
FC0000563,SD002,Starbucks - Pacific Beach Boardwalk,Pacific Beach,beach,2024-02-12,Monday,9,151,110,41,164,109,55,8.61,Partly Cloudy,66,No,None,Winter,Very High
FC0000564,SD002,Starbucks - Pacific Beach Boardwalk,Pacific Beach,beach,2024-02-12,Monday,12,128,95,33,143,112,31,11.72,Partly Cloudy,66,No,None,Winter,Very High
FC0000565,SD002,Starbucks - Pacific Beach Boardwalk,Pacific Beach,beach,2024-02-12,Monday,13,157,111,46,137,92,45,-12.74,Partly Cloudy,66,No,None,Winter,Very High
FC0000566,SD002,Starbucks - Pacific Beach Boardwalk,Pacific Beach,beach,2024-02-12,Monday,14,176,121,55,198,136,62,12.5,Partly Cloudy,66,No,None,Winter,Very High
FC0000567,SD002,Starbucks - Pacific Beach Boardwalk,Pacific Beach,beach,2024-02-12,Monday,15,125,87,38,112,77,35,-10.4,Partly Cloudy,66,No,None,Winter,Very High
FC0000568,SD002,Starbucks - Pacific Beach Boardwalk,Pacific Beach,beach,2024-02-12,Monday,16,88,60,28,86,67,19,-2.27,Partly Cloudy,66,No,None,Winter,High
FC0000569,SD002,Starbucks - Pacific Beach Boardwalk,Pacific Beach,beach,2024-02-12,Monday,18,80,59,21,93,65,28,16.25,Partly Cloudy,66,No,None,Winter,High
FC0000570,SD002,Starbucks - Pacific Beach Boardwalk,Pacific Beach,beach,2024-02-12,Monday,19,41,30,11,44,31,13,7.32,Partly Cloudy,66,No,None,Winter,Moderate
FC0000571,SD002,Starbucks - Pacific Beach Boardwalk,Pacific Beach,beach,2024-02-19,Monday,7,70,54,16,68,51,17,-2.86,Sunny,60,No,None,Winter,High
FC0000572,SD002,Starbucks - Pacific Beach Boardwalk,Pacific Beach,beach,2024-02-19,Monday,8,151,105,46,126,87,39,-16.56,Sunny,60,No,None,Winter,Very High
FC0000573,SD002,Starbucks - Pacific Beach Boardwalk,Pacific Beach,beach,2024-02-19,Monday,9,185,140,45,158,109,49,-14.59,Sunny,60,No,None,Winter,Very High
FC0000574,SD002,Starbucks - Pacific Beach Boardwalk,Pacific Beach,beach,2024-02-19,Monday,10,96,66,30,99,74,25,3.12,Sunny,60,No,None,Winter,High
FC0000575,SD002,Starbucks - Pacific Beach Boardwalk,Pacific Beach,beach,2024-02-19,Monday,11,160,115,45,171,123,48,6.88,Sunny,60,No,None,Winter,Very High
FC0000576,SD002,Starbucks - Pacific Beach Boardwalk,Pacific Beach,beach,2024-02-19,Monday,12,173,121,52,157,106,51,-9.25,Sunny,60,No,None,Winter,Very High
FC0000577,SD002,Starbucks - Pacific Beach Boardwalk,Pacific Beach,beach,2024-02-19,Monday,16,73,51,22,73,51,22,0.0,Sunny,60,No,None,Winter,High
FC0000578,SD002,Starbucks - Pacific Beach Boardwalk,Pacific Beach,beach,2024-02-19,Monday,19,43,31,12,42,30,12,-2.33,Sunny,60,No,None,Winter,Moderate
FC0000579,SD002,Starbucks - Pacific Beach Boardwalk,Pacific Beach,beach,2024-02-19,Monday,20,41,31,10,42,30,12,2.44,Sunny,60,No,None,Winter,Moderate
FC0000580,SD002,Starbucks - Pacific Beach Boardwalk,Pacific Beach,beach,2024-02-19,Monday,21,19,13,6,18,12,6,-5.26,Sunny,60,No,None,Winter,Low
FC0000581,SD002,Starbucks - Pacific Beach Boardwalk,Pacific Beach,beach,2024-02-26,Monday,6,39,27,12,40,27,13,2.56,Sunny,61,No,None,Winter,Moderate
FC0000582,SD002,Starbucks - Pacific Beach Boardwalk,Pacific Beach,beach,2024-02-26,Monday,7,102,71,31,107,74,33,4.9,Sunny,61,No,None,Winter,Very High
FC0000583,SD002,Starbucks - Pacific Beach Boardwalk,Pacific Beach,beach,2024-02-26,Monday,8,152,117,35,166,121,45,9.21,Sunny,61,No,None,Winter,Very High
FC0000584,SD002,Starbucks - Pacific Beach Boardwalk,Pacific Beach,beach,2024-02-26,Monday,11,144,101,43,146,102,44,1.39,Sunny,61,No,None,Winter,Very High
FC0000585,SD002,Starbucks - Pacific Beach Boardwalk,Pacific Beach,beach,2024-02-26,Monday,14,101,75,26,97,66,31,-3.96,Sunny,61,No,None,Winter,High
FC0000586,SD002,Starbucks - Pacific Beach Boardwalk,Pacific Beach,beach,2024-02-26,Monday,16,132,98,34,135,95,40,2.27,Sunny,61,No,None,Winter,Very High
FC0000587,SD002,Starbucks - Pacific Beach Boardwalk,Pacific Beach,beach,2024-02-26,Monday,17,84,61,23,96,65,31,14.29,Sunny,61,No,None,Winter,High
FC0000588,SD002,Starbucks - Pacific Beach Boardwalk,Pacific Beach,beach,2024-02-26,Monday,19,33,25,8,33,26,7,0.0,Sunny,61,No,None,Winter,Moderate
FC0000589,SD002,Starbucks - Pacific Beach Boardwalk,Pacific Beach,beach,2024-02-26,Monday,20,22,16,6,21,15,6,-4.55,Sunny,61,No,None,Winter,Low
FC0000590,SD002,Starbucks - Pacific Beach Boardwalk,Pacific Beach,beach,2024-02-26,Monday,21,22,16,6,21,15,6,-4.55,Sunny,61,No,None,Winter,Low
FC0000591,SD002,Starbucks - Pacific Beach Boardwalk,Pacific Beach,beach,2024-03-04,Monday,7,133,97,36,137,95,42,3.01,Marine Layer,62,No,None,Spring,Very High
FC0000592,SD002,Starbucks - Pacific Beach Boardwalk,Pacific Beach,beach,2024-03-04,Monday,8,195,136,59,194,143,51,-0.51,Marine Layer,62,No,None,Spring,Very High
FC0000593,SD002,Starbucks - Pacific Beach Boardwalk,Pacific Beach,beach,2024-03-04,Monday,10,165,117,48,141,101,40,-14.55,Marine Layer,62,No,None,Spring,Very High
FC0000594,SD002,Starbucks - Pacific Beach Boardwalk,Pacific Beach,beach,2024-03-04,Monday,11,142,109,33,149,117,32,4.93,Marine Layer,62,No,None,Spring,Very High
FC0000595,SD002,Starbucks - Pacific Beach Boardwalk,Pacific Beach,beach,2024-03-04,Monday,12,123,93,30,127,100,27,3.25,Marine Layer,62,No,None,Spring,Very High
FC0000596,SD002,Starbucks - Pacific Beach Boardwalk,Pacific Beach,beach,2024-03-04,Monday,13,113,79,34,94,71,23,-16.81,Marine Layer,62,No,None,Spring,High
FC0000597,SD002,Starbucks - Pacific Beach Boardwalk,Pacific Beach,beach,2024-03-04,Monday,15,104,79,25,99,76,23,-4.81,Marine Layer,62,No,None,Spring,High
FC0000598,SD002,Starbucks - Pacific Beach Boardwalk,Pacific Beach,beach,2024-03-04,Monday,17,94,70,24,100,66,34,6.38,Marine Layer,62,No,None,Spring,Very High
FC0000599,SD002,Starbucks - Pacific Beach Boardwalk,Pacific Beach,beach,2024-03-04,Monday,18,64,44,20,67,50,17,4.69,Marine Layer,62,No,None,Spring,High
FC0000600,SD002,Starbucks - Pacific Beach Boardwalk,Pacific Beach,beach,2024-03-04,Monday,21,19,13,6,19,13,6,0.0,Marine Layer,62,No,None,Spring,Low
FC0000601,SD002,Starbucks - Pacific Beach Boardwalk,Pacific Beach,beach,2024-03-11,Monday,7,131,95,36,141,97,44,7.63,Marine Layer,65,No,None,Spring,Very High
FC0000602,SD002,Starbucks - Pacific Beach Boardwalk,Pacific Beach,beach,2024-03-11,Monday,8,209,146,63,170,134,36,-18.66,Marine Layer,65,No,None,Spring,Very High
FC0000603,SD002,Starbucks - Pacific Beach Boardwalk,Pacific Beach,beach,2024-03-11,Monday,10,114,77,37,130,97,33,14.04,Marine Layer,65,No,None,Spring,Very High
FC0000604,SD002,Starbucks - Pacific Beach Boardwalk,Pacific Beach,beach,2024-03-11,Monday,11,120,88,32,112,87,25,-6.67,Marine Layer,65,No,None,Spring,Very High
FC0000605,SD002,Starbucks - Pacific Beach Boardwalk,Pacific Beach,beach,2024-03-11,Monday,12,116,89,27,121,94,27,4.31,Marine Layer,65,No,None,Spring,Very High
FC0000606,SD002,Starbucks - Pacific Beach Boardwalk,Pacific Beach,beach,2024-03-11,Monday,13,192,138,54,180,124,56,-6.25,Marine Layer,65,No,None,Spring,Very High
FC0000607,SD002,Starbucks - Pacific Beach Boardwalk,Pacific Beach,beach,2024-03-11,Monday,14,125,88,37,127,100,27,1.6,Marine Layer,65,No,None,Spring,Very High
FC0000608,SD002,Starbucks - Pacific Beach Boardwalk,Pacific Beach,beach,2024-03-11,Monday,15,88,61,27,85,59,26,-3.41,Marine Layer,65,No,None,Spring,High
FC0000609,SD002,Starbucks - Pacific Beach Boardwalk,Pacific Beach,beach,2024-03-11,Monday,17,105,76,29,110,72,38,4.76,Marine Layer,65,No,None,Spring,Very High
FC0000610,SD002,Starbucks - Pacific Beach Boardwalk,Pacific Beach,beach,2024-03-11,Monday,20,34,25,9,35,27,8,2.94,Marine Layer,65,No,None,Spring,Moderate
FC0000611,SD002,Starbucks - Pacific Beach Boardwalk,Pacific Beach,beach,2024-03-18,Monday,7,175,128,47,186,140,46,6.29,Sunny,62,Yes,Beach Volleyball Tourney,Spring,Very High
FC0000612,SD002,Starbucks - Pacific Beach Boardwalk,Pacific Beach,beach,2024-03-18,Monday,9,240,165,75,244,189,55,1.67,Sunny,62,Yes,Beach Volleyball Tourney,Spring,Very High
FC0000613,SD002,Starbucks - Pacific Beach Boardwalk,Pacific Beach,beach,2024-03-18,Monday,12,148,110,38,144,102,42,-2.7,Sunny,62,Yes,Beach Volleyball Tourney,Spring,Very High
FC0000614,SD002,Starbucks - Pacific Beach Boardwalk,Pacific Beach,beach,2024-03-18,Monday,13,169,118,51,177,124,53,4.73,Sunny,62,Yes,Beach Volleyball Tourney,Spring,Very High
FC0000615,SD002,Starbucks - Pacific Beach Boardwalk,Pacific Beach,beach,2024-03-18,Monday,14,215,164,51,226,156,70,5.12,Sunny,62,Yes,Beach Volleyball Tourney,Spring,Very High
FC0000616,SD002,Starbucks - Pacific Beach Boardwalk,Pacific Beach,beach,2024-03-18,Monday,15,133,103,30,133,99,34,0.0,Sunny,62,Yes,Beach Volleyball Tourney,Spring,Very High
FC0000617,SD002,Starbucks - Pacific Beach Boardwalk,Pacific Beach,beach,2024-03-18,Monday,16,128,99,29,142,103,39,10.94,Sunny,62,Yes,Beach Volleyball Tourney,Spring,Very High
FC0000618,SD002,Starbucks - Pacific Beach Boardwalk,Pacific Beach,beach,2024-03-18,Monday,18,70,52,18,77,52,25,10.0,Sunny,62,Yes,Beach Volleyball Tourney,Spring,High
FC0000619,SD002,Starbucks - Pacific Beach Boardwalk,Pacific Beach,beach,2024-03-18,Monday,20,36,25,11,30,20,10,-16.67,Sunny,62,Yes,Beach Volleyball Tourney,Spring,Moderate
FC0000620,SD002,Starbucks - Pacific Beach Boardwalk,Pacific Beach,beach,2024-03-18,Monday,21,15,10,5,14,10,4,-6.67,Sunny,62,Yes,Beach Volleyball Tourney,Spring,Low
FC0000621,SD002,Starbucks - Pacific Beach Boardwalk,Pacific Beach,beach,2024-03-25,Monday,6,31,24,7,32,24,8,3.23,Light Rain,70,No,None,Spring,Moderate
FC0000622,SD002,Starbucks - Pacific Beach Boardwalk,Pacific Beach,beach,2024-03-25,Monday,7,77,52,25,77,59,18,0.0,Light Rain,70,No,None,Spring,High
FC0000623,SD002,Starbucks - Pacific Beach Boardwalk,Pacific Beach,beach,2024-03-25,Monday,11,153,105,48,139,92,47,-9.15,Light Rain,70,No,None,Spring,Very High
FC0000624,SD002,Starbucks - Pacific Beach Boardwalk,Pacific Beach,beach,2024-03-25,Monday,12,164,123,41,164,110,54,0.0,Light Rain,70,No,None,Spring,Very High
FC0000625,SD002,Starbucks - Pacific Beach Boardwalk,Pacific Beach,beach,2024-03-25,Monday,13,107,74,33,109,73,36,1.87,Light Rain,70,No,None,Spring,Very High
FC0000626,SD002,Starbucks - Pacific Beach Boardwalk,Pacific Beach,beach,2024-03-25,Monday,14,156,108,48,145,99,46,-7.05,Light Rain,70,No,None,Spring,Very High
FC0000627,SD002,Starbucks - Pacific Beach Boardwalk,Pacific Beach,beach,2024-03-25,Monday,15,75,53,22,70,51,19,-6.67,Light Rain,70,No,None,Spring,High
FC0000628,SD002,Starbucks - Pacific Beach Boardwalk,Pacific Beach,beach,2024-03-25,Monday,16,85,63,22,91,61,30,7.06,Light Rain,70,No,None,Spring,High
FC0000629,SD002,Starbucks - Pacific Beach Boardwalk,Pacific Beach,beach,2024-03-25,Monday,17,88,61,27,102,79,23,15.91,Light Rain,70,No,None,Spring,Very High
FC0000630,SD002,Starbucks - Pacific Beach Boardwalk,Pacific Beach,beach,2024-03-25,Monday,19,62,46,16,52,38,14,-16.13,Light Rain,70,No,None,Spring,Moderate
FC0000631,SD002,Starbucks - Pacific Beach Boardwalk,Pacific Beach,beach,2024-04-01,Monday,7,134,92,42,123,89,34,-8.21,Overcast,68,No,None,Spring,Very High
FC0000632,SD002,Starbucks - Pacific Beach Boardwalk,Pacific Beach,beach,2024-04-01,Monday,9,116,88,28,112,83,29,-3.45,Overcast,68,No,None,Spring,Very High
FC0000633,SD002,Starbucks - Pacific Beach Boardwalk,Pacific Beach,beach,2024-04-01,Monday,10,150,103,47,160,124,36,6.67,Overcast,68,No,None,Spring,Very High
FC0000634,SD002,Starbucks - Pacific Beach Boardwalk,Pacific Beach,beach,2024-04-01,Monday,11,105,76,29,103,70,33,-1.9,Overcast,68,No,None,Spring,Very High
FC0000635,SD002,Starbucks - Pacific Beach Boardwalk,Pacific Beach,beach,2024-04-01,Monday,12,189,135,54,183,124,59,-3.17,Overcast,68,No,None,Spring,Very High
FC0000636,SD002,Starbucks - Pacific Beach Boardwalk,Pacific Beach,beach,2024-04-01,Monday,13,117,83,34,114,75,39,-2.56,Overcast,68,No,None,Spring,Very High
FC0000637,SD002,Starbucks - Pacific Beach Boardwalk,Pacific Beach,beach,2024-04-01,Monday,14,159,123,36,156,123,33,-1.89,Overcast,68,No,None,Spring,Very High
FC0000638,SD002,Starbucks - Pacific Beach Boardwalk,Pacific Beach,beach,2024-04-01,Monday,18,62,43,19,72,54,18,16.13,Overcast,68,No,None,Spring,High
FC0000639,SD002,Starbucks - Pacific Beach Boardwalk,Pacific Beach,beach,2024-04-01,Monday,19,63,45,18,61,42,19,-3.17,Overcast,68,No,None,Spring,High
FC0000640,SD002,Starbucks - Pacific Beach Boardwalk,Pacific Beach,beach,2024-04-01,Monday,21,19,13,6,18,13,5,-5.26,Overcast,68,No,None,Spring,Low
FC0000641,SD002,Starbucks - Pacific Beach Boardwalk,Pacific Beach,beach,2024-04-08,Monday,6,24,16,8,22,16,6,-8.33,Overcast,72,No,None,Spring,Low
FC0000642,SD002,Starbucks - Pacific Beach Boardwalk,Pacific Beach,beach,2024-04-08,Monday,7,102,74,28,98,70,28,-3.92,Overcast,72,No,None,Spring,High
FC0000643,SD002,Starbucks - Pacific Beach Boardwalk,Pacific Beach,beach,2024-04-08,Monday,9,160,120,40,144,107,37,-10.0,Overcast,72,No,None,Spring,Very High
FC0000644,SD002,Starbucks - Pacific Beach Boardwalk,Pacific Beach,beach,2024-04-08,Monday,11,83,58,25,80,60,20,-3.61,Overcast,72,No,None,Spring,High
FC0000645,SD002,Starbucks - Pacific Beach Boardwalk,Pacific Beach,beach,2024-04-08,Monday,12,133,92,41,126,98,28,-5.26,Overcast,72,No,None,Spring,Very High
FC0000646,SD002,Starbucks - Pacific Beach Boardwalk,Pacific Beach,beach,2024-04-08,Monday,13,167,125,42,194,128,66,16.17,Overcast,72,No,None,Spring,Very High
FC0000647,SD002,Starbucks - Pacific Beach Boardwalk,Pacific Beach,beach,2024-04-08,Monday,15,90,68,22,85,64,21,-5.56,Overcast,72,No,None,Spring,High
FC0000648,SD002,Starbucks - Pacific Beach Boardwalk,Pacific Beach,beach,2024-04-08,Monday,18,62,46,16,67,45,22,8.06,Overcast,72,No,None,Spring,High
FC0000649,SD002,Starbucks - Pacific Beach Boardwalk,Pacific Beach,beach,2024-04-08,Monday,20,25,17,8,25,17,8,0.0,Overcast,72,No,None,Spring,Low
FC0000650,SD002,Starbucks - Pacific Beach Boardwalk,Pacific Beach,beach,2024-04-08,Monday,21,24,18,6,22,16,6,-8.33,Overcast,72,No,None,Spring,Low
FC0000651,SD002,Starbucks - Pacific Beach Boardwalk,Pacific Beach,beach,2024-04-15,Monday,6,32,21,11,32,21,11,0.0,Partly Cloudy,64,No,None,Spring,Moderate
FC0000652,SD002,Starbucks - Pacific Beach Boardwalk,Pacific Beach,beach,2024-04-15,Monday,7,128,90,38,129,102,27,0.78,Partly Cloudy,64,No,None,Spring,Very High
FC0000653,SD002,Starbucks - Pacific Beach Boardwalk,Pacific Beach,beach,2024-04-15,Monday,9,119,81,38,142,96,46,19.33,Partly Cloudy,64,No,None,Spring,Very High
FC0000654,SD002,Starbucks - Pacific Beach Boardwalk,Pacific Beach,beach,2024-04-15,Monday,10,150,115,35,162,109,53,8.0,Partly Cloudy,64,No,None,Spring,Very High
FC0000655,SD002,Starbucks - Pacific Beach Boardwalk,Pacific Beach,beach,2024-04-15,Monday,13,95,71,24,86,63,23,-9.47,Partly Cloudy,64,No,None,Spring,High
FC0000656,SD002,Starbucks - Pacific Beach Boardwalk,Pacific Beach,beach,2024-04-15,Monday,14,98,67,31,109,85,24,11.22,Partly Cloudy,64,No,None,Spring,Very High
FC0000657,SD002,Starbucks - Pacific Beach Boardwalk,Pacific Beach,beach,2024-04-15,Monday,16,104,72,32,95,69,26,-8.65,Partly Cloudy,64,No,None,Spring,High
FC0000658,SD002,Starbucks - Pacific Beach Boardwalk,Pacific Beach,beach,2024-04-15,Monday,17,73,49,24,67,52,15,-8.22,Partly Cloudy,64,No,None,Spring,High
FC0000659,SD002,Starbucks - Pacific Beach Boardwalk,Pacific Beach,beach,2024-04-15,Monday,19,32,22,10,28,21,7,-12.5,Partly Cloudy,64,No,None,Spring,Low
FC0000660,SD002,Starbucks - Pacific Beach Boardwalk,Pacific Beach,beach,2024-04-15,Monday,20,37,27,10,39,29,10,5.41,Partly Cloudy,64,No,None,Spring,Moderate
FC0000661,SD002,Starbucks - Pacific Beach Boardwalk,Pacific Beach,beach,2024-04-22,Monday,6,33,23,10,32,25,7,-3.03,Overcast,64,No,None,Spring,Moderate
FC0000662,SD002,Starbucks - Pacific Beach Boardwalk,Pacific Beach,beach,2024-04-22,Monday,8,192,143,49,213,158,55,10.94,Overcast,64,No,None,Spring,Very High
FC0000663,SD002,Starbucks - Pacific Beach Boardwalk,Pacific Beach,beach,2024-04-22,Monday,10,117,86,31,118,79,39,0.85,Overcast,64,No,None,Spring,Very High
FC0000664,SD002,Starbucks - Pacific Beach Boardwalk,Pacific Beach,beach,2024-04-22,Monday,11,89,62,27,77,52,25,-13.48,Overcast,64,No,None,Spring,High
FC0000665,SD002,Starbucks - Pacific Beach Boardwalk,Pacific Beach,beach,2024-04-22,Monday,13,119,91,28,122,95,27,2.52,Overcast,64,No,None,Spring,Very High
FC0000666,SD002,Starbucks - Pacific Beach Boardwalk,Pacific Beach,beach,2024-04-22,Monday,14,142,98,44,150,109,41,5.63,Overcast,64,No,None,Spring,Very High
FC0000667,SD002,Starbucks - Pacific Beach Boardwalk,Pacific Beach,beach,2024-04-22,Monday,15,99,73,26,90,60,30,-9.09,Overcast,64,No,None,Spring,High
FC0000668,SD002,Starbucks - Pacific Beach Boardwalk,Pacific Beach,beach,2024-04-22,Monday,17,94,73,21,99,68,31,5.32,Overcast,64,No,None,Spring,High
FC0000669,SD002,Starbucks - Pacific Beach Boardwalk,Pacific Beach,beach,2024-04-22,Monday,18,56,43,13,51,39,12,-8.93,Overcast,64,No,None,Spring,Moderate
FC0000670,SD002,Starbucks - Pacific Beach Boardwalk,Pacific Beach,beach,2024-04-22,Monday,19,39,29,10,41,28,13,5.13,Overcast,64,No,None,Spring,Moderate
FC0000671,SD002,Starbucks - Pacific Beach Boardwalk,Pacific Beach,beach,2024-04-29,Monday,6,25,19,6,24,18,6,-4.0,Partly Cloudy,66,No,None,Spring,Low
FC0000672,SD002,Starbucks - Pacific Beach Boardwalk,Pacific Beach,beach,2024-04-29,Monday,8,219,166,53,206,147,59,-5.94,Partly Cloudy,66,No,None,Spring,Very High
FC0000673,SD002,Starbucks - Pacific Beach Boardwalk,Pacific Beach,beach,2024-04-29,Monday,9,88,62,26,88,65,23,0.0,Partly Cloudy,66,No,None,Spring,High
FC0000674,SD002,Starbucks - Pacific Beach Boardwalk,Pacific Beach,beach,2024-04-29,Monday,10,175,123,52,194,147,47,10.86,Partly Cloudy,66,No,None,Spring,Very High
FC0000675,SD002,Starbucks - Pacific Beach Boardwalk,Pacific Beach,beach,2024-04-29,Monday,11,100,71,29,89,68,21,-11.0,Partly Cloudy,66,No,None,Spring,High
FC0000676,SD002,Starbucks - Pacific Beach Boardwalk,Pacific Beach,beach,2024-04-29,Monday,13,190,144,46,177,117,60,-6.84,Partly Cloudy,66,No,None,Spring,Very High
FC0000677,SD002,Starbucks - Pacific Beach Boardwalk,Pacific Beach,beach,2024-04-29,Monday,14,135,102,33,135,101,34,0.0,Partly Cloudy,66,No,None,Spring,Very High
FC0000678,SD002,Starbucks - Pacific Beach Boardwalk,Pacific Beach,beach,2024-04-29,Monday,17,105,78,27,93,72,21,-11.43,Partly Cloudy,66,No,None,Spring,High
FC0000679,SD002,Starbucks - Pacific Beach Boardwalk,Pacific Beach,beach,2024-04-29,Monday,20,36,25,11,36,28,8,0.0,Partly Cloudy,66,No,None,Spring,Moderate
FC0000680,SD002,Starbucks - Pacific Beach Boardwalk,Pacific Beach,beach,2024-04-29,Monday,21,23,17,6,19,12,7,-17.39,Partly Cloudy,66,No,None,Spring,Low
FC0000681,SD002,Starbucks - Pacific Beach Boardwalk,Pacific Beach,beach,2024-05-06,Monday,7,135,98,37,129,94,35,-4.44,Sunny,73,No,None,Spring,Very High
FC0000682,SD002,Starbucks - Pacific Beach Boardwalk,Pacific Beach,beach,2024-05-06,Monday,8,216,157,59,207,161,46,-4.17,Sunny,73,No,None,Spring,Very High
FC0000683,SD002,Starbucks - Pacific Beach Boardwalk,Pacific Beach,beach,2024-05-06,Monday,12,202,152,50,179,128,51,-11.39,Sunny,73,No,None,Spring,Very High
FC0000684,SD002,Starbucks - Pacific Beach Boardwalk,Pacific Beach,beach,2024-05-06,Monday,13,139,101,38,130,91,39,-6.47,Sunny,73,No,None,Spring,Very High
FC0000685,SD002,Starbucks - Pacific Beach Boardwalk,Pacific Beach,beach,2024-05-06,Monday,14,110,78,32,103,79,24,-6.36,Sunny,73,No,None,Spring,Very High
FC0000686,SD002,Starbucks - Pacific Beach Boardwalk,Pacific Beach,beach,2024-05-06,Monday,15,63,47,16,54,42,12,-14.29,Sunny,73,No,None,Spring,Moderate
FC0000687,SD002,Starbucks - Pacific Beach Boardwalk,Pacific Beach,beach,2024-05-06,Monday,16,96,70,26,93,62,31,-3.12,Sunny,73,No,None,Spring,High
FC0000688,SD002,Starbucks - Pacific Beach Boardwalk,Pacific Beach,beach,2024-05-06,Monday,18,68,48,20,76,55,21,11.76,Sunny,73,No,None,Spring,High
FC0000689,SD002,Starbucks - Pacific Beach Boardwalk,Pacific Beach,beach,2024-05-06,Monday,19,34,26,8,32,24,8,-5.88,Sunny,73,No,None,Spring,Moderate
FC0000690,SD002,Starbucks - Pacific Beach Boardwalk,Pacific Beach,beach,2024-05-06,Monday,20,43,29,14,42,27,15,-2.33,Sunny,73,No,None,Spring,Moderate
FC0000691,SD002,Starbucks - Pacific Beach Boardwalk,Pacific Beach,beach,2024-05-13,Monday,7,117,86,31,124,89,35,5.98,Partly Cloudy,68,No,None,Spring,Very High
FC0000692,SD002,Starbucks - Pacific Beach Boardwalk,Pacific Beach,beach,2024-05-13,Monday,10,132,91,41,119,80,39,-9.85,Partly Cloudy,68,No,None,Spring,Very High
FC0000693,SD002,Starbucks - Pacific Beach Boardwalk,Pacific Beach,beach,2024-05-13,Monday,12,140,97,43,132,95,37,-5.71,Partly Cloudy,68,No,None,Spring,Very High
FC0000694,SD002,Starbucks - Pacific Beach Boardwalk,Pacific Beach,beach,2024-05-13,Monday,13,102,71,31,99,65,34,-2.94,Partly Cloudy,68,No,None,Spring,High
FC0000695,SD002,Starbucks - Pacific Beach Boardwalk,Pacific Beach,beach,2024-05-13,Monday,14,144,102,42,139,104,35,-3.47,Partly Cloudy,68,No,None,Spring,Very High
FC0000696,SD002,Starbucks - Pacific Beach Boardwalk,Pacific Beach,beach,2024-05-13,Monday,15,114,79,35,123,96,27,7.89,Partly Cloudy,68,No,None,Spring,Very High
FC0000697,SD002,Starbucks - Pacific Beach Boardwalk,Pacific Beach,beach,2024-05-13,Monday,16,86,62,24,85,67,18,-1.16,Partly Cloudy,68,No,None,Spring,High
FC0000698,SD002,Starbucks - Pacific Beach Boardwalk,Pacific Beach,beach,2024-05-13,Monday,17,110,75,35,113,82,31,2.73,Partly Cloudy,68,No,None,Spring,Very High
FC0000699,SD002,Starbucks - Pacific Beach Boardwalk,Pacific Beach,beach,2024-05-13,Monday,18,94,71,23,85,56,29,-9.57,Partly Cloudy,68,No,None,Spring,High
FC0000700,SD002,Starbucks - Pacific Beach Boardwalk,Pacific Beach,beach,2024-05-13,Monday,20,31,21,10,28,19,9,-9.68,Partly Cloudy,68,No,None,Spring,Low
FC0000701,SD002,Starbucks - Pacific Beach Boardwalk,Pacific Beach,beach,2024-05-20,Monday,6,37,26,11,31,24,7,-16.22,Partly Cloudy,74,No,None,Spring,Moderate
FC0000702,SD002,Starbucks - Pacific Beach Boardwalk,Pacific Beach,beach,2024-05-20,Monday,8,165,116,49,163,107,56,-1.21,Partly Cloudy,74,No,None,Spring,Very High
FC0000703,SD002,Starbucks - Pacific Beach Boardwalk,Pacific Beach,beach,2024-05-20,Monday,9,112,82,30,126,100,26,12.5,Partly Cloudy,74,No,None,Spring,Very High
FC0000704,SD002,Starbucks - Pacific Beach Boardwalk,Pacific Beach,beach,2024-05-20,Monday,10,103,75,28,93,63,30,-9.71,Partly Cloudy,74,No,None,Spring,High
FC0000705,SD002,Starbucks - Pacific Beach Boardwalk,Pacific Beach,beach,2024-05-20,Monday,14,129,89,40,129,91,38,0.0,Partly Cloudy,74,No,None,Spring,Very High
FC0000706,SD002,Starbucks - Pacific Beach Boardwalk,Pacific Beach,beach,2024-05-20,Monday,15,78,55,23,80,54,26,2.56,Partly Cloudy,74,No,None,Spring,High
FC0000707,SD002,Starbucks - Pacific Beach Boardwalk,Pacific Beach,beach,2024-05-20,Monday,16,135,92,43,131,92,39,-2.96,Partly Cloudy,74,No,None,Spring,Very High
FC0000708,SD002,Starbucks - Pacific Beach Boardwalk,Pacific Beach,beach,2024-05-20,Monday,17,112,78,34,108,71,37,-3.57,Partly Cloudy,74,No,None,Spring,Very High
FC0000709,SD002,Starbucks - Pacific Beach Boardwalk,Pacific Beach,beach,2024-05-20,Monday,19,64,45,19,62,42,20,-3.12,Partly Cloudy,74,No,None,Spring,High
FC0000710,SD002,Starbucks - Pacific Beach Boardwalk,Pacific Beach,beach,2024-05-20,Monday,21,16,11,5,17,12,5,6.25,Partly Cloudy,74,No,None,Spring,Low
FC0000711,SD002,Starbucks - Pacific Beach Boardwalk,Pacific Beach,beach,2024-05-27,Monday,6,42,30,12,42,31,11,0.0,Sunny,69,No,None,Spring,Moderate
FC0000712,SD002,Starbucks - Pacific Beach Boardwalk,Pacific Beach,beach,2024-05-27,Monday,9,98,69,29,93,71,22,-5.1,Sunny,69,No,None,Spring,High
FC0000713,SD002,Starbucks - Pacific Beach Boardwalk,Pacific Beach,beach,2024-05-27,Monday,10,153,115,38,166,123,43,8.5,Sunny,69,No,None,Spring,Very High
FC0000714,SD002,Starbucks - Pacific Beach Boardwalk,Pacific Beach,beach,2024-05-27,Monday,11,171,129,42,169,112,57,-1.17,Sunny,69,No,None,Spring,Very High
FC0000715,SD002,Starbucks - Pacific Beach Boardwalk,Pacific Beach,beach,2024-05-27,Monday,14,158,122,36,166,123,43,5.06,Sunny,69,No,None,Spring,Very High
FC0000716,SD002,Starbucks - Pacific Beach Boardwalk,Pacific Beach,beach,2024-05-27,Monday,16,115,80,35,109,83,26,-5.22,Sunny,69,No,None,Spring,Very High
FC0000717,SD002,Starbucks - Pacific Beach Boardwalk,Pacific Beach,beach,2024-05-27,Monday,17,118,91,27,129,97,32,9.32,Sunny,69,No,None,Spring,Very High
FC0000718,SD002,Starbucks - Pacific Beach Boardwalk,Pacific Beach,beach,2024-05-27,Monday,18,96,65,31,93,63,30,-3.12,Sunny,69,No,None,Spring,High
FC0000719,SD002,Starbucks - Pacific Beach Boardwalk,Pacific Beach,beach,2024-05-27,Monday,19,65,46,19,56,39,17,-13.85,Sunny,69,No,None,Spring,Moderate
FC0000720,SD002,Starbucks - Pacific Beach Boardwalk,Pacific Beach,beach,2024-05-27,Monday,20,22,17,5,24,17,7,9.09,Sunny,69,No,None,Spring,Low
FC0000721,SD002,Starbucks - Pacific Beach Boardwalk,Pacific Beach,beach,2024-06-03,Monday,6,22,16,6,21,15,6,-4.55,Partly Cloudy,78,No,None,Summer,Low
FC0000722,SD002,Starbucks - Pacific Beach Boardwalk,Pacific Beach,beach,2024-06-03,Monday,7,130,95,35,131,94,37,0.77,Partly Cloudy,78,No,None,Summer,Very High
FC0000723,SD002,Starbucks - Pacific Beach Boardwalk,Pacific Beach,beach,2024-06-03,Monday,8,196,145,51,195,130,65,-0.51,Partly Cloudy,78,No,None,Summer,Very High
FC0000724,SD002,Starbucks - Pacific Beach Boardwalk,Pacific Beach,beach,2024-06-03,Monday,9,137,98,39,128,94,34,-6.57,Partly Cloudy,78,No,None,Summer,Very High
FC0000725,SD002,Starbucks - Pacific Beach Boardwalk,Pacific Beach,beach,2024-06-03,Monday,11,136,103,33,152,118,34,11.76,Partly Cloudy,78,No,None,Summer,Very High
FC0000726,SD002,Starbucks - Pacific Beach Boardwalk,Pacific Beach,beach,2024-06-03,Monday,12,151,102,49,139,92,47,-7.95,Partly Cloudy,78,No,None,Summer,Very High
FC0000727,SD002,Starbucks - Pacific Beach Boardwalk,Pacific Beach,beach,2024-06-03,Monday,13,161,114,47,148,118,30,-8.07,Partly Cloudy,78,No,None,Summer,Very High
FC0000728,SD002,Starbucks - Pacific Beach Boardwalk,Pacific Beach,beach,2024-06-03,Monday,14,152,113,39,160,116,44,5.26,Partly Cloudy,78,No,None,Summer,Very High
FC0000729,SD002,Starbucks - Pacific Beach Boardwalk,Pacific Beach,beach,2024-06-03,Monday,18,64,49,15,64,44,20,0.0,Partly Cloudy,78,No,None,Summer,High
FC0000730,SD002,Starbucks - Pacific Beach Boardwalk,Pacific Beach,beach,2024-06-03,Monday,21,16,12,4,13,9,4,-18.75,Partly Cloudy,78,No,None,Summer,Low
FC0000731,SD002,Starbucks - Pacific Beach Boardwalk,Pacific Beach,beach,2024-06-10,Monday,7,80,55,25,89,66,23,11.25,Sunny,76,No,None,Summer,High
FC0000732,SD002,Starbucks - Pacific Beach Boardwalk,Pacific Beach,beach,2024-06-10,Monday,9,157,121,36,159,116,43,1.27,Sunny,76,No,None,Summer,Very High
FC0000733,SD002,Starbucks - Pacific Beach Boardwalk,Pacific Beach,beach,2024-06-10,Monday,11,82,55,27,86,60,26,4.88,Sunny,76,No,None,Summer,High
FC0000734,SD002,Starbucks - Pacific Beach Boardwalk,Pacific Beach,beach,2024-06-10,Monday,12,185,143,42,180,141,39,-2.7,Sunny,76,No,None,Summer,Very High
FC0000735,SD002,Starbucks - Pacific Beach Boardwalk,Pacific Beach,beach,2024-06-10,Monday,13,166,113,53,174,136,38,4.82,Sunny,76,No,None,Summer,Very High
FC0000736,SD002,Starbucks - Pacific Beach Boardwalk,Pacific Beach,beach,2024-06-10,Monday,15,57,40,17,60,40,20,5.26,Sunny,76,No,None,Summer,High
FC0000737,SD002,Starbucks - Pacific Beach Boardwalk,Pacific Beach,beach,2024-06-10,Monday,17,59,44,15,54,39,15,-8.47,Sunny,76,No,None,Summer,Moderate
FC0000738,SD002,Starbucks - Pacific Beach Boardwalk,Pacific Beach,beach,2024-06-10,Monday,18,77,56,21,82,60,22,6.49,Sunny,76,No,None,Summer,High
FC0000739,SD002,Starbucks - Pacific Beach Boardwalk,Pacific Beach,beach,2024-06-10,Monday,19,35,25,10,33,26,7,-5.71,Sunny,76,No,None,Summer,Moderate
FC0000740,SD002,Starbucks - Pacific Beach Boardwalk,Pacific Beach,beach,2024-06-10,Monday,21,26,18,8,28,19,9,7.69,Sunny,76,No,None,Summer,Low
FC0000741,SD002,Starbucks - Pacific Beach Boardwalk,Pacific Beach,beach,2024-06-17,Monday,6,24,17,7,22,17,5,-8.33,Partly Cloudy,72,No,None,Summer,Low
FC0000742,SD002,Starbucks - Pacific Beach Boardwalk,Pacific Beach,beach,2024-06-17,Monday,7,90,64,26,88,67,21,-2.22,Partly Cloudy,72,No,None,Summer,High
FC0000743,SD002,Starbucks - Pacific Beach Boardwalk,Pacific Beach,beach,2024-06-17,Monday,8,146,107,39,144,105,39,-1.37,Partly Cloudy,72,No,None,Summer,Very High
FC0000744,SD002,Starbucks - Pacific Beach Boardwalk,Pacific Beach,beach,2024-06-17,Monday,10,173,129,44,159,108,51,-8.09,Partly Cloudy,72,No,None,Summer,Very High
FC0000745,SD002,Starbucks - Pacific Beach Boardwalk,Pacific Beach,beach,2024-06-17,Monday,11,106,78,28,110,74,36,3.77,Partly Cloudy,72,No,None,Summer,Very High
FC0000746,SD002,Starbucks - Pacific Beach Boardwalk,Pacific Beach,beach,2024-06-17,Monday,13,189,135,54,204,141,63,7.94,Partly Cloudy,72,No,None,Summer,Very High
FC0000747,SD002,Starbucks - Pacific Beach Boardwalk,Pacific Beach,beach,2024-06-17,Monday,14,168,117,51,149,116,33,-11.31,Partly Cloudy,72,No,None,Summer,Very High
FC0000748,SD002,Starbucks - Pacific Beach Boardwalk,Pacific Beach,beach,2024-06-17,Monday,16,71,54,17,69,46,23,-2.82,Partly Cloudy,72,No,None,Summer,High
FC0000749,SD002,Starbucks - Pacific Beach Boardwalk,Pacific Beach,beach,2024-06-17,Monday,19,30,23,7,28,21,7,-6.67,Partly Cloudy,72,No,None,Summer,Low
FC0000750,SD002,Starbucks - Pacific Beach Boardwalk,Pacific Beach,beach,2024-06-17,Monday,20,35,24,11,35,26,9,0.0,Partly Cloudy,72,No,None,Summer,Moderate
FC0000751,SD002,Starbucks - Pacific Beach Boardwalk,Pacific Beach,beach,2024-06-24,Monday,6,32,24,8,33,23,10,3.12,Marine Layer,77,Yes,SD Marathon,Summer,Moderate
FC0000752,SD002,Starbucks - Pacific Beach Boardwalk,Pacific Beach,beach,2024-06-24,Monday,10,196,141,55,208,138,70,6.12,Marine Layer,77,Yes,SD Marathon,Summer,Very High
FC0000753,SD002,Starbucks - Pacific Beach Boardwalk,Pacific Beach,beach,2024-06-24,Monday,11,188,134,54,180,138,42,-4.26,Marine Layer,77,Yes,SD Marathon,Summer,Very High
FC0000754,SD002,Starbucks - Pacific Beach Boardwalk,Pacific Beach,beach,2024-06-24,Monday,13,149,108,41,130,98,32,-12.75,Marine Layer,77,Yes,SD Marathon,Summer,Very High
FC0000755,SD002,Starbucks - Pacific Beach Boardwalk,Pacific Beach,beach,2024-06-24,Monday,14,115,84,31,121,83,38,5.22,Marine Layer,77,Yes,SD Marathon,Summer,Very High
FC0000756,SD002,Starbucks - Pacific Beach Boardwalk,Pacific Beach,beach,2024-06-24,Monday,16,122,91,31,115,80,35,-5.74,Marine Layer,77,Yes,SD Marathon,Summer,Very High
FC0000757,SD002,Starbucks - Pacific Beach Boardwalk,Pacific Beach,beach,2024-06-24,Monday,18,93,68,25,102,81,21,9.68,Marine Layer,77,Yes,SD Marathon,Summer,Very High
FC0000758,SD002,Starbucks - Pacific Beach Boardwalk,Pacific Beach,beach,2024-06-24,Monday,19,81,56,25,78,51,27,-3.7,Marine Layer,77,Yes,SD Marathon,Summer,High
FC0000759,SD002,Starbucks - Pacific Beach Boardwalk,Pacific Beach,beach,2024-06-24,Monday,20,45,31,14,47,35,12,4.44,Marine Layer,77,Yes,SD Marathon,Summer,Moderate
FC0000760,SD002,Starbucks - Pacific Beach Boardwalk,Pacific Beach,beach,2024-06-24,Monday,21,19,13,6,20,13,7,5.26,Marine Layer,77,Yes,SD Marathon,Summer,Low
FC0000761,SD002,Starbucks - Pacific Beach Boardwalk,Pacific Beach,beach,2024-07-01,Monday,7,102,79,23,120,89,31,17.65,Partly Cloudy,75,No,None,Summer,Very High
FC0000762,SD002,Starbucks - Pacific Beach Boardwalk,Pacific Beach,beach,2024-07-01,Monday,9,118,87,31,119,94,25,0.85,Partly Cloudy,75,No,None,Summer,Very High
FC0000763,SD002,Starbucks - Pacific Beach Boardwalk,Pacific Beach,beach,2024-07-01,Monday,10,113,83,30,114,82,32,0.88,Partly Cloudy,75,No,None,Summer,Very High
FC0000764,SD002,Starbucks - Pacific Beach Boardwalk,Pacific Beach,beach,2024-07-01,Monday,11,109,82,27,108,75,33,-0.92,Partly Cloudy,75,No,None,Summer,Very High
FC0000765,SD002,Starbucks - Pacific Beach Boardwalk,Pacific Beach,beach,2024-07-01,Monday,15,59,43,16,66,43,23,11.86,Partly Cloudy,75,No,None,Summer,High
FC0000766,SD002,Starbucks - Pacific Beach Boardwalk,Pacific Beach,beach,2024-07-01,Monday,16,122,89,33,106,80,26,-13.11,Partly Cloudy,75,No,None,Summer,Very High
FC0000767,SD002,Starbucks - Pacific Beach Boardwalk,Pacific Beach,beach,2024-07-01,Monday,17,83,58,25,80,58,22,-3.61,Partly Cloudy,75,No,None,Summer,High
FC0000768,SD002,Starbucks - Pacific Beach Boardwalk,Pacific Beach,beach,2024-07-01,Monday,18,71,48,23,66,44,22,-7.04,Partly Cloudy,75,No,None,Summer,High
FC0000769,SD002,Starbucks - Pacific Beach Boardwalk,Pacific Beach,beach,2024-07-01,Monday,19,56,38,18,62,47,15,10.71,Partly Cloudy,75,No,None,Summer,High
FC0000770,SD002,Starbucks - Pacific Beach Boardwalk,Pacific Beach,beach,2024-07-01,Monday,21,25,19,6,25,18,7,0.0,Partly Cloudy,75,No,None,Summer,Low
FC0000771,SD002,Starbucks - Pacific Beach Boardwalk,Pacific Beach,beach,2024-07-08,Monday,7,62,43,19,58,42,16,-6.45,Sunny,74,No,None,Summer,Moderate
FC0000772,SD002,Starbucks - Pacific Beach Boardwalk,Pacific Beach,beach,2024-07-08,Monday,8,157,121,36,157,116,41,0.0,Sunny,74,No,None,Summer,Very High
FC0000773,SD002,Starbucks - Pacific Beach Boardwalk,Pacific Beach,beach,2024-07-08,Monday,10,188,130,58,188,131,57,0.0,Sunny,74,No,None,Summer,Very High
FC0000774,SD002,Starbucks - Pacific Beach Boardwalk,Pacific Beach,beach,2024-07-08,Monday,12,195,143,52,174,129,45,-10.77,Sunny,74,No,None,Summer,Very High
FC0000775,SD002,Starbucks - Pacific Beach Boardwalk,Pacific Beach,beach,2024-07-08,Monday,13,114,81,33,103,80,23,-9.65,Sunny,74,No,None,Summer,Very High
FC0000776,SD002,Starbucks - Pacific Beach Boardwalk,Pacific Beach,beach,2024-07-08,Monday,16,70,54,16,75,52,23,7.14,Sunny,74,No,None,Summer,High
FC0000777,SD002,Starbucks - Pacific Beach Boardwalk,Pacific Beach,beach,2024-07-08,Monday,17,61,46,15,58,41,17,-4.92,Sunny,74,No,None,Summer,Moderate
FC0000778,SD002,Starbucks - Pacific Beach Boardwalk,Pacific Beach,beach,2024-07-08,Monday,19,45,32,13,47,35,12,4.44,Sunny,74,No,None,Summer,Moderate
FC0000779,SD002,Starbucks - Pacific Beach Boardwalk,Pacific Beach,beach,2024-07-08,Monday,20,43,33,10,42,29,13,-2.33,Sunny,74,No,None,Summer,Moderate
FC0000780,SD002,Starbucks - Pacific Beach Boardwalk,Pacific Beach,beach,2024-07-08,Monday,21,16,11,5,15,10,5,-6.25,Sunny,74,No,None,Summer,Low
FC0000781,SD002,Starbucks - Pacific Beach Boardwalk,Pacific Beach,beach,2024-07-15,Monday,6,24,16,8,23,18,5,-4.17,Sunny,77,No,None,Summer,Low
FC0000782,SD002,Starbucks - Pacific Beach Boardwalk,Pacific Beach,beach,2024-07-15,Monday,8,185,131,54,203,147,56,9.73,Sunny,77,No,None,Summer,Very High
FC0000783,SD002,Starbucks - Pacific Beach Boardwalk,Pacific Beach,beach,2024-07-15,Monday,9,151,106,45,181,138,43,19.87,Sunny,77,No,None,Summer,Very High
FC0000784,SD002,Starbucks - Pacific Beach Boardwalk,Pacific Beach,beach,2024-07-15,Monday,10,111,78,33,123,87,36,10.81,Sunny,77,No,None,Summer,Very High
FC0000785,SD002,Starbucks - Pacific Beach Boardwalk,Pacific Beach,beach,2024-07-15,Monday,11,115,79,36,104,71,33,-9.57,Sunny,77,No,None,Summer,Very High
FC0000786,SD002,Starbucks - Pacific Beach Boardwalk,Pacific Beach,beach,2024-07-15,Monday,14,134,101,33,112,85,27,-16.42,Sunny,77,No,None,Summer,Very High
FC0000787,SD002,Starbucks - Pacific Beach Boardwalk,Pacific Beach,beach,2024-07-15,Monday,16,105,78,27,112,84,28,6.67,Sunny,77,No,None,Summer,Very High
FC0000788,SD002,Starbucks - Pacific Beach Boardwalk,Pacific Beach,beach,2024-07-15,Monday,17,89,67,22,105,81,24,17.98,Sunny,77,No,None,Summer,Very High
FC0000789,SD002,Starbucks - Pacific Beach Boardwalk,Pacific Beach,beach,2024-07-15,Monday,18,71,55,16,71,53,18,0.0,Sunny,77,No,None,Summer,High
FC0000790,SD002,Starbucks - Pacific Beach Boardwalk,Pacific Beach,beach,2024-07-15,Monday,19,58,41,17,70,46,24,20.69,Sunny,77,No,None,Summer,High
FC0000791,SD002,Starbucks - Pacific Beach Boardwalk,Pacific Beach,beach,2024-07-22,Monday,6,26,20,6,25,19,6,-3.85,Light Rain,82,No,None,Summer,Low
FC0000792,SD002,Starbucks - Pacific Beach Boardwalk,Pacific Beach,beach,2024-07-22,Monday,9,123,89,34,111,73,38,-9.76,Light Rain,82,No,None,Summer,Very High
FC0000793,SD002,Starbucks - Pacific Beach Boardwalk,Pacific Beach,beach,2024-07-22,Monday,10,94,72,22,96,67,29,2.13,Light Rain,82,No,None,Summer,High
FC0000794,SD002,Starbucks - Pacific Beach Boardwalk,Pacific Beach,beach,2024-07-22,Monday,11,114,77,37,109,73,36,-4.39,Light Rain,82,No,None,Summer,Very High
FC0000795,SD002,Starbucks - Pacific Beach Boardwalk,Pacific Beach,beach,2024-07-22,Monday,12,141,97,44,134,106,28,-4.96,Light Rain,82,No,None,Summer,Very High
FC0000796,SD002,Starbucks - Pacific Beach Boardwalk,Pacific Beach,beach,2024-07-22,Monday,16,103,75,28,106,75,31,2.91,Light Rain,82,No,None,Summer,Very High
FC0000797,SD002,Starbucks - Pacific Beach Boardwalk,Pacific Beach,beach,2024-07-22,Monday,18,84,57,27,89,69,20,5.95,Light Rain,82,No,None,Summer,High
FC0000798,SD002,Starbucks - Pacific Beach Boardwalk,Pacific Beach,beach,2024-07-22,Monday,19,63,44,19,59,39,20,-6.35,Light Rain,82,No,None,Summer,Moderate
FC0000799,SD002,Starbucks - Pacific Beach Boardwalk,Pacific Beach,beach,2024-07-22,Monday,20,21,16,5,21,15,6,0.0,Light Rain,82,No,None,Summer,Low
FC0000800,SD002,Starbucks - Pacific Beach Boardwalk,Pacific Beach,beach,2024-07-22,Monday,21,17,12,5,17,13,4,0.0,Light Rain,82,No,None,Summer,Low
FC0000801,SD002,Starbucks - Pacific Beach Boardwalk,Pacific Beach,beach,2024-07-29,Monday,6,36,24,12,33,26,7,-8.33,Sunny,77,No,None,Summer,Moderate
FC0000802,SD002,Starbucks - Pacific Beach Boardwalk,Pacific Beach,beach,2024-07-29,Monday,7,87,67,20,81,61,20,-6.9,Sunny,77,No,None,Summer,High
FC0000803,SD002,Starbucks - Pacific Beach Boardwalk,Pacific Beach,beach,2024-07-29,Monday,8,132,95,37,131,97,34,-0.76,Sunny,77,No,None,Summer,Very High
FC0000804,SD002,Starbucks - Pacific Beach Boardwalk,Pacific Beach,beach,2024-07-29,Monday,9,143,105,38,134,90,44,-6.29,Sunny,77,No,None,Summer,Very High
FC0000805,SD002,Starbucks - Pacific Beach Boardwalk,Pacific Beach,beach,2024-07-29,Monday,10,183,127,56,198,136,62,8.2,Sunny,77,No,None,Summer,Very High
FC0000806,SD002,Starbucks - Pacific Beach Boardwalk,Pacific Beach,beach,2024-07-29,Monday,12,143,98,45,141,104,37,-1.4,Sunny,77,No,None,Summer,Very High
FC0000807,SD002,Starbucks - Pacific Beach Boardwalk,Pacific Beach,beach,2024-07-29,Monday,16,92,63,29,86,61,25,-6.52,Sunny,77,No,None,Summer,High
FC0000808,SD002,Starbucks - Pacific Beach Boardwalk,Pacific Beach,beach,2024-07-29,Monday,19,38,29,9,39,28,11,2.63,Sunny,77,No,None,Summer,Moderate
FC0000809,SD002,Starbucks - Pacific Beach Boardwalk,Pacific Beach,beach,2024-07-29,Monday,20,23,17,6,26,17,9,13.04,Sunny,77,No,None,Summer,Low
FC0000810,SD002,Starbucks - Pacific Beach Boardwalk,Pacific Beach,beach,2024-07-29,Monday,21,15,10,5,13,9,4,-13.33,Sunny,77,No,None,Summer,Low
FC0000811,SD002,Starbucks - Pacific Beach Boardwalk,Pacific Beach,beach,2024-08-05,Monday,6,23,17,6,24,17,7,4.35,Marine Layer,80,No,None,Summer,Low
FC0000812,SD002,Starbucks - Pacific Beach Boardwalk,Pacific Beach,beach,2024-08-05,Monday,7,113,83,30,116,88,28,2.65,Marine Layer,80,No,None,Summer,Very High
FC0000813,SD002,Starbucks - Pacific Beach Boardwalk,Pacific Beach,beach,2024-08-05,Monday,8,131,93,38,131,87,44,0.0,Marine Layer,80,No,None,Summer,Very High
FC0000814,SD002,Starbucks - Pacific Beach Boardwalk,Pacific Beach,beach,2024-08-05,Monday,12,114,83,31,123,93,30,7.89,Marine Layer,80,No,None,Summer,Very High
FC0000815,SD002,Starbucks - Pacific Beach Boardwalk,Pacific Beach,beach,2024-08-05,Monday,13,106,82,24,118,87,31,11.32,Marine Layer,80,No,None,Summer,Very High
FC0000816,SD002,Starbucks - Pacific Beach Boardwalk,Pacific Beach,beach,2024-08-05,Monday,14,126,93,33,128,89,39,1.59,Marine Layer,80,No,None,Summer,Very High
FC0000817,SD002,Starbucks - Pacific Beach Boardwalk,Pacific Beach,beach,2024-08-05,Monday,15,96,72,24,103,73,30,7.29,Marine Layer,80,No,None,Summer,Very High
FC0000818,SD002,Starbucks - Pacific Beach Boardwalk,Pacific Beach,beach,2024-08-05,Monday,17,71,55,16,66,45,21,-7.04,Marine Layer,80,No,None,Summer,High
FC0000819,SD002,Starbucks - Pacific Beach Boardwalk,Pacific Beach,beach,2024-08-05,Monday,19,50,37,13,53,37,16,6.0,Marine Layer,80,No,None,Summer,Moderate
FC0000820,SD002,Starbucks - Pacific Beach Boardwalk,Pacific Beach,beach,2024-08-05,Monday,21,25,19,6,25,18,7,0.0,Marine Layer,80,No,None,Summer,Low
FC0000821,SD002,Starbucks - Pacific Beach Boardwalk,Pacific Beach,beach,2024-08-12,Monday,6,20,13,7,20,13,7,0.0,Sunny,78,No,None,Summer,Low
FC0000822,SD002,Starbucks - Pacific Beach Boardwalk,Pacific Beach,beach,2024-08-12,Monday,7,99,69,30,105,76,29,6.06,Sunny,78,No,None,Summer,Very High
FC0000823,SD002,Starbucks - Pacific Beach Boardwalk,Pacific Beach,beach,2024-08-12,Monday,8,170,121,49,182,144,38,7.06,Sunny,78,No,None,Summer,Very High
FC0000824,SD002,Starbucks - Pacific Beach Boardwalk,Pacific Beach,beach,2024-08-12,Monday,9,151,107,44,123,84,39,-18.54,Sunny,78,No,None,Summer,Very High
FC0000825,SD002,Starbucks - Pacific Beach Boardwalk,Pacific Beach,beach,2024-08-12,Monday,13,145,107,38,164,117,47,13.1,Sunny,78,No,None,Summer,Very High
FC0000826,SD002,Starbucks - Pacific Beach Boardwalk,Pacific Beach,beach,2024-08-12,Monday,16,107,78,29,99,66,33,-7.48,Sunny,78,No,None,Summer,High
FC0000827,SD002,Starbucks - Pacific Beach Boardwalk,Pacific Beach,beach,2024-08-12,Monday,17,105,79,26,107,73,34,1.9,Sunny,78,No,None,Summer,Very High
FC0000828,SD002,Starbucks - Pacific Beach Boardwalk,Pacific Beach,beach,2024-08-12,Monday,18,89,62,27,104,80,24,16.85,Sunny,78,No,None,Summer,Very High
FC0000829,SD002,Starbucks - Pacific Beach Boardwalk,Pacific Beach,beach,2024-08-12,Monday,19,56,42,14,49,33,16,-12.5,Sunny,78,No,None,Summer,Moderate
FC0000830,SD002,Starbucks - Pacific Beach Boardwalk,Pacific Beach,beach,2024-08-12,Monday,21,20,14,6,17,13,4,-15.0,Sunny,78,No,None,Summer,Low
FC0000831,SD002,Starbucks - Pacific Beach Boardwalk,Pacific Beach,beach,2024-08-19,Monday,9,218,155,63,208,138,70,-4.59,Sunny,82,Yes,SD Marathon,Summer,Very High
FC0000832,SD002,Starbucks - Pacific Beach Boardwalk,Pacific Beach,beach,2024-08-19,Monday,10,230,171,59,201,146,55,-12.61,Sunny,82,Yes,SD Marathon,Summer,Very High
FC0000833,SD002,Starbucks - Pacific Beach Boardwalk,Pacific Beach,beach,2024-08-19,Monday,11,113,85,28,110,77,33,-2.65,Sunny,82,Yes,SD Marathon,Summer,Very High
FC0000834,SD002,Starbucks - Pacific Beach Boardwalk,Pacific Beach,beach,2024-08-19,Monday,13,143,100,43,150,102,48,4.9,Sunny,82,Yes,SD Marathon,Summer,Very High
FC0000835,SD002,Starbucks - Pacific Beach Boardwalk,Pacific Beach,beach,2024-08-19,Monday,14,222,171,51,213,165,48,-4.05,Sunny,82,Yes,SD Marathon,Summer,Very High
FC0000836,SD002,Starbucks - Pacific Beach Boardwalk,Pacific Beach,beach,2024-08-19,Monday,15,124,96,28,111,85,26,-10.48,Sunny,82,Yes,SD Marathon,Summer,Very High
FC0000837,SD002,Starbucks - Pacific Beach Boardwalk,Pacific Beach,beach,2024-08-19,Monday,16,161,125,36,166,128,38,3.11,Sunny,82,Yes,SD Marathon,Summer,Very High
FC0000838,SD002,Starbucks - Pacific Beach Boardwalk,Pacific Beach,beach,2024-08-19,Monday,18,65,48,17,63,46,17,-3.08,Sunny,82,Yes,SD Marathon,Summer,High
FC0000839,SD002,Starbucks - Pacific Beach Boardwalk,Pacific Beach,beach,2024-08-19,Monday,20,40,29,11,38,29,9,-5.0,Sunny,82,Yes,SD Marathon,Summer,Moderate
FC0000840,SD002,Starbucks - Pacific Beach Boardwalk,Pacific Beach,beach,2024-08-19,Monday,21,22,16,6,21,14,7,-4.55,Sunny,82,Yes,SD Marathon,Summer,Low
FC0000841,SD002,Starbucks - Pacific Beach Boardwalk,Pacific Beach,beach,2024-08-26,Monday,6,33,25,8,33,22,11,0.0,Marine Layer,80,No,None,Summer,Moderate
FC0000842,SD002,Starbucks - Pacific Beach Boardwalk,Pacific Beach,beach,2024-08-26,Monday,8,129,95,34,121,82,39,-6.2,Marine Layer,80,No,None,Summer,Very High
FC0000843,SD002,Starbucks - Pacific Beach Boardwalk,Pacific Beach,beach,2024-08-26,Monday,11,102,74,28,111,79,32,8.82,Marine Layer,80,No,None,Summer,Very High
FC0000844,SD002,Starbucks - Pacific Beach Boardwalk,Pacific Beach,beach,2024-08-26,Monday,12,173,118,55,170,116,54,-1.73,Marine Layer,80,No,None,Summer,Very High
FC0000845,SD002,Starbucks - Pacific Beach Boardwalk,Pacific Beach,beach,2024-08-26,Monday,13,194,132,62,194,150,44,0.0,Marine Layer,80,No,None,Summer,Very High
FC0000846,SD002,Starbucks - Pacific Beach Boardwalk,Pacific Beach,beach,2024-08-26,Monday,14,153,109,44,131,103,28,-14.38,Marine Layer,80,No,None,Summer,Very High
FC0000847,SD002,Starbucks - Pacific Beach Boardwalk,Pacific Beach,beach,2024-08-26,Monday,15,60,41,19,67,48,19,11.67,Marine Layer,80,No,None,Summer,High
FC0000848,SD002,Starbucks - Pacific Beach Boardwalk,Pacific Beach,beach,2024-08-26,Monday,17,114,78,36,105,69,36,-7.89,Marine Layer,80,No,None,Summer,Very High
FC0000849,SD002,Starbucks - Pacific Beach Boardwalk,Pacific Beach,beach,2024-08-26,Monday,18,64,45,19,60,40,20,-6.25,Marine Layer,80,No,None,Summer,High
FC0000850,SD002,Starbucks - Pacific Beach Boardwalk,Pacific Beach,beach,2024-08-26,Monday,19,62,45,17,70,51,19,12.9,Marine Layer,80,No,None,Summer,High
FC0000851,SD002,Starbucks - Pacific Beach Boardwalk,Pacific Beach,beach,2024-09-02,Monday,7,98,71,27,84,66,18,-14.29,Marine Layer,74,No,None,Fall,High
FC0000852,SD002,Starbucks - Pacific Beach Boardwalk,Pacific Beach,beach,2024-09-02,Monday,8,191,140,51,178,137,41,-6.81,Marine Layer,74,No,None,Fall,Very High
FC0000853,SD002,Starbucks - Pacific Beach Boardwalk,Pacific Beach,beach,2024-09-02,Monday,9,180,134,46,180,141,39,0.0,Marine Layer,74,No,None,Fall,Very High
FC0000854,SD002,Starbucks - Pacific Beach Boardwalk,Pacific Beach,beach,2024-09-02,Monday,12,209,147,62,209,148,61,0.0,Marine Layer,74,No,None,Fall,Very High
FC0000855,SD002,Starbucks - Pacific Beach Boardwalk,Pacific Beach,beach,2024-09-02,Monday,13,133,98,35,139,95,44,4.51,Marine Layer,74,No,None,Fall,Very High
FC0000856,SD002,Starbucks - Pacific Beach Boardwalk,Pacific Beach,beach,2024-09-02,Monday,14,109,78,31,109,77,32,0.0,Marine Layer,74,No,None,Fall,Very High
FC0000857,SD002,Starbucks - Pacific Beach Boardwalk,Pacific Beach,beach,2024-09-02,Monday,16,101,72,29,100,71,29,-0.99,Marine Layer,74,No,None,Fall,Very High
FC0000858,SD002,Starbucks - Pacific Beach Boardwalk,Pacific Beach,beach,2024-09-02,Monday,17,74,54,20,79,54,25,6.76,Marine Layer,74,No,None,Fall,High
FC0000859,SD002,Starbucks - Pacific Beach Boardwalk,Pacific Beach,beach,2024-09-02,Monday,19,64,44,20,64,42,22,0.0,Marine Layer,74,No,None,Fall,High
FC0000860,SD002,Starbucks - Pacific Beach Boardwalk,Pacific Beach,beach,2024-09-02,Monday,21,13,9,4,14,9,5,7.69,Marine Layer,74,No,None,Fall,Low
FC0000861,SD002,Starbucks - Pacific Beach Boardwalk,Pacific Beach,beach,2024-09-09,Monday,6,39,28,11,32,25,7,-17.95,Overcast,81,Yes,Beach Volleyball Tourney,Fall,Moderate
FC0000862,SD002,Starbucks - Pacific Beach Boardwalk,Pacific Beach,beach,2024-09-09,Monday,7,166,124,42,177,137,40,6.63,Overcast,81,Yes,Beach Volleyball Tourney,Fall,Very High
FC0000863,SD002,Starbucks - Pacific Beach Boardwalk,Pacific Beach,beach,2024-09-09,Monday,10,140,98,42,126,89,37,-10.0,Overcast,81,Yes,Beach Volleyball Tourney,Fall,Very High
FC0000864,SD002,Starbucks - Pacific Beach Boardwalk,Pacific Beach,beach,2024-09-09,Monday,12,247,185,62,255,199,56,3.24,Overcast,81,Yes,Beach Volleyball Tourney,Fall,Very High
FC0000865,SD002,Starbucks - Pacific Beach Boardwalk,Pacific Beach,beach,2024-09-09,Monday,14,106,75,31,86,56,30,-18.87,Overcast,81,Yes,Beach Volleyball Tourney,Fall,High
FC0000866,SD002,Starbucks - Pacific Beach Boardwalk,Pacific Beach,beach,2024-09-09,Monday,15,146,111,35,166,124,42,13.7,Overcast,81,Yes,Beach Volleyball Tourney,Fall,Very High
FC0000867,SD002,Starbucks - Pacific Beach Boardwalk,Pacific Beach,beach,2024-09-09,Monday,16,161,115,46,156,111,45,-3.11,Overcast,81,Yes,Beach Volleyball Tourney,Fall,Very High
FC0000868,SD002,Starbucks - Pacific Beach Boardwalk,Pacific Beach,beach,2024-09-09,Monday,18,120,82,38,117,87,30,-2.5,Overcast,81,Yes,Beach Volleyball Tourney,Fall,Very High
FC0000869,SD002,Starbucks - Pacific Beach Boardwalk,Pacific Beach,beach,2024-09-09,Monday,19,41,31,10,44,29,15,7.32,Overcast,81,Yes,Beach Volleyball Tourney,Fall,Moderate
FC0000870,SD002,Starbucks - Pacific Beach Boardwalk,Pacific Beach,beach,2024-09-09,Monday,20,29,22,7,24,17,7,-17.24,Overcast,81,Yes,Beach Volleyball Tourney,Fall,Low
FC0000871,SD002,Starbucks - Pacific Beach Boardwalk,Pacific Beach,beach,2024-09-16,Monday,6,39,27,12,39,28,11,0.0,Partly Cloudy,79,No,None,Fall,Moderate
FC0000872,SD002,Starbucks - Pacific Beach Boardwalk,Pacific Beach,beach,2024-09-16,Monday,8,122,85,37,127,91,36,4.1,Partly Cloudy,79,No,None,Fall,Very High
FC0000873,SD002,Starbucks - Pacific Beach Boardwalk,Pacific Beach,beach,2024-09-16,Monday,10,173,123,50,136,107,29,-21.39,Partly Cloudy,79,No,None,Fall,Very High
FC0000874,SD002,Starbucks - Pacific Beach Boardwalk,Pacific Beach,beach,2024-09-16,Monday,11,99,67,32,87,64,23,-12.12,Partly Cloudy,79,No,None,Fall,High
FC0000875,SD002,Starbucks - Pacific Beach Boardwalk,Pacific Beach,beach,2024-09-16,Monday,13,197,145,52,195,141,54,-1.02,Partly Cloudy,79,No,None,Fall,Very High
FC0000876,SD002,Starbucks - Pacific Beach Boardwalk,Pacific Beach,beach,2024-09-16,Monday,14,132,93,39,136,108,28,3.03,Partly Cloudy,79,No,None,Fall,Very High
FC0000877,SD002,Starbucks - Pacific Beach Boardwalk,Pacific Beach,beach,2024-09-16,Monday,15,117,89,28,99,67,32,-15.38,Partly Cloudy,79,No,None,Fall,High
FC0000878,SD002,Starbucks - Pacific Beach Boardwalk,Pacific Beach,beach,2024-09-16,Monday,16,114,83,31,126,91,35,10.53,Partly Cloudy,79,No,None,Fall,Very High
FC0000879,SD002,Starbucks - Pacific Beach Boardwalk,Pacific Beach,beach,2024-09-16,Monday,20,26,18,8,25,19,6,-3.85,Partly Cloudy,79,No,None,Fall,Low
FC0000880,SD002,Starbucks - Pacific Beach Boardwalk,Pacific Beach,beach,2024-09-16,Monday,21,23,17,6,23,18,5,0.0,Partly Cloudy,79,No,None,Fall,Low
FC0000881,SD002,Starbucks - Pacific Beach Boardwalk,Pacific Beach,beach,2024-09-23,Monday,6,21,14,7,21,16,5,0.0,Partly Cloudy,75,No,None,Fall,Low
FC0000882,SD002,Starbucks - Pacific Beach Boardwalk,Pacific Beach,beach,2024-09-23,Monday,8,207,143,64,207,149,58,0.0,Partly Cloudy,75,No,None,Fall,Very High
FC0000883,SD002,Starbucks - Pacific Beach Boardwalk,Pacific Beach,beach,2024-09-23,Monday,9,107,76,31,120,89,31,12.15,Partly Cloudy,75,No,None,Fall,Very High
FC0000884,SD002,Starbucks - Pacific Beach Boardwalk,Pacific Beach,beach,2024-09-23,Monday,11,111,85,26,107,74,33,-3.6,Partly Cloudy,75,No,None,Fall,Very High
FC0000885,SD002,Starbucks - Pacific Beach Boardwalk,Pacific Beach,beach,2024-09-23,Monday,12,213,149,64,239,177,62,12.21,Partly Cloudy,75,No,None,Fall,Very High
FC0000886,SD002,Starbucks - Pacific Beach Boardwalk,Pacific Beach,beach,2024-09-23,Monday,15,121,86,35,112,84,28,-7.44,Partly Cloudy,75,No,None,Fall,Very High
FC0000887,SD002,Starbucks - Pacific Beach Boardwalk,Pacific Beach,beach,2024-09-23,Monday,17,106,75,31,99,77,22,-6.6,Partly Cloudy,75,No,None,Fall,High
FC0000888,SD002,Starbucks - Pacific Beach Boardwalk,Pacific Beach,beach,2024-09-23,Monday,18,95,72,23,89,69,20,-6.32,Partly Cloudy,75,No,None,Fall,High
FC0000889,SD002,Starbucks - Pacific Beach Boardwalk,Pacific Beach,beach,2024-09-23,Monday,19,61,46,15,62,41,21,1.64,Partly Cloudy,75,No,None,Fall,High
FC0000890,SD002,Starbucks - Pacific Beach Boardwalk,Pacific Beach,beach,2024-09-23,Monday,20,22,16,6,24,16,8,9.09,Partly Cloudy,75,No,None,Fall,Low
FC0000891,SD002,Starbucks - Pacific Beach Boardwalk,Pacific Beach,beach,2024-09-30,Monday,6,20,15,5,16,12,4,-20.0,Sunny,74,No,None,Fall,Low
FC0000892,SD002,Starbucks - Pacific Beach Boardwalk,Pacific Beach,beach,2024-09-30,Monday,7,132,91,41,111,83,28,-15.91,Sunny,74,No,None,Fall,Very High
FC0000893,SD002,Starbucks - Pacific Beach Boardwalk,Pacific Beach,beach,2024-09-30,Monday,9,149,109,40,140,92,48,-6.04,Sunny,74,No,None,Fall,Very High
FC0000894,SD002,Starbucks - Pacific Beach Boardwalk,Pacific Beach,beach,2024-09-30,Monday,11,159,115,44,146,102,44,-8.18,Sunny,74,No,None,Fall,Very High
FC0000895,SD002,Starbucks - Pacific Beach Boardwalk,Pacific Beach,beach,2024-09-30,Monday,12,147,107,40,152,120,32,3.4,Sunny,74,No,None,Fall,Very High
FC0000896,SD002,Starbucks - Pacific Beach Boardwalk,Pacific Beach,beach,2024-09-30,Monday,13,102,73,29,114,77,37,11.76,Sunny,74,No,None,Fall,Very High
FC0000897,SD002,Starbucks - Pacific Beach Boardwalk,Pacific Beach,beach,2024-09-30,Monday,14,108,83,25,113,75,38,4.63,Sunny,74,No,None,Fall,Very High
FC0000898,SD002,Starbucks - Pacific Beach Boardwalk,Pacific Beach,beach,2024-09-30,Monday,16,93,64,29,85,61,24,-8.6,Sunny,74,No,None,Fall,High
FC0000899,SD002,Starbucks - Pacific Beach Boardwalk,Pacific Beach,beach,2024-09-30,Monday,20,20,14,6,21,15,6,5.0,Sunny,74,No,None,Fall,Low
FC0000900,SD002,Starbucks - Pacific Beach Boardwalk,Pacific Beach,beach,2024-09-30,Monday,21,17,11,6,16,12,4,-5.88,Sunny,74,No,None,Fall,Low
FC0000901,SD002,Starbucks - Pacific Beach Boardwalk,Pacific Beach,beach,2024-10-07,Monday,6,43,29,14,41,32,9,-4.65,Sunny,71,No,None,Fall,Moderate
FC0000902,SD002,Starbucks - Pacific Beach Boardwalk,Pacific Beach,beach,2024-10-07,Monday,8,203,151,52,194,149,45,-4.43,Sunny,71,No,None,Fall,Very High
FC0000903,SD002,Starbucks - Pacific Beach Boardwalk,Pacific Beach,beach,2024-10-07,Monday,9,88,68,20,86,59,27,-2.27,Sunny,71,No,None,Fall,High
FC0000904,SD002,Starbucks - Pacific Beach Boardwalk,Pacific Beach,beach,2024-10-07,Monday,10,185,132,53,186,145,41,0.54,Sunny,71,No,None,Fall,Very High
FC0000905,SD002,Starbucks - Pacific Beach Boardwalk,Pacific Beach,beach,2024-10-07,Monday,12,132,93,39,121,90,31,-8.33,Sunny,71,No,None,Fall,Very High
FC0000906,SD002,Starbucks - Pacific Beach Boardwalk,Pacific Beach,beach,2024-10-07,Monday,14,100,70,30,110,80,30,10.0,Sunny,71,No,None,Fall,Very High
FC0000907,SD002,Starbucks - Pacific Beach Boardwalk,Pacific Beach,beach,2024-10-07,Monday,15,125,94,31,117,92,25,-6.4,Sunny,71,No,None,Fall,Very High
FC0000908,SD002,Starbucks - Pacific Beach Boardwalk,Pacific Beach,beach,2024-10-07,Monday,16,72,51,21,72,50,22,0.0,Sunny,71,No,None,Fall,High
FC0000909,SD002,Starbucks - Pacific Beach Boardwalk,Pacific Beach,beach,2024-10-07,Monday,17,85,64,21,71,55,16,-16.47,Sunny,71,No,None,Fall,High
FC0000910,SD002,Starbucks - Pacific Beach Boardwalk,Pacific Beach,beach,2024-10-07,Monday,20,32,23,9,36,26,10,12.5,Sunny,71,No,None,Fall,Moderate
FC0000911,SD002,Starbucks - Pacific Beach Boardwalk,Pacific Beach,beach,2024-10-14,Monday,6,23,16,7,18,13,5,-21.74,Sunny,74,No,None,Fall,Low
FC0000912,SD002,Starbucks - Pacific Beach Boardwalk,Pacific Beach,beach,2024-10-14,Monday,7,101,78,23,98,76,22,-2.97,Sunny,74,No,None,Fall,High
FC0000913,SD002,Starbucks - Pacific Beach Boardwalk,Pacific Beach,beach,2024-10-14,Monday,8,135,100,35,138,104,34,2.22,Sunny,74,No,None,Fall,Very High
FC0000914,SD002,Starbucks - Pacific Beach Boardwalk,Pacific Beach,beach,2024-10-14,Monday,9,125,89,36,117,84,33,-6.4,Sunny,74,No,None,Fall,Very High
FC0000915,SD002,Starbucks - Pacific Beach Boardwalk,Pacific Beach,beach,2024-10-14,Monday,10,167,114,53,166,129,37,-0.6,Sunny,74,No,None,Fall,Very High
FC0000916,SD002,Starbucks - Pacific Beach Boardwalk,Pacific Beach,beach,2024-10-14,Monday,12,119,86,33,105,80,25,-11.76,Sunny,74,No,None,Fall,Very High
FC0000917,SD002,Starbucks - Pacific Beach Boardwalk,Pacific Beach,beach,2024-10-14,Monday,13,196,141,55,224,172,52,14.29,Sunny,74,No,None,Fall,Very High
FC0000918,SD002,Starbucks - Pacific Beach Boardwalk,Pacific Beach,beach,2024-10-14,Monday,17,76,56,20,79,52,27,3.95,Sunny,74,No,None,Fall,High
FC0000919,SD002,Starbucks - Pacific Beach Boardwalk,Pacific Beach,beach,2024-10-14,Monday,19,46,32,14,46,31,15,0.0,Sunny,74,No,None,Fall,Moderate
FC0000920,SD002,Starbucks - Pacific Beach Boardwalk,Pacific Beach,beach,2024-10-14,Monday,21,14,10,4,13,10,3,-7.14,Sunny,74,No,None,Fall,Low
FC0000921,SD002,Starbucks - Pacific Beach Boardwalk,Pacific Beach,beach,2024-10-21,Monday,6,42,30,12,40,30,10,-4.76,Marine Layer,75,No,None,Fall,Moderate
FC0000922,SD002,Starbucks - Pacific Beach Boardwalk,Pacific Beach,beach,2024-10-21,Monday,7,107,82,25,94,71,23,-12.15,Marine Layer,75,No,None,Fall,High
FC0000923,SD002,Starbucks - Pacific Beach Boardwalk,Pacific Beach,beach,2024-10-21,Monday,9,136,105,31,137,95,42,0.74,Marine Layer,75,No,None,Fall,Very High
FC0000924,SD002,Starbucks - Pacific Beach Boardwalk,Pacific Beach,beach,2024-10-21,Monday,11,104,74,30,93,65,28,-10.58,Marine Layer,75,No,None,Fall,High
FC0000925,SD002,Starbucks - Pacific Beach Boardwalk,Pacific Beach,beach,2024-10-21,Monday,13,121,92,29,117,90,27,-3.31,Marine Layer,75,No,None,Fall,Very High
FC0000926,SD002,Starbucks - Pacific Beach Boardwalk,Pacific Beach,beach,2024-10-21,Monday,14,94,64,30,90,60,30,-4.26,Marine Layer,75,No,None,Fall,High
FC0000927,SD002,Starbucks - Pacific Beach Boardwalk,Pacific Beach,beach,2024-10-21,Monday,16,86,59,27,85,63,22,-1.16,Marine Layer,75,No,None,Fall,High
FC0000928,SD002,Starbucks - Pacific Beach Boardwalk,Pacific Beach,beach,2024-10-21,Monday,19,55,40,15,50,37,13,-9.09,Marine Layer,75,No,None,Fall,Moderate
FC0000929,SD002,Starbucks - Pacific Beach Boardwalk,Pacific Beach,beach,2024-10-21,Monday,20,28,21,7,25,19,6,-10.71,Marine Layer,75,No,None,Fall,Low
FC0000930,SD002,Starbucks - Pacific Beach Boardwalk,Pacific Beach,beach,2024-10-21,Monday,21,14,10,4,15,10,5,7.14,Marine Layer,75,No,None,Fall,Low
FC0000931,SD002,Starbucks - Pacific Beach Boardwalk,Pacific Beach,beach,2024-10-28,Monday,6,31,22,9,27,18,9,-12.9,Light Rain,72,Yes,Beach Volleyball Tourney,Fall,Low
FC0000932,SD002,Starbucks - Pacific Beach Boardwalk,Pacific Beach,beach,2024-10-28,Monday,7,161,110,51,150,105,45,-6.83,Light Rain,72,Yes,Beach Volleyball Tourney,Fall,Very High
FC0000933,SD002,Starbucks - Pacific Beach Boardwalk,Pacific Beach,beach,2024-10-28,Monday,9,217,148,69,243,170,73,11.98,Light Rain,72,Yes,Beach Volleyball Tourney,Fall,Very High
FC0000934,SD002,Starbucks - Pacific Beach Boardwalk,Pacific Beach,beach,2024-10-28,Monday,12,135,98,37,124,88,36,-8.15,Light Rain,72,Yes,Beach Volleyball Tourney,Fall,Very High
FC0000935,SD002,Starbucks - Pacific Beach Boardwalk,Pacific Beach,beach,2024-10-28,Monday,13,237,162,75,251,197,54,5.91,Light Rain,72,Yes,Beach Volleyball Tourney,Fall,Very High
FC0000936,SD002,Starbucks - Pacific Beach Boardwalk,Pacific Beach,beach,2024-10-28,Monday,14,166,127,39,166,122,44,0.0,Light Rain,72,Yes,Beach Volleyball Tourney,Fall,Very High
FC0000937,SD002,Starbucks - Pacific Beach Boardwalk,Pacific Beach,beach,2024-10-28,Monday,15,106,80,26,119,93,26,12.26,Light Rain,72,Yes,Beach Volleyball Tourney,Fall,Very High
FC0000938,SD002,Starbucks - Pacific Beach Boardwalk,Pacific Beach,beach,2024-10-28,Monday,16,109,81,28,101,76,25,-7.34,Light Rain,72,Yes,Beach Volleyball Tourney,Fall,Very High
FC0000939,SD002,Starbucks - Pacific Beach Boardwalk,Pacific Beach,beach,2024-10-28,Monday,17,74,52,22,68,45,23,-8.11,Light Rain,72,Yes,Beach Volleyball Tourney,Fall,High
FC0000940,SD002,Starbucks - Pacific Beach Boardwalk,Pacific Beach,beach,2024-10-28,Monday,20,45,33,12,50,33,17,11.11,Light Rain,72,Yes,Beach Volleyball Tourney,Fall,Moderate
FC0000941,SD002,Starbucks - Pacific Beach Boardwalk,Pacific Beach,beach,2024-11-04,Monday,8,210,151,59,221,172,49,5.24,Marine Layer,72,No,None,Fall,Very High
FC0000942,SD002,Starbucks - Pacific Beach Boardwalk,Pacific Beach,beach,2024-11-04,Monday,9,121,93,28,134,99,35,10.74,Marine Layer,72,No,None,Fall,Very High
FC0000943,SD002,Starbucks - Pacific Beach Boardwalk,Pacific Beach,beach,2024-11-04,Monday,10,197,140,57,178,138,40,-9.64,Marine Layer,72,No,None,Fall,Very High
FC0000944,SD002,Starbucks - Pacific Beach Boardwalk,Pacific Beach,beach,2024-11-04,Monday,11,158,120,38,140,110,30,-11.39,Marine Layer,72,No,None,Fall,Very High
FC0000945,SD002,Starbucks - Pacific Beach Boardwalk,Pacific Beach,beach,2024-11-04,Monday,12,210,149,61,174,116,58,-17.14,Marine Layer,72,No,None,Fall,Very High
FC0000946,SD002,Starbucks - Pacific Beach Boardwalk,Pacific Beach,beach,2024-11-04,Monday,14,134,100,34,126,89,37,-5.97,Marine Layer,72,No,None,Fall,Very High
FC0000947,SD002,Starbucks - Pacific Beach Boardwalk,Pacific Beach,beach,2024-11-04,Monday,15,58,42,16,54,37,17,-6.9,Marine Layer,72,No,None,Fall,Moderate
FC0000948,SD002,Starbucks - Pacific Beach Boardwalk,Pacific Beach,beach,2024-11-04,Monday,18,71,54,17,72,56,16,1.41,Marine Layer,72,No,None,Fall,High
FC0000949,SD002,Starbucks - Pacific Beach Boardwalk,Pacific Beach,beach,2024-11-04,Monday,20,20,14,6,20,14,6,0.0,Marine Layer,72,No,None,Fall,Low
FC0000950,SD002,Starbucks - Pacific Beach Boardwalk,Pacific Beach,beach,2024-11-04,Monday,21,17,11,6,17,13,4,0.0,Marine Layer,72,No,None,Fall,Low
FC0000951,SD002,Starbucks - Pacific Beach Boardwalk,Pacific Beach,beach,2024-11-11,Monday,6,37,26,11,31,20,11,-16.22,Overcast,70,No,None,Fall,Moderate
FC0000952,SD002,Starbucks - Pacific Beach Boardwalk,Pacific Beach,beach,2024-11-11,Monday,8,170,128,42,163,121,42,-4.12,Overcast,70,No,None,Fall,Very High
FC0000953,SD002,Starbucks - Pacific Beach Boardwalk,Pacific Beach,beach,2024-11-11,Monday,9,93,68,25,99,72,27,6.45,Overcast,70,No,None,Fall,High
FC0000954,SD002,Starbucks - Pacific Beach Boardwalk,Pacific Beach,beach,2024-11-11,Monday,10,188,129,59,193,137,56,2.66,Overcast,70,No,None,Fall,Very High
FC0000955,SD002,Starbucks - Pacific Beach Boardwalk,Pacific Beach,beach,2024-11-11,Monday,12,128,96,32,137,92,45,7.03,Overcast,70,No,None,Fall,Very High
FC0000956,SD002,Starbucks - Pacific Beach Boardwalk,Pacific Beach,beach,2024-11-11,Monday,13,119,85,34,104,70,34,-12.61,Overcast,70,No,None,Fall,Very High
FC0000957,SD002,Starbucks - Pacific Beach Boardwalk,Pacific Beach,beach,2024-11-11,Monday,14,137,103,34,131,100,31,-4.38,Overcast,70,No,None,Fall,Very High
FC0000958,SD002,Starbucks - Pacific Beach Boardwalk,Pacific Beach,beach,2024-11-11,Monday,15,124,89,35,129,94,35,4.03,Overcast,70,No,None,Fall,Very High
FC0000959,SD002,Starbucks - Pacific Beach Boardwalk,Pacific Beach,beach,2024-11-11,Monday,17,117,82,35,119,87,32,1.71,Overcast,70,No,None,Fall,Very High
FC0000960,SD002,Starbucks - Pacific Beach Boardwalk,Pacific Beach,beach,2024-11-11,Monday,19,44,33,11,49,36,13,11.36,Overcast,70,No,None,Fall,Moderate
FC0000961,SD002,Starbucks - Pacific Beach Boardwalk,Pacific Beach,beach,2024-11-18,Monday,6,35,25,10,33,21,12,-5.71,Sunny,64,No,None,Fall,Moderate
FC0000962,SD002,Starbucks - Pacific Beach Boardwalk,Pacific Beach,beach,2024-11-18,Monday,7,131,96,35,135,102,33,3.05,Sunny,64,No,None,Fall,Very High
FC0000963,SD002,Starbucks - Pacific Beach Boardwalk,Pacific Beach,beach,2024-11-18,Monday,9,157,114,43,168,112,56,7.01,Sunny,64,No,None,Fall,Very High
FC0000964,SD002,Starbucks - Pacific Beach Boardwalk,Pacific Beach,beach,2024-11-18,Monday,10,174,129,45,166,124,42,-4.6,Sunny,64,No,None,Fall,Very High
FC0000965,SD002,Starbucks - Pacific Beach Boardwalk,Pacific Beach,beach,2024-11-18,Monday,11,89,62,27,94,63,31,5.62,Sunny,64,No,None,Fall,High
FC0000966,SD002,Starbucks - Pacific Beach Boardwalk,Pacific Beach,beach,2024-11-18,Monday,12,185,125,60,174,119,55,-5.95,Sunny,64,No,None,Fall,Very High
FC0000967,SD002,Starbucks - Pacific Beach Boardwalk,Pacific Beach,beach,2024-11-18,Monday,13,165,119,46,149,110,39,-9.7,Sunny,64,No,None,Fall,Very High
FC0000968,SD002,Starbucks - Pacific Beach Boardwalk,Pacific Beach,beach,2024-11-18,Monday,14,128,89,39,137,96,41,7.03,Sunny,64,No,None,Fall,Very High
FC0000969,SD002,Starbucks - Pacific Beach Boardwalk,Pacific Beach,beach,2024-11-18,Monday,18,49,35,14,49,33,16,0.0,Sunny,64,No,None,Fall,Moderate
FC0000970,SD002,Starbucks - Pacific Beach Boardwalk,Pacific Beach,beach,2024-11-18,Monday,21,25,17,8,24,17,7,-4.0,Sunny,64,No,None,Fall,Low
FC0000971,SD002,Starbucks - Pacific Beach Boardwalk,Pacific Beach,beach,2024-11-25,Monday,6,22,16,6,25,19,6,13.64,Partly Cloudy,64,No,None,Fall,Low
FC0000972,SD002,Starbucks - Pacific Beach Boardwalk,Pacific Beach,beach,2024-11-25,Monday,7,99,70,29,96,72,24,-3.03,Partly Cloudy,64,No,None,Fall,High
FC0000973,SD002,Starbucks - Pacific Beach Boardwalk,Pacific Beach,beach,2024-11-25,Monday,8,153,112,41,168,120,48,9.8,Partly Cloudy,64,No,None,Fall,Very High
FC0000974,SD002,Starbucks - Pacific Beach Boardwalk,Pacific Beach,beach,2024-11-25,Monday,11,111,79,32,118,89,29,6.31,Partly Cloudy,64,No,None,Fall,Very High
FC0000975,SD002,Starbucks - Pacific Beach Boardwalk,Pacific Beach,beach,2024-11-25,Monday,13,189,134,55,179,143,36,-5.29,Partly Cloudy,64,No,None,Fall,Very High
FC0000976,SD002,Starbucks - Pacific Beach Boardwalk,Pacific Beach,beach,2024-11-25,Monday,14,176,128,48,173,117,56,-1.7,Partly Cloudy,64,No,None,Fall,Very High
FC0000977,SD002,Starbucks - Pacific Beach Boardwalk,Pacific Beach,beach,2024-11-25,Monday,15,77,57,20,84,62,22,9.09,Partly Cloudy,64,No,None,Fall,High
FC0000978,SD002,Starbucks - Pacific Beach Boardwalk,Pacific Beach,beach,2024-11-25,Monday,16,115,89,26,125,85,40,8.7,Partly Cloudy,64,No,None,Fall,Very High
FC0000979,SD002,Starbucks - Pacific Beach Boardwalk,Pacific Beach,beach,2024-11-25,Monday,17,72,54,18,67,49,18,-6.94,Partly Cloudy,64,No,None,Fall,High
FC0000980,SD002,Starbucks - Pacific Beach Boardwalk,Pacific Beach,beach,2024-11-25,Monday,21,21,14,7,23,15,8,9.52,Partly Cloudy,64,No,None,Fall,Low
FC0000981,SD002,Starbucks - Pacific Beach Boardwalk,Pacific Beach,beach,2024-12-02,Monday,7,123,90,33,134,98,36,8.94,Sunny,67,No,None,Winter,Very High
FC0000982,SD002,Starbucks - Pacific Beach Boardwalk,Pacific Beach,beach,2024-12-02,Monday,8,196,146,50,184,130,54,-6.12,Sunny,67,No,None,Winter,Very High
FC0000983,SD002,Starbucks - Pacific Beach Boardwalk,Pacific Beach,beach,2024-12-02,Monday,9,88,67,21,92,64,28,4.55,Sunny,67,No,None,Winter,High
FC0000984,SD002,Starbucks - Pacific Beach Boardwalk,Pacific Beach,beach,2024-12-02,Monday,10,178,131,47,176,126,50,-1.12,Sunny,67,No,None,Winter,Very High
FC0000985,SD002,Starbucks - Pacific Beach Boardwalk,Pacific Beach,beach,2024-12-02,Monday,11,123,89,34,146,106,40,18.7,Sunny,67,No,None,Winter,Very High
FC0000986,SD002,Starbucks - Pacific Beach Boardwalk,Pacific Beach,beach,2024-12-02,Monday,12,138,94,44,106,84,22,-23.19,Sunny,67,No,None,Winter,Very High
FC0000987,SD002,Starbucks - Pacific Beach Boardwalk,Pacific Beach,beach,2024-12-02,Monday,13,118,88,30,109,76,33,-7.63,Sunny,67,No,None,Winter,Very High
FC0000988,SD002,Starbucks - Pacific Beach Boardwalk,Pacific Beach,beach,2024-12-02,Monday,14,175,134,41,165,130,35,-5.71,Sunny,67,No,None,Winter,Very High
FC0000989,SD002,Starbucks - Pacific Beach Boardwalk,Pacific Beach,beach,2024-12-02,Monday,16,68,50,18,70,49,21,2.94,Sunny,67,No,None,Winter,High
FC0000990,SD002,Starbucks - Pacific Beach Boardwalk,Pacific Beach,beach,2024-12-02,Monday,17,63,43,20,71,52,19,12.7,Sunny,67,No,None,Winter,High
FC0000991,SD002,Starbucks - Pacific Beach Boardwalk,Pacific Beach,beach,2024-12-09,Monday,6,37,26,11,34,25,9,-8.11,Partly Cloudy,62,No,None,Winter,Moderate
FC0000992,SD002,Starbucks - Pacific Beach Boardwalk,Pacific Beach,beach,2024-12-09,Monday,7,111,76,35,100,70,30,-9.91,Partly Cloudy,62,No,None,Winter,Very High
FC0000993,SD002,Starbucks - Pacific Beach Boardwalk,Pacific Beach,beach,2024-12-09,Monday,8,182,137,45,167,111,56,-8.24,Partly Cloudy,62,No,None,Winter,Very High
FC0000994,SD002,Starbucks - Pacific Beach Boardwalk,Pacific Beach,beach,2024-12-09,Monday,9,185,140,45,189,128,61,2.16,Partly Cloudy,62,No,None,Winter,Very High
FC0000995,SD002,Starbucks - Pacific Beach Boardwalk,Pacific Beach,beach,2024-12-09,Monday,10,98,74,24,99,67,32,1.02,Partly Cloudy,62,No,None,Winter,High
FC0000996,SD002,Starbucks - Pacific Beach Boardwalk,Pacific Beach,beach,2024-12-09,Monday,12,192,132,60,181,139,42,-5.73,Partly Cloudy,62,No,None,Winter,Very High
FC0000997,SD002,Starbucks - Pacific Beach Boardwalk,Pacific Beach,beach,2024-12-09,Monday,14,139,103,36,122,88,34,-12.23,Partly Cloudy,62,No,None,Winter,Very High
FC0000998,SD002,Starbucks - Pacific Beach Boardwalk,Pacific Beach,beach,2024-12-09,Monday,17,95,70,25,95,70,25,0.0,Partly Cloudy,62,No,None,Winter,High
FC0000999,SD002,Starbucks - Pacific Beach Boardwalk,Pacific Beach,beach,2024-12-09,Monday,18,84,57,27,90,70,20,7.14,Partly Cloudy,62,No,None,Winter,High
FC0001000,SD002,Starbucks - Pacific Beach Boardwalk,Pacific Beach,beach,2024-12-09,Monday,20,25,17,8,25,17,8,0.0,Partly Cloudy,62,No,None,Winter,Low
FC0001001,SD003,Starbucks - UCSD Campus,La Jolla,university,2024-01-01,Monday,9,148,106,42,136,89,47,-8.11,Overcast,66,No,None,Winter,Very High
FC0001002,SD003,Starbucks - UCSD Campus,La Jolla,university,2024-01-01,Monday,10,121,88,33,130,98,32,7.44,Overcast,66,No,None,Winter,Very High
FC0001003,SD003,Starbucks - UCSD Campus,La Jolla,university,2024-01-01,Monday,12,133,90,43,141,109,32,6.02,Overcast,66,No,None,Winter,Very High
FC0001004,SD003,Starbucks - UCSD Campus,La Jolla,university,2024-01-01,Monday,13,117,91,26,105,74,31,-10.26,Overcast,66,No,None,Winter,Very High
FC0001005,SD003,Starbucks - UCSD Campus,La Jolla,university,2024-01-01,Monday,14,95,73,22,96,65,31,1.05,Overcast,66,No,None,Winter,High
FC0001006,SD003,Starbucks - UCSD Campus,La Jolla,university,2024-01-01,Monday,15,105,81,24,100,76,24,-4.76,Overcast,66,No,None,Winter,Very High
FC0001007,SD003,Starbucks - UCSD Campus,La Jolla,university,2024-01-01,Monday,16,126,98,28,109,85,24,-13.49,Overcast,66,No,None,Winter,Very High
FC0001008,SD003,Starbucks - UCSD Campus,La Jolla,university,2024-01-01,Monday,18,82,63,19,87,67,20,6.1,Overcast,66,No,None,Winter,High
FC0001009,SD003,Starbucks - UCSD Campus,La Jolla,university,2024-01-01,Monday,19,57,43,14,56,41,15,-1.75,Overcast,66,No,None,Winter,Moderate
FC0001010,SD003,Starbucks - UCSD Campus,La Jolla,university,2024-01-01,Monday,20,42,32,10,40,26,14,-4.76,Overcast,66,No,None,Winter,Moderate
FC0001011,SD003,Starbucks - UCSD Campus,La Jolla,university,2024-01-08,Monday,6,40,27,13,34,23,11,-15.0,Overcast,64,No,None,Winter,Moderate
FC0001012,SD003,Starbucks - UCSD Campus,La Jolla,university,2024-01-08,Monday,8,165,121,44,141,98,43,-14.55,Overcast,64,No,None,Winter,Very High
FC0001013,SD003,Starbucks - UCSD Campus,La Jolla,university,2024-01-08,Monday,9,140,96,44,123,98,25,-12.14,Overcast,64,No,None,Winter,Very High
FC0001014,SD003,Starbucks - UCSD Campus,La Jolla,university,2024-01-08,Monday,10,102,69,33,101,74,27,-0.98,Overcast,64,No,None,Winter,Very High
FC0001015,SD003,Starbucks - UCSD Campus,La Jolla,university,2024-01-08,Monday,12,120,83,37,128,101,27,6.67,Overcast,64,No,None,Winter,Very High
FC0001016,SD003,Starbucks - UCSD Campus,La Jolla,university,2024-01-08,Monday,17,76,56,20,66,44,22,-13.16,Overcast,64,No,None,Winter,High
FC0001017,SD003,Starbucks - UCSD Campus,La Jolla,university,2024-01-08,Monday,18,74,53,21,76,56,20,2.7,Overcast,64,No,None,Winter,High
FC0001018,SD003,Starbucks - UCSD Campus,La Jolla,university,2024-01-08,Monday,19,40,29,11,42,28,14,5.0,Overcast,64,No,None,Winter,Moderate
FC0001019,SD003,Starbucks - UCSD Campus,La Jolla,university,2024-01-08,Monday,20,21,14,7,22,15,7,4.76,Overcast,64,No,None,Winter,Low
FC0001020,SD003,Starbucks - UCSD Campus,La Jolla,university,2024-01-08,Monday,21,18,12,6,16,12,4,-11.11,Overcast,64,No,None,Winter,Low
FC0001021,SD003,Starbucks - UCSD Campus,La Jolla,university,2024-01-15,Monday,7,120,90,30,114,82,32,-5.0,Overcast,62,No,None,Winter,Very High
FC0001022,SD003,Starbucks - UCSD Campus,La Jolla,university,2024-01-15,Monday,8,209,151,58,221,160,61,5.74,Overcast,62,No,None,Winter,Very High
FC0001023,SD003,Starbucks - UCSD Campus,La Jolla,university,2024-01-15,Monday,10,94,71,23,108,81,27,14.89,Overcast,62,No,None,Winter,Very High
FC0001024,SD003,Starbucks - UCSD Campus,La Jolla,university,2024-01-15,Monday,11,80,59,21,85,65,20,6.25,Overcast,62,No,None,Winter,High
FC0001025,SD003,Starbucks - UCSD Campus,La Jolla,university,2024-01-15,Monday,12,125,90,35,137,107,30,9.6,Overcast,62,No,None,Winter,Very High
FC0001026,SD003,Starbucks - UCSD Campus,La Jolla,university,2024-01-15,Monday,14,93,68,25,93,65,28,0.0,Overcast,62,No,None,Winter,High
FC0001027,SD003,Starbucks - UCSD Campus,La Jolla,university,2024-01-15,Monday,16,139,98,41,145,110,35,4.32,Overcast,62,No,None,Winter,Very High
FC0001028,SD003,Starbucks - UCSD Campus,La Jolla,university,2024-01-15,Monday,17,138,99,39,147,103,44,6.52,Overcast,62,No,None,Winter,Very High
FC0001029,SD003,Starbucks - UCSD Campus,La Jolla,university,2024-01-15,Monday,20,26,19,7,26,19,7,0.0,Overcast,62,No,None,Winter,Low
FC0001030,SD003,Starbucks - UCSD Campus,La Jolla,university,2024-01-15,Monday,21,20,14,6,22,14,8,10.0,Overcast,62,No,None,Winter,Low
FC0001031,SD003,Starbucks - UCSD Campus,La Jolla,university,2024-01-22,Monday,6,34,25,9,35,24,11,2.94,Marine Layer,65,No,None,Winter,Moderate
FC0001032,SD003,Starbucks - UCSD Campus,La Jolla,university,2024-01-22,Monday,7,119,83,36,105,81,24,-11.76,Marine Layer,65,No,None,Winter,Very High
FC0001033,SD003,Starbucks - UCSD Campus,La Jolla,university,2024-01-22,Monday,8,165,116,49,149,106,43,-9.7,Marine Layer,65,No,None,Winter,Very High
FC0001034,SD003,Starbucks - UCSD Campus,La Jolla,university,2024-01-22,Monday,11,83,57,26,77,59,18,-7.23,Marine Layer,65,No,None,Winter,High
FC0001035,SD003,Starbucks - UCSD Campus,La Jolla,university,2024-01-22,Monday,12,109,82,27,129,94,35,18.35,Marine Layer,65,No,None,Winter,Very High
FC0001036,SD003,Starbucks - UCSD Campus,La Jolla,university,2024-01-22,Monday,13,200,147,53,198,147,51,-1.0,Marine Layer,65,No,None,Winter,Very High
FC0001037,SD003,Starbucks - UCSD Campus,La Jolla,university,2024-01-22,Monday,15,110,76,34,111,79,32,0.91,Marine Layer,65,No,None,Winter,Very High
FC0001038,SD003,Starbucks - UCSD Campus,La Jolla,university,2024-01-22,Monday,18,91,69,22,92,68,24,1.1,Marine Layer,65,No,None,Winter,High
FC0001039,SD003,Starbucks - UCSD Campus,La Jolla,university,2024-01-22,Monday,19,52,39,13,56,43,13,7.69,Marine Layer,65,No,None,Winter,Moderate
FC0001040,SD003,Starbucks - UCSD Campus,La Jolla,university,2024-01-22,Monday,20,24,17,7,19,14,5,-20.83,Marine Layer,65,No,None,Winter,Low
FC0001041,SD003,Starbucks - UCSD Campus,La Jolla,university,2024-01-29,Monday,6,24,17,7,20,14,6,-16.67,Overcast,64,No,None,Winter,Low
FC0001042,SD003,Starbucks - UCSD Campus,La Jolla,university,2024-01-29,Monday,7,74,54,20,83,57,26,12.16,Overcast,64,No,None,Winter,High
FC0001043,SD003,Starbucks - UCSD Campus,La Jolla,university,2024-01-29,Monday,8,122,92,30,120,88,32,-1.64,Overcast,64,No,None,Winter,Very High
FC0001044,SD003,Starbucks - UCSD Campus,La Jolla,university,2024-01-29,Monday,11,82,59,23,90,67,23,9.76,Overcast,64,No,None,Winter,High
FC0001045,SD003,Starbucks - UCSD Campus,La Jolla,university,2024-01-29,Monday,12,156,108,48,161,120,41,3.21,Overcast,64,No,None,Winter,Very High
FC0001046,SD003,Starbucks - UCSD Campus,La Jolla,university,2024-01-29,Monday,15,133,91,42,133,92,41,0.0,Overcast,64,No,None,Winter,Very High
FC0001047,SD003,Starbucks - UCSD Campus,La Jolla,university,2024-01-29,Monday,17,160,113,47,173,122,51,8.12,Overcast,64,No,None,Winter,Very High
FC0001048,SD003,Starbucks - UCSD Campus,La Jolla,university,2024-01-29,Monday,19,54,38,16,57,42,15,5.56,Overcast,64,No,None,Winter,Moderate
FC0001049,SD003,Starbucks - UCSD Campus,La Jolla,university,2024-01-29,Monday,20,29,21,8,28,21,7,-3.45,Overcast,64,No,None,Winter,Low
FC0001050,SD003,Starbucks - UCSD Campus,La Jolla,university,2024-01-29,Monday,21,17,12,5,17,12,5,0.0,Overcast,64,No,None,Winter,Low
FC0001051,SD003,Starbucks - UCSD Campus,La Jolla,university,2024-02-05,Monday,8,137,101,36,147,98,49,7.3,Overcast,67,No,None,Winter,Very High
FC0001052,SD003,Starbucks - UCSD Campus,La Jolla,university,2024-02-05,Monday,10,124,91,33,119,94,25,-4.03,Overcast,67,No,None,Winter,Very High
FC0001053,SD003,Starbucks - UCSD Campus,La Jolla,university,2024-02-05,Monday,11,63,48,15,66,50,16,4.76,Overcast,67,No,None,Winter,High
FC0001054,SD003,Starbucks - UCSD Campus,La Jolla,university,2024-02-05,Monday,12,128,95,33,133,88,45,3.91,Overcast,67,No,None,Winter,Very High
FC0001055,SD003,Starbucks - UCSD Campus,La Jolla,university,2024-02-05,Monday,14,123,92,31,123,81,42,0.0,Overcast,67,No,None,Winter,Very High
FC0001056,SD003,Starbucks - UCSD Campus,La Jolla,university,2024-02-05,Monday,16,114,85,29,125,97,28,9.65,Overcast,67,No,None,Winter,Very High
FC0001057,SD003,Starbucks - UCSD Campus,La Jolla,university,2024-02-05,Monday,17,85,64,21,79,57,22,-7.06,Overcast,67,No,None,Winter,High
FC0001058,SD003,Starbucks - UCSD Campus,La Jolla,university,2024-02-05,Monday,19,48,34,14,50,35,15,4.17,Overcast,67,No,None,Winter,Moderate
FC0001059,SD003,Starbucks - UCSD Campus,La Jolla,university,2024-02-05,Monday,20,21,16,5,19,13,6,-9.52,Overcast,67,No,None,Winter,Low
FC0001060,SD003,Starbucks - UCSD Campus,La Jolla,university,2024-02-05,Monday,21,17,12,5,17,11,6,0.0,Overcast,67,No,None,Winter,Low
FC0001061,SD003,Starbucks - UCSD Campus,La Jolla,university,2024-02-12,Monday,6,39,29,10,33,26,7,-15.38,Sunny,60,No,None,Winter,Moderate
FC0001062,SD003,Starbucks - UCSD Campus,La Jolla,university,2024-02-12,Monday,7,77,58,19,78,60,18,1.3,Sunny,60,No,None,Winter,High
FC0001063,SD003,Starbucks - UCSD Campus,La Jolla,university,2024-02-12,Monday,9,158,108,50,166,117,49,5.06,Sunny,60,No,None,Winter,Very High
FC0001064,SD003,Starbucks - UCSD Campus,La Jolla,university,2024-02-12,Monday,10,107,74,33,104,77,27,-2.8,Sunny,60,No,None,Winter,Very High
FC0001065,SD003,Starbucks - UCSD Campus,La Jolla,university,2024-02-12,Monday,13,157,112,45,154,113,41,-1.91,Sunny,60,No,None,Winter,Very High
FC0001066,SD003,Starbucks - UCSD Campus,La Jolla,university,2024-02-12,Monday,14,127,90,37,128,100,28,0.79,Sunny,60,No,None,Winter,Very High
FC0001067,SD003,Starbucks - UCSD Campus,La Jolla,university,2024-02-12,Monday,15,113,79,34,122,80,42,7.96,Sunny,60,No,None,Winter,Very High
FC0001068,SD003,Starbucks - UCSD Campus,La Jolla,university,2024-02-12,Monday,18,61,46,15,64,42,22,4.92,Sunny,60,No,None,Winter,High
FC0001069,SD003,Starbucks - UCSD Campus,La Jolla,university,2024-02-12,Monday,19,44,32,12,43,32,11,-2.27,Sunny,60,No,None,Winter,Moderate
FC0001070,SD003,Starbucks - UCSD Campus,La Jolla,university,2024-02-12,Monday,21,23,17,6,26,17,9,13.04,Sunny,60,No,None,Winter,Low
FC0001071,SD003,Starbucks - UCSD Campus,La Jolla,university,2024-02-19,Monday,7,73,52,21,82,63,19,12.33,Overcast,66,No,None,Winter,High
FC0001072,SD003,Starbucks - UCSD Campus,La Jolla,university,2024-02-19,Monday,8,127,93,34,127,95,32,0.0,Overcast,66,No,None,Winter,Very High
FC0001073,SD003,Starbucks - UCSD Campus,La Jolla,university,2024-02-19,Monday,10,90,63,27,82,54,28,-8.89,Overcast,66,No,None,Winter,High
FC0001074,SD003,Starbucks - UCSD Campus,La Jolla,university,2024-02-19,Monday,11,136,105,31,138,99,39,1.47,Overcast,66,No,None,Winter,Very High
FC0001075,SD003,Starbucks - UCSD Campus,La Jolla,university,2024-02-19,Monday,12,142,99,43,152,105,47,7.04,Overcast,66,No,None,Winter,Very High
FC0001076,SD003,Starbucks - UCSD Campus,La Jolla,university,2024-02-19,Monday,13,198,143,55,204,136,68,3.03,Overcast,66,No,None,Winter,Very High
FC0001077,SD003,Starbucks - UCSD Campus,La Jolla,university,2024-02-19,Monday,15,118,89,29,119,90,29,0.85,Overcast,66,No,None,Winter,Very High
FC0001078,SD003,Starbucks - UCSD Campus,La Jolla,university,2024-02-19,Monday,16,164,114,50,177,137,40,7.93,Overcast,66,No,None,Winter,Very High
FC0001079,SD003,Starbucks - UCSD Campus,La Jolla,university,2024-02-19,Monday,18,82,60,22,91,66,25,10.98,Overcast,66,No,None,Winter,High
FC0001080,SD003,Starbucks - UCSD Campus,La Jolla,university,2024-02-19,Monday,19,43,29,14,41,27,14,-4.65,Overcast,66,No,None,Winter,Moderate
FC0001081,SD003,Starbucks - UCSD Campus,La Jolla,university,2024-02-26,Monday,6,24,17,7,22,15,7,-8.33,Partly Cloudy,62,No,None,Winter,Low
FC0001082,SD003,Starbucks - UCSD Campus,La Jolla,university,2024-02-26,Monday,7,118,91,27,110,79,31,-6.78,Partly Cloudy,62,No,None,Winter,Very High
FC0001083,SD003,Starbucks - UCSD Campus,La Jolla,university,2024-02-26,Monday,8,196,147,49,193,150,43,-1.53,Partly Cloudy,62,No,None,Winter,Very High
FC0001084,SD003,Starbucks - UCSD Campus,La Jolla,university,2024-02-26,Monday,9,88,64,24,91,66,25,3.41,Partly Cloudy,62,No,None,Winter,High
FC0001085,SD003,Starbucks - UCSD Campus,La Jolla,university,2024-02-26,Monday,12,82,63,19,73,50,23,-10.98,Partly Cloudy,62,No,None,Winter,High
FC0001086,SD003,Starbucks - UCSD Campus,La Jolla,university,2024-02-26,Monday,13,145,108,37,142,98,44,-2.07,Partly Cloudy,62,No,None,Winter,Very High
FC0001087,SD003,Starbucks - UCSD Campus,La Jolla,university,2024-02-26,Monday,14,115,86,29,112,80,32,-2.61,Partly Cloudy,62,No,None,Winter,Very High
FC0001088,SD003,Starbucks - UCSD Campus,La Jolla,university,2024-02-26,Monday,16,101,74,27,109,72,37,7.92,Partly Cloudy,62,No,None,Winter,Very High
FC0001089,SD003,Starbucks - UCSD Campus,La Jolla,university,2024-02-26,Monday,19,32,22,10,34,27,7,6.25,Partly Cloudy,62,No,None,Winter,Moderate
FC0001090,SD003,Starbucks - UCSD Campus,La Jolla,university,2024-02-26,Monday,21,26,19,7,24,19,5,-7.69,Partly Cloudy,62,No,None,Winter,Low
FC0001091,SD003,Starbucks - UCSD Campus,La Jolla,university,2024-03-04,Monday,6,40,30,10,37,25,12,-7.5,Marine Layer,68,No,None,Spring,Moderate
FC0001092,SD003,Starbucks - UCSD Campus,La Jolla,university,2024-03-04,Monday,8,185,138,47,195,154,41,5.41,Marine Layer,68,No,None,Spring,Very High
FC0001093,SD003,Starbucks - UCSD Campus,La Jolla,university,2024-03-04,Monday,10,106,80,26,116,79,37,9.43,Marine Layer,68,No,None,Spring,Very High
FC0001094,SD003,Starbucks - UCSD Campus,La Jolla,university,2024-03-04,Monday,11,101,71,30,101,75,26,0.0,Marine Layer,68,No,None,Spring,Very High
FC0001095,SD003,Starbucks - UCSD Campus,La Jolla,university,2024-03-04,Monday,12,157,117,40,166,124,42,5.73,Marine Layer,68,No,None,Spring,Very High
FC0001096,SD003,Starbucks - UCSD Campus,La Jolla,university,2024-03-04,Monday,13,179,134,45,173,123,50,-3.35,Marine Layer,68,No,None,Spring,Very High
FC0001097,SD003,Starbucks - UCSD Campus,La Jolla,university,2024-03-04,Monday,14,123,85,38,128,95,33,4.07,Marine Layer,68,No,None,Spring,Very High
FC0001098,SD003,Starbucks - UCSD Campus,La Jolla,university,2024-03-04,Monday,17,117,79,38,120,92,28,2.56,Marine Layer,68,No,None,Spring,Very High
FC0001099,SD003,Starbucks - UCSD Campus,La Jolla,university,2024-03-04,Monday,19,52,36,16,44,30,14,-15.38,Marine Layer,68,No,None,Spring,Moderate
FC0001100,SD003,Starbucks - UCSD Campus,La Jolla,university,2024-03-04,Monday,21,15,10,5,15,11,4,0.0,Marine Layer,68,No,None,Spring,Low
FC0001101,SD003,Starbucks - UCSD Campus,La Jolla,university,2024-03-11,Monday,7,128,89,39,105,74,31,-17.97,Partly Cloudy,63,No,None,Spring,Very High
FC0001102,SD003,Starbucks - UCSD Campus,La Jolla,university,2024-03-11,Monday,8,206,155,51,177,130,47,-14.08,Partly Cloudy,63,No,None,Spring,Very High
FC0001103,SD003,Starbucks - UCSD Campus,La Jolla,university,2024-03-11,Monday,10,70,52,18,84,66,18,20.0,Partly Cloudy,63,No,None,Spring,High
FC0001104,SD003,Starbucks - UCSD Campus,La Jolla,university,2024-03-11,Monday,11,109,82,27,98,70,28,-10.09,Partly Cloudy,63,No,None,Spring,High
FC0001105,SD003,Starbucks - UCSD Campus,La Jolla,university,2024-03-11,Monday,12,110,80,30,111,76,35,0.91,Partly Cloudy,63,No,None,Spring,Very High
FC0001106,SD003,Starbucks - UCSD Campus,La Jolla,university,2024-03-11,Monday,13,155,119,36,184,128,56,18.71,Partly Cloudy,63,No,None,Spring,Very High
FC0001107,SD003,Starbucks - UCSD Campus,La Jolla,university,2024-03-11,Monday,15,168,127,41,158,124,34,-5.95,Partly Cloudy,63,No,None,Spring,Very High
FC0001108,SD003,Starbucks - UCSD Campus,La Jolla,university,2024-03-11,Monday,17,112,76,36,130,96,34,16.07,Partly Cloudy,63,No,None,Spring,Very High
FC0001109,SD003,Starbucks - UCSD Campus,La Jolla,university,2024-03-11,Monday,18,47,36,11,43,33,10,-8.51,Partly Cloudy,63,No,None,Spring,Moderate
FC0001110,SD003,Starbucks - UCSD Campus,La Jolla,university,2024-03-11,Monday,20,32,24,8,32,21,11,0.0,Partly Cloudy,63,No,None,Spring,Moderate
FC0001111,SD003,Starbucks - UCSD Campus,La Jolla,university,2024-03-18,Monday,6,40,30,10,39,29,10,-2.5,Light Rain,63,No,None,Spring,Moderate
FC0001112,SD003,Starbucks - UCSD Campus,La Jolla,university,2024-03-18,Monday,9,175,121,54,195,151,44,11.43,Light Rain,63,No,None,Spring,Very High
FC0001113,SD003,Starbucks - UCSD Campus,La Jolla,university,2024-03-18,Monday,12,106,82,24,107,83,24,0.94,Light Rain,63,No,None,Spring,Very High
FC0001114,SD003,Starbucks - UCSD Campus,La Jolla,university,2024-03-18,Monday,15,143,103,40,127,91,36,-11.19,Light Rain,63,No,None,Spring,Very High
FC0001115,SD003,Starbucks - UCSD Campus,La Jolla,university,2024-03-18,Monday,16,143,107,36,146,102,44,2.1,Light Rain,63,No,None,Spring,Very High
FC0001116,SD003,Starbucks - UCSD Campus,La Jolla,university,2024-03-18,Monday,17,143,109,34,139,99,40,-2.8,Light Rain,63,No,None,Spring,Very High
FC0001117,SD003,Starbucks - UCSD Campus,La Jolla,university,2024-03-18,Monday,18,89,68,21,97,67,30,8.99,Light Rain,63,No,None,Spring,High
FC0001118,SD003,Starbucks - UCSD Campus,La Jolla,university,2024-03-18,Monday,19,58,43,15,47,37,10,-18.97,Light Rain,63,No,None,Spring,Moderate
FC0001119,SD003,Starbucks - UCSD Campus,La Jolla,university,2024-03-18,Monday,20,31,23,8,31,21,10,0.0,Light Rain,63,No,None,Spring,Moderate
FC0001120,SD003,Starbucks - UCSD Campus,La Jolla,university,2024-03-18,Monday,21,17,12,5,19,14,5,11.76,Light Rain,63,No,None,Spring,Low
FC0001121,SD003,Starbucks - UCSD Campus,La Jolla,university,2024-03-25,Monday,9,161,110,51,156,122,34,-3.11,Sunny,71,No,None,Spring,Very High
FC0001122,SD003,Starbucks - UCSD Campus,La Jolla,university,2024-03-25,Monday,10,78,57,21,83,63,20,6.41,Sunny,71,No,None,Spring,High
FC0001123,SD003,Starbucks - UCSD Campus,La Jolla,university,2024-03-25,Monday,11,112,84,28,112,85,27,0.0,Sunny,71,No,None,Spring,Very High
FC0001124,SD003,Starbucks - UCSD Campus,La Jolla,university,2024-03-25,Monday,13,172,124,48,154,112,42,-10.47,Sunny,71,No,None,Spring,Very High
FC0001125,SD003,Starbucks - UCSD Campus,La Jolla,university,2024-03-25,Monday,14,95,72,23,97,66,31,2.11,Sunny,71,No,None,Spring,High
FC0001126,SD003,Starbucks - UCSD Campus,La Jolla,university,2024-03-25,Monday,16,183,127,56,202,149,53,10.38,Sunny,71,No,None,Spring,Very High
FC0001127,SD003,Starbucks - UCSD Campus,La Jolla,university,2024-03-25,Monday,17,89,66,23,79,57,22,-11.24,Sunny,71,No,None,Spring,High
FC0001128,SD003,Starbucks - UCSD Campus,La Jolla,university,2024-03-25,Monday,19,60,43,17,57,42,15,-5.0,Sunny,71,No,None,Spring,Moderate
FC0001129,SD003,Starbucks - UCSD Campus,La Jolla,university,2024-03-25,Monday,20,32,22,10,33,25,8,3.12,Sunny,71,No,None,Spring,Moderate
FC0001130,SD003,Starbucks - UCSD Campus,La Jolla,university,2024-03-25,Monday,21,13,9,4,12,8,4,-7.69,Sunny,71,No,None,Spring,Low
FC0001131,SD003,Starbucks - UCSD Campus,La Jolla,university,2024-04-01,Monday,7,75,54,21,74,56,18,-1.33,Partly Cloudy,64,No,None,Spring,High
FC0001132,SD003,Starbucks - UCSD Campus,La Jolla,university,2024-04-01,Monday,9,158,117,41,167,120,47,5.7,Partly Cloudy,64,No,None,Spring,Very High
FC0001133,SD003,Starbucks - UCSD Campus,La Jolla,university,2024-04-01,Monday,10,128,91,37,138,104,34,7.81,Partly Cloudy,64,No,None,Spring,Very High
FC0001134,SD003,Starbucks - UCSD Campus,La Jolla,university,2024-04-01,Monday,11,117,85,32,117,86,31,0.0,Partly Cloudy,64,No,None,Spring,Very High
FC0001135,SD003,Starbucks - UCSD Campus,La Jolla,university,2024-04-01,Monday,12,105,79,26,110,78,32,4.76,Partly Cloudy,64,No,None,Spring,Very High
FC0001136,SD003,Starbucks - UCSD Campus,La Jolla,university,2024-04-01,Monday,14,127,93,34,127,90,37,0.0,Partly Cloudy,64,No,None,Spring,Very High
FC0001137,SD003,Starbucks - UCSD Campus,La Jolla,university,2024-04-01,Monday,15,155,110,45,162,114,48,4.52,Partly Cloudy,64,No,None,Spring,Very High
FC0001138,SD003,Starbucks - UCSD Campus,La Jolla,university,2024-04-01,Monday,16,166,120,46,150,119,31,-9.64,Partly Cloudy,64,No,None,Spring,Very High
FC0001139,SD003,Starbucks - UCSD Campus,La Jolla,university,2024-04-01,Monday,19,43,31,12,44,30,14,2.33,Partly Cloudy,64,No,None,Spring,Moderate
FC0001140,SD003,Starbucks - UCSD Campus,La Jolla,university,2024-04-01,Monday,20,22,15,7,21,15,6,-4.55,Partly Cloudy,64,No,None,Spring,Low
FC0001141,SD003,Starbucks - UCSD Campus,La Jolla,university,2024-04-08,Monday,7,91,70,21,80,58,22,-12.09,Partly Cloudy,67,No,None,Spring,High
FC0001142,SD003,Starbucks - UCSD Campus,La Jolla,university,2024-04-08,Monday,8,109,80,29,103,78,25,-5.5,Partly Cloudy,67,No,None,Spring,Very High
FC0001143,SD003,Starbucks - UCSD Campus,La Jolla,university,2024-04-08,Monday,10,79,54,25,90,67,23,13.92,Partly Cloudy,67,No,None,Spring,High
FC0001144,SD003,Starbucks - UCSD Campus,La Jolla,university,2024-04-08,Monday,11,113,86,27,102,78,24,-9.73,Partly Cloudy,67,No,None,Spring,Very High
FC0001145,SD003,Starbucks - UCSD Campus,La Jolla,university,2024-04-08,Monday,12,104,78,26,112,89,23,7.69,Partly Cloudy,67,No,None,Spring,Very High
FC0001146,SD003,Starbucks - UCSD Campus,La Jolla,university,2024-04-08,Monday,14,105,76,29,112,83,29,6.67,Partly Cloudy,67,No,None,Spring,Very High
FC0001147,SD003,Starbucks - UCSD Campus,La Jolla,university,2024-04-08,Monday,18,82,63,19,86,57,29,4.88,Partly Cloudy,67,No,None,Spring,High
FC0001148,SD003,Starbucks - UCSD Campus,La Jolla,university,2024-04-08,Monday,19,65,47,18,72,48,24,10.77,Partly Cloudy,67,No,None,Spring,High
FC0001149,SD003,Starbucks - UCSD Campus,La Jolla,university,2024-04-08,Monday,20,22,16,6,23,16,7,4.55,Partly Cloudy,67,No,None,Spring,Low
FC0001150,SD003,Starbucks - UCSD Campus,La Jolla,university,2024-04-08,Monday,21,13,9,4,13,10,3,0.0,Partly Cloudy,67,No,None,Spring,Low
FC0001151,SD003,Starbucks - UCSD Campus,La Jolla,university,2024-04-15,Monday,6,34,25,9,32,22,10,-5.88,Overcast,72,No,None,Spring,Moderate
FC0001152,SD003,Starbucks - UCSD Campus,La Jolla,university,2024-04-15,Monday,8,219,169,50,225,149,76,2.74,Overcast,72,No,None,Spring,Very High
FC0001153,SD003,Starbucks - UCSD Campus,La Jolla,university,2024-04-15,Monday,9,143,108,35,116,81,35,-18.88,Overcast,72,No,None,Spring,Very High
FC0001154,SD003,Starbucks - UCSD Campus,La Jolla,university,2024-04-15,Monday,10,83,60,23,68,45,23,-18.07,Overcast,72,No,None,Spring,High
FC0001155,SD003,Starbucks - UCSD Campus,La Jolla,university,2024-04-15,Monday,12,121,88,33,133,91,42,9.92,Overcast,72,No,None,Spring,Very High
FC0001156,SD003,Starbucks - UCSD Campus,La Jolla,university,2024-04-15,Monday,13,200,146,54,202,135,67,1.0,Overcast,72,No,None,Spring,Very High
FC0001157,SD003,Starbucks - UCSD Campus,La Jolla,university,2024-04-15,Monday,14,152,112,40,165,113,52,8.55,Overcast,72,No,None,Spring,Very High
FC0001158,SD003,Starbucks - UCSD Campus,La Jolla,university,2024-04-15,Monday,16,163,125,38,161,123,38,-1.23,Overcast,72,No,None,Spring,Very High
FC0001159,SD003,Starbucks - UCSD Campus,La Jolla,university,2024-04-15,Monday,17,114,86,28,111,85,26,-2.63,Overcast,72,No,None,Spring,Very High
FC0001160,SD003,Starbucks - UCSD Campus,La Jolla,university,2024-04-15,Monday,20,21,14,7,19,13,6,-9.52,Overcast,72,No,None,Spring,Low
FC0001161,SD003,Starbucks - UCSD Campus,La Jolla,university,2024-04-22,Monday,6,24,16,8,26,20,6,8.33,Light Rain,71,No,None,Spring,Low
FC0001162,SD003,Starbucks - UCSD Campus,La Jolla,university,2024-04-22,Monday,7,111,77,34,110,85,25,-0.9,Light Rain,71,No,None,Spring,Very High
FC0001163,SD003,Starbucks - UCSD Campus,La Jolla,university,2024-04-22,Monday,10,90,65,25,92,72,20,2.22,Light Rain,71,No,None,Spring,High
FC0001164,SD003,Starbucks - UCSD Campus,La Jolla,university,2024-04-22,Monday,12,112,84,28,108,79,29,-3.57,Light Rain,71,No,None,Spring,Very High
FC0001165,SD003,Starbucks - UCSD Campus,La Jolla,university,2024-04-22,Monday,13,168,130,38,165,116,49,-1.79,Light Rain,71,No,None,Spring,Very High
FC0001166,SD003,Starbucks - UCSD Campus,La Jolla,university,2024-04-22,Monday,16,181,134,47,178,126,52,-1.66,Light Rain,71,No,None,Spring,Very High
FC0001167,SD003,Starbucks - UCSD Campus,La Jolla,university,2024-04-22,Monday,17,147,114,33,149,99,50,1.36,Light Rain,71,No,None,Spring,Very High
FC0001168,SD003,Starbucks - UCSD Campus,La Jolla,university,2024-04-22,Monday,19,38,26,12,41,30,11,7.89,Light Rain,71,No,None,Spring,Moderate
FC0001169,SD003,Starbucks - UCSD Campus,La Jolla,university,2024-04-22,Monday,20,24,18,6,22,16,6,-8.33,Light Rain,71,No,None,Spring,Low
FC0001170,SD003,Starbucks - UCSD Campus,La Jolla,university,2024-04-22,Monday,21,25,18,7,24,18,6,-4.0,Light Rain,71,No,None,Spring,Low
FC0001171,SD003,Starbucks - UCSD Campus,La Jolla,university,2024-04-29,Monday,6,28,19,9,31,22,9,10.71,Partly Cloudy,70,No,None,Spring,Moderate
FC0001172,SD003,Starbucks - UCSD Campus,La Jolla,university,2024-04-29,Monday,9,101,71,30,109,73,36,7.92,Partly Cloudy,70,No,None,Spring,Very High
FC0001173,SD003,Starbucks - UCSD Campus,La Jolla,university,2024-04-29,Monday,11,71,50,21,68,49,19,-4.23,Partly Cloudy,70,No,None,Spring,High
FC0001174,SD003,Starbucks - UCSD Campus,La Jolla,university,2024-04-29,Monday,12,134,91,43,147,104,43,9.7,Partly Cloudy,70,No,None,Spring,Very High
FC0001175,SD003,Starbucks - UCSD Campus,La Jolla,university,2024-04-29,Monday,13,179,133,46,158,109,49,-11.73,Partly Cloudy,70,No,None,Spring,Very High
FC0001176,SD003,Starbucks - UCSD Campus,La Jolla,university,2024-04-29,Monday,15,112,83,29,123,91,32,9.82,Partly Cloudy,70,No,None,Spring,Very High
FC0001177,SD003,Starbucks - UCSD Campus,La Jolla,university,2024-04-29,Monday,16,118,83,35,119,83,36,0.85,Partly Cloudy,70,No,None,Spring,Very High
FC0001178,SD003,Starbucks - UCSD Campus,La Jolla,university,2024-04-29,Monday,17,147,113,34,145,100,45,-1.36,Partly Cloudy,70,No,None,Spring,Very High
FC0001179,SD003,Starbucks - UCSD Campus,La Jolla,university,2024-04-29,Monday,18,57,39,18,55,40,15,-3.51,Partly Cloudy,70,No,None,Spring,Moderate
FC0001180,SD003,Starbucks - UCSD Campus,La Jolla,university,2024-04-29,Monday,21,19,14,5,15,11,4,-21.05,Partly Cloudy,70,No,None,Spring,Low
FC0001181,SD003,Starbucks - UCSD Campus,La Jolla,university,2024-05-06,Monday,7,89,69,20,92,62,30,3.37,Sunny,69,No,None,Spring,High
FC0001182,SD003,Starbucks - UCSD Campus,La Jolla,university,2024-05-06,Monday,8,101,70,31,105,69,36,3.96,Sunny,69,No,None,Spring,Very High
FC0001183,SD003,Starbucks - UCSD Campus,La Jolla,university,2024-05-06,Monday,9,184,143,41,185,131,54,0.54,Sunny,69,No,None,Spring,Very High
FC0001184,SD003,Starbucks - UCSD Campus,La Jolla,university,2024-05-06,Monday,10,122,93,29,129,96,33,5.74,Sunny,69,No,None,Spring,Very High
FC0001185,SD003,Starbucks - UCSD Campus,La Jolla,university,2024-05-06,Monday,11,70,49,21,69,51,18,-1.43,Sunny,69,No,None,Spring,High
FC0001186,SD003,Starbucks - UCSD Campus,La Jolla,university,2024-05-06,Monday,12,98,75,23,88,66,22,-10.2,Sunny,69,No,None,Spring,High
FC0001187,SD003,Starbucks - UCSD Campus,La Jolla,university,2024-05-06,Monday,14,143,109,34,125,84,41,-12.59,Sunny,69,No,None,Spring,Very High
FC0001188,SD003,Starbucks - UCSD Campus,La Jolla,university,2024-05-06,Monday,15,84,65,19,95,75,20,13.1,Sunny,69,No,None,Spring,High
FC0001189,SD003,Starbucks - UCSD Campus,La Jolla,university,2024-05-06,Monday,19,49,38,11,45,33,12,-8.16,Sunny,69,No,None,Spring,Moderate
FC0001190,SD003,Starbucks - UCSD Campus,La Jolla,university,2024-05-06,Monday,20,23,17,6,23,17,6,0.0,Sunny,69,No,None,Spring,Low
FC0001191,SD003,Starbucks - UCSD Campus,La Jolla,university,2024-05-13,Monday,6,52,35,17,55,39,16,5.77,Sunny,74,Yes,UCSD Finals Week,Spring,Moderate
FC0001192,SD003,Starbucks - UCSD Campus,La Jolla,university,2024-05-13,Monday,7,87,67,20,89,62,27,2.3,Sunny,74,Yes,UCSD Finals Week,Spring,High
FC0001193,SD003,Starbucks - UCSD Campus,La Jolla,university,2024-05-13,Monday,9,197,141,56,198,147,51,0.51,Sunny,74,Yes,UCSD Finals Week,Spring,Very High
FC0001194,SD003,Starbucks - UCSD Campus,La Jolla,university,2024-05-13,Monday,11,88,64,24,86,62,24,-2.27,Sunny,74,Yes,UCSD Finals Week,Spring,High
FC0001195,SD003,Starbucks - UCSD Campus,La Jolla,university,2024-05-13,Monday,13,126,98,28,121,90,31,-3.97,Sunny,74,Yes,UCSD Finals Week,Spring,Very High
FC0001196,SD003,Starbucks - UCSD Campus,La Jolla,university,2024-05-13,Monday,15,115,80,35,117,82,35,1.74,Sunny,74,Yes,UCSD Finals Week,Spring,Very High
FC0001197,SD003,Starbucks - UCSD Campus,La Jolla,university,2024-05-13,Monday,18,104,75,29,104,81,23,0.0,Sunny,74,Yes,UCSD Finals Week,Spring,Very High
FC0001198,SD003,Starbucks - UCSD Campus,La Jolla,university,2024-05-13,Monday,19,78,60,18,68,44,24,-12.82,Sunny,74,Yes,UCSD Finals Week,Spring,High
FC0001199,SD003,Starbucks - UCSD Campus,La Jolla,university,2024-05-13,Monday,20,45,33,12,45,30,15,0.0,Sunny,74,Yes,UCSD Finals Week,Spring,Moderate
FC0001200,SD003,Starbucks - UCSD Campus,La Jolla,university,2024-05-13,Monday,21,20,14,6,21,15,6,5.0,Sunny,74,Yes,UCSD Finals Week,Spring,Low
FC0001201,SD003,Starbucks - UCSD Campus,La Jolla,university,2024-05-20,Monday,8,164,114,50,157,117,40,-4.27,Sunny,69,No,None,Spring,Very High
FC0001202,SD003,Starbucks - UCSD Campus,La Jolla,university,2024-05-20,Monday,10,121,89,32,119,87,32,-1.65,Sunny,69,No,None,Spring,Very High
FC0001203,SD003,Starbucks - UCSD Campus,La Jolla,university,2024-05-20,Monday,11,101,73,28,91,71,20,-9.9,Sunny,69,No,None,Spring,High
FC0001204,SD003,Starbucks - UCSD Campus,La Jolla,university,2024-05-20,Monday,12,97,70,27,90,70,20,-7.22,Sunny,69,No,None,Spring,High
FC0001205,SD003,Starbucks - UCSD Campus,La Jolla,university,2024-05-20,Monday,14,130,89,41,148,101,47,13.85,Sunny,69,No,None,Spring,Very High
FC0001206,SD003,Starbucks - UCSD Campus,La Jolla,university,2024-05-20,Monday,15,89,61,28,94,71,23,5.62,Sunny,69,No,None,Spring,High
FC0001207,SD003,Starbucks - UCSD Campus,La Jolla,university,2024-05-20,Monday,16,173,130,43,151,106,45,-12.72,Sunny,69,No,None,Spring,Very High
FC0001208,SD003,Starbucks - UCSD Campus,La Jolla,university,2024-05-20,Monday,18,78,58,20,79,57,22,1.28,Sunny,69,No,None,Spring,High
FC0001209,SD003,Starbucks - UCSD Campus,La Jolla,university,2024-05-20,Monday,19,35,26,9,36,25,11,2.86,Sunny,69,No,None,Spring,Moderate
FC0001210,SD003,Starbucks - UCSD Campus,La Jolla,university,2024-05-20,Monday,21,15,11,4,13,9,4,-13.33,Sunny,69,No,None,Spring,Low
FC0001211,SD003,Starbucks - UCSD Campus,La Jolla,university,2024-05-27,Monday,6,33,25,8,35,25,10,6.06,Marine Layer,68,No,None,Spring,Moderate
FC0001212,SD003,Starbucks - UCSD Campus,La Jolla,university,2024-05-27,Monday,7,113,87,26,110,79,31,-2.65,Marine Layer,68,No,None,Spring,Very High
FC0001213,SD003,Starbucks - UCSD Campus,La Jolla,university,2024-05-27,Monday,9,192,148,44,194,139,55,1.04,Marine Layer,68,No,None,Spring,Very High
FC0001214,SD003,Starbucks - UCSD Campus,La Jolla,university,2024-05-27,Monday,11,122,90,32,118,91,27,-3.28,Marine Layer,68,No,None,Spring,Very High
FC0001215,SD003,Starbucks - UCSD Campus,La Jolla,university,2024-05-27,Monday,12,131,101,30,138,107,31,5.34,Marine Layer,68,No,None,Spring,Very High
FC0001216,SD003,Starbucks - UCSD Campus,La Jolla,university,2024-05-27,Monday,13,161,124,37,146,102,44,-9.32,Marine Layer,68,No,None,Spring,Very High
FC0001217,SD003,Starbucks - UCSD Campus,La Jolla,university,2024-05-27,Monday,16,146,103,43,153,111,42,4.79,Marine Layer,68,No,None,Spring,Very High
FC0001218,SD003,Starbucks - UCSD Campus,La Jolla,university,2024-05-27,Monday,19,50,34,16,55,37,18,10.0,Marine Layer,68,No,None,Spring,Moderate
FC0001219,SD003,Starbucks - UCSD Campus,La Jolla,university,2024-05-27,Monday,20,36,26,10,35,26,9,-2.78,Marine Layer,68,No,None,Spring,Moderate
FC0001220,SD003,Starbucks - UCSD Campus,La Jolla,university,2024-05-27,Monday,21,16,12,4,14,10,4,-12.5,Marine Layer,68,No,None,Spring,Low
FC0001221,SD003,Starbucks - UCSD Campus,La Jolla,university,2024-06-03,Monday,6,41,28,13,35,26,9,-14.63,Partly Cloudy,74,No,None,Summer,Moderate
FC0001222,SD003,Starbucks - UCSD Campus,La Jolla,university,2024-06-03,Monday,8,175,133,42,176,134,42,0.57,Partly Cloudy,74,No,None,Summer,Very High
FC0001223,SD003,Starbucks - UCSD Campus,La Jolla,university,2024-06-03,Monday,9,165,126,39,177,136,41,7.27,Partly Cloudy,74,No,None,Summer,Very High
FC0001224,SD003,Starbucks - UCSD Campus,La Jolla,university,2024-06-03,Monday,10,91,63,28,86,65,21,-5.49,Partly Cloudy,74,No,None,Summer,High
FC0001225,SD003,Starbucks - UCSD Campus,La Jolla,university,2024-06-03,Monday,14,164,122,42,150,99,51,-8.54,Partly Cloudy,74,No,None,Summer,Very High
FC0001226,SD003,Starbucks - UCSD Campus,La Jolla,university,2024-06-03,Monday,16,173,133,40,169,120,49,-2.31,Partly Cloudy,74,No,None,Summer,Very High
FC0001227,SD003,Starbucks - UCSD Campus,La Jolla,university,2024-06-03,Monday,17,88,68,20,87,60,27,-1.14,Partly Cloudy,74,No,None,Summer,High
FC0001228,SD003,Starbucks - UCSD Campus,La Jolla,university,2024-06-03,Monday,19,50,37,13,54,40,14,8.0,Partly Cloudy,74,No,None,Summer,Moderate
FC0001229,SD003,Starbucks - UCSD Campus,La Jolla,university,2024-06-03,Monday,20,41,30,11,37,29,8,-9.76,Partly Cloudy,74,No,None,Summer,Moderate
FC0001230,SD003,Starbucks - UCSD Campus,La Jolla,university,2024-06-03,Monday,21,27,18,9,31,24,7,14.81,Partly Cloudy,74,No,None,Summer,Moderate
FC0001231,SD003,Starbucks - UCSD Campus,La Jolla,university,2024-06-10,Monday,6,41,31,10,38,27,11,-7.32,Sunny,76,No,None,Summer,Moderate
FC0001232,SD003,Starbucks - UCSD Campus,La Jolla,university,2024-06-10,Monday,7,100,77,23,99,70,29,-1.0,Sunny,76,No,None,Summer,High
FC0001233,SD003,Starbucks - UCSD Campus,La Jolla,university,2024-06-10,Monday,10,140,96,44,136,106,30,-2.86,Sunny,76,No,None,Summer,Very High
FC0001234,SD003,Starbucks - UCSD Campus,La Jolla,university,2024-06-10,Monday,12,138,98,40,143,107,36,3.62,Sunny,76,No,None,Summer,Very High
FC0001235,SD003,Starbucks - UCSD Campus,La Jolla,university,2024-06-10,Monday,15,128,89,39,131,91,40,2.34,Sunny,76,No,None,Summer,Very High
FC0001236,SD003,Starbucks - UCSD Campus,La Jolla,university,2024-06-10,Monday,16,175,129,46,164,129,35,-6.29,Sunny,76,No,None,Summer,Very High
FC0001237,SD003,Starbucks - UCSD Campus,La Jolla,university,2024-06-10,Monday,18,73,55,18,78,54,24,6.85,Sunny,76,No,None,Summer,High
FC0001238,SD003,Starbucks - UCSD Campus,La Jolla,university,2024-06-10,Monday,19,45,32,13,49,35,14,8.89,Sunny,76,No,None,Summer,Moderate
FC0001239,SD003,Starbucks - UCSD Campus,La Jolla,university,2024-06-10,Monday,20,42,30,12,40,28,12,-4.76,Sunny,76,No,None,Summer,Moderate
FC0001240,SD003,Starbucks - UCSD Campus,La Jolla,university,2024-06-10,Monday,21,20,14,6,19,13,6,-5.0,Sunny,76,No,None,Summer,Low
FC0001241,SD003,Starbucks - UCSD Campus,La Jolla,university,2024-06-17,Monday,7,137,99,38,154,116,38,12.41,Sunny,74,No,None,Summer,Very High
FC0001242,SD003,Starbucks - UCSD Campus,La Jolla,university,2024-06-17,Monday,8,203,157,46,195,150,45,-3.94,Sunny,74,No,None,Summer,Very High
FC0001243,SD003,Starbucks - UCSD Campus,La Jolla,university,2024-06-17,Monday,9,184,141,43,189,129,60,2.72,Sunny,74,No,None,Summer,Very High
FC0001244,SD003,Starbucks - UCSD Campus,La Jolla,university,2024-06-17,Monday,10,86,61,25,89,58,31,3.49,Sunny,74,No,None,Summer,High
FC0001245,SD003,Starbucks - UCSD Campus,La Jolla,university,2024-06-17,Monday,11,137,105,32,130,95,35,-5.11,Sunny,74,No,None,Summer,Very High
FC0001246,SD003,Starbucks - UCSD Campus,La Jolla,university,2024-06-17,Monday,16,142,99,43,135,103,32,-4.93,Sunny,74,No,None,Summer,Very High
FC0001247,SD003,Starbucks - UCSD Campus,La Jolla,university,2024-06-17,Monday,17,124,95,29,106,78,28,-14.52,Sunny,74,No,None,Summer,Very High
FC0001248,SD003,Starbucks - UCSD Campus,La Jolla,university,2024-06-17,Monday,18,88,60,28,88,70,18,0.0,Sunny,74,No,None,Summer,High
FC0001249,SD003,Starbucks - UCSD Campus,La Jolla,university,2024-06-17,Monday,19,53,39,14,55,42,13,3.77,Sunny,74,No,None,Summer,Moderate
FC0001250,SD003,Starbucks - UCSD Campus,La Jolla,university,2024-06-17,Monday,20,31,24,7,32,23,9,3.23,Sunny,74,No,None,Summer,Moderate
FC0001251,SD003,Starbucks - UCSD Campus,La Jolla,university,2024-06-24,Monday,6,22,15,7,22,14,8,0.0,Sunny,74,No,None,Summer,Low
FC0001252,SD003,Starbucks - UCSD Campus,La Jolla,university,2024-06-24,Monday,7,103,73,30,118,89,29,14.56,Sunny,74,No,None,Summer,Very High
FC0001253,SD003,Starbucks - UCSD Campus,La Jolla,university,2024-06-24,Monday,9,132,102,30,108,85,23,-18.18,Sunny,74,No,None,Summer,Very High
FC0001254,SD003,Starbucks - UCSD Campus,La Jolla,university,2024-06-24,Monday,10,82,57,25,74,49,25,-9.76,Sunny,74,No,None,Summer,High
FC0001255,SD003,Starbucks - UCSD Campus,La Jolla,university,2024-06-24,Monday,11,116,88,28,126,91,35,8.62,Sunny,74,No,None,Summer,Very High
FC0001256,SD003,Starbucks - UCSD Campus,La Jolla,university,2024-06-24,Monday,13,182,141,41,170,131,39,-6.59,Sunny,74,No,None,Summer,Very High
FC0001257,SD003,Starbucks - UCSD Campus,La Jolla,university,2024-06-24,Monday,17,139,94,45,145,100,45,4.32,Sunny,74,No,None,Summer,Very High
FC0001258,SD003,Starbucks - UCSD Campus,La Jolla,university,2024-06-24,Monday,18,88,67,21,87,57,30,-1.14,Sunny,74,No,None,Summer,High
FC0001259,SD003,Starbucks - UCSD Campus,La Jolla,university,2024-06-24,Monday,20,22,16,6,22,17,5,0.0,Sunny,74,No,None,Summer,Low
FC0001260,SD003,Starbucks - UCSD Campus,La Jolla,university,2024-06-24,Monday,21,26,18,8,25,17,8,-3.85,Sunny,74,No,None,Summer,Low
FC0001261,SD003,Starbucks - UCSD Campus,La Jolla,university,2024-07-01,Monday,7,97,69,28,92,64,28,-5.15,Marine Layer,76,No,None,Summer,High
FC0001262,SD003,Starbucks - UCSD Campus,La Jolla,university,2024-07-01,Monday,8,150,105,45,138,102,36,-8.0,Marine Layer,76,No,None,Summer,Very High
FC0001263,SD003,Starbucks - UCSD Campus,La Jolla,university,2024-07-01,Monday,9,139,107,32,135,98,37,-2.88,Marine Layer,76,No,None,Summer,Very High
FC0001264,SD003,Starbucks - UCSD Campus,La Jolla,university,2024-07-01,Monday,10,127,90,37,119,81,38,-6.3,Marine Layer,76,No,None,Summer,Very High
FC0001265,SD003,Starbucks - UCSD Campus,La Jolla,university,2024-07-01,Monday,13,169,129,40,187,139,48,10.65,Marine Layer,76,No,None,Summer,Very High
FC0001266,SD003,Starbucks - UCSD Campus,La Jolla,university,2024-07-01,Monday,15,90,61,29,84,66,18,-6.67,Marine Layer,76,No,None,Summer,High
FC0001267,SD003,Starbucks - UCSD Campus,La Jolla,university,2024-07-01,Monday,16,175,124,51,190,136,54,8.57,Marine Layer,76,No,None,Summer,Very High
FC0001268,SD003,Starbucks - UCSD Campus,La Jolla,university,2024-07-01,Monday,17,156,118,38,146,109,37,-6.41,Marine Layer,76,No,None,Summer,Very High
FC0001269,SD003,Starbucks - UCSD Campus,La Jolla,university,2024-07-01,Monday,18,51,39,12,54,38,16,5.88,Marine Layer,76,No,None,Summer,Moderate
FC0001270,SD003,Starbucks - UCSD Campus,La Jolla,university,2024-07-01,Monday,21,19,14,5,19,12,7,0.0,Marine Layer,76,No,None,Summer,Low
FC0001271,SD003,Starbucks - UCSD Campus,La Jolla,university,2024-07-08,Monday,9,175,131,44,180,140,40,2.86,Marine Layer,76,Yes,UCSD Finals Week,Summer,Very High
FC0001272,SD003,Starbucks - UCSD Campus,La Jolla,university,2024-07-08,Monday,11,150,116,34,151,105,46,0.67,Marine Layer,76,Yes,UCSD Finals Week,Summer,Very High
FC0001273,SD003,Starbucks - UCSD Campus,La Jolla,university,2024-07-08,Monday,13,209,153,56,221,169,52,5.74,Marine Layer,76,Yes,UCSD Finals Week,Summer,Very High
FC0001274,SD003,Starbucks - UCSD Campus,La Jolla,university,2024-07-08,Monday,14,198,145,53,198,156,42,0.0,Marine Layer,76,Yes,UCSD Finals Week,Summer,Very High
FC0001275,SD003,Starbucks - UCSD Campus,La Jolla,university,2024-07-08,Monday,15,114,81,33,107,83,24,-6.14,Marine Layer,76,Yes,UCSD Finals Week,Summer,Very High
FC0001276,SD003,Starbucks - UCSD Campus,La Jolla,university,2024-07-08,Monday,16,110,79,31,105,81,24,-4.55,Marine Layer,76,Yes,UCSD Finals Week,Summer,Very High
FC0001277,SD003,Starbucks - UCSD Campus,La Jolla,university,2024-07-08,Monday,17,104,77,27,96,67,29,-7.69,Marine Layer,76,Yes,UCSD Finals Week,Summer,High
FC0001278,SD003,Starbucks - UCSD Campus,La Jolla,university,2024-07-08,Monday,19,65,45,20,57,44,13,-12.31,Marine Layer,76,Yes,UCSD Finals Week,Summer,Moderate
FC0001279,SD003,Starbucks - UCSD Campus,La Jolla,university,2024-07-08,Monday,20,42,31,11,46,36,10,9.52,Marine Layer,76,Yes,UCSD Finals Week,Summer,Moderate
FC0001280,SD003,Starbucks - UCSD Campus,La Jolla,university,2024-07-08,Monday,21,28,21,7,27,19,8,-3.57,Marine Layer,76,Yes,UCSD Finals Week,Summer,Low
FC0001281,SD003,Starbucks - UCSD Campus,La Jolla,university,2024-07-15,Monday,7,118,81,37,124,85,39,5.08,Sunny,73,No,None,Summer,Very High
FC0001282,SD003,Starbucks - UCSD Campus,La Jolla,university,2024-07-15,Monday,8,104,77,27,117,84,33,12.5,Sunny,73,No,None,Summer,Very High
FC0001283,SD003,Starbucks - UCSD Campus,La Jolla,university,2024-07-15,Monday,9,148,108,40,147,114,33,-0.68,Sunny,73,No,None,Summer,Very High
FC0001284,SD003,Starbucks - UCSD Campus,La Jolla,university,2024-07-15,Monday,10,72,49,23,76,59,17,5.56,Sunny,73,No,None,Summer,High
FC0001285,SD003,Starbucks - UCSD Campus,La Jolla,university,2024-07-15,Monday,11,85,64,21,82,63,19,-3.53,Sunny,73,No,None,Summer,High
FC0001286,SD003,Starbucks - UCSD Campus,La Jolla,university,2024-07-15,Monday,12,87,60,27,92,61,31,5.75,Sunny,73,No,None,Summer,High
FC0001287,SD003,Starbucks - UCSD Campus,La Jolla,university,2024-07-15,Monday,13,142,103,39,160,109,51,12.68,Sunny,73,No,None,Summer,Very High
FC0001288,SD003,Starbucks - UCSD Campus,La Jolla,university,2024-07-15,Monday,16,115,83,32,115,81,34,0.0,Sunny,73,No,None,Summer,Very High
FC0001289,SD003,Starbucks - UCSD Campus,La Jolla,university,2024-07-15,Monday,20,39,29,10,36,25,11,-7.69,Sunny,73,No,None,Summer,Moderate
FC0001290,SD003,Starbucks - UCSD Campus,La Jolla,university,2024-07-15,Monday,21,26,17,9,23,15,8,-11.54,Sunny,73,No,None,Summer,Low
FC0001291,SD003,Starbucks - UCSD Campus,La Jolla,university,2024-07-22,Monday,6,36,27,9,37,28,9,2.78,Overcast,76,No,None,Summer,Moderate
FC0001292,SD003,Starbucks - UCSD Campus,La Jolla,university,2024-07-22,Monday,7,116,80,36,121,85,36,4.31,Overcast,76,No,None,Summer,Very High
FC0001293,SD003,Starbucks - UCSD Campus,La Jolla,university,2024-07-22,Monday,8,115,89,26,114,81,33,-0.87,Overcast,76,No,None,Summer,Very High
FC0001294,SD003,Starbucks - UCSD Campus,La Jolla,university,2024-07-22,Monday,11,93,65,28,90,61,29,-3.23,Overcast,76,No,None,Summer,High
FC0001295,SD003,Starbucks - UCSD Campus,La Jolla,university,2024-07-22,Monday,13,100,73,27,101,69,32,1.0,Overcast,76,No,None,Summer,Very High
FC0001296,SD003,Starbucks - UCSD Campus,La Jolla,university,2024-07-22,Monday,15,80,56,24,71,48,23,-11.25,Overcast,76,No,None,Summer,High
FC0001297,SD003,Starbucks - UCSD Campus,La Jolla,university,2024-07-22,Monday,17,109,82,27,121,80,41,11.01,Overcast,76,No,None,Summer,Very High
FC0001298,SD003,Starbucks - UCSD Campus,La Jolla,university,2024-07-22,Monday,19,36,27,9,41,31,10,13.89,Overcast,76,No,None,Summer,Moderate
FC0001299,SD003,Starbucks - UCSD Campus,La Jolla,university,2024-07-22,Monday,20,40,28,12,41,30,11,2.5,Overcast,76,No,None,Summer,Moderate
FC0001300,SD003,Starbucks - UCSD Campus,La Jolla,university,2024-07-22,Monday,21,18,13,5,16,11,5,-11.11,Overcast,76,No,None,Summer,Low
FC0001301,SD003,Starbucks - UCSD Campus,La Jolla,university,2024-07-29,Monday,9,179,128,51,179,123,56,0.0,Sunny,75,Yes,UCSD Finals Week,Summer,Very High
FC0001302,SD003,Starbucks - UCSD Campus,La Jolla,university,2024-07-29,Monday,11,101,71,30,105,77,28,3.96,Sunny,75,Yes,UCSD Finals Week,Summer,Very High
FC0001303,SD003,Starbucks - UCSD Campus,La Jolla,university,2024-07-29,Monday,13,123,88,35,132,91,41,7.32,Sunny,75,Yes,UCSD Finals Week,Summer,Very High
FC0001304,SD003,Starbucks - UCSD Campus,La Jolla,university,2024-07-29,Monday,14,191,144,47,165,117,48,-13.61,Sunny,75,Yes,UCSD Finals Week,Summer,Very High
FC0001305,SD003,Starbucks - UCSD Campus,La Jolla,university,2024-07-29,Monday,15,165,119,46,182,125,57,10.3,Sunny,75,Yes,UCSD Finals Week,Summer,Very High
FC0001306,SD003,Starbucks - UCSD Campus,La Jolla,university,2024-07-29,Monday,16,187,132,55,209,161,48,11.76,Sunny,75,Yes,UCSD Finals Week,Summer,Very High
FC0001307,SD003,Starbucks - UCSD Campus,La Jolla,university,2024-07-29,Monday,17,205,145,60,227,152,75,10.73,Sunny,75,Yes,UCSD Finals Week,Summer,Very High
FC0001308,SD003,Starbucks - UCSD Campus,La Jolla,university,2024-07-29,Monday,19,78,59,19,85,63,22,8.97,Sunny,75,Yes,UCSD Finals Week,Summer,High
FC0001309,SD003,Starbucks - UCSD Campus,La Jolla,university,2024-07-29,Monday,20,27,20,7,26,19,7,-3.7,Sunny,75,Yes,UCSD Finals Week,Summer,Low
FC0001310,SD003,Starbucks - UCSD Campus,La Jolla,university,2024-07-29,Monday,21,22,16,6,20,13,7,-9.09,Sunny,75,Yes,UCSD Finals Week,Summer,Low
FC0001311,SD003,Starbucks - UCSD Campus,La Jolla,university,2024-08-05,Monday,6,27,20,7,26,20,6,-3.7,Sunny,81,No,None,Summer,Low
FC0001312,SD003,Starbucks - UCSD Campus,La Jolla,university,2024-08-05,Monday,10,96,68,28,97,70,27,1.04,Sunny,81,No,None,Summer,High
FC0001313,SD003,Starbucks - UCSD Campus,La Jolla,university,2024-08-05,Monday,11,124,91,33,117,87,30,-5.65,Sunny,81,No,None,Summer,Very High
FC0001314,SD003,Starbucks - UCSD Campus,La Jolla,university,2024-08-05,Monday,12,81,60,21,71,48,23,-12.35,Sunny,81,No,None,Summer,High
FC0001315,SD003,Starbucks - UCSD Campus,La Jolla,university,2024-08-05,Monday,13,119,86,33,137,105,32,15.13,Sunny,81,No,None,Summer,Very High
FC0001316,SD003,Starbucks - UCSD Campus,La Jolla,university,2024-08-05,Monday,16,106,81,25,121,84,37,14.15,Sunny,81,No,None,Summer,Very High
FC0001317,SD003,Starbucks - UCSD Campus,La Jolla,university,2024-08-05,Monday,17,113,78,35,125,90,35,10.62,Sunny,81,No,None,Summer,Very High
FC0001318,SD003,Starbucks - UCSD Campus,La Jolla,university,2024-08-05,Monday,19,42,31,11,40,29,11,-4.76,Sunny,81,No,None,Summer,Moderate
FC0001319,SD003,Starbucks - UCSD Campus,La Jolla,university,2024-08-05,Monday,20,25,17,8,29,19,10,16.0,Sunny,81,No,None,Summer,Low
FC0001320,SD003,Starbucks - UCSD Campus,La Jolla,university,2024-08-05,Monday,21,15,10,5,15,10,5,0.0,Sunny,81,No,None,Summer,Low
FC0001321,SD003,Starbucks - UCSD Campus,La Jolla,university,2024-08-12,Monday,6,36,25,11,38,30,8,5.56,Light Rain,77,No,None,Summer,Moderate
FC0001322,SD003,Starbucks - UCSD Campus,La Jolla,university,2024-08-12,Monday,7,95,69,26,95,69,26,0.0,Light Rain,77,No,None,Summer,High
FC0001323,SD003,Starbucks - UCSD Campus,La Jolla,university,2024-08-12,Monday,8,126,95,31,125,83,42,-0.79,Light Rain,77,No,None,Summer,Very High
FC0001324,SD003,Starbucks - UCSD Campus,La Jolla,university,2024-08-12,Monday,14,169,119,50,182,134,48,7.69,Light Rain,77,No,None,Summer,Very High
FC0001325,SD003,Starbucks - UCSD Campus,La Jolla,university,2024-08-12,Monday,15,100,72,28,106,74,32,6.0,Light Rain,77,No,None,Summer,Very High
FC0001326,SD003,Starbucks - UCSD Campus,La Jolla,university,2024-08-12,Monday,16,123,85,38,124,92,32,0.81,Light Rain,77,No,None,Summer,Very High
FC0001327,SD003,Starbucks - UCSD Campus,La Jolla,university,2024-08-12,Monday,17,144,107,37,137,109,28,-4.86,Light Rain,77,No,None,Summer,Very High
FC0001328,SD003,Starbucks - UCSD Campus,La Jolla,university,2024-08-12,Monday,18,89,64,25,97,66,31,8.99,Light Rain,77,No,None,Summer,High
FC0001329,SD003,Starbucks - UCSD Campus,La Jolla,university,2024-08-12,Monday,20,20,15,5,20,14,6,0.0,Light Rain,77,No,None,Summer,Low
FC0001330,SD003,Starbucks - UCSD Campus,La Jolla,university,2024-08-12,Monday,21,16,11,5,16,11,5,0.0,Light Rain,77,No,None,Summer,Low
FC0001331,SD003,Starbucks - UCSD Campus,La Jolla,university,2024-08-19,Monday,6,37,26,11,38,25,13,2.7,Sunny,83,No,None,Summer,Moderate
FC0001332,SD003,Starbucks - UCSD Campus,La Jolla,university,2024-08-19,Monday,7,74,50,24,75,57,18,1.35,Sunny,83,No,None,Summer,High
FC0001333,SD003,Starbucks - UCSD Campus,La Jolla,university,2024-08-19,Monday,10,137,103,34,125,93,32,-8.76,Sunny,83,No,None,Summer,Very High
FC0001334,SD003,Starbucks - UCSD Campus,La Jolla,university,2024-08-19,Monday,11,64,48,16,58,40,18,-9.38,Sunny,83,No,None,Summer,Moderate
FC0001335,SD003,Starbucks - UCSD Campus,La Jolla,university,2024-08-19,Monday,14,180,128,52,178,121,57,-1.11,Sunny,83,No,None,Summer,Very High
FC0001336,SD003,Starbucks - UCSD Campus,La Jolla,university,2024-08-19,Monday,15,116,87,29,101,78,23,-12.93,Sunny,83,No,None,Summer,Very High
FC0001337,SD003,Starbucks - UCSD Campus,La Jolla,university,2024-08-19,Monday,18,92,67,25,90,59,31,-2.17,Sunny,83,No,None,Summer,High
FC0001338,SD003,Starbucks - UCSD Campus,La Jolla,university,2024-08-19,Monday,19,57,43,14,53,38,15,-7.02,Sunny,83,No,None,Summer,Moderate
FC0001339,SD003,Starbucks - UCSD Campus,La Jolla,university,2024-08-19,Monday,20,30,23,7,24,16,8,-20.0,Sunny,83,No,None,Summer,Low
FC0001340,SD003,Starbucks - UCSD Campus,La Jolla,university,2024-08-19,Monday,21,22,15,7,20,14,6,-9.09,Sunny,83,No,None,Summer,Low
FC0001341,SD003,Starbucks - UCSD Campus,La Jolla,university,2024-08-26,Monday,6,39,29,10,38,26,12,-2.56,Overcast,83,No,None,Summer,Moderate
FC0001342,SD003,Starbucks - UCSD Campus,La Jolla,university,2024-08-26,Monday,7,101,72,29,103,72,31,1.98,Overcast,83,No,None,Summer,Very High
FC0001343,SD003,Starbucks - UCSD Campus,La Jolla,university,2024-08-26,Monday,10,80,57,23,81,57,24,1.25,Overcast,83,No,None,Summer,High
FC0001344,SD003,Starbucks - UCSD Campus,La Jolla,university,2024-08-26,Monday,12,125,88,37,130,94,36,4.0,Overcast,83,No,None,Summer,Very High
FC0001345,SD003,Starbucks - UCSD Campus,La Jolla,university,2024-08-26,Monday,13,126,95,31,154,109,45,22.22,Overcast,83,No,None,Summer,Very High
FC0001346,SD003,Starbucks - UCSD Campus,La Jolla,university,2024-08-26,Monday,14,106,80,26,106,72,34,0.0,Overcast,83,No,None,Summer,Very High
FC0001347,SD003,Starbucks - UCSD Campus,La Jolla,university,2024-08-26,Monday,16,184,134,50,198,131,67,7.61,Overcast,83,No,None,Summer,Very High
FC0001348,SD003,Starbucks - UCSD Campus,La Jolla,university,2024-08-26,Monday,17,90,64,26,97,65,32,7.78,Overcast,83,No,None,Summer,High
FC0001349,SD003,Starbucks - UCSD Campus,La Jolla,university,2024-08-26,Monday,18,78,53,25,74,54,20,-5.13,Overcast,83,No,None,Summer,High
FC0001350,SD003,Starbucks - UCSD Campus,La Jolla,university,2024-08-26,Monday,19,53,37,16,52,39,13,-1.89,Overcast,83,No,None,Summer,Moderate
FC0001351,SD003,Starbucks - UCSD Campus,La Jolla,university,2024-09-02,Monday,9,114,83,31,128,100,28,12.28,Partly Cloudy,78,No,None,Fall,Very High
FC0001352,SD003,Starbucks - UCSD Campus,La Jolla,university,2024-09-02,Monday,10,90,68,22,99,74,25,10.0,Partly Cloudy,78,No,None,Fall,High
FC0001353,SD003,Starbucks - UCSD Campus,La Jolla,university,2024-09-02,Monday,11,67,47,20,73,53,20,8.96,Partly Cloudy,78,No,None,Fall,High
FC0001354,SD003,Starbucks - UCSD Campus,La Jolla,university,2024-09-02,Monday,12,163,119,44,160,106,54,-1.84,Partly Cloudy,78,No,None,Fall,Very High
FC0001355,SD003,Starbucks - UCSD Campus,La Jolla,university,2024-09-02,Monday,13,136,98,38,145,101,44,6.62,Partly Cloudy,78,No,None,Fall,Very High
FC0001356,SD003,Starbucks - UCSD Campus,La Jolla,university,2024-09-02,Monday,14,141,97,44,136,97,39,-3.55,Partly Cloudy,78,No,None,Fall,Very High
FC0001357,SD003,Starbucks - UCSD Campus,La Jolla,university,2024-09-02,Monday,16,124,87,37,118,86,32,-4.84,Partly Cloudy,78,No,None,Fall,Very High
FC0001358,SD003,Starbucks - UCSD Campus,La Jolla,university,2024-09-02,Monday,17,122,94,28,112,87,25,-8.2,Partly Cloudy,78,No,None,Fall,Very High
FC0001359,SD003,Starbucks - UCSD Campus,La Jolla,university,2024-09-02,Monday,19,31,22,9,34,23,11,9.68,Partly Cloudy,78,No,None,Fall,Moderate
FC0001360,SD003,Starbucks - UCSD Campus,La Jolla,university,2024-09-02,Monday,20,28,20,8,23,15,8,-17.86,Partly Cloudy,78,No,None,Fall,Low
FC0001361,SD003,Starbucks - UCSD Campus,La Jolla,university,2024-09-09,Monday,6,43,32,11,45,32,13,4.65,Sunny,77,No,None,Fall,Moderate
FC0001362,SD003,Starbucks - UCSD Campus,La Jolla,university,2024-09-09,Monday,9,158,108,50,161,116,45,1.9,Sunny,77,No,None,Fall,Very High
FC0001363,SD003,Starbucks - UCSD Campus,La Jolla,university,2024-09-09,Monday,11,137,105,32,134,104,30,-2.19,Sunny,77,No,None,Fall,Very High
FC0001364,SD003,Starbucks - UCSD Campus,La Jolla,university,2024-09-09,Monday,12,142,110,32,142,99,43,0.0,Sunny,77,No,None,Fall,Very High
FC0001365,SD003,Starbucks - UCSD Campus,La Jolla,university,2024-09-09,Monday,13,160,124,36,168,132,36,5.0,Sunny,77,No,None,Fall,Very High
FC0001366,SD003,Starbucks - UCSD Campus,La Jolla,university,2024-09-09,Monday,16,114,87,27,112,81,31,-1.75,Sunny,77,No,None,Fall,Very High
FC0001367,SD003,Starbucks - UCSD Campus,La Jolla,university,2024-09-09,Monday,17,122,92,30,134,103,31,9.84,Sunny,77,No,None,Fall,Very High
FC0001368,SD003,Starbucks - UCSD Campus,La Jolla,university,2024-09-09,Monday,18,75,55,20,74,56,18,-1.33,Sunny,77,No,None,Fall,High
FC0001369,SD003,Starbucks - UCSD Campus,La Jolla,university,2024-09-09,Monday,20,26,17,9,26,19,7,0.0,Sunny,77,No,None,Fall,Low
FC0001370,SD003,Starbucks - UCSD Campus,La Jolla,university,2024-09-09,Monday,21,18,12,6,18,13,5,0.0,Sunny,77,No,None,Fall,Low
FC0001371,SD003,Starbucks - UCSD Campus,La Jolla,university,2024-09-16,Monday,8,174,134,40,163,125,38,-6.32,Sunny,80,No,None,Fall,Very High
FC0001372,SD003,Starbucks - UCSD Campus,La Jolla,university,2024-09-16,Monday,10,74,53,21,84,65,19,13.51,Sunny,80,No,None,Fall,High
FC0001373,SD003,Starbucks - UCSD Campus,La Jolla,university,2024-09-16,Monday,11,92,71,21,90,63,27,-2.17,Sunny,80,No,None,Fall,High
FC0001374,SD003,Starbucks - UCSD Campus,La Jolla,university,2024-09-16,Monday,13,156,110,46,163,126,37,4.49,Sunny,80,No,None,Fall,Very High
FC0001375,SD003,Starbucks - UCSD Campus,La Jolla,university,2024-09-16,Monday,14,163,116,47,148,104,44,-9.2,Sunny,80,No,None,Fall,Very High
FC0001376,SD003,Starbucks - UCSD Campus,La Jolla,university,2024-09-16,Monday,16,99,71,28,93,64,29,-6.06,Sunny,80,No,None,Fall,High
FC0001377,SD003,Starbucks - UCSD Campus,La Jolla,university,2024-09-16,Monday,17,141,98,43,123,98,25,-12.77,Sunny,80,No,None,Fall,Very High
FC0001378,SD003,Starbucks - UCSD Campus,La Jolla,university,2024-09-16,Monday,18,60,45,15,56,39,17,-6.67,Sunny,80,No,None,Fall,Moderate
FC0001379,SD003,Starbucks - UCSD Campus,La Jolla,university,2024-09-16,Monday,20,29,22,7,24,17,7,-17.24,Sunny,80,No,None,Fall,Low
FC0001380,SD003,Starbucks - UCSD Campus,La Jolla,university,2024-09-16,Monday,21,25,18,7,26,19,7,4.0,Sunny,80,No,None,Fall,Low
FC0001381,SD003,Starbucks - UCSD Campus,La Jolla,university,2024-09-23,Monday,7,74,51,23,76,55,21,2.7,Overcast,74,No,None,Fall,High
FC0001382,SD003,Starbucks - UCSD Campus,La Jolla,university,2024-09-23,Monday,9,116,88,28,123,88,35,6.03,Overcast,74,No,None,Fall,Very High
FC0001383,SD003,Starbucks - UCSD Campus,La Jolla,university,2024-09-23,Monday,11,70,53,17,80,59,21,14.29,Overcast,74,No,None,Fall,High
FC0001384,SD003,Starbucks - UCSD Campus,La Jolla,university,2024-09-23,Monday,12,157,111,46,143,104,39,-8.92,Overcast,74,No,None,Fall,Very High
FC0001385,SD003,Starbucks - UCSD Campus,La Jolla,university,2024-09-23,Monday,13,133,96,37,136,89,47,2.26,Overcast,74,No,None,Fall,Very High
FC0001386,SD003,Starbucks - UCSD Campus,La Jolla,university,2024-09-23,Monday,14,138,107,31,133,94,39,-3.62,Overcast,74,No,None,Fall,Very High
FC0001387,SD003,Starbucks - UCSD Campus,La Jolla,university,2024-09-23,Monday,17,144,105,39,145,108,37,0.69,Overcast,74,No,None,Fall,Very High
FC0001388,SD003,Starbucks - UCSD Campus,La Jolla,university,2024-09-23,Monday,18,72,51,21,62,44,18,-13.89,Overcast,74,No,None,Fall,High
FC0001389,SD003,Starbucks - UCSD Campus,La Jolla,university,2024-09-23,Monday,19,56,40,16,52,35,17,-7.14,Overcast,74,No,None,Fall,Moderate
FC0001390,SD003,Starbucks - UCSD Campus,La Jolla,university,2024-09-23,Monday,20,25,17,8,25,18,7,0.0,Overcast,74,No,None,Fall,Low
FC0001391,SD003,Starbucks - UCSD Campus,La Jolla,university,2024-09-30,Monday,6,43,30,13,46,31,15,6.98,Overcast,75,No,None,Fall,Moderate
FC0001392,SD003,Starbucks - UCSD Campus,La Jolla,university,2024-09-30,Monday,7,95,70,25,115,76,39,21.05,Overcast,75,No,None,Fall,Very High
FC0001393,SD003,Starbucks - UCSD Campus,La Jolla,university,2024-09-30,Monday,9,128,90,38,147,113,34,14.84,Overcast,75,No,None,Fall,Very High
FC0001394,SD003,Starbucks - UCSD Campus,La Jolla,university,2024-09-30,Monday,10,84,59,25,82,61,21,-2.38,Overcast,75,No,None,Fall,High
FC0001395,SD003,Starbucks - UCSD Campus,La Jolla,university,2024-09-30,Monday,12,100,70,30,92,70,22,-8.0,Overcast,75,No,None,Fall,High
FC0001396,SD003,Starbucks - UCSD Campus,La Jolla,university,2024-09-30,Monday,13,190,134,56,171,113,58,-10.0,Overcast,75,No,None,Fall,Very High
FC0001397,SD003,Starbucks - UCSD Campus,La Jolla,university,2024-09-30,Monday,14,184,136,48,179,120,59,-2.72,Overcast,75,No,None,Fall,Very High
FC0001398,SD003,Starbucks - UCSD Campus,La Jolla,university,2024-09-30,Monday,16,121,87,34,116,84,32,-4.13,Overcast,75,No,None,Fall,Very High
FC0001399,SD003,Starbucks - UCSD Campus,La Jolla,university,2024-09-30,Monday,17,162,124,38,158,111,47,-2.47,Overcast,75,No,None,Fall,Very High
FC0001400,SD003,Starbucks - UCSD Campus,La Jolla,university,2024-09-30,Monday,20,32,24,8,32,25,7,0.0,Overcast,75,No,None,Fall,Moderate
FC0001401,SD003,Starbucks - UCSD Campus,La Jolla,university,2024-10-07,Monday,6,20,15,5,19,13,6,-5.0,Partly Cloudy,71,No,None,Fall,Low
FC0001402,SD003,Starbucks - UCSD Campus,La Jolla,university,2024-10-07,Monday,7,121,91,30,127,89,38,4.96,Partly Cloudy,71,No,None,Fall,Very High
FC0001403,SD003,Starbucks - UCSD Campus,La Jolla,university,2024-10-07,Monday,10,71,51,20,73,53,20,2.82,Partly Cloudy,71,No,None,Fall,High
FC0001404,SD003,Starbucks - UCSD Campus,La Jolla,university,2024-10-07,Monday,11,120,88,32,116,80,36,-3.33,Partly Cloudy,71,No,None,Fall,Very High
FC0001405,SD003,Starbucks - UCSD Campus,La Jolla,university,2024-10-07,Monday,13,112,83,29,113,86,27,0.89,Partly Cloudy,71,No,None,Fall,Very High
FC0001406,SD003,Starbucks - UCSD Campus,La Jolla,university,2024-10-07,Monday,14,183,138,45,177,133,44,-3.28,Partly Cloudy,71,No,None,Fall,Very High
FC0001407,SD003,Starbucks - UCSD Campus,La Jolla,university,2024-10-07,Monday,15,113,86,27,110,80,30,-2.65,Partly Cloudy,71,No,None,Fall,Very High
FC0001408,SD003,Starbucks - UCSD Campus,La Jolla,university,2024-10-07,Monday,17,81,58,23,79,54,25,-2.47,Partly Cloudy,71,No,None,Fall,High
FC0001409,SD003,Starbucks - UCSD Campus,La Jolla,university,2024-10-07,Monday,18,85,61,24,80,55,25,-5.88,Partly Cloudy,71,No,None,Fall,High
FC0001410,SD003,Starbucks - UCSD Campus,La Jolla,university,2024-10-07,Monday,20,26,19,7,25,19,6,-3.85,Partly Cloudy,71,No,None,Fall,Low
FC0001411,SD003,Starbucks - UCSD Campus,La Jolla,university,2024-10-14,Monday,6,27,19,8,28,20,8,3.7,Partly Cloudy,74,No,None,Fall,Low
FC0001412,SD003,Starbucks - UCSD Campus,La Jolla,university,2024-10-14,Monday,7,103,75,28,102,73,29,-0.97,Partly Cloudy,74,No,None,Fall,Very High
FC0001413,SD003,Starbucks - UCSD Campus,La Jolla,university,2024-10-14,Monday,9,149,115,34,128,101,27,-14.09,Partly Cloudy,74,No,None,Fall,Very High
FC0001414,SD003,Starbucks - UCSD Campus,La Jolla,university,2024-10-14,Monday,13,136,99,37,155,123,32,13.97,Partly Cloudy,74,No,None,Fall,Very High
FC0001415,SD003,Starbucks - UCSD Campus,La Jolla,university,2024-10-14,Monday,14,160,118,42,165,130,35,3.12,Partly Cloudy,74,No,None,Fall,Very High
FC0001416,SD003,Starbucks - UCSD Campus,La Jolla,university,2024-10-14,Monday,15,169,122,47,169,113,56,0.0,Partly Cloudy,74,No,None,Fall,Very High
FC0001417,SD003,Starbucks - UCSD Campus,La Jolla,university,2024-10-14,Monday,16,163,117,46,169,120,49,3.68,Partly Cloudy,74,No,None,Fall,Very High
FC0001418,SD003,Starbucks - UCSD Campus,La Jolla,university,2024-10-14,Monday,17,162,111,51,177,139,38,9.26,Partly Cloudy,74,No,None,Fall,Very High
FC0001419,SD003,Starbucks - UCSD Campus,La Jolla,university,2024-10-14,Monday,19,37,28,9,44,34,10,18.92,Partly Cloudy,74,No,None,Fall,Moderate
FC0001420,SD003,Starbucks - UCSD Campus,La Jolla,university,2024-10-14,Monday,20,28,20,8,28,21,7,0.0,Partly Cloudy,74,No,None,Fall,Low
FC0001421,SD003,Starbucks - UCSD Campus,La Jolla,university,2024-10-21,Monday,6,37,27,10,39,28,11,5.41,Sunny,72,No,None,Fall,Moderate
FC0001422,SD003,Starbucks - UCSD Campus,La Jolla,university,2024-10-21,Monday,8,117,85,32,130,86,44,11.11,Sunny,72,No,None,Fall,Very High
FC0001423,SD003,Starbucks - UCSD Campus,La Jolla,university,2024-10-21,Monday,9,124,92,32,134,95,39,8.06,Sunny,72,No,None,Fall,Very High
FC0001424,SD003,Starbucks - UCSD Campus,La Jolla,university,2024-10-21,Monday,10,139,96,43,128,99,29,-7.91,Sunny,72,No,None,Fall,Very High
FC0001425,SD003,Starbucks - UCSD Campus,La Jolla,university,2024-10-21,Monday,11,68,48,20,73,53,20,7.35,Sunny,72,No,None,Fall,High
FC0001426,SD003,Starbucks - UCSD Campus,La Jolla,university,2024-10-21,Monday,13,170,130,40,155,119,36,-8.82,Sunny,72,No,None,Fall,Very High
FC0001427,SD003,Starbucks - UCSD Campus,La Jolla,university,2024-10-21,Monday,16,96,65,31,95,73,22,-1.04,Sunny,72,No,None,Fall,High
FC0001428,SD003,Starbucks - UCSD Campus,La Jolla,university,2024-10-21,Monday,18,68,47,21,64,47,17,-5.88,Sunny,72,No,None,Fall,High
FC0001429,SD003,Starbucks - UCSD Campus,La Jolla,university,2024-10-21,Monday,19,51,39,12,54,40,14,5.88,Sunny,72,No,None,Fall,Moderate
FC0001430,SD003,Starbucks - UCSD Campus,La Jolla,university,2024-10-21,Monday,21,22,15,7,25,19,6,13.64,Sunny,72,No,None,Fall,Low
FC0001431,SD003,Starbucks - UCSD Campus,La Jolla,university,2024-10-28,Monday,7,76,55,21,78,55,23,2.63,Partly Cloudy,70,No,None,Fall,High
FC0001432,SD003,Starbucks - UCSD Campus,La Jolla,university,2024-10-28,Monday,8,109,74,35,104,76,28,-4.59,Partly Cloudy,70,No,None,Fall,Very High
FC0001433,SD003,Starbucks - UCSD Campus,La Jolla,university,2024-10-28,Monday,9,125,87,38,132,87,45,5.6,Partly Cloudy,70,No,None,Fall,Very High
FC0001434,SD003,Starbucks - UCSD Campus,La Jolla,university,2024-10-28,Monday,11,85,58,27,78,54,24,-8.24,Partly Cloudy,70,No,None,Fall,High
FC0001435,SD003,Starbucks - UCSD Campus,La Jolla,university,2024-10-28,Monday,12,132,102,30,139,92,47,5.3,Partly Cloudy,70,No,None,Fall,Very High
FC0001436,SD003,Starbucks - UCSD Campus,La Jolla,university,2024-10-28,Monday,15,137,93,44,134,105,29,-2.19,Partly Cloudy,70,No,None,Fall,Very High
FC0001437,SD003,Starbucks - UCSD Campus,La Jolla,university,2024-10-28,Monday,17,101,73,28,99,77,22,-1.98,Partly Cloudy,70,No,None,Fall,High
FC0001438,SD003,Starbucks - UCSD Campus,La Jolla,university,2024-10-28,Monday,18,82,63,19,77,59,18,-6.1,Partly Cloudy,70,No,None,Fall,High
FC0001439,SD003,Starbucks - UCSD Campus,La Jolla,university,2024-10-28,Monday,20,28,19,9,30,22,8,7.14,Partly Cloudy,70,No,None,Fall,Moderate
FC0001440,SD003,Starbucks - UCSD Campus,La Jolla,university,2024-10-28,Monday,21,21,15,6,20,15,5,-4.76,Partly Cloudy,70,No,None,Fall,Low
FC0001441,SD003,Starbucks - UCSD Campus,La Jolla,university,2024-11-04,Monday,6,20,15,5,19,13,6,-5.0,Marine Layer,63,No,None,Fall,Low
FC0001442,SD003,Starbucks - UCSD Campus,La Jolla,university,2024-11-04,Monday,7,89,68,21,85,62,23,-4.49,Marine Layer,63,No,None,Fall,High
FC0001443,SD003,Starbucks - UCSD Campus,La Jolla,university,2024-11-04,Monday,8,147,109,38,152,108,44,3.4,Marine Layer,63,No,None,Fall,Very High
FC0001444,SD003,Starbucks - UCSD Campus,La Jolla,university,2024-11-04,Monday,11,102,72,30,101,67,34,-0.98,Marine Layer,63,No,None,Fall,Very High
FC0001445,SD003,Starbucks - UCSD Campus,La Jolla,university,2024-11-04,Monday,12,158,113,45,152,109,43,-3.8,Marine Layer,63,No,None,Fall,Very High
FC0001446,SD003,Starbucks - UCSD Campus,La Jolla,university,2024-11-04,Monday,13,138,96,42,115,89,26,-16.67,Marine Layer,63,No,None,Fall,Very High
FC0001447,SD003,Starbucks - UCSD Campus,La Jolla,university,2024-11-04,Monday,18,69,46,23,70,49,21,1.45,Marine Layer,63,No,None,Fall,High
FC0001448,SD003,Starbucks - UCSD Campus,La Jolla,university,2024-11-04,Monday,19,36,26,10,33,23,10,-8.33,Marine Layer,63,No,None,Fall,Moderate
FC0001449,SD003,Starbucks - UCSD Campus,La Jolla,university,2024-11-04,Monday,20,33,25,8,38,27,11,15.15,Marine Layer,63,No,None,Fall,Moderate
FC0001450,SD003,Starbucks - UCSD Campus,La Jolla,university,2024-11-04,Monday,21,12,8,4,12,7,5,0.0,Marine Layer,63,No,None,Fall,Low
FC0001451,SD003,Starbucks - UCSD Campus,La Jolla,university,2024-11-11,Monday,7,70,49,21,61,46,15,-12.86,Partly Cloudy,63,No,None,Fall,High
FC0001452,SD003,Starbucks - UCSD Campus,La Jolla,university,2024-11-11,Monday,10,126,94,32,123,82,41,-2.38,Partly Cloudy,63,No,None,Fall,Very High
FC0001453,SD003,Starbucks - UCSD Campus,La Jolla,university,2024-11-11,Monday,11,82,57,25,67,52,15,-18.29,Partly Cloudy,63,No,None,Fall,High
FC0001454,SD003,Starbucks - UCSD Campus,La Jolla,university,2024-11-11,Monday,12,83,64,19,87,65,22,4.82,Partly Cloudy,63,No,None,Fall,High
FC0001455,SD003,Starbucks - UCSD Campus,La Jolla,university,2024-11-11,Monday,13,190,144,46,165,127,38,-13.16,Partly Cloudy,63,No,None,Fall,Very High
FC0001456,SD003,Starbucks - UCSD Campus,La Jolla,university,2024-11-11,Monday,14,165,115,50,169,116,53,2.42,Partly Cloudy,63,No,None,Fall,Very High
FC0001457,SD003,Starbucks - UCSD Campus,La Jolla,university,2024-11-11,Monday,18,69,48,21,70,52,18,1.45,Partly Cloudy,63,No,None,Fall,High
FC0001458,SD003,Starbucks - UCSD Campus,La Jolla,university,2024-11-11,Monday,19,56,43,13,52,40,12,-7.14,Partly Cloudy,63,No,None,Fall,Moderate
FC0001459,SD003,Starbucks - UCSD Campus,La Jolla,university,2024-11-11,Monday,20,33,24,9,32,22,10,-3.03,Partly Cloudy,63,No,None,Fall,Moderate
FC0001460,SD003,Starbucks - UCSD Campus,La Jolla,university,2024-11-11,Monday,21,17,12,5,15,10,5,-11.76,Partly Cloudy,63,No,None,Fall,Low
FC0001461,SD003,Starbucks - UCSD Campus,La Jolla,university,2024-11-18,Monday,6,25,19,6,26,18,8,4.0,Partly Cloudy,63,No,None,Fall,Low
FC0001462,SD003,Starbucks - UCSD Campus,La Jolla,university,2024-11-18,Monday,8,133,91,42,143,112,31,7.52,Partly Cloudy,63,No,None,Fall,Very High
FC0001463,SD003,Starbucks - UCSD Campus,La Jolla,university,2024-11-18,Monday,10,122,84,38,131,92,39,7.38,Partly Cloudy,63,No,None,Fall,Very High
FC0001464,SD003,Starbucks - UCSD Campus,La Jolla,university,2024-11-18,Monday,12,162,112,50,170,132,38,4.94,Partly Cloudy,63,No,None,Fall,Very High
FC0001465,SD003,Starbucks - UCSD Campus,La Jolla,university,2024-11-18,Monday,15,167,129,38,195,133,62,16.77,Partly Cloudy,63,No,None,Fall,Very High
FC0001466,SD003,Starbucks - UCSD Campus,La Jolla,university,2024-11-18,Monday,16,108,77,31,122,87,35,12.96,Partly Cloudy,63,No,None,Fall,Very High
FC0001467,SD003,Starbucks - UCSD Campus,La Jolla,university,2024-11-18,Monday,17,122,87,35,112,78,34,-8.2,Partly Cloudy,63,No,None,Fall,Very High
FC0001468,SD003,Starbucks - UCSD Campus,La Jolla,university,2024-11-18,Monday,18,57,41,16,52,40,12,-8.77,Partly Cloudy,63,No,None,Fall,Moderate
FC0001469,SD003,Starbucks - UCSD Campus,La Jolla,university,2024-11-18,Monday,20,37,27,10,40,30,10,8.11,Partly Cloudy,63,No,None,Fall,Moderate
FC0001470,SD003,Starbucks - UCSD Campus,La Jolla,university,2024-11-18,Monday,21,15,11,4,14,10,4,-6.67,Partly Cloudy,63,No,None,Fall,Low
FC0001471,SD003,Starbucks - UCSD Campus,La Jolla,university,2024-11-25,Monday,7,77,52,25,70,47,23,-9.09,Sunny,63,No,None,Fall,High
FC0001472,SD003,Starbucks - UCSD Campus,La Jolla,university,2024-11-25,Monday,9,132,102,30,142,105,37,7.58,Sunny,63,No,None,Fall,Very High
FC0001473,SD003,Starbucks - UCSD Campus,La Jolla,university,2024-11-25,Monday,12,117,83,34,117,77,40,0.0,Sunny,63,No,None,Fall,Very High
FC0001474,SD003,Starbucks - UCSD Campus,La Jolla,university,2024-11-25,Monday,13,129,92,37,142,113,29,10.08,Sunny,63,No,None,Fall,Very High
FC0001475,SD003,Starbucks - UCSD Campus,La Jolla,university,2024-11-25,Monday,14,181,131,50,154,123,31,-14.92,Sunny,63,No,None,Fall,Very High
FC0001476,SD003,Starbucks - UCSD Campus,La Jolla,university,2024-11-25,Monday,17,129,92,37,147,110,37,13.95,Sunny,63,No,None,Fall,Very High
FC0001477,SD003,Starbucks - UCSD Campus,La Jolla,university,2024-11-25,Monday,18,63,47,16,61,41,20,-3.17,Sunny,63,No,None,Fall,High
FC0001478,SD003,Starbucks - UCSD Campus,La Jolla,university,2024-11-25,Monday,19,56,42,14,55,37,18,-1.79,Sunny,63,No,None,Fall,Moderate
FC0001479,SD003,Starbucks - UCSD Campus,La Jolla,university,2024-11-25,Monday,20,36,26,10,33,24,9,-8.33,Sunny,63,No,None,Fall,Moderate
FC0001480,SD003,Starbucks - UCSD Campus,La Jolla,university,2024-11-25,Monday,21,22,15,7,23,16,7,4.55,Sunny,63,No,None,Fall,Low
FC0001481,SD003,Starbucks - UCSD Campus,La Jolla,university,2024-12-02,Monday,6,32,22,10,29,23,6,-9.38,Overcast,59,No,None,Winter,Low
FC0001482,SD003,Starbucks - UCSD Campus,La Jolla,university,2024-12-02,Monday,9,90,64,26,93,72,21,3.33,Overcast,59,No,None,Winter,High
FC0001483,SD003,Starbucks - UCSD Campus,La Jolla,university,2024-12-02,Monday,12,142,97,45,148,109,39,4.23,Overcast,59,No,None,Winter,Very High
FC0001484,SD003,Starbucks - UCSD Campus,La Jolla,university,2024-12-02,Monday,13,101,69,32,90,71,19,-10.89,Overcast,59,No,None,Winter,High
FC0001485,SD003,Starbucks - UCSD Campus,La Jolla,university,2024-12-02,Monday,15,148,112,36,144,108,36,-2.7,Overcast,59,No,None,Winter,Very High
FC0001486,SD003,Starbucks - UCSD Campus,La Jolla,university,2024-12-02,Monday,16,140,100,40,139,100,39,-0.71,Overcast,59,No,None,Winter,Very High
FC0001487,SD003,Starbucks - UCSD Campus,La Jolla,university,2024-12-02,Monday,18,73,50,23,82,59,23,12.33,Overcast,59,No,None,Winter,High
FC0001488,SD003,Starbucks - UCSD Campus,La Jolla,university,2024-12-02,Monday,19,42,32,10,42,29,13,0.0,Overcast,59,No,None,Winter,Moderate
FC0001489,SD003,Starbucks - UCSD Campus,La Jolla,university,2024-12-02,Monday,20,40,30,10,36,27,9,-10.0,Overcast,59,No,None,Winter,Moderate
FC0001490,SD003,Starbucks - UCSD Campus,La Jolla,university,2024-12-02,Monday,21,19,14,5,18,12,6,-5.26,Overcast,59,No,None,Winter,Low
FC0001491,SD003,Starbucks - UCSD Campus,La Jolla,university,2024-12-09,Monday,6,30,20,10,29,22,7,-3.33,Marine Layer,61,No,None,Winter,Low
FC0001492,SD003,Starbucks - UCSD Campus,La Jolla,university,2024-12-09,Monday,8,163,126,37,171,120,51,4.91,Marine Layer,61,No,None,Winter,Very High
FC0001493,SD003,Starbucks - UCSD Campus,La Jolla,university,2024-12-09,Monday,10,113,78,35,106,83,23,-6.19,Marine Layer,61,No,None,Winter,Very High
FC0001494,SD003,Starbucks - UCSD Campus,La Jolla,university,2024-12-09,Monday,12,162,123,39,145,109,36,-10.49,Marine Layer,61,No,None,Winter,Very High
FC0001495,SD003,Starbucks - UCSD Campus,La Jolla,university,2024-12-09,Monday,13,205,143,62,159,106,53,-22.44,Marine Layer,61,No,None,Winter,Very High
FC0001496,SD003,Starbucks - UCSD Campus,La Jolla,university,2024-12-09,Monday,15,105,79,26,101,69,32,-3.81,Marine Layer,61,No,None,Winter,Very High
FC0001497,SD003,Starbucks - UCSD Campus,La Jolla,university,2024-12-09,Monday,16,174,122,52,166,111,55,-4.6,Marine Layer,61,No,None,Winter,Very High
FC0001498,SD003,Starbucks - UCSD Campus,La Jolla,university,2024-12-09,Monday,17,81,62,19,84,60,24,3.7,Marine Layer,61,No,None,Winter,High
FC0001499,SD003,Starbucks - UCSD Campus,La Jolla,university,2024-12-09,Monday,18,87,67,20,77,61,16,-11.49,Marine Layer,61,No,None,Winter,High
FC0001500,SD003,Starbucks - UCSD Campus,La Jolla,university,2024-12-09,Monday,21,20,14,6,14,10,4,-30.0,Marine Layer,61,No,None,Winter,Low
FC0001501,SD004,Starbucks - Mission Valley Mall,Mission Valley,mall,2024-01-01,Monday,6,39,27,12,41,32,9,5.13,Sunny,57,No,None,Winter,Moderate
FC0001502,SD004,Starbucks - Mission Valley Mall,Mission Valley,mall,2024-01-01,Monday,7,105,72,33,107,77,30,1.9,Sunny,57,No,None,Winter,Very High
FC0001503,SD004,Starbucks - Mission Valley Mall,Mission Valley,mall,2024-01-01,Monday,8,155,112,43,152,103,49,-1.94,Sunny,57,No,None,Winter,Very High
FC0001504,SD004,Starbucks - Mission Valley Mall,Mission Valley,mall,2024-01-01,Monday,9,111,83,28,120,90,30,8.11,Sunny,57,No,None,Winter,Very High
FC0001505,SD004,Starbucks - Mission Valley Mall,Mission Valley,mall,2024-01-01,Monday,10,79,56,23,77,55,22,-2.53,Sunny,57,No,None,Winter,High
FC0001506,SD004,Starbucks - Mission Valley Mall,Mission Valley,mall,2024-01-01,Monday,11,119,91,28,123,81,42,3.36,Sunny,57,No,None,Winter,Very High
FC0001507,SD004,Starbucks - Mission Valley Mall,Mission Valley,mall,2024-01-01,Monday,12,143,98,45,138,102,36,-3.5,Sunny,57,No,None,Winter,Very High
FC0001508,SD004,Starbucks - Mission Valley Mall,Mission Valley,mall,2024-01-01,Monday,14,86,66,20,98,65,33,13.95,Sunny,57,No,None,Winter,High
FC0001509,SD004,Starbucks - Mission Valley Mall,Mission Valley,mall,2024-01-01,Monday,16,135,97,38,150,116,34,11.11,Sunny,57,No,None,Winter,Very High
FC0001510,SD004,Starbucks - Mission Valley Mall,Mission Valley,mall,2024-01-01,Monday,19,58,40,18,59,40,19,1.72,Sunny,57,No,None,Winter,Moderate
FC0001511,SD004,Starbucks - Mission Valley Mall,Mission Valley,mall,2024-01-08,Monday,6,46,32,14,50,37,13,8.7,Overcast,60,Yes,Del Mar Fair,Winter,Moderate
FC0001512,SD004,Starbucks - Mission Valley Mall,Mission Valley,mall,2024-01-08,Monday,7,84,58,26,83,61,22,-1.19,Overcast,60,Yes,Del Mar Fair,Winter,High
FC0001513,SD004,Starbucks - Mission Valley Mall,Mission Valley,mall,2024-01-08,Monday,9,213,148,65,196,138,58,-7.98,Overcast,60,Yes,Del Mar Fair,Winter,Very High
FC0001514,SD004,Starbucks - Mission Valley Mall,Mission Valley,mall,2024-01-08,Monday,10,91,66,25,108,79,29,18.68,Overcast,60,Yes,Del Mar Fair,Winter,Very High
FC0001515,SD004,Starbucks - Mission Valley Mall,Mission Valley,mall,2024-01-08,Monday,11,123,92,31,143,95,48,16.26,Overcast,60,Yes,Del Mar Fair,Winter,Very High
FC0001516,SD004,Starbucks - Mission Valley Mall,Mission Valley,mall,2024-01-08,Monday,12,106,82,24,117,87,30,10.38,Overcast,60,Yes,Del Mar Fair,Winter,Very High
FC0001517,SD004,Starbucks - Mission Valley Mall,Mission Valley,mall,2024-01-08,Monday,13,196,149,47,198,151,47,1.02,Overcast,60,Yes,Del Mar Fair,Winter,Very High
FC0001518,SD004,Starbucks - Mission Valley Mall,Mission Valley,mall,2024-01-08,Monday,17,104,73,31,114,76,38,9.62,Overcast,60,Yes,Del Mar Fair,Winter,Very High
FC0001519,SD004,Starbucks - Mission Valley Mall,Mission Valley,mall,2024-01-08,Monday,20,45,34,11,49,36,13,8.89,Overcast,60,Yes,Del Mar Fair,Winter,Moderate
FC0001520,SD004,Starbucks - Mission Valley Mall,Mission Valley,mall,2024-01-08,Monday,21,22,16,6,21,15,6,-4.55,Overcast,60,Yes,Del Mar Fair,Winter,Low
FC0001521,SD004,Starbucks - Mission Valley Mall,Mission Valley,mall,2024-01-15,Monday,6,50,37,13,50,37,13,0.0,Light Rain,58,Yes,Del Mar Fair,Winter,Moderate
FC0001522,SD004,Starbucks - Mission Valley Mall,Mission Valley,mall,2024-01-15,Monday,7,161,123,38,153,113,40,-4.97,Light Rain,58,Yes,Del Mar Fair,Winter,Very High
FC0001523,SD004,Starbucks - Mission Valley Mall,Mission Valley,mall,2024-01-15,Monday,8,213,163,50,221,146,75,3.76,Light Rain,58,Yes,Del Mar Fair,Winter,Very High
FC0001524,SD004,Starbucks - Mission Valley Mall,Mission Valley,mall,2024-01-15,Monday,11,113,79,34,122,83,39,7.96,Light Rain,58,Yes,Del Mar Fair,Winter,Very High
FC0001525,SD004,Starbucks - Mission Valley Mall,Mission Valley,mall,2024-01-15,Monday,12,145,99,46,148,116,32,2.07,Light Rain,58,Yes,Del Mar Fair,Winter,Very High
FC0001526,SD004,Starbucks - Mission Valley Mall,Mission Valley,mall,2024-01-15,Monday,13,91,67,24,85,64,21,-6.59,Light Rain,58,Yes,Del Mar Fair,Winter,High
FC0001527,SD004,Starbucks - Mission Valley Mall,Mission Valley,mall,2024-01-15,Monday,14,141,106,35,125,87,38,-11.35,Light Rain,58,Yes,Del Mar Fair,Winter,Very High
FC0001528,SD004,Starbucks - Mission Valley Mall,Mission Valley,mall,2024-01-15,Monday,16,166,127,39,174,122,52,4.82,Light Rain,58,Yes,Del Mar Fair,Winter,Very High
FC0001529,SD004,Starbucks - Mission Valley Mall,Mission Valley,mall,2024-01-15,Monday,17,79,59,20,74,54,20,-6.33,Light Rain,58,Yes,Del Mar Fair,Winter,High
FC0001530,SD004,Starbucks - Mission Valley Mall,Mission Valley,mall,2024-01-15,Monday,21,31,22,9,32,21,11,3.23,Light Rain,58,Yes,Del Mar Fair,Winter,Moderate
FC0001531,SD004,Starbucks - Mission Valley Mall,Mission Valley,mall,2024-01-22,Monday,6,20,14,6,17,11,6,-15.0,Marine Layer,60,No,None,Winter,Low
FC0001532,SD004,Starbucks - Mission Valley Mall,Mission Valley,mall,2024-01-22,Monday,7,105,77,28,117,87,30,11.43,Marine Layer,60,No,None,Winter,Very High
FC0001533,SD004,Starbucks - Mission Valley Mall,Mission Valley,mall,2024-01-22,Monday,8,125,87,38,108,76,32,-13.6,Marine Layer,60,No,None,Winter,Very High
FC0001534,SD004,Starbucks - Mission Valley Mall,Mission Valley,mall,2024-01-22,Monday,9,108,81,27,110,82,28,1.85,Marine Layer,60,No,None,Winter,Very High
FC0001535,SD004,Starbucks - Mission Valley Mall,Mission Valley,mall,2024-01-22,Monday,11,118,90,28,109,75,34,-7.63,Marine Layer,60,No,None,Winter,Very High
FC0001536,SD004,Starbucks - Mission Valley Mall,Mission Valley,mall,2024-01-22,Monday,15,69,48,21,66,49,17,-4.35,Marine Layer,60,No,None,Winter,High
FC0001537,SD004,Starbucks - Mission Valley Mall,Mission Valley,mall,2024-01-22,Monday,16,78,59,19,72,47,25,-7.69,Marine Layer,60,No,None,Winter,High
FC0001538,SD004,Starbucks - Mission Valley Mall,Mission Valley,mall,2024-01-22,Monday,17,68,50,18,63,42,21,-7.35,Marine Layer,60,No,None,Winter,High
FC0001539,SD004,Starbucks - Mission Valley Mall,Mission Valley,mall,2024-01-22,Monday,18,84,57,27,79,52,27,-5.95,Marine Layer,60,No,None,Winter,High
FC0001540,SD004,Starbucks - Mission Valley Mall,Mission Valley,mall,2024-01-22,Monday,20,33,23,10,33,24,9,0.0,Marine Layer,60,No,None,Winter,Moderate
FC0001541,SD004,Starbucks - Mission Valley Mall,Mission Valley,mall,2024-01-29,Monday,6,24,17,7,21,13,8,-12.5,Marine Layer,62,No,None,Winter,Low
FC0001542,SD004,Starbucks - Mission Valley Mall,Mission Valley,mall,2024-01-29,Monday,7,102,76,26,91,69,22,-10.78,Marine Layer,62,No,None,Winter,High
FC0001543,SD004,Starbucks - Mission Valley Mall,Mission Valley,mall,2024-01-29,Monday,8,207,147,60,196,148,48,-5.31,Marine Layer,62,No,None,Winter,Very High
FC0001544,SD004,Starbucks - Mission Valley Mall,Mission Valley,mall,2024-01-29,Monday,9,147,109,38,128,88,40,-12.93,Marine Layer,62,No,None,Winter,Very High
FC0001545,SD004,Starbucks - Mission Valley Mall,Mission Valley,mall,2024-01-29,Monday,10,98,75,23,89,65,24,-9.18,Marine Layer,62,No,None,Winter,High
FC0001546,SD004,Starbucks - Mission Valley Mall,Mission Valley,mall,2024-01-29,Monday,12,99,68,31,103,80,23,4.04,Marine Layer,62,No,None,Winter,Very High
FC0001547,SD004,Starbucks - Mission Valley Mall,Mission Valley,mall,2024-01-29,Monday,13,133,96,37,135,97,38,1.5,Marine Layer,62,No,None,Winter,Very High
FC0001548,SD004,Starbucks - Mission Valley Mall,Mission Valley,mall,2024-01-29,Monday,15,58,40,18,53,37,16,-8.62,Marine Layer,62,No,None,Winter,Moderate
FC0001549,SD004,Starbucks - Mission Valley Mall,Mission Valley,mall,2024-01-29,Monday,18,90,64,26,96,74,22,6.67,Marine Layer,62,No,None,Winter,High
FC0001550,SD004,Starbucks - Mission Valley Mall,Mission Valley,mall,2024-01-29,Monday,19,36,25,11,37,28,9,2.78,Marine Layer,62,No,None,Winter,Moderate
FC0001551,SD004,Starbucks - Mission Valley Mall,Mission Valley,mall,2024-02-05,Monday,6,28,19,9,27,18,9,-3.57,Sunny,67,Yes,Del Mar Fair,Winter,Low
FC0001552,SD004,Starbucks - Mission Valley Mall,Mission Valley,mall,2024-02-05,Monday,7,152,113,39,163,128,35,7.24,Sunny,67,Yes,Del Mar Fair,Winter,Very High
FC0001553,SD004,Starbucks - Mission Valley Mall,Mission Valley,mall,2024-02-05,Monday,8,195,147,48,194,132,62,-0.51,Sunny,67,Yes,Del Mar Fair,Winter,Very High
FC0001554,SD004,Starbucks - Mission Valley Mall,Mission Valley,mall,2024-02-05,Monday,10,149,114,35,132,90,42,-11.41,Sunny,67,Yes,Del Mar Fair,Winter,Very High
FC0001555,SD004,Starbucks - Mission Valley Mall,Mission Valley,mall,2024-02-05,Monday,13,187,128,59,197,152,45,5.35,Sunny,67,Yes,Del Mar Fair,Winter,Very High
FC0001556,SD004,Starbucks - Mission Valley Mall,Mission Valley,mall,2024-02-05,Monday,15,124,90,34,131,104,27,5.65,Sunny,67,Yes,Del Mar Fair,Winter,Very High
FC0001557,SD004,Starbucks - Mission Valley Mall,Mission Valley,mall,2024-02-05,Monday,16,80,58,22,73,53,20,-8.75,Sunny,67,Yes,Del Mar Fair,Winter,High
FC0001558,SD004,Starbucks - Mission Valley Mall,Mission Valley,mall,2024-02-05,Monday,17,76,57,19,74,53,21,-2.63,Sunny,67,Yes,Del Mar Fair,Winter,High
FC0001559,SD004,Starbucks - Mission Valley Mall,Mission Valley,mall,2024-02-05,Monday,19,66,48,18,63,42,21,-4.55,Sunny,67,Yes,Del Mar Fair,Winter,High
FC0001560,SD004,Starbucks - Mission Valley Mall,Mission Valley,mall,2024-02-05,Monday,20,48,37,11,52,34,18,8.33,Sunny,67,Yes,Del Mar Fair,Winter,Moderate
FC0001561,SD004,Starbucks - Mission Valley Mall,Mission Valley,mall,2024-02-12,Monday,8,217,163,54,228,154,74,5.07,Overcast,64,Yes,SDSU Graduation,Winter,Very High
FC0001562,SD004,Starbucks - Mission Valley Mall,Mission Valley,mall,2024-02-12,Monday,9,195,133,62,218,172,46,11.79,Overcast,64,Yes,SDSU Graduation,Winter,Very High
FC0001563,SD004,Starbucks - Mission Valley Mall,Mission Valley,mall,2024-02-12,Monday,10,100,74,26,101,76,25,1.0,Overcast,64,Yes,SDSU Graduation,Winter,Very High
FC0001564,SD004,Starbucks - Mission Valley Mall,Mission Valley,mall,2024-02-12,Monday,11,120,86,34,117,79,38,-2.5,Overcast,64,Yes,SDSU Graduation,Winter,Very High
FC0001565,SD004,Starbucks - Mission Valley Mall,Mission Valley,mall,2024-02-12,Monday,16,105,79,26,94,63,31,-10.48,Overcast,64,Yes,SDSU Graduation,Winter,High
FC0001566,SD004,Starbucks - Mission Valley Mall,Mission Valley,mall,2024-02-12,Monday,17,93,71,22,79,60,19,-15.05,Overcast,64,Yes,SDSU Graduation,Winter,High
FC0001567,SD004,Starbucks - Mission Valley Mall,Mission Valley,mall,2024-02-12,Monday,18,70,47,23,69,48,21,-1.43,Overcast,64,Yes,SDSU Graduation,Winter,High
FC0001568,SD004,Starbucks - Mission Valley Mall,Mission Valley,mall,2024-02-12,Monday,19,39,28,11,37,28,9,-5.13,Overcast,64,Yes,SDSU Graduation,Winter,Moderate
FC0001569,SD004,Starbucks - Mission Valley Mall,Mission Valley,mall,2024-02-12,Monday,20,50,34,16,44,29,15,-12.0,Overcast,64,Yes,SDSU Graduation,Winter,Moderate
FC0001570,SD004,Starbucks - Mission Valley Mall,Mission Valley,mall,2024-02-12,Monday,21,18,13,5,17,13,4,-5.56,Overcast,64,Yes,SDSU Graduation,Winter,Low
FC0001571,SD004,Starbucks - Mission Valley Mall,Mission Valley,mall,2024-02-19,Monday,6,23,17,6,22,14,8,-4.35,Marine Layer,61,No,None,Winter,Low
FC0001572,SD004,Starbucks - Mission Valley Mall,Mission Valley,mall,2024-02-19,Monday,8,186,144,42,175,132,43,-5.91,Marine Layer,61,No,None,Winter,Very High
FC0001573,SD004,Starbucks - Mission Valley Mall,Mission Valley,mall,2024-02-19,Monday,10,83,57,26,79,61,18,-4.82,Marine Layer,61,No,None,Winter,High
FC0001574,SD004,Starbucks - Mission Valley Mall,Mission Valley,mall,2024-02-19,Monday,11,91,67,24,83,65,18,-8.79,Marine Layer,61,No,None,Winter,High
FC0001575,SD004,Starbucks - Mission Valley Mall,Mission Valley,mall,2024-02-19,Monday,12,156,109,47,148,101,47,-5.13,Marine Layer,61,No,None,Winter,Very High
FC0001576,SD004,Starbucks - Mission Valley Mall,Mission Valley,mall,2024-02-19,Monday,15,86,65,21,84,62,22,-2.33,Marine Layer,61,No,None,Winter,High
FC0001577,SD004,Starbucks - Mission Valley Mall,Mission Valley,mall,2024-02-19,Monday,17,77,53,24,68,53,15,-11.69,Marine Layer,61,No,None,Winter,High
FC0001578,SD004,Starbucks - Mission Valley Mall,Mission Valley,mall,2024-02-19,Monday,18,80,57,23,92,66,26,15.0,Marine Layer,61,No,None,Winter,High
FC0001579,SD004,Starbucks - Mission Valley Mall,Mission Valley,mall,2024-02-19,Monday,19,48,34,14,50,33,17,4.17,Marine Layer,61,No,None,Winter,Moderate
FC0001580,SD004,Starbucks - Mission Valley Mall,Mission Valley,mall,2024-02-19,Monday,21,16,10,6,16,12,4,0.0,Marine Layer,61,No,None,Winter,Low
FC0001581,SD004,Starbucks - Mission Valley Mall,Mission Valley,mall,2024-02-26,Monday,6,27,20,7,26,19,7,-3.7,Partly Cloudy,66,No,None,Winter,Low
FC0001582,SD004,Starbucks - Mission Valley Mall,Mission Valley,mall,2024-02-26,Monday,7,75,53,22,78,53,25,4.0,Partly Cloudy,66,No,None,Winter,High
FC0001583,SD004,Starbucks - Mission Valley Mall,Mission Valley,mall,2024-02-26,Monday,8,161,113,48,166,128,38,3.11,Partly Cloudy,66,No,None,Winter,Very High
FC0001584,SD004,Starbucks - Mission Valley Mall,Mission Valley,mall,2024-02-26,Monday,12,111,83,28,113,88,25,1.8,Partly Cloudy,66,No,None,Winter,Very High
FC0001585,SD004,Starbucks - Mission Valley Mall,Mission Valley,mall,2024-02-26,Monday,13,145,109,36,148,103,45,2.07,Partly Cloudy,66,No,None,Winter,Very High
FC0001586,SD004,Starbucks - Mission Valley Mall,Mission Valley,mall,2024-02-26,Monday,14,71,50,21,69,54,15,-2.82,Partly Cloudy,66,No,None,Winter,High
FC0001587,SD004,Starbucks - Mission Valley Mall,Mission Valley,mall,2024-02-26,Monday,15,117,82,35,122,96,26,4.27,Partly Cloudy,66,No,None,Winter,Very High
FC0001588,SD004,Starbucks - Mission Valley Mall,Mission Valley,mall,2024-02-26,Monday,17,99,68,31,95,75,20,-4.04,Partly Cloudy,66,No,None,Winter,High
FC0001589,SD004,Starbucks - Mission Valley Mall,Mission Valley,mall,2024-02-26,Monday,19,60,42,18,60,43,17,0.0,Partly Cloudy,66,No,None,Winter,High
FC0001590,SD004,Starbucks - Mission Valley Mall,Mission Valley,mall,2024-02-26,Monday,21,21,16,5,20,13,7,-4.76,Partly Cloudy,66,No,None,Winter,Low
FC0001591,SD004,Starbucks - Mission Valley Mall,Mission Valley,mall,2024-03-04,Monday,6,55,37,18,52,39,13,-5.45,Sunny,65,Yes,SDSU Graduation,Spring,Moderate
FC0001592,SD004,Starbucks - Mission Valley Mall,Mission Valley,mall,2024-03-04,Monday,9,146,99,47,157,109,48,7.53,Sunny,65,Yes,SDSU Graduation,Spring,Very High
FC0001593,SD004,Starbucks - Mission Valley Mall,Mission Valley,mall,2024-03-04,Monday,11,94,71,23,100,74,26,6.38,Sunny,65,Yes,SDSU Graduation,Spring,Very High
FC0001594,SD004,Starbucks - Mission Valley Mall,Mission Valley,mall,2024-03-04,Monday,12,187,132,55,179,127,52,-4.28,Sunny,65,Yes,SDSU Graduation,Spring,Very High
FC0001595,SD004,Starbucks - Mission Valley Mall,Mission Valley,mall,2024-03-04,Monday,13,119,82,37,108,82,26,-9.24,Sunny,65,Yes,SDSU Graduation,Spring,Very High
FC0001596,SD004,Starbucks - Mission Valley Mall,Mission Valley,mall,2024-03-04,Monday,14,161,115,46,155,117,38,-3.73,Sunny,65,Yes,SDSU Graduation,Spring,Very High
FC0001597,SD004,Starbucks - Mission Valley Mall,Mission Valley,mall,2024-03-04,Monday,16,87,66,21,92,71,21,5.75,Sunny,65,Yes,SDSU Graduation,Spring,High
FC0001598,SD004,Starbucks - Mission Valley Mall,Mission Valley,mall,2024-03-04,Monday,17,131,93,38,126,99,27,-3.82,Sunny,65,Yes,SDSU Graduation,Spring,Very High
FC0001599,SD004,Starbucks - Mission Valley Mall,Mission Valley,mall,2024-03-04,Monday,18,117,90,27,111,78,33,-5.13,Sunny,65,Yes,SDSU Graduation,Spring,Very High
FC0001600,SD004,Starbucks - Mission Valley Mall,Mission Valley,mall,2024-03-04,Monday,21,31,21,10,34,23,11,9.68,Sunny,65,Yes,SDSU Graduation,Spring,Moderate
FC0001601,SD004,Starbucks - Mission Valley Mall,Mission Valley,mall,2024-03-11,Monday,6,39,30,9,39,26,13,0.0,Overcast,65,No,None,Spring,Moderate
FC0001602,SD004,Starbucks - Mission Valley Mall,Mission Valley,mall,2024-03-11,Monday,7,123,95,28,115,80,35,-6.5,Overcast,65,No,None,Spring,Very High
FC0001603,SD004,Starbucks - Mission Valley Mall,Mission Valley,mall,2024-03-11,Monday,8,146,105,41,130,99,31,-10.96,Overcast,65,No,None,Spring,Very High
FC0001604,SD004,Starbucks - Mission Valley Mall,Mission Valley,mall,2024-03-11,Monday,9,155,115,40,168,116,52,8.39,Overcast,65,No,None,Spring,Very High
FC0001605,SD004,Starbucks - Mission Valley Mall,Mission Valley,mall,2024-03-11,Monday,10,151,114,37,160,121,39,5.96,Overcast,65,No,None,Spring,Very High
FC0001606,SD004,Starbucks - Mission Valley Mall,Mission Valley,mall,2024-03-11,Monday,11,137,102,35,133,91,42,-2.92,Overcast,65,No,None,Spring,Very High
FC0001607,SD004,Starbucks - Mission Valley Mall,Mission Valley,mall,2024-03-11,Monday,12,138,101,37,133,104,29,-3.62,Overcast,65,No,None,Spring,Very High
FC0001608,SD004,Starbucks - Mission Valley Mall,Mission Valley,mall,2024-03-11,Monday,13,122,90,32,128,95,33,4.92,Overcast,65,No,None,Spring,Very High
FC0001609,SD004,Starbucks - Mission Valley Mall,Mission Valley,mall,2024-03-11,Monday,16,78,58,20,76,53,23,-2.56,Overcast,65,No,None,Spring,High
FC0001610,SD004,Starbucks - Mission Valley Mall,Mission Valley,mall,2024-03-11,Monday,20,31,21,10,31,21,10,0.0,Overcast,65,No,None,Spring,Moderate
FC0001611,SD004,Starbucks - Mission Valley Mall,Mission Valley,mall,2024-03-18,Monday,6,30,23,7,27,18,9,-10.0,Sunny,66,No,None,Spring,Low
FC0001612,SD004,Starbucks - Mission Valley Mall,Mission Valley,mall,2024-03-18,Monday,8,216,154,62,241,171,70,11.57,Sunny,66,No,None,Spring,Very High
FC0001613,SD004,Starbucks - Mission Valley Mall,Mission Valley,mall,2024-03-18,Monday,10,144,104,40,157,125,32,9.03,Sunny,66,No,None,Spring,Very High
FC0001614,SD004,Starbucks - Mission Valley Mall,Mission Valley,mall,2024-03-18,Monday,12,125,95,30,116,89,27,-7.2,Sunny,66,No,None,Spring,Very High
FC0001615,SD004,Starbucks - Mission Valley Mall,Mission Valley,mall,2024-03-18,Monday,14,123,88,35,132,96,36,7.32,Sunny,66,No,None,Spring,Very High
FC0001616,SD004,Starbucks - Mission Valley Mall,Mission Valley,mall,2024-03-18,Monday,15,85,65,20,93,62,31,9.41,Sunny,66,No,None,Spring,High
FC0001617,SD004,Starbucks - Mission Valley Mall,Mission Valley,mall,2024-03-18,Monday,16,124,94,30,151,112,39,21.77,Sunny,66,No,None,Spring,Very High
FC0001618,SD004,Starbucks - Mission Valley Mall,Mission Valley,mall,2024-03-18,Monday,17,119,90,29,111,88,23,-6.72,Sunny,66,No,None,Spring,Very High
FC0001619,SD004,Starbucks - Mission Valley Mall,Mission Valley,mall,2024-03-18,Monday,19,65,48,17,67,48,19,3.08,Sunny,66,No,None,Spring,High
FC0001620,SD004,Starbucks - Mission Valley Mall,Mission Valley,mall,2024-03-18,Monday,20,21,15,6,21,15,6,0.0,Sunny,66,No,None,Spring,Low
FC0001621,SD004,Starbucks - Mission Valley Mall,Mission Valley,mall,2024-03-25,Monday,6,34,26,8,28,19,9,-17.65,Partly Cloudy,69,No,None,Spring,Low
FC0001622,SD004,Starbucks - Mission Valley Mall,Mission Valley,mall,2024-03-25,Monday,7,96,65,31,89,59,30,-7.29,Partly Cloudy,69,No,None,Spring,High
FC0001623,SD004,Starbucks - Mission Valley Mall,Mission Valley,mall,2024-03-25,Monday,8,136,92,44,156,107,49,14.71,Partly Cloudy,69,No,None,Spring,Very High
FC0001624,SD004,Starbucks - Mission Valley Mall,Mission Valley,mall,2024-03-25,Monday,10,111,77,34,126,86,40,13.51,Partly Cloudy,69,No,None,Spring,Very High
FC0001625,SD004,Starbucks - Mission Valley Mall,Mission Valley,mall,2024-03-25,Monday,12,125,87,38,122,84,38,-2.4,Partly Cloudy,69,No,None,Spring,Very High
FC0001626,SD004,Starbucks - Mission Valley Mall,Mission Valley,mall,2024-03-25,Monday,13,83,63,20,94,67,27,13.25,Partly Cloudy,69,No,None,Spring,High
FC0001627,SD004,Starbucks - Mission Valley Mall,Mission Valley,mall,2024-03-25,Monday,14,129,96,33,124,93,31,-3.88,Partly Cloudy,69,No,None,Spring,Very High
FC0001628,SD004,Starbucks - Mission Valley Mall,Mission Valley,mall,2024-03-25,Monday,17,60,43,17,58,40,18,-3.33,Partly Cloudy,69,No,None,Spring,Moderate
FC0001629,SD004,Starbucks - Mission Valley Mall,Mission Valley,mall,2024-03-25,Monday,18,61,44,17,66,51,15,8.2,Partly Cloudy,69,No,None,Spring,High
FC0001630,SD004,Starbucks - Mission Valley Mall,Mission Valley,mall,2024-03-25,Monday,21,12,9,3,11,8,3,-8.33,Partly Cloudy,69,No,None,Spring,Low
FC0001631,SD004,Starbucks - Mission Valley Mall,Mission Valley,mall,2024-04-01,Monday,6,42,29,13,41,30,11,-2.38,Sunny,66,No,None,Spring,Moderate
FC0001632,SD004,Starbucks - Mission Valley Mall,Mission Valley,mall,2024-04-01,Monday,7,129,99,30,122,83,39,-5.43,Sunny,66,No,None,Spring,Very High
FC0001633,SD004,Starbucks - Mission Valley Mall,Mission Valley,mall,2024-04-01,Monday,8,216,159,57,201,154,47,-6.94,Sunny,66,No,None,Spring,Very High
FC0001634,SD004,Starbucks - Mission Valley Mall,Mission Valley,mall,2024-04-01,Monday,9,169,127,42,179,137,42,5.92,Sunny,66,No,None,Spring,Very High
FC0001635,SD004,Starbucks - Mission Valley Mall,Mission Valley,mall,2024-04-01,Monday,10,91,66,25,91,62,29,0.0,Sunny,66,No,None,Spring,High
FC0001636,SD004,Starbucks - Mission Valley Mall,Mission Valley,mall,2024-04-01,Monday,13,78,58,20,87,62,25,11.54,Sunny,66,No,None,Spring,High
FC0001637,SD004,Starbucks - Mission Valley Mall,Mission Valley,mall,2024-04-01,Monday,14,81,55,26,87,68,19,7.41,Sunny,66,No,None,Spring,High
FC0001638,SD004,Starbucks - Mission Valley Mall,Mission Valley,mall,2024-04-01,Monday,17,112,83,29,102,68,34,-8.93,Sunny,66,No,None,Spring,Very High
FC0001639,SD004,Starbucks - Mission Valley Mall,Mission Valley,mall,2024-04-01,Monday,19,57,39,18,53,39,14,-7.02,Sunny,66,No,None,Spring,Moderate
FC0001640,SD004,Starbucks - Mission Valley Mall,Mission Valley,mall,2024-04-01,Monday,21,17,11,6,19,15,4,11.76,Sunny,66,No,None,Spring,Low
FC0001641,SD004,Starbucks - Mission Valley Mall,Mission Valley,mall,2024-04-08,Monday,6,25,18,7,24,17,7,-4.0,Sunny,64,No,None,Spring,Low
FC0001642,SD004,Starbucks - Mission Valley Mall,Mission Valley,mall,2024-04-08,Monday,7,106,77,29,95,73,22,-10.38,Sunny,64,No,None,Spring,High
FC0001643,SD004,Starbucks - Mission Valley Mall,Mission Valley,mall,2024-04-08,Monday,9,166,127,39,159,109,50,-4.22,Sunny,64,No,None,Spring,Very High
FC0001644,SD004,Starbucks - Mission Valley Mall,Mission Valley,mall,2024-04-08,Monday,10,110,81,29,108,73,35,-1.82,Sunny,64,No,None,Spring,Very High
FC0001645,SD004,Starbucks - Mission Valley Mall,Mission Valley,mall,2024-04-08,Monday,14,98,73,25,94,62,32,-4.08,Sunny,64,No,None,Spring,High
FC0001646,SD004,Starbucks - Mission Valley Mall,Mission Valley,mall,2024-04-08,Monday,15,68,50,18,72,56,16,5.88,Sunny,64,No,None,Spring,High
FC0001647,SD004,Starbucks - Mission Valley Mall,Mission Valley,mall,2024-04-08,Monday,16,63,43,20,64,45,19,1.59,Sunny,64,No,None,Spring,High
FC0001648,SD004,Starbucks - Mission Valley Mall,Mission Valley,mall,2024-04-08,Monday,18,86,62,24,82,61,21,-4.65,Sunny,64,No,None,Spring,High
FC0001649,SD004,Starbucks - Mission Valley Mall,Mission Valley,mall,2024-04-08,Monday,19,63,47,16,59,39,20,-6.35,Sunny,64,No,None,Spring,Moderate
FC0001650,SD004,Starbucks - Mission Valley Mall,Mission Valley,mall,2024-04-08,Monday,21,13,9,4,14,10,4,7.69,Sunny,64,No,None,Spring,Low
FC0001651,SD004,Starbucks - Mission Valley Mall,Mission Valley,mall,2024-04-15,Monday,6,25,18,7,24,16,8,-4.0,Sunny,72,No,None,Spring,Low
FC0001652,SD004,Starbucks - Mission Valley Mall,Mission Valley,mall,2024-04-15,Monday,7,119,91,28,117,82,35,-1.68,Sunny,72,No,None,Spring,Very High
FC0001653,SD004,Starbucks - Mission Valley Mall,Mission Valley,mall,2024-04-15,Monday,8,217,148,69,247,173,74,13.82,Sunny,72,No,None,Spring,Very High
FC0001654,SD004,Starbucks - Mission Valley Mall,Mission Valley,mall,2024-04-15,Monday,9,136,105,31,124,89,35,-8.82,Sunny,72,No,None,Spring,Very High
FC0001655,SD004,Starbucks - Mission Valley Mall,Mission Valley,mall,2024-04-15,Monday,11,100,69,31,112,82,30,12.0,Sunny,72,No,None,Spring,Very High
FC0001656,SD004,Starbucks - Mission Valley Mall,Mission Valley,mall,2024-04-15,Monday,12,91,69,22,93,66,27,2.2,Sunny,72,No,None,Spring,High
FC0001657,SD004,Starbucks - Mission Valley Mall,Mission Valley,mall,2024-04-15,Monday,17,104,75,29,101,76,25,-2.88,Sunny,72,No,None,Spring,Very High
FC0001658,SD004,Starbucks - Mission Valley Mall,Mission Valley,mall,2024-04-15,Monday,18,53,39,14,52,38,14,-1.89,Sunny,72,No,None,Spring,Moderate
FC0001659,SD004,Starbucks - Mission Valley Mall,Mission Valley,mall,2024-04-15,Monday,19,38,28,10,36,27,9,-5.26,Sunny,72,No,None,Spring,Moderate
FC0001660,SD004,Starbucks - Mission Valley Mall,Mission Valley,mall,2024-04-15,Monday,21,15,10,5,14,9,5,-6.67,Sunny,72,No,None,Spring,Low
FC0001661,SD004,Starbucks - Mission Valley Mall,Mission Valley,mall,2024-04-22,Monday,6,27,18,9,29,19,10,7.41,Partly Cloudy,67,No,None,Spring,Low
FC0001662,SD004,Starbucks - Mission Valley Mall,Mission Valley,mall,2024-04-22,Monday,8,118,87,31,119,92,27,0.85,Partly Cloudy,67,No,None,Spring,Very High
FC0001663,SD004,Starbucks - Mission Valley Mall,Mission Valley,mall,2024-04-22,Monday,9,141,103,38,139,104,35,-1.42,Partly Cloudy,67,No,None,Spring,Very High
FC0001664,SD004,Starbucks - Mission Valley Mall,Mission Valley,mall,2024-04-22,Monday,10,123,84,39,133,90,43,8.13,Partly Cloudy,67,No,None,Spring,Very High
FC0001665,SD004,Starbucks - Mission Valley Mall,Mission Valley,mall,2024-04-22,Monday,11,134,98,36,122,83,39,-8.96,Partly Cloudy,67,No,None,Spring,Very High
FC0001666,SD004,Starbucks - Mission Valley Mall,Mission Valley,mall,2024-04-22,Monday,13,70,50,20,73,49,24,4.29,Partly Cloudy,67,No,None,Spring,High
FC0001667,SD004,Starbucks - Mission Valley Mall,Mission Valley,mall,2024-04-22,Monday,14,66,48,18,68,51,17,3.03,Partly Cloudy,67,No,None,Spring,High
FC0001668,SD004,Starbucks - Mission Valley Mall,Mission Valley,mall,2024-04-22,Monday,17,69,47,22,68,49,19,-1.45,Partly Cloudy,67,No,None,Spring,High
FC0001669,SD004,Starbucks - Mission Valley Mall,Mission Valley,mall,2024-04-22,Monday,18,77,58,19,80,58,22,3.9,Partly Cloudy,67,No,None,Spring,High
FC0001670,SD004,Starbucks - Mission Valley Mall,Mission Valley,mall,2024-04-22,Monday,20,25,18,7,23,15,8,-8.0,Partly Cloudy,67,No,None,Spring,Low
FC0001671,SD004,Starbucks - Mission Valley Mall,Mission Valley,mall,2024-04-29,Monday,7,99,69,30,104,82,22,5.05,Sunny,66,No,None,Spring,Very High
FC0001672,SD004,Starbucks - Mission Valley Mall,Mission Valley,mall,2024-04-29,Monday,8,191,136,55,130,103,27,-31.94,Sunny,66,No,None,Spring,Very High
FC0001673,SD004,Starbucks - Mission Valley Mall,Mission Valley,mall,2024-04-29,Monday,9,137,96,41,151,117,34,10.22,Sunny,66,No,None,Spring,Very High
FC0001674,SD004,Starbucks - Mission Valley Mall,Mission Valley,mall,2024-04-29,Monday,10,145,111,34,163,114,49,12.41,Sunny,66,No,None,Spring,Very High
FC0001675,SD004,Starbucks - Mission Valley Mall,Mission Valley,mall,2024-04-29,Monday,12,98,71,27,112,75,37,14.29,Sunny,66,No,None,Spring,Very High
FC0001676,SD004,Starbucks - Mission Valley Mall,Mission Valley,mall,2024-04-29,Monday,16,64,45,19,59,41,18,-7.81,Sunny,66,No,None,Spring,Moderate
FC0001677,SD004,Starbucks - Mission Valley Mall,Mission Valley,mall,2024-04-29,Monday,17,118,80,38,112,89,23,-5.08,Sunny,66,No,None,Spring,Very High
FC0001678,SD004,Starbucks - Mission Valley Mall,Mission Valley,mall,2024-04-29,Monday,19,60,43,17,52,40,12,-13.33,Sunny,66,No,None,Spring,Moderate
FC0001679,SD004,Starbucks - Mission Valley Mall,Mission Valley,mall,2024-04-29,Monday,20,37,28,9,38,28,10,2.7,Sunny,66,No,None,Spring,Moderate
FC0001680,SD004,Starbucks - Mission Valley Mall,Mission Valley,mall,2024-04-29,Monday,21,27,20,7,25,17,8,-7.41,Sunny,66,No,None,Spring,Low
FC0001681,SD004,Starbucks - Mission Valley Mall,Mission Valley,mall,2024-05-06,Monday,7,91,69,22,82,56,26,-9.89,Partly Cloudy,71,Yes,Del Mar Fair,Spring,High
FC0001682,SD004,Starbucks - Mission Valley Mall,Mission Valley,mall,2024-05-06,Monday,10,183,128,55,182,144,38,-0.55,Partly Cloudy,71,Yes,Del Mar Fair,Spring,Very High
FC0001683,SD004,Starbucks - Mission Valley Mall,Mission Valley,mall,2024-05-06,Monday,11,166,127,39,155,113,42,-6.63,Partly Cloudy,71,Yes,Del Mar Fair,Spring,Very High
FC0001684,SD004,Starbucks - Mission Valley Mall,Mission Valley,mall,2024-05-06,Monday,12,127,95,32,121,88,33,-4.72,Partly Cloudy,71,Yes,Del Mar Fair,Spring,Very High
FC0001685,SD004,Starbucks - Mission Valley Mall,Mission Valley,mall,2024-05-06,Monday,13,178,132,46,208,140,68,16.85,Partly Cloudy,71,Yes,Del Mar Fair,Spring,Very High
FC0001686,SD004,Starbucks - Mission Valley Mall,Mission Valley,mall,2024-05-06,Monday,14,165,121,44,167,126,41,1.21,Partly Cloudy,71,Yes,Del Mar Fair,Spring,Very High
FC0001687,SD004,Starbucks - Mission Valley Mall,Mission Valley,mall,2024-05-06,Monday,15,117,81,36,116,79,37,-0.85,Partly Cloudy,71,Yes,Del Mar Fair,Spring,Very High
FC0001688,SD004,Starbucks - Mission Valley Mall,Mission Valley,mall,2024-05-06,Monday,17,130,98,32,141,104,37,8.46,Partly Cloudy,71,Yes,Del Mar Fair,Spring,Very High
FC0001689,SD004,Starbucks - Mission Valley Mall,Mission Valley,mall,2024-05-06,Monday,19,76,52,24,74,56,18,-2.63,Partly Cloudy,71,Yes,Del Mar Fair,Spring,High
FC0001690,SD004,Starbucks - Mission Valley Mall,Mission Valley,mall,2024-05-06,Monday,21,29,21,8,24,16,8,-17.24,Partly Cloudy,71,Yes,Del Mar Fair,Spring,Low
FC0001691,SD004,Starbucks - Mission Valley Mall,Mission Valley,mall,2024-05-13,Monday,6,33,24,9,31,24,7,-6.06,Light Rain,67,No,None,Spring,Moderate
FC0001692,SD004,Starbucks - Mission Valley Mall,Mission Valley,mall,2024-05-13,Monday,7,92,63,29,92,64,28,0.0,Light Rain,67,No,None,Spring,High
FC0001693,SD004,Starbucks - Mission Valley Mall,Mission Valley,mall,2024-05-13,Monday,8,133,95,38,139,98,41,4.51,Light Rain,67,No,None,Spring,Very High
FC0001694,SD004,Starbucks - Mission Valley Mall,Mission Valley,mall,2024-05-13,Monday,10,151,105,46,159,110,49,5.3,Light Rain,67,No,None,Spring,Very High
FC0001695,SD004,Starbucks - Mission Valley Mall,Mission Valley,mall,2024-05-13,Monday,13,141,96,45,130,97,33,-7.8,Light Rain,67,No,None,Spring,Very High
FC0001696,SD004,Starbucks - Mission Valley Mall,Mission Valley,mall,2024-05-13,Monday,15,104,78,26,123,86,37,18.27,Light Rain,67,No,None,Spring,Very High
FC0001697,SD004,Starbucks - Mission Valley Mall,Mission Valley,mall,2024-05-13,Monday,17,119,86,33,114,76,38,-4.2,Light Rain,67,No,None,Spring,Very High
FC0001698,SD004,Starbucks - Mission Valley Mall,Mission Valley,mall,2024-05-13,Monday,18,85,59,26,94,63,31,10.59,Light Rain,67,No,None,Spring,High
FC0001699,SD004,Starbucks - Mission Valley Mall,Mission Valley,mall,2024-05-13,Monday,19,62,47,15,63,50,13,1.61,Light Rain,67,No,None,Spring,High
FC0001700,SD004,Starbucks - Mission Valley Mall,Mission Valley,mall,2024-05-13,Monday,21,21,15,6,22,17,5,4.76,Light Rain,67,No,None,Spring,Low
FC0001701,SD004,Starbucks - Mission Valley Mall,Mission Valley,mall,2024-05-20,Monday,7,104,71,33,97,72,25,-6.73,Overcast,71,No,None,Spring,High
FC0001702,SD004,Starbucks - Mission Valley Mall,Mission Valley,mall,2024-05-20,Monday,9,118,85,33,106,79,27,-10.17,Overcast,71,No,None,Spring,Very High
FC0001703,SD004,Starbucks - Mission Valley Mall,Mission Valley,mall,2024-05-20,Monday,10,145,108,37,150,110,40,3.45,Overcast,71,No,None,Spring,Very High
FC0001704,SD004,Starbucks - Mission Valley Mall,Mission Valley,mall,2024-05-20,Monday,11,103,79,24,96,74,22,-6.8,Overcast,71,No,None,Spring,High
FC0001705,SD004,Starbucks - Mission Valley Mall,Mission Valley,mall,2024-05-20,Monday,13,119,82,37,130,99,31,9.24,Overcast,71,No,None,Spring,Very High
FC0001706,SD004,Starbucks - Mission Valley Mall,Mission Valley,mall,2024-05-20,Monday,16,130,97,33,109,79,30,-16.15,Overcast,71,No,None,Spring,Very High
FC0001707,SD004,Starbucks - Mission Valley Mall,Mission Valley,mall,2024-05-20,Monday,17,65,45,20,64,45,19,-1.54,Overcast,71,No,None,Spring,High
FC0001708,SD004,Starbucks - Mission Valley Mall,Mission Valley,mall,2024-05-20,Monday,18,52,37,15,51,40,11,-1.92,Overcast,71,No,None,Spring,Moderate
FC0001709,SD004,Starbucks - Mission Valley Mall,Mission Valley,mall,2024-05-20,Monday,19,53,36,17,50,38,12,-5.66,Overcast,71,No,None,Spring,Moderate
FC0001710,SD004,Starbucks - Mission Valley Mall,Mission Valley,mall,2024-05-20,Monday,20,29,20,9,27,20,7,-6.9,Overcast,71,No,None,Spring,Low
FC0001711,SD004,Starbucks - Mission Valley Mall,Mission Valley,mall,2024-05-27,Monday,6,38,27,11,39,26,13,2.63,Partly Cloudy,73,No,None,Spring,Moderate
FC0001712,SD004,Starbucks - Mission Valley Mall,Mission Valley,mall,2024-05-27,Monday,9,137,105,32,129,96,33,-5.84,Partly Cloudy,73,No,None,Spring,Very High
FC0001713,SD004,Starbucks - Mission Valley Mall,Mission Valley,mall,2024-05-27,Monday,10,120,93,27,113,85,28,-5.83,Partly Cloudy,73,No,None,Spring,Very High
FC0001714,SD004,Starbucks - Mission Valley Mall,Mission Valley,mall,2024-05-27,Monday,11,100,73,27,90,67,23,-10.0,Partly Cloudy,73,No,None,Spring,High
FC0001715,SD004,Starbucks - Mission Valley Mall,Mission Valley,mall,2024-05-27,Monday,13,111,83,28,117,83,34,5.41,Partly Cloudy,73,No,None,Spring,Very High
FC0001716,SD004,Starbucks - Mission Valley Mall,Mission Valley,mall,2024-05-27,Monday,14,121,84,37,103,76,27,-14.88,Partly Cloudy,73,No,None,Spring,Very High
FC0001717,SD004,Starbucks - Mission Valley Mall,Mission Valley,mall,2024-05-27,Monday,17,65,50,15,71,55,16,9.23,Partly Cloudy,73,No,None,Spring,High
FC0001718,SD004,Starbucks - Mission Valley Mall,Mission Valley,mall,2024-05-27,Monday,18,50,38,12,53,37,16,6.0,Partly Cloudy,73,No,None,Spring,Moderate
FC0001719,SD004,Starbucks - Mission Valley Mall,Mission Valley,mall,2024-05-27,Monday,19,30,22,8,30,22,8,0.0,Partly Cloudy,73,No,None,Spring,Moderate
FC0001720,SD004,Starbucks - Mission Valley Mall,Mission Valley,mall,2024-05-27,Monday,20,20,14,6,21,15,6,5.0,Partly Cloudy,73,No,None,Spring,Low
FC0001721,SD004,Starbucks - Mission Valley Mall,Mission Valley,mall,2024-06-03,Monday,9,177,133,44,176,121,55,-0.56,Sunny,74,No,None,Summer,Very High
FC0001722,SD004,Starbucks - Mission Valley Mall,Mission Valley,mall,2024-06-03,Monday,12,93,70,23,97,71,26,4.3,Sunny,74,No,None,Summer,High
FC0001723,SD004,Starbucks - Mission Valley Mall,Mission Valley,mall,2024-06-03,Monday,13,117,88,29,124,96,28,5.98,Sunny,74,No,None,Summer,Very High
FC0001724,SD004,Starbucks - Mission Valley Mall,Mission Valley,mall,2024-06-03,Monday,14,68,52,16,74,48,26,8.82,Sunny,74,No,None,Summer,High
FC0001725,SD004,Starbucks - Mission Valley Mall,Mission Valley,mall,2024-06-03,Monday,16,114,83,31,128,94,34,12.28,Sunny,74,No,None,Summer,Very High
FC0001726,SD004,Starbucks - Mission Valley Mall,Mission Valley,mall,2024-06-03,Monday,17,120,89,31,126,100,26,5.0,Sunny,74,No,None,Summer,Very High
FC0001727,SD004,Starbucks - Mission Valley Mall,Mission Valley,mall,2024-06-03,Monday,18,50,35,15,55,40,15,10.0,Sunny,74,No,None,Summer,Moderate
FC0001728,SD004,Starbucks - Mission Valley Mall,Mission Valley,mall,2024-06-03,Monday,19,34,24,10,35,27,8,2.94,Sunny,74,No,None,Summer,Moderate
FC0001729,SD004,Starbucks - Mission Valley Mall,Mission Valley,mall,2024-06-03,Monday,20,27,20,7,26,20,6,-3.7,Sunny,74,No,None,Summer,Low
FC0001730,SD004,Starbucks - Mission Valley Mall,Mission Valley,mall,2024-06-03,Monday,21,17,12,5,15,10,5,-11.76,Sunny,74,No,None,Summer,Low
FC0001731,SD004,Starbucks - Mission Valley Mall,Mission Valley,mall,2024-06-10,Monday,6,42,31,11,40,27,13,-4.76,Partly Cloudy,73,No,None,Summer,Moderate
FC0001732,SD004,Starbucks - Mission Valley Mall,Mission Valley,mall,2024-06-10,Monday,7,119,89,30,103,69,34,-13.45,Partly Cloudy,73,No,None,Summer,Very High
FC0001733,SD004,Starbucks - Mission Valley Mall,Mission Valley,mall,2024-06-10,Monday,9,185,137,48,193,148,45,4.32,Partly Cloudy,73,No,None,Summer,Very High
FC0001734,SD004,Starbucks - Mission Valley Mall,Mission Valley,mall,2024-06-10,Monday,11,93,71,22,99,72,27,6.45,Partly Cloudy,73,No,None,Summer,High
FC0001735,SD004,Starbucks - Mission Valley Mall,Mission Valley,mall,2024-06-10,Monday,12,84,64,20,71,47,24,-15.48,Partly Cloudy,73,No,None,Summer,High
FC0001736,SD004,Starbucks - Mission Valley Mall,Mission Valley,mall,2024-06-10,Monday,13,97,70,27,89,67,22,-8.25,Partly Cloudy,73,No,None,Summer,High
FC0001737,SD004,Starbucks - Mission Valley Mall,Mission Valley,mall,2024-06-10,Monday,15,110,85,25,115,86,29,4.55,Partly Cloudy,73,No,None,Summer,Very High
FC0001738,SD004,Starbucks - Mission Valley Mall,Mission Valley,mall,2024-06-10,Monday,17,101,77,24,107,81,26,5.94,Partly Cloudy,73,No,None,Summer,Very High
FC0001739,SD004,Starbucks - Mission Valley Mall,Mission Valley,mall,2024-06-10,Monday,18,89,64,25,86,67,19,-3.37,Partly Cloudy,73,No,None,Summer,High
FC0001740,SD004,Starbucks - Mission Valley Mall,Mission Valley,mall,2024-06-10,Monday,20,26,20,6,26,19,7,0.0,Partly Cloudy,73,No,None,Summer,Low
FC0001741,SD004,Starbucks - Mission Valley Mall,Mission Valley,mall,2024-06-17,Monday,7,83,59,24,82,54,28,-1.2,Sunny,76,No,None,Summer,High
FC0001742,SD004,Starbucks - Mission Valley Mall,Mission Valley,mall,2024-06-17,Monday,9,89,63,26,95,63,32,6.74,Sunny,76,No,None,Summer,High
FC0001743,SD004,Starbucks - Mission Valley Mall,Mission Valley,mall,2024-06-17,Monday,12,154,117,37,145,99,46,-5.84,Sunny,76,No,None,Summer,Very High
FC0001744,SD004,Starbucks - Mission Valley Mall,Mission Valley,mall,2024-06-17,Monday,13,98,70,28,96,66,30,-2.04,Sunny,76,No,None,Summer,High
FC0001745,SD004,Starbucks - Mission Valley Mall,Mission Valley,mall,2024-06-17,Monday,14,120,84,36,115,87,28,-4.17,Sunny,76,No,None,Summer,Very High
FC0001746,SD004,Starbucks - Mission Valley Mall,Mission Valley,mall,2024-06-17,Monday,15,122,86,36,114,76,38,-6.56,Sunny,76,No,None,Summer,Very High
FC0001747,SD004,Starbucks - Mission Valley Mall,Mission Valley,mall,2024-06-17,Monday,17,111,77,34,119,82,37,7.21,Sunny,76,No,None,Summer,Very High
FC0001748,SD004,Starbucks - Mission Valley Mall,Mission Valley,mall,2024-06-17,Monday,19,61,42,19,60,45,15,-1.64,Sunny,76,No,None,Summer,High
FC0001749,SD004,Starbucks - Mission Valley Mall,Mission Valley,mall,2024-06-17,Monday,20,43,32,11,38,27,11,-11.63,Sunny,76,No,None,Summer,Moderate
FC0001750,SD004,Starbucks - Mission Valley Mall,Mission Valley,mall,2024-06-17,Monday,21,20,14,6,17,11,6,-15.0,Sunny,76,No,None,Summer,Low
FC0001751,SD004,Starbucks - Mission Valley Mall,Mission Valley,mall,2024-06-24,Monday,6,32,21,11,29,19,10,-9.38,Marine Layer,74,No,None,Summer,Low
FC0001752,SD004,Starbucks - Mission Valley Mall,Mission Valley,mall,2024-06-24,Monday,7,114,87,27,110,85,25,-3.51,Marine Layer,74,No,None,Summer,Very High
FC0001753,SD004,Starbucks - Mission Valley Mall,Mission Valley,mall,2024-06-24,Monday,9,158,115,43,157,120,37,-0.63,Marine Layer,74,No,None,Summer,Very High
FC0001754,SD004,Starbucks - Mission Valley Mall,Mission Valley,mall,2024-06-24,Monday,12,128,99,29,139,94,45,8.59,Marine Layer,74,No,None,Summer,Very High
FC0001755,SD004,Starbucks - Mission Valley Mall,Mission Valley,mall,2024-06-24,Monday,13,144,111,33,148,109,39,2.78,Marine Layer,74,No,None,Summer,Very High
FC0001756,SD004,Starbucks - Mission Valley Mall,Mission Valley,mall,2024-06-24,Monday,14,62,44,18,60,39,21,-3.23,Marine Layer,74,No,None,Summer,High
FC0001757,SD004,Starbucks - Mission Valley Mall,Mission Valley,mall,2024-06-24,Monday,15,109,81,28,118,79,39,8.26,Marine Layer,74,No,None,Summer,Very High
FC0001758,SD004,Starbucks - Mission Valley Mall,Mission Valley,mall,2024-06-24,Monday,16,80,60,20,91,62,29,13.75,Marine Layer,74,No,None,Summer,High
FC0001759,SD004,Starbucks - Mission Valley Mall,Mission Valley,mall,2024-06-24,Monday,19,60,45,15,58,46,12,-3.33,Marine Layer,74,No,None,Summer,Moderate
FC0001760,SD004,Starbucks - Mission Valley Mall,Mission Valley,mall,2024-06-24,Monday,20,23,16,7,24,19,5,4.35,Marine Layer,74,No,None,Summer,Low
FC0001761,SD004,Starbucks - Mission Valley Mall,Mission Valley,mall,2024-07-01,Monday,6,23,16,7,19,15,4,-17.39,Overcast,75,No,None,Summer,Low
FC0001762,SD004,Starbucks - Mission Valley Mall,Mission Valley,mall,2024-07-01,Monday,7,86,63,23,74,54,20,-13.95,Overcast,75,No,None,Summer,High
FC0001763,SD004,Starbucks - Mission Valley Mall,Mission Valley,mall,2024-07-01,Monday,10,118,91,27,127,86,41,7.63,Overcast,75,No,None,Summer,Very High
FC0001764,SD004,Starbucks - Mission Valley Mall,Mission Valley,mall,2024-07-01,Monday,11,80,56,24,79,52,27,-1.25,Overcast,75,No,None,Summer,High
FC0001765,SD004,Starbucks - Mission Valley Mall,Mission Valley,mall,2024-07-01,Monday,13,80,62,18,73,49,24,-8.75,Overcast,75,No,None,Summer,High
FC0001766,SD004,Starbucks - Mission Valley Mall,Mission Valley,mall,2024-07-01,Monday,14,100,69,31,102,69,33,2.0,Overcast,75,No,None,Summer,Very High
FC0001767,SD004,Starbucks - Mission Valley Mall,Mission Valley,mall,2024-07-01,Monday,17,103,73,30,92,67,25,-10.68,Overcast,75,No,None,Summer,High
FC0001768,SD004,Starbucks - Mission Valley Mall,Mission Valley,mall,2024-07-01,Monday,19,53,37,16,51,35,16,-3.77,Overcast,75,No,None,Summer,Moderate
FC0001769,SD004,Starbucks - Mission Valley Mall,Mission Valley,mall,2024-07-01,Monday,20,25,18,7,24,17,7,-4.0,Overcast,75,No,None,Summer,Low
FC0001770,SD004,Starbucks - Mission Valley Mall,Mission Valley,mall,2024-07-01,Monday,21,22,15,7,19,14,5,-13.64,Overcast,75,No,None,Summer,Low
FC0001771,SD004,Starbucks - Mission Valley Mall,Mission Valley,mall,2024-07-08,Monday,7,65,50,15,66,44,22,1.54,Sunny,76,No,None,Summer,High
FC0001772,SD004,Starbucks - Mission Valley Mall,Mission Valley,mall,2024-07-08,Monday,8,104,77,27,88,69,19,-15.38,Sunny,76,No,None,Summer,High
FC0001773,SD004,Starbucks - Mission Valley Mall,Mission Valley,mall,2024-07-08,Monday,10,70,51,19,68,50,18,-2.86,Sunny,76,No,None,Summer,High
FC0001774,SD004,Starbucks - Mission Valley Mall,Mission Valley,mall,2024-07-08,Monday,14,112,86,26,110,83,27,-1.79,Sunny,76,No,None,Summer,Very High
FC0001775,SD004,Starbucks - Mission Valley Mall,Mission Valley,mall,2024-07-08,Monday,15,101,71,30,98,67,31,-2.97,Sunny,76,No,None,Summer,High
FC0001776,SD004,Starbucks - Mission Valley Mall,Mission Valley,mall,2024-07-08,Monday,16,99,72,27,90,69,21,-9.09,Sunny,76,No,None,Summer,High
FC0001777,SD004,Starbucks - Mission Valley Mall,Mission Valley,mall,2024-07-08,Monday,17,79,59,20,78,60,18,-1.27,Sunny,76,No,None,Summer,High
FC0001778,SD004,Starbucks - Mission Valley Mall,Mission Valley,mall,2024-07-08,Monday,18,80,56,24,75,55,20,-6.25,Sunny,76,No,None,Summer,High
FC0001779,SD004,Starbucks - Mission Valley Mall,Mission Valley,mall,2024-07-08,Monday,19,34,25,9,34,24,10,0.0,Sunny,76,No,None,Summer,Moderate
FC0001780,SD004,Starbucks - Mission Valley Mall,Mission Valley,mall,2024-07-08,Monday,21,17,12,5,20,15,5,17.65,Sunny,76,No,None,Summer,Low
FC0001781,SD004,Starbucks - Mission Valley Mall,Mission Valley,mall,2024-07-15,Monday,6,40,30,10,40,29,11,0.0,Partly Cloudy,77,No,None,Summer,Moderate
FC0001782,SD004,Starbucks - Mission Valley Mall,Mission Valley,mall,2024-07-15,Monday,8,141,108,33,133,103,30,-5.67,Partly Cloudy,77,No,None,Summer,Very High
FC0001783,SD004,Starbucks - Mission Valley Mall,Mission Valley,mall,2024-07-15,Monday,9,99,72,27,90,69,21,-9.09,Partly Cloudy,77,No,None,Summer,High
FC0001784,SD004,Starbucks - Mission Valley Mall,Mission Valley,mall,2024-07-15,Monday,10,113,86,27,122,93,29,7.96,Partly Cloudy,77,No,None,Summer,Very High
FC0001785,SD004,Starbucks - Mission Valley Mall,Mission Valley,mall,2024-07-15,Monday,14,98,70,28,100,78,22,2.04,Partly Cloudy,77,No,None,Summer,Very High
FC0001786,SD004,Starbucks - Mission Valley Mall,Mission Valley,mall,2024-07-15,Monday,16,65,46,19,60,43,17,-7.69,Partly Cloudy,77,No,None,Summer,High
FC0001787,SD004,Starbucks - Mission Valley Mall,Mission Valley,mall,2024-07-15,Monday,17,68,46,22,69,49,20,1.47,Partly Cloudy,77,No,None,Summer,High
FC0001788,SD004,Starbucks - Mission Valley Mall,Mission Valley,mall,2024-07-15,Monday,18,46,31,15,47,37,10,2.17,Partly Cloudy,77,No,None,Summer,Moderate
FC0001789,SD004,Starbucks - Mission Valley Mall,Mission Valley,mall,2024-07-15,Monday,19,33,24,9,34,23,11,3.03,Partly Cloudy,77,No,None,Summer,Moderate
FC0001790,SD004,Starbucks - Mission Valley Mall,Mission Valley,mall,2024-07-15,Monday,20,43,32,11,43,29,14,0.0,Partly Cloudy,77,No,None,Summer,Moderate
FC0001791,SD004,Starbucks - Mission Valley Mall,Mission Valley,mall,2024-07-22,Monday,7,86,64,22,85,64,21,-1.16,Sunny,76,No,None,Summer,High
FC0001792,SD004,Starbucks - Mission Valley Mall,Mission Valley,mall,2024-07-22,Monday,8,198,144,54,205,162,43,3.54,Sunny,76,No,None,Summer,Very High
FC0001793,SD004,Starbucks - Mission Valley Mall,Mission Valley,mall,2024-07-22,Monday,9,163,122,41,181,120,61,11.04,Sunny,76,No,None,Summer,Very High
FC0001794,SD004,Starbucks - Mission Valley Mall,Mission Valley,mall,2024-07-22,Monday,10,92,67,25,82,63,19,-10.87,Sunny,76,No,None,Summer,High
FC0001795,SD004,Starbucks - Mission Valley Mall,Mission Valley,mall,2024-07-22,Monday,11,100,72,28,102,74,28,2.0,Sunny,76,No,None,Summer,Very High
FC0001796,SD004,Starbucks - Mission Valley Mall,Mission Valley,mall,2024-07-22,Monday,13,141,108,33,134,89,45,-4.96,Sunny,76,No,None,Summer,Very High
FC0001797,SD004,Starbucks - Mission Valley Mall,Mission Valley,mall,2024-07-22,Monday,15,77,52,25,74,56,18,-3.9,Sunny,76,No,None,Summer,High
FC0001798,SD004,Starbucks - Mission Valley Mall,Mission Valley,mall,2024-07-22,Monday,17,118,91,27,118,93,25,0.0,Sunny,76,No,None,Summer,Very High
FC0001799,SD004,Starbucks - Mission Valley Mall,Mission Valley,mall,2024-07-22,Monday,20,27,20,7,29,22,7,7.41,Sunny,76,No,None,Summer,Low
FC0001800,SD004,Starbucks - Mission Valley Mall,Mission Valley,mall,2024-07-22,Monday,21,13,9,4,12,8,4,-7.69,Sunny,76,No,None,Summer,Low
FC0001801,SD004,Starbucks - Mission Valley Mall,Mission Valley,mall,2024-07-29,Monday,6,22,17,5,21,14,7,-4.55,Sunny,82,No,None,Summer,Low
FC0001802,SD004,Starbucks - Mission Valley Mall,Mission Valley,mall,2024-07-29,Monday,9,109,74,35,108,77,31,-0.92,Sunny,82,No,None,Summer,Very High
FC0001803,SD004,Starbucks - Mission Valley Mall,Mission Valley,mall,2024-07-29,Monday,10,110,76,34,117,87,30,6.36,Sunny,82,No,None,Summer,Very High
FC0001804,SD004,Starbucks - Mission Valley Mall,Mission Valley,mall,2024-07-29,Monday,12,145,104,41,143,110,33,-1.38,Sunny,82,No,None,Summer,Very High
FC0001805,SD004,Starbucks - Mission Valley Mall,Mission Valley,mall,2024-07-29,Monday,13,73,56,17,66,47,19,-9.59,Sunny,82,No,None,Summer,High
FC0001806,SD004,Starbucks - Mission Valley Mall,Mission Valley,mall,2024-07-29,Monday,14,111,85,26,111,79,32,0.0,Sunny,82,No,None,Summer,Very High
FC0001807,SD004,Starbucks - Mission Valley Mall,Mission Valley,mall,2024-07-29,Monday,16,132,91,41,119,93,26,-9.85,Sunny,82,No,None,Summer,Very High
FC0001808,SD004,Starbucks - Mission Valley Mall,Mission Valley,mall,2024-07-29,Monday,17,105,72,33,105,73,32,0.0,Sunny,82,No,None,Summer,Very High
FC0001809,SD004,Starbucks - Mission Valley Mall,Mission Valley,mall,2024-07-29,Monday,19,40,30,10,41,31,10,2.5,Sunny,82,No,None,Summer,Moderate
FC0001810,SD004,Starbucks - Mission Valley Mall,Mission Valley,mall,2024-07-29,Monday,20,41,29,12,43,30,13,4.88,Sunny,82,No,None,Summer,Moderate
FC0001811,SD004,Starbucks - Mission Valley Mall,Mission Valley,mall,2024-08-05,Monday,6,41,30,11,45,32,13,9.76,Sunny,79,No,None,Summer,Moderate
FC0001812,SD004,Starbucks - Mission Valley Mall,Mission Valley,mall,2024-08-05,Monday,8,111,84,27,108,80,28,-2.7,Sunny,79,No,None,Summer,Very High
FC0001813,SD004,Starbucks - Mission Valley Mall,Mission Valley,mall,2024-08-05,Monday,10,100,69,31,108,76,32,8.0,Sunny,79,No,None,Summer,Very High
FC0001814,SD004,Starbucks - Mission Valley Mall,Mission Valley,mall,2024-08-05,Monday,12,143,111,32,147,111,36,2.8,Sunny,79,No,None,Summer,Very High
FC0001815,SD004,Starbucks - Mission Valley Mall,Mission Valley,mall,2024-08-05,Monday,13,91,66,25,76,53,23,-16.48,Sunny,79,No,None,Summer,High
FC0001816,SD004,Starbucks - Mission Valley Mall,Mission Valley,mall,2024-08-05,Monday,14,98,75,23,78,56,22,-20.41,Sunny,79,No,None,Summer,High
FC0001817,SD004,Starbucks - Mission Valley Mall,Mission Valley,mall,2024-08-05,Monday,16,122,85,37,120,86,34,-1.64,Sunny,79,No,None,Summer,Very High
FC0001818,SD004,Starbucks - Mission Valley Mall,Mission Valley,mall,2024-08-05,Monday,17,72,49,23,75,50,25,4.17,Sunny,79,No,None,Summer,High
FC0001819,SD004,Starbucks - Mission Valley Mall,Mission Valley,mall,2024-08-05,Monday,19,40,28,12,37,24,13,-7.5,Sunny,79,No,None,Summer,Moderate
FC0001820,SD004,Starbucks - Mission Valley Mall,Mission Valley,mall,2024-08-05,Monday,20,25,17,8,26,17,9,4.0,Sunny,79,No,None,Summer,Low
FC0001821,SD004,Starbucks - Mission Valley Mall,Mission Valley,mall,2024-08-12,Monday,6,35,24,11,28,20,8,-20.0,Partly Cloudy,83,No,None,Summer,Low
FC0001822,SD004,Starbucks - Mission Valley Mall,Mission Valley,mall,2024-08-12,Monday,8,176,127,49,180,121,59,2.27,Partly Cloudy,83,No,None,Summer,Very High
FC0001823,SD004,Starbucks - Mission Valley Mall,Mission Valley,mall,2024-08-12,Monday,9,125,88,37,126,87,39,0.8,Partly Cloudy,83,No,None,Summer,Very High
FC0001824,SD004,Starbucks - Mission Valley Mall,Mission Valley,mall,2024-08-12,Monday,11,117,80,37,123,83,40,5.13,Partly Cloudy,83,No,None,Summer,Very High
FC0001825,SD004,Starbucks - Mission Valley Mall,Mission Valley,mall,2024-08-12,Monday,12,107,76,31,99,68,31,-7.48,Partly Cloudy,83,No,None,Summer,High
FC0001826,SD004,Starbucks - Mission Valley Mall,Mission Valley,mall,2024-08-12,Monday,16,71,55,16,75,51,24,5.63,Partly Cloudy,83,No,None,Summer,High
FC0001827,SD004,Starbucks - Mission Valley Mall,Mission Valley,mall,2024-08-12,Monday,17,66,48,18,73,55,18,10.61,Partly Cloudy,83,No,None,Summer,High
FC0001828,SD004,Starbucks - Mission Valley Mall,Mission Valley,mall,2024-08-12,Monday,18,50,38,12,51,35,16,2.0,Partly Cloudy,83,No,None,Summer,Moderate
FC0001829,SD004,Starbucks - Mission Valley Mall,Mission Valley,mall,2024-08-12,Monday,19,58,44,14,53,42,11,-8.62,Partly Cloudy,83,No,None,Summer,Moderate
FC0001830,SD004,Starbucks - Mission Valley Mall,Mission Valley,mall,2024-08-12,Monday,21,25,17,8,26,18,8,4.0,Partly Cloudy,83,No,None,Summer,Low
FC0001831,SD004,Starbucks - Mission Valley Mall,Mission Valley,mall,2024-08-19,Monday,6,20,15,5,18,13,5,-10.0,Overcast,75,No,None,Summer,Low
FC0001832,SD004,Starbucks - Mission Valley Mall,Mission Valley,mall,2024-08-19,Monday,8,129,88,41,109,82,27,-15.5,Overcast,75,No,None,Summer,Very High
FC0001833,SD004,Starbucks - Mission Valley Mall,Mission Valley,mall,2024-08-19,Monday,9,134,96,38,131,87,44,-2.24,Overcast,75,No,None,Summer,Very High
FC0001834,SD004,Starbucks - Mission Valley Mall,Mission Valley,mall,2024-08-19,Monday,10,126,86,40,125,97,28,-0.79,Overcast,75,No,None,Summer,Very High
FC0001835,SD004,Starbucks - Mission Valley Mall,Mission Valley,mall,2024-08-19,Monday,11,110,82,28,103,80,23,-6.36,Overcast,75,No,None,Summer,Very High
FC0001836,SD004,Starbucks - Mission Valley Mall,Mission Valley,mall,2024-08-19,Monday,12,80,59,21,87,67,20,8.75,Overcast,75,No,None,Summer,High
FC0001837,SD004,Starbucks - Mission Valley Mall,Mission Valley,mall,2024-08-19,Monday,13,98,69,29,95,66,29,-3.06,Overcast,75,No,None,Summer,High
FC0001838,SD004,Starbucks - Mission Valley Mall,Mission Valley,mall,2024-08-19,Monday,17,59,40,19,55,40,15,-6.78,Overcast,75,No,None,Summer,Moderate
FC0001839,SD004,Starbucks - Mission Valley Mall,Mission Valley,mall,2024-08-19,Monday,18,88,62,26,84,59,25,-4.55,Overcast,75,No,None,Summer,High
FC0001840,SD004,Starbucks - Mission Valley Mall,Mission Valley,mall,2024-08-19,Monday,20,32,24,8,33,26,7,3.12,Overcast,75,No,None,Summer,Moderate
FC0001841,SD004,Starbucks - Mission Valley Mall,Mission Valley,mall,2024-08-26,Monday,6,26,18,8,26,20,6,0.0,Sunny,81,No,None,Summer,Low
FC0001842,SD004,Starbucks - Mission Valley Mall,Mission Valley,mall,2024-08-26,Monday,7,79,53,26,79,53,26,0.0,Sunny,81,No,None,Summer,High
FC0001843,SD004,Starbucks - Mission Valley Mall,Mission Valley,mall,2024-08-26,Monday,8,171,124,47,163,124,39,-4.68,Sunny,81,No,None,Summer,Very High
FC0001844,SD004,Starbucks - Mission Valley Mall,Mission Valley,mall,2024-08-26,Monday,9,188,139,49,182,137,45,-3.19,Sunny,81,No,None,Summer,Very High
FC0001845,SD004,Starbucks - Mission Valley Mall,Mission Valley,mall,2024-08-26,Monday,10,85,64,21,79,54,25,-7.06,Sunny,81,No,None,Summer,High
FC0001846,SD004,Starbucks - Mission Valley Mall,Mission Valley,mall,2024-08-26,Monday,12,136,96,40,122,87,35,-10.29,Sunny,81,No,None,Summer,Very High
FC0001847,SD004,Starbucks - Mission Valley Mall,Mission Valley,mall,2024-08-26,Monday,15,102,74,28,101,74,27,-0.98,Sunny,81,No,None,Summer,Very High
FC0001848,SD004,Starbucks - Mission Valley Mall,Mission Valley,mall,2024-08-26,Monday,17,56,40,16,51,33,18,-8.93,Sunny,81,No,None,Summer,Moderate
FC0001849,SD004,Starbucks - Mission Valley Mall,Mission Valley,mall,2024-08-26,Monday,20,31,22,9,32,23,9,3.23,Sunny,81,No,None,Summer,Moderate
FC0001850,SD004,Starbucks - Mission Valley Mall,Mission Valley,mall,2024-08-26,Monday,21,17,12,5,17,12,5,0.0,Sunny,81,No,None,Summer,Low
FC0001851,SD004,Starbucks - Mission Valley Mall,Mission Valley,mall,2024-09-02,Monday,6,28,21,7,27,20,7,-3.57,Partly Cloudy,82,No,None,Fall,Low
FC0001852,SD004,Starbucks - Mission Valley Mall,Mission Valley,mall,2024-09-02,Monday,7,130,99,31,139,110,29,6.92,Partly Cloudy,82,No,None,Fall,Very High
FC0001853,SD004,Starbucks - Mission Valley Mall,Mission Valley,mall,2024-09-02,Monday,8,176,131,45,161,108,53,-8.52,Partly Cloudy,82,No,None,Fall,Very High
FC0001854,SD004,Starbucks - Mission Valley Mall,Mission Valley,mall,2024-09-02,Monday,10,136,98,38,137,101,36,0.74,Partly Cloudy,82,No,None,Fall,Very High
FC0001855,SD004,Starbucks - Mission Valley Mall,Mission Valley,mall,2024-09-02,Monday,12,76,53,23,78,53,25,2.63,Partly Cloudy,82,No,None,Fall,High
FC0001856,SD004,Starbucks - Mission Valley Mall,Mission Valley,mall,2024-09-02,Monday,14,121,85,36,129,89,40,6.61,Partly Cloudy,82,No,None,Fall,Very High
FC0001857,SD004,Starbucks - Mission Valley Mall,Mission Valley,mall,2024-09-02,Monday,16,115,85,30,111,77,34,-3.48,Partly Cloudy,82,No,None,Fall,Very High
FC0001858,SD004,Starbucks - Mission Valley Mall,Mission Valley,mall,2024-09-02,Monday,17,97,68,29,97,67,30,0.0,Partly Cloudy,82,No,None,Fall,High
FC0001859,SD004,Starbucks - Mission Valley Mall,Mission Valley,mall,2024-09-02,Monday,18,45,32,13,42,28,14,-6.67,Partly Cloudy,82,No,None,Fall,Moderate
FC0001860,SD004,Starbucks - Mission Valley Mall,Mission Valley,mall,2024-09-02,Monday,21,20,14,6,18,14,4,-10.0,Partly Cloudy,82,No,None,Fall,Low
FC0001861,SD004,Starbucks - Mission Valley Mall,Mission Valley,mall,2024-09-09,Monday,6,42,29,13,37,27,10,-11.9,Overcast,77,No,None,Fall,Moderate
FC0001862,SD004,Starbucks - Mission Valley Mall,Mission Valley,mall,2024-09-09,Monday,8,179,124,55,149,105,44,-16.76,Overcast,77,No,None,Fall,Very High
FC0001863,SD004,Starbucks - Mission Valley Mall,Mission Valley,mall,2024-09-09,Monday,9,126,95,31,129,90,39,2.38,Overcast,77,No,None,Fall,Very High
FC0001864,SD004,Starbucks - Mission Valley Mall,Mission Valley,mall,2024-09-09,Monday,13,135,92,43,129,92,37,-4.44,Overcast,77,No,None,Fall,Very High
FC0001865,SD004,Starbucks - Mission Valley Mall,Mission Valley,mall,2024-09-09,Monday,14,82,59,23,80,56,24,-2.44,Overcast,77,No,None,Fall,High
FC0001866,SD004,Starbucks - Mission Valley Mall,Mission Valley,mall,2024-09-09,Monday,15,70,51,19,71,52,19,1.43,Overcast,77,No,None,Fall,High
FC0001867,SD004,Starbucks - Mission Valley Mall,Mission Valley,mall,2024-09-09,Monday,16,128,91,37,125,84,41,-2.34,Overcast,77,No,None,Fall,Very High
FC0001868,SD004,Starbucks - Mission Valley Mall,Mission Valley,mall,2024-09-09,Monday,17,116,80,36,121,88,33,4.31,Overcast,77,No,None,Fall,Very High
FC0001869,SD004,Starbucks - Mission Valley Mall,Mission Valley,mall,2024-09-09,Monday,18,77,58,19,81,56,25,5.19,Overcast,77,No,None,Fall,High
FC0001870,SD004,Starbucks - Mission Valley Mall,Mission Valley,mall,2024-09-09,Monday,20,20,14,6,22,16,6,10.0,Overcast,77,No,None,Fall,Low
FC0001871,SD004,Starbucks - Mission Valley Mall,Mission Valley,mall,2024-09-16,Monday,6,20,14,6,18,12,6,-10.0,Sunny,75,No,None,Fall,Low
FC0001872,SD004,Starbucks - Mission Valley Mall,Mission Valley,mall,2024-09-16,Monday,8,216,149,67,222,167,55,2.78,Sunny,75,No,None,Fall,Very High
FC0001873,SD004,Starbucks - Mission Valley Mall,Mission Valley,mall,2024-09-16,Monday,9,122,91,31,114,85,29,-6.56,Sunny,75,No,None,Fall,Very High
FC0001874,SD004,Starbucks - Mission Valley Mall,Mission Valley,mall,2024-09-16,Monday,10,141,104,37,138,93,45,-2.13,Sunny,75,No,None,Fall,Very High
FC0001875,SD004,Starbucks - Mission Valley Mall,Mission Valley,mall,2024-09-16,Monday,13,141,107,34,137,105,32,-2.84,Sunny,75,No,None,Fall,Very High
FC0001876,SD004,Starbucks - Mission Valley Mall,Mission Valley,mall,2024-09-16,Monday,14,88,63,25,82,55,27,-6.82,Sunny,75,No,None,Fall,High
FC0001877,SD004,Starbucks - Mission Valley Mall,Mission Valley,mall,2024-09-16,Monday,15,63,46,17,57,44,13,-9.52,Sunny,75,No,None,Fall,Moderate
FC0001878,SD004,Starbucks - Mission Valley Mall,Mission Valley,mall,2024-09-16,Monday,18,73,50,23,79,52,27,8.22,Sunny,75,No,None,Fall,High
FC0001879,SD004,Starbucks - Mission Valley Mall,Mission Valley,mall,2024-09-16,Monday,19,59,43,16,59,41,18,0.0,Sunny,75,No,None,Fall,Moderate
FC0001880,SD004,Starbucks - Mission Valley Mall,Mission Valley,mall,2024-09-16,Monday,20,40,30,10,41,31,10,2.5,Sunny,75,No,None,Fall,Moderate
FC0001881,SD004,Starbucks - Mission Valley Mall,Mission Valley,mall,2024-09-23,Monday,7,63,45,18,58,45,13,-7.94,Overcast,81,No,None,Fall,Moderate
FC0001882,SD004,Starbucks - Mission Valley Mall,Mission Valley,mall,2024-09-23,Monday,9,184,139,45,184,140,44,0.0,Overcast,81,No,None,Fall,Very High
FC0001883,SD004,Starbucks - Mission Valley Mall,Mission Valley,mall,2024-09-23,Monday,11,130,96,34,131,90,41,0.77,Overcast,81,No,None,Fall,Very High
FC0001884,SD004,Starbucks - Mission Valley Mall,Mission Valley,mall,2024-09-23,Monday,12,149,112,37,128,91,37,-14.09,Overcast,81,No,None,Fall,Very High
FC0001885,SD004,Starbucks - Mission Valley Mall,Mission Valley,mall,2024-09-23,Monday,14,120,81,39,126,93,33,5.0,Overcast,81,No,None,Fall,Very High
FC0001886,SD004,Starbucks - Mission Valley Mall,Mission Valley,mall,2024-09-23,Monday,15,115,84,31,106,70,36,-7.83,Overcast,81,No,None,Fall,Very High
FC0001887,SD004,Starbucks - Mission Valley Mall,Mission Valley,mall,2024-09-23,Monday,16,80,59,21,76,54,22,-5.0,Overcast,81,No,None,Fall,High
FC0001888,SD004,Starbucks - Mission Valley Mall,Mission Valley,mall,2024-09-23,Monday,17,71,54,17,73,53,20,2.82,Overcast,81,No,None,Fall,High
FC0001889,SD004,Starbucks - Mission Valley Mall,Mission Valley,mall,2024-09-23,Monday,18,45,31,14,43,33,10,-4.44,Overcast,81,No,None,Fall,Moderate
FC0001890,SD004,Starbucks - Mission Valley Mall,Mission Valley,mall,2024-09-23,Monday,20,34,25,9,30,22,8,-11.76,Overcast,81,No,None,Fall,Moderate
FC0001891,SD004,Starbucks - Mission Valley Mall,Mission Valley,mall,2024-09-30,Monday,6,40,29,11,37,24,13,-7.5,Sunny,73,No,None,Fall,Moderate
FC0001892,SD004,Starbucks - Mission Valley Mall,Mission Valley,mall,2024-09-30,Monday,8,215,163,52,217,172,45,0.93,Sunny,73,No,None,Fall,Very High
FC0001893,SD004,Starbucks - Mission Valley Mall,Mission Valley,mall,2024-09-30,Monday,9,154,113,41,135,103,32,-12.34,Sunny,73,No,None,Fall,Very High
FC0001894,SD004,Starbucks - Mission Valley Mall,Mission Valley,mall,2024-09-30,Monday,12,114,88,26,114,88,26,0.0,Sunny,73,No,None,Fall,Very High
FC0001895,SD004,Starbucks - Mission Valley Mall,Mission Valley,mall,2024-09-30,Monday,14,106,73,33,95,75,20,-10.38,Sunny,73,No,None,Fall,High
FC0001896,SD004,Starbucks - Mission Valley Mall,Mission Valley,mall,2024-09-30,Monday,16,79,55,24,75,53,22,-5.06,Sunny,73,No,None,Fall,High
FC0001897,SD004,Starbucks - Mission Valley Mall,Mission Valley,mall,2024-09-30,Monday,17,72,49,23,68,47,21,-5.56,Sunny,73,No,None,Fall,High
FC0001898,SD004,Starbucks - Mission Valley Mall,Mission Valley,mall,2024-09-30,Monday,18,51,38,13,55,37,18,7.84,Sunny,73,No,None,Fall,Moderate
FC0001899,SD004,Starbucks - Mission Valley Mall,Mission Valley,mall,2024-09-30,Monday,19,43,31,12,43,31,12,0.0,Sunny,73,No,None,Fall,Moderate
FC0001900,SD004,Starbucks - Mission Valley Mall,Mission Valley,mall,2024-09-30,Monday,21,22,16,6,22,14,8,0.0,Sunny,73,No,None,Fall,Low
FC0001901,SD004,Starbucks - Mission Valley Mall,Mission Valley,mall,2024-10-07,Monday,6,20,15,5,21,16,5,5.0,Overcast,78,No,None,Fall,Low
FC0001902,SD004,Starbucks - Mission Valley Mall,Mission Valley,mall,2024-10-07,Monday,9,136,105,31,133,91,42,-2.21,Overcast,78,No,None,Fall,Very High
FC0001903,SD004,Starbucks - Mission Valley Mall,Mission Valley,mall,2024-10-07,Monday,10,99,67,32,100,71,29,1.01,Overcast,78,No,None,Fall,Very High
FC0001904,SD004,Starbucks - Mission Valley Mall,Mission Valley,mall,2024-10-07,Monday,11,122,90,32,125,84,41,2.46,Overcast,78,No,None,Fall,Very High
FC0001905,SD004,Starbucks - Mission Valley Mall,Mission Valley,mall,2024-10-07,Monday,12,125,85,40,97,76,21,-22.4,Overcast,78,No,None,Fall,High
FC0001906,SD004,Starbucks - Mission Valley Mall,Mission Valley,mall,2024-10-07,Monday,13,119,89,30,137,99,38,15.13,Overcast,78,No,None,Fall,Very High
FC0001907,SD004,Starbucks - Mission Valley Mall,Mission Valley,mall,2024-10-07,Monday,15,92,65,27,93,74,19,1.09,Overcast,78,No,None,Fall,High
FC0001908,SD004,Starbucks - Mission Valley Mall,Mission Valley,mall,2024-10-07,Monday,16,76,54,22,86,67,19,13.16,Overcast,78,No,None,Fall,High
FC0001909,SD004,Starbucks - Mission Valley Mall,Mission Valley,mall,2024-10-07,Monday,18,45,34,11,44,29,15,-2.22,Overcast,78,No,None,Fall,Moderate
FC0001910,SD004,Starbucks - Mission Valley Mall,Mission Valley,mall,2024-10-07,Monday,20,26,19,7,28,21,7,7.69,Overcast,78,No,None,Fall,Low
FC0001911,SD004,Starbucks - Mission Valley Mall,Mission Valley,mall,2024-10-14,Monday,8,113,85,28,101,75,26,-10.62,Sunny,75,No,None,Fall,Very High
FC0001912,SD004,Starbucks - Mission Valley Mall,Mission Valley,mall,2024-10-14,Monday,9,107,77,30,113,88,25,5.61,Sunny,75,No,None,Fall,Very High
FC0001913,SD004,Starbucks - Mission Valley Mall,Mission Valley,mall,2024-10-14,Monday,10,140,102,38,152,117,35,8.57,Sunny,75,No,None,Fall,Very High
FC0001914,SD004,Starbucks - Mission Valley Mall,Mission Valley,mall,2024-10-14,Monday,11,108,77,31,95,66,29,-12.04,Sunny,75,No,None,Fall,High
FC0001915,SD004,Starbucks - Mission Valley Mall,Mission Valley,mall,2024-10-14,Monday,12,86,59,27,80,59,21,-6.98,Sunny,75,No,None,Fall,High
FC0001916,SD004,Starbucks - Mission Valley Mall,Mission Valley,mall,2024-10-14,Monday,14,107,82,25,97,70,27,-9.35,Sunny,75,No,None,Fall,High
FC0001917,SD004,Starbucks - Mission Valley Mall,Mission Valley,mall,2024-10-14,Monday,15,59,41,18,59,45,14,0.0,Sunny,75,No,None,Fall,Moderate
FC0001918,SD004,Starbucks - Mission Valley Mall,Mission Valley,mall,2024-10-14,Monday,16,76,58,18,72,55,17,-5.26,Sunny,75,No,None,Fall,High
FC0001919,SD004,Starbucks - Mission Valley Mall,Mission Valley,mall,2024-10-14,Monday,19,55,41,14,52,38,14,-5.45,Sunny,75,No,None,Fall,Moderate
FC0001920,SD004,Starbucks - Mission Valley Mall,Mission Valley,mall,2024-10-14,Monday,21,17,12,5,17,13,4,0.0,Sunny,75,No,None,Fall,Low
FC0001921,SD004,Starbucks - Mission Valley Mall,Mission Valley,mall,2024-10-21,Monday,6,31,23,8,29,19,10,-6.45,Sunny,77,Yes,Del Mar Fair,Fall,Low
FC0001922,SD004,Starbucks - Mission Valley Mall,Mission Valley,mall,2024-10-21,Monday,8,278,202,76,270,192,78,-2.88,Sunny,77,Yes,Del Mar Fair,Fall,Very High
FC0001923,SD004,Starbucks - Mission Valley Mall,Mission Valley,mall,2024-10-21,Monday,10,93,69,24,87,68,19,-6.45,Sunny,77,Yes,Del Mar Fair,Fall,High
FC0001924,SD004,Starbucks - Mission Valley Mall,Mission Valley,mall,2024-10-21,Monday,12,136,105,31,117,88,29,-13.97,Sunny,77,Yes,Del Mar Fair,Fall,Very High
FC0001925,SD004,Starbucks - Mission Valley Mall,Mission Valley,mall,2024-10-21,Monday,13,93,64,29,104,77,27,11.83,Sunny,77,Yes,Del Mar Fair,Fall,Very High
FC0001926,SD004,Starbucks - Mission Valley Mall,Mission Valley,mall,2024-10-21,Monday,16,141,96,45,134,99,35,-4.96,Sunny,77,Yes,Del Mar Fair,Fall,Very High
FC0001927,SD004,Starbucks - Mission Valley Mall,Mission Valley,mall,2024-10-21,Monday,17,79,59,20,82,57,25,3.8,Sunny,77,Yes,Del Mar Fair,Fall,High
FC0001928,SD004,Starbucks - Mission Valley Mall,Mission Valley,mall,2024-10-21,Monday,18,68,51,17,62,44,18,-8.82,Sunny,77,Yes,Del Mar Fair,Fall,High
FC0001929,SD004,Starbucks - Mission Valley Mall,Mission Valley,mall,2024-10-21,Monday,19,79,60,19,72,52,20,-8.86,Sunny,77,Yes,Del Mar Fair,Fall,High
FC0001930,SD004,Starbucks - Mission Valley Mall,Mission Valley,mall,2024-10-21,Monday,21,20,14,6,21,14,7,5.0,Sunny,77,Yes,Del Mar Fair,Fall,Low
FC0001931,SD004,Starbucks - Mission Valley Mall,Mission Valley,mall,2024-10-28,Monday,7,132,98,34,137,100,37,3.79,Partly Cloudy,69,No,None,Fall,Very High
FC0001932,SD004,Starbucks - Mission Valley Mall,Mission Valley,mall,2024-10-28,Monday,8,207,150,57,192,151,41,-7.25,Partly Cloudy,69,No,None,Fall,Very High
FC0001933,SD004,Starbucks - Mission Valley Mall,Mission Valley,mall,2024-10-28,Monday,10,151,104,47,161,121,40,6.62,Partly Cloudy,69,No,None,Fall,Very High
FC0001934,SD004,Starbucks - Mission Valley Mall,Mission Valley,mall,2024-10-28,Monday,11,95,71,24,97,69,28,2.11,Partly Cloudy,69,No,None,Fall,High
FC0001935,SD004,Starbucks - Mission Valley Mall,Mission Valley,mall,2024-10-28,Monday,12,137,104,33,135,94,41,-1.46,Partly Cloudy,69,No,None,Fall,Very High
FC0001936,SD004,Starbucks - Mission Valley Mall,Mission Valley,mall,2024-10-28,Monday,13,112,85,27,106,83,23,-5.36,Partly Cloudy,69,No,None,Fall,Very High
FC0001937,SD004,Starbucks - Mission Valley Mall,Mission Valley,mall,2024-10-28,Monday,15,107,81,26,105,76,29,-1.87,Partly Cloudy,69,No,None,Fall,Very High
FC0001938,SD004,Starbucks - Mission Valley Mall,Mission Valley,mall,2024-10-28,Monday,17,56,42,14,61,40,21,8.93,Partly Cloudy,69,No,None,Fall,High
FC0001939,SD004,Starbucks - Mission Valley Mall,Mission Valley,mall,2024-10-28,Monday,18,76,55,21,76,59,17,0.0,Partly Cloudy,69,No,None,Fall,High
FC0001940,SD004,Starbucks - Mission Valley Mall,Mission Valley,mall,2024-10-28,Monday,20,21,16,5,21,16,5,0.0,Partly Cloudy,69,No,None,Fall,Low
FC0001941,SD004,Starbucks - Mission Valley Mall,Mission Valley,mall,2024-11-04,Monday,6,36,28,8,34,22,12,-5.56,Overcast,68,No,None,Fall,Moderate
FC0001942,SD004,Starbucks - Mission Valley Mall,Mission Valley,mall,2024-11-04,Monday,9,89,61,28,84,62,22,-5.62,Overcast,68,No,None,Fall,High
FC0001943,SD004,Starbucks - Mission Valley Mall,Mission Valley,mall,2024-11-04,Monday,10,104,80,24,103,80,23,-0.96,Overcast,68,No,None,Fall,Very High
FC0001944,SD004,Starbucks - Mission Valley Mall,Mission Valley,mall,2024-11-04,Monday,11,67,51,16,63,48,15,-5.97,Overcast,68,No,None,Fall,High
FC0001945,SD004,Starbucks - Mission Valley Mall,Mission Valley,mall,2024-11-04,Monday,12,157,119,38,166,129,37,5.73,Overcast,68,No,None,Fall,Very High
FC0001946,SD004,Starbucks - Mission Valley Mall,Mission Valley,mall,2024-11-04,Monday,13,99,67,32,109,75,34,10.1,Overcast,68,No,None,Fall,Very High
FC0001947,SD004,Starbucks - Mission Valley Mall,Mission Valley,mall,2024-11-04,Monday,15,117,84,33,115,88,27,-1.71,Overcast,68,No,None,Fall,Very High
FC0001948,SD004,Starbucks - Mission Valley Mall,Mission Valley,mall,2024-11-04,Monday,19,52,37,15,45,31,14,-13.46,Overcast,68,No,None,Fall,Moderate
FC0001949,SD004,Starbucks - Mission Valley Mall,Mission Valley,mall,2024-11-04,Monday,20,23,15,8,23,15,8,0.0,Overcast,68,No,None,Fall,Low
FC0001950,SD004,Starbucks - Mission Valley Mall,Mission Valley,mall,2024-11-04,Monday,21,20,14,6,18,12,6,-10.0,Overcast,68,No,None,Fall,Low
FC0001951,SD004,Starbucks - Mission Valley Mall,Mission Valley,mall,2024-11-11,Monday,8,167,122,45,164,120,44,-1.8,Sunny,71,Yes,Del Mar Fair,Fall,Very High
FC0001952,SD004,Starbucks - Mission Valley Mall,Mission Valley,mall,2024-11-11,Monday,9,137,93,44,128,101,27,-6.57,Sunny,71,Yes,Del Mar Fair,Fall,Very High
FC0001953,SD004,Starbucks - Mission Valley Mall,Mission Valley,mall,2024-11-11,Monday,11,159,110,49,138,107,31,-13.21,Sunny,71,Yes,Del Mar Fair,Fall,Very High
FC0001954,SD004,Starbucks - Mission Valley Mall,Mission Valley,mall,2024-11-11,Monday,12,98,67,31,84,60,24,-14.29,Sunny,71,Yes,Del Mar Fair,Fall,High
FC0001955,SD004,Starbucks - Mission Valley Mall,Mission Valley,mall,2024-11-11,Monday,15,126,90,36,126,83,43,0.0,Sunny,71,Yes,Del Mar Fair,Fall,Very High
FC0001956,SD004,Starbucks - Mission Valley Mall,Mission Valley,mall,2024-11-11,Monday,16,132,99,33,129,96,33,-2.27,Sunny,71,Yes,Del Mar Fair,Fall,Very High
FC0001957,SD004,Starbucks - Mission Valley Mall,Mission Valley,mall,2024-11-11,Monday,18,80,56,24,82,56,26,2.5,Sunny,71,Yes,Del Mar Fair,Fall,High
FC0001958,SD004,Starbucks - Mission Valley Mall,Mission Valley,mall,2024-11-11,Monday,19,45,31,14,52,38,14,15.56,Sunny,71,Yes,Del Mar Fair,Fall,Moderate
FC0001959,SD004,Starbucks - Mission Valley Mall,Mission Valley,mall,2024-11-11,Monday,20,35,23,12,34,26,8,-2.86,Sunny,71,Yes,Del Mar Fair,Fall,Moderate
FC0001960,SD004,Starbucks - Mission Valley Mall,Mission Valley,mall,2024-11-11,Monday,21,19,14,5,20,15,5,5.26,Sunny,71,Yes,Del Mar Fair,Fall,Low
FC0001961,SD004,Starbucks - Mission Valley Mall,Mission Valley,mall,2024-11-18,Monday,7,73,51,22,66,52,14,-9.59,Sunny,71,No,None,Fall,High
FC0001962,SD004,Starbucks - Mission Valley Mall,Mission Valley,mall,2024-11-18,Monday,10,150,103,47,169,132,37,12.67,Sunny,71,No,None,Fall,Very High
FC0001963,SD004,Starbucks - Mission Valley Mall,Mission Valley,mall,2024-11-18,Monday,12,77,58,19,74,56,18,-3.9,Sunny,71,No,None,Fall,High
FC0001964,SD004,Starbucks - Mission Valley Mall,Mission Valley,mall,2024-11-18,Monday,13,128,97,31,133,99,34,3.91,Sunny,71,No,None,Fall,Very High
FC0001965,SD004,Starbucks - Mission Valley Mall,Mission Valley,mall,2024-11-18,Monday,14,86,65,21,93,69,24,8.14,Sunny,71,No,None,Fall,High
FC0001966,SD004,Starbucks - Mission Valley Mall,Mission Valley,mall,2024-11-18,Monday,15,121,92,29,151,113,38,24.79,Sunny,71,No,None,Fall,Very High
FC0001967,SD004,Starbucks - Mission Valley Mall,Mission Valley,mall,2024-11-18,Monday,18,47,34,13,51,34,17,8.51,Sunny,71,No,None,Fall,Moderate
FC0001968,SD004,Starbucks - Mission Valley Mall,Mission Valley,mall,2024-11-18,Monday,19,38,28,10,35,25,10,-7.89,Sunny,71,No,None,Fall,Moderate
FC0001969,SD004,Starbucks - Mission Valley Mall,Mission Valley,mall,2024-11-18,Monday,20,29,20,9,33,22,11,13.79,Sunny,71,No,None,Fall,Moderate
FC0001970,SD004,Starbucks - Mission Valley Mall,Mission Valley,mall,2024-11-18,Monday,21,27,18,9,28,21,7,3.7,Sunny,71,No,None,Fall,Low
FC0001971,SD004,Starbucks - Mission Valley Mall,Mission Valley,mall,2024-11-25,Monday,6,36,26,10,31,22,9,-13.89,Sunny,72,No,None,Fall,Moderate
FC0001972,SD004,Starbucks - Mission Valley Mall,Mission Valley,mall,2024-11-25,Monday,8,168,127,41,176,132,44,4.76,Sunny,72,No,None,Fall,Very High
FC0001973,SD004,Starbucks - Mission Valley Mall,Mission Valley,mall,2024-11-25,Monday,9,132,99,33,133,93,40,0.76,Sunny,72,No,None,Fall,Very High
FC0001974,SD004,Starbucks - Mission Valley Mall,Mission Valley,mall,2024-11-25,Monday,11,96,70,26,98,72,26,2.08,Sunny,72,No,None,Fall,High
FC0001975,SD004,Starbucks - Mission Valley Mall,Mission Valley,mall,2024-11-25,Monday,12,164,114,50,180,127,53,9.76,Sunny,72,No,None,Fall,Very High
FC0001976,SD004,Starbucks - Mission Valley Mall,Mission Valley,mall,2024-11-25,Monday,14,77,52,25,79,58,21,2.6,Sunny,72,No,None,Fall,High
FC0001977,SD004,Starbucks - Mission Valley Mall,Mission Valley,mall,2024-11-25,Monday,17,92,63,29,86,63,23,-6.52,Sunny,72,No,None,Fall,High
FC0001978,SD004,Starbucks - Mission Valley Mall,Mission Valley,mall,2024-11-25,Monday,18,97,72,25,102,72,30,5.15,Sunny,72,No,None,Fall,Very High
FC0001979,SD004,Starbucks - Mission Valley Mall,Mission Valley,mall,2024-11-25,Monday,20,35,23,12,33,22,11,-5.71,Sunny,72,No,None,Fall,Moderate
FC0001980,SD004,Starbucks - Mission Valley Mall,Mission Valley,mall,2024-11-25,Monday,21,25,17,8,24,18,6,-4.0,Sunny,72,No,None,Fall,Low
FC0001981,SD004,Starbucks - Mission Valley Mall,Mission Valley,mall,2024-12-02,Monday,8,145,104,41,171,133,38,17.93,Partly Cloudy,62,Yes,Del Mar Fair,Winter,Very High
FC0001982,SD004,Starbucks - Mission Valley Mall,Mission Valley,mall,2024-12-02,Monday,10,141,106,35,157,117,40,11.35,Partly Cloudy,62,Yes,Del Mar Fair,Winter,Very High
FC0001983,SD004,Starbucks - Mission Valley Mall,Mission Valley,mall,2024-12-02,Monday,12,107,77,30,97,65,32,-9.35,Partly Cloudy,62,Yes,Del Mar Fair,Winter,High
FC0001984,SD004,Starbucks - Mission Valley Mall,Mission Valley,mall,2024-12-02,Monday,15,126,87,39,127,99,28,0.79,Partly Cloudy,62,Yes,Del Mar Fair,Winter,Very High
FC0001985,SD004,Starbucks - Mission Valley Mall,Mission Valley,mall,2024-12-02,Monday,16,100,74,26,94,65,29,-6.0,Partly Cloudy,62,Yes,Del Mar Fair,Winter,High
FC0001986,SD004,Starbucks - Mission Valley Mall,Mission Valley,mall,2024-12-02,Monday,17,132,93,39,132,94,38,0.0,Partly Cloudy,62,Yes,Del Mar Fair,Winter,Very High
FC0001987,SD004,Starbucks - Mission Valley Mall,Mission Valley,mall,2024-12-02,Monday,18,105,77,28,116,78,38,10.48,Partly Cloudy,62,Yes,Del Mar Fair,Winter,Very High
FC0001988,SD004,Starbucks - Mission Valley Mall,Mission Valley,mall,2024-12-02,Monday,19,49,34,15,49,33,16,0.0,Partly Cloudy,62,Yes,Del Mar Fair,Winter,Moderate
FC0001989,SD004,Starbucks - Mission Valley Mall,Mission Valley,mall,2024-12-02,Monday,20,48,36,12,52,39,13,8.33,Partly Cloudy,62,Yes,Del Mar Fair,Winter,Moderate
FC0001990,SD004,Starbucks - Mission Valley Mall,Mission Valley,mall,2024-12-02,Monday,21,20,13,7,19,14,5,-5.0,Partly Cloudy,62,Yes,Del Mar Fair,Winter,Low
FC0001991,SD004,Starbucks - Mission Valley Mall,Mission Valley,mall,2024-12-09,Monday,7,92,64,28,93,65,28,1.09,Sunny,64,No,None,Winter,High
FC0001992,SD004,Starbucks - Mission Valley Mall,Mission Valley,mall,2024-12-09,Monday,9,185,139,46,162,128,34,-12.43,Sunny,64,No,None,Winter,Very High
FC0001993,SD004,Starbucks - Mission Valley Mall,Mission Valley,mall,2024-12-09,Monday,12,134,91,43,122,87,35,-8.96,Sunny,64,No,None,Winter,Very High
FC0001994,SD004,Starbucks - Mission Valley Mall,Mission Valley,mall,2024-12-09,Monday,13,71,48,23,65,49,16,-8.45,Sunny,64,No,None,Winter,High
FC0001995,SD004,Starbucks - Mission Valley Mall,Mission Valley,mall,2024-12-09,Monday,14,99,72,27,101,80,21,2.02,Sunny,64,No,None,Winter,Very High
FC0001996,SD004,Starbucks - Mission Valley Mall,Mission Valley,mall,2024-12-09,Monday,15,81,58,23,90,67,23,11.11,Sunny,64,No,None,Winter,High
FC0001997,SD004,Starbucks - Mission Valley Mall,Mission Valley,mall,2024-12-09,Monday,16,74,56,18,73,52,21,-1.35,Sunny,64,No,None,Winter,High
FC0001998,SD004,Starbucks - Mission Valley Mall,Mission Valley,mall,2024-12-09,Monday,19,46,32,14,48,35,13,4.35,Sunny,64,No,None,Winter,Moderate
FC0001999,SD004,Starbucks - Mission Valley Mall,Mission Valley,mall,2024-12-09,Monday,20,20,14,6,18,12,6,-10.0,Sunny,64,No,None,Winter,Low
FC0002000,SD004,Starbucks - Mission Valley Mall,Mission Valley,mall,2024-12-09,Monday,21,25,17,8,24,16,8,-4.0,Sunny,64,No,None,Winter,Low
FC0002001,SD005,Starbucks - North Park,North Park,suburban,2024-01-01,Monday,6,21,15,6,23,18,5,9.52,Sunny,65,No,None,Winter,Low
FC0002002,SD005,Starbucks - North Park,North Park,suburban,2024-01-01,Monday,7,125,87,38,124,96,28,-0.8,Sunny,65,No,None,Winter,Very High
FC0002003,SD005,Starbucks - North Park,North Park,suburban,2024-01-01,Monday,8,157,116,41,162,107,55,3.18,Sunny,65,No,None,Winter,Very High
FC0002004,SD005,Starbucks - North Park,North Park,suburban,2024-01-01,Monday,9,181,129,52,185,124,61,2.21,Sunny,65,No,None,Winter,Very High
FC0002005,SD005,Starbucks - North Park,North Park,suburban,2024-01-01,Monday,10,70,54,16,67,53,14,-4.29,Sunny,65,No,None,Winter,High
FC0002006,SD005,Starbucks - North Park,North Park,suburban,2024-01-01,Monday,11,134,102,32,138,108,30,2.99,Sunny,65,No,None,Winter,Very High
FC0002007,SD005,Starbucks - North Park,North Park,suburban,2024-01-01,Monday,14,98,68,30,115,90,25,17.35,Sunny,65,No,None,Winter,Very High
FC0002008,SD005,Starbucks - North Park,North Park,suburban,2024-01-01,Monday,15,107,81,26,129,97,32,20.56,Sunny,65,No,None,Winter,Very High
FC0002009,SD005,Starbucks - North Park,North Park,suburban,2024-01-01,Monday,16,90,63,27,86,66,20,-4.44,Sunny,65,No,None,Winter,High
FC0002010,SD005,Starbucks - North Park,North Park,suburban,2024-01-01,Monday,19,37,26,11,36,27,9,-2.7,Sunny,65,No,None,Winter,Moderate
FC0002011,SD005,Starbucks - North Park,North Park,suburban,2024-01-08,Monday,6,28,20,8,30,23,7,7.14,Sunny,61,No,None,Winter,Moderate
FC0002012,SD005,Starbucks - North Park,North Park,suburban,2024-01-08,Monday,7,96,69,27,92,68,24,-4.17,Sunny,61,No,None,Winter,High
FC0002013,SD005,Starbucks - North Park,North Park,suburban,2024-01-08,Monday,8,213,145,68,238,164,74,11.74,Sunny,61,No,None,Winter,Very High
FC0002014,SD005,Starbucks - North Park,North Park,suburban,2024-01-08,Monday,9,139,94,45,161,126,35,15.83,Sunny,61,No,None,Winter,Very High
FC0002015,SD005,Starbucks - North Park,North Park,suburban,2024-01-08,Monday,11,102,75,27,96,66,30,-5.88,Sunny,61,No,None,Winter,High
FC0002016,SD005,Starbucks - North Park,North Park,suburban,2024-01-08,Monday,12,81,58,23,85,64,21,4.94,Sunny,61,No,None,Winter,High
FC0002017,SD005,Starbucks - North Park,North Park,suburban,2024-01-08,Monday,14,93,69,24,86,65,21,-7.53,Sunny,61,No,None,Winter,High
FC0002018,SD005,Starbucks - North Park,North Park,suburban,2024-01-08,Monday,16,71,51,20,61,48,13,-14.08,Sunny,61,No,None,Winter,High
FC0002019,SD005,Starbucks - North Park,North Park,suburban,2024-01-08,Monday,18,83,61,22,85,67,18,2.41,Sunny,61,No,None,Winter,High
FC0002020,SD005,Starbucks - North Park,North Park,suburban,2024-01-08,Monday,21,17,11,6,14,10,4,-17.65,Sunny,61,No,None,Winter,Low
FC0002021,SD005,Starbucks - North Park,North Park,suburban,2024-01-15,Monday,7,87,62,25,94,63,31,8.05,Marine Layer,64,No,None,Winter,High
FC0002022,SD005,Starbucks - North Park,North Park,suburban,2024-01-15,Monday,8,117,89,28,105,76,29,-10.26,Marine Layer,64,No,None,Winter,Very High
FC0002023,SD005,Starbucks - North Park,North Park,suburban,2024-01-15,Monday,9,92,69,23,88,67,21,-4.35,Marine Layer,64,No,None,Winter,High
FC0002024,SD005,Starbucks - North Park,North Park,suburban,2024-01-15,Monday,10,126,91,35,107,80,27,-15.08,Marine Layer,64,No,None,Winter,Very High
FC0002025,SD005,Starbucks - North Park,North Park,suburban,2024-01-15,Monday,12,106,82,24,118,83,35,11.32,Marine Layer,64,No,None,Winter,Very High
FC0002026,SD005,Starbucks - North Park,North Park,suburban,2024-01-15,Monday,13,87,63,24,82,58,24,-5.75,Marine Layer,64,No,None,Winter,High
FC0002027,SD005,Starbucks - North Park,North Park,suburban,2024-01-15,Monday,15,100,68,32,100,79,21,0.0,Marine Layer,64,No,None,Winter,Very High
FC0002028,SD005,Starbucks - North Park,North Park,suburban,2024-01-15,Monday,17,60,45,15,68,52,16,13.33,Marine Layer,64,No,None,Winter,High
FC0002029,SD005,Starbucks - North Park,North Park,suburban,2024-01-15,Monday,19,40,30,10,44,35,9,10.0,Marine Layer,64,No,None,Winter,Moderate
FC0002030,SD005,Starbucks - North Park,North Park,suburban,2024-01-15,Monday,21,15,10,5,13,9,4,-13.33,Marine Layer,64,No,None,Winter,Low
FC0002031,SD005,Starbucks - North Park,North Park,suburban,2024-01-22,Monday,6,35,24,11,39,30,9,11.43,Partly Cloudy,63,No,None,Winter,Moderate
FC0002032,SD005,Starbucks - North Park,North Park,suburban,2024-01-22,Monday,7,128,88,40,146,98,48,14.06,Partly Cloudy,63,No,None,Winter,Very High
FC0002033,SD005,Starbucks - North Park,North Park,suburban,2024-01-22,Monday,10,98,75,23,91,68,23,-7.14,Partly Cloudy,63,No,None,Winter,High
FC0002034,SD005,Starbucks - North Park,North Park,suburban,2024-01-22,Monday,11,112,85,27,121,90,31,8.04,Partly Cloudy,63,No,None,Winter,Very High
FC0002035,SD005,Starbucks - North Park,North Park,suburban,2024-01-22,Monday,12,97,67,30,92,65,27,-5.15,Partly Cloudy,63,No,None,Winter,High
FC0002036,SD005,Starbucks - North Park,North Park,suburban,2024-01-22,Monday,13,150,110,40,156,122,34,4.0,Partly Cloudy,63,No,None,Winter,Very High
FC0002037,SD005,Starbucks - North Park,North Park,suburban,2024-01-22,Monday,15,75,52,23,70,47,23,-6.67,Partly Cloudy,63,No,None,Winter,High
FC0002038,SD005,Starbucks - North Park,North Park,suburban,2024-01-22,Monday,18,76,57,19,78,58,20,2.63,Partly Cloudy,63,No,None,Winter,High
FC0002039,SD005,Starbucks - North Park,North Park,suburban,2024-01-22,Monday,19,65,50,15,72,53,19,10.77,Partly Cloudy,63,No,None,Winter,High
FC0002040,SD005,Starbucks - North Park,North Park,suburban,2024-01-22,Monday,21,16,11,5,15,10,5,-6.25,Partly Cloudy,63,No,None,Winter,Low
FC0002041,SD005,Starbucks - North Park,North Park,suburban,2024-01-29,Monday,6,42,31,11,35,24,11,-16.67,Light Rain,64,No,None,Winter,Moderate
FC0002042,SD005,Starbucks - North Park,North Park,suburban,2024-01-29,Monday,8,149,113,36,145,113,32,-2.68,Light Rain,64,No,None,Winter,Very High
FC0002043,SD005,Starbucks - North Park,North Park,suburban,2024-01-29,Monday,9,112,76,36,110,83,27,-1.79,Light Rain,64,No,None,Winter,Very High
FC0002044,SD005,Starbucks - North Park,North Park,suburban,2024-01-29,Monday,11,109,81,28,113,77,36,3.67,Light Rain,64,No,None,Winter,Very High
FC0002045,SD005,Starbucks - North Park,North Park,suburban,2024-01-29,Monday,13,81,59,22,97,67,30,19.75,Light Rain,64,No,None,Winter,High
FC0002046,SD005,Starbucks - North Park,North Park,suburban,2024-01-29,Monday,15,89,69,20,95,71,24,6.74,Light Rain,64,No,None,Winter,High
FC0002047,SD005,Starbucks - North Park,North Park,suburban,2024-01-29,Monday,16,102,69,33,106,76,30,3.92,Light Rain,64,No,None,Winter,Very High
FC0002048,SD005,Starbucks - North Park,North Park,suburban,2024-01-29,Monday,17,95,68,27,92,70,22,-3.16,Light Rain,64,No,None,Winter,High
FC0002049,SD005,Starbucks - North Park,North Park,suburban,2024-01-29,Monday,18,77,57,20,76,55,21,-1.3,Light Rain,64,No,None,Winter,High
FC0002050,SD005,Starbucks - North Park,North Park,suburban,2024-01-29,Monday,20,27,20,7,22,16,6,-18.52,Light Rain,64,No,None,Winter,Low
FC0002051,SD005,Starbucks - North Park,North Park,suburban,2024-02-05,Monday,7,119,81,38,143,106,37,20.17,Overcast,67,No,None,Winter,Very High
FC0002052,SD005,Starbucks - North Park,North Park,suburban,2024-02-05,Monday,8,100,74,26,98,73,25,-2.0,Overcast,67,No,None,Winter,High
FC0002053,SD005,Starbucks - North Park,North Park,suburban,2024-02-05,Monday,11,102,75,27,93,63,30,-8.82,Overcast,67,No,None,Winter,High
FC0002054,SD005,Starbucks - North Park,North Park,suburban,2024-02-05,Monday,12,112,85,27,125,97,28,11.61,Overcast,67,No,None,Winter,Very High
FC0002055,SD005,Starbucks - North Park,North Park,suburban,2024-02-05,Monday,16,127,98,29,126,89,37,-0.79,Overcast,67,No,None,Winter,Very High
FC0002056,SD005,Starbucks - North Park,North Park,suburban,2024-02-05,Monday,17,82,63,19,83,62,21,1.22,Overcast,67,No,None,Winter,High
FC0002057,SD005,Starbucks - North Park,North Park,suburban,2024-02-05,Monday,18,66,50,16,67,47,20,1.52,Overcast,67,No,None,Winter,High
FC0002058,SD005,Starbucks - North Park,North Park,suburban,2024-02-05,Monday,19,43,32,11,42,27,15,-2.33,Overcast,67,No,None,Winter,Moderate
FC0002059,SD005,Starbucks - North Park,North Park,suburban,2024-02-05,Monday,20,40,30,10,38,29,9,-5.0,Overcast,67,No,None,Winter,Moderate
FC0002060,SD005,Starbucks - North Park,North Park,suburban,2024-02-05,Monday,21,16,10,6,15,11,4,-6.25,Overcast,67,No,None,Winter,Low
FC0002061,SD005,Starbucks - North Park,North Park,suburban,2024-02-12,Monday,6,37,26,11,39,27,12,5.41,Partly Cloudy,62,No,None,Winter,Moderate
FC0002062,SD005,Starbucks - North Park,North Park,suburban,2024-02-12,Monday,7,101,73,28,86,57,29,-14.85,Partly Cloudy,62,No,None,Winter,High
FC0002063,SD005,Starbucks - North Park,North Park,suburban,2024-02-12,Monday,8,114,87,27,102,68,34,-10.53,Partly Cloudy,62,No,None,Winter,Very High
FC0002064,SD005,Starbucks - North Park,North Park,suburban,2024-02-12,Monday,10,106,74,32,89,68,21,-16.04,Partly Cloudy,62,No,None,Winter,High
FC0002065,SD005,Starbucks - North Park,North Park,suburban,2024-02-12,Monday,11,137,98,39,120,95,25,-12.41,Partly Cloudy,62,No,None,Winter,Very High
FC0002066,SD005,Starbucks - North Park,North Park,suburban,2024-02-12,Monday,13,117,83,34,116,91,25,-0.85,Partly Cloudy,62,No,None,Winter,Very High
FC0002067,SD005,Starbucks - North Park,North Park,suburban,2024-02-12,Monday,15,60,44,16,62,46,16,3.33,Partly Cloudy,62,No,None,Winter,High
FC0002068,SD005,Starbucks - North Park,North Park,suburban,2024-02-12,Monday,17,68,50,18,68,45,23,0.0,Partly Cloudy,62,No,None,Winter,High
FC0002069,SD005,Starbucks - North Park,North Park,suburban,2024-02-12,Monday,18,78,60,18,75,59,16,-3.85,Partly Cloudy,62,No,None,Winter,High
FC0002070,SD005,Starbucks - North Park,North Park,suburban,2024-02-12,Monday,19,40,30,10,43,31,12,7.5,Partly Cloudy,62,No,None,Winter,Moderate
FC0002071,SD005,Starbucks - North Park,North Park,suburban,2024-02-19,Monday,6,29,22,7,29,19,10,0.0,Partly Cloudy,67,No,None,Winter,Low
FC0002072,SD005,Starbucks - North Park,North Park,suburban,2024-02-19,Monday,8,128,97,31,128,89,39,0.0,Partly Cloudy,67,No,None,Winter,Very High
FC0002073,SD005,Starbucks - North Park,North Park,suburban,2024-02-19,Monday,10,139,97,42,123,82,41,-11.51,Partly Cloudy,67,No,None,Winter,Very High
FC0002074,SD005,Starbucks - North Park,North Park,suburban,2024-02-19,Monday,11,111,84,27,126,93,33,13.51,Partly Cloudy,67,No,None,Winter,Very High
FC0002075,SD005,Starbucks - North Park,North Park,suburban,2024-02-19,Monday,12,92,63,29,90,63,27,-2.17,Partly Cloudy,67,No,None,Winter,High
FC0002076,SD005,Starbucks - North Park,North Park,suburban,2024-02-19,Monday,14,133,91,42,127,87,40,-4.51,Partly Cloudy,67,No,None,Winter,Very High
FC0002077,SD005,Starbucks - North Park,North Park,suburban,2024-02-19,Monday,15,67,47,20,72,49,23,7.46,Partly Cloudy,67,No,None,Winter,High
FC0002078,SD005,Starbucks - North Park,North Park,suburban,2024-02-19,Monday,18,86,64,22,79,61,18,-8.14,Partly Cloudy,67,No,None,Winter,High
FC0002079,SD005,Starbucks - North Park,North Park,suburban,2024-02-19,Monday,19,65,50,15,61,41,20,-6.15,Partly Cloudy,67,No,None,Winter,High
FC0002080,SD005,Starbucks - North Park,North Park,suburban,2024-02-19,Monday,20,22,16,6,21,16,5,-4.55,Partly Cloudy,67,No,None,Winter,Low
FC0002081,SD005,Starbucks - North Park,North Park,suburban,2024-02-26,Monday,6,49,36,13,49,36,13,0.0,Marine Layer,68,Yes,Farmers Market,Winter,Moderate
FC0002082,SD005,Starbucks - North Park,North Park,suburban,2024-02-26,Monday,7,162,118,44,159,118,41,-1.85,Marine Layer,68,Yes,Farmers Market,Winter,Very High
FC0002083,SD005,Starbucks - North Park,North Park,suburban,2024-02-26,Monday,10,193,147,46,200,138,62,3.63,Marine Layer,68,Yes,Farmers Market,Winter,Very High
FC0002084,SD005,Starbucks - North Park,North Park,suburban,2024-02-26,Monday,11,144,106,38,145,98,47,0.69,Marine Layer,68,Yes,Farmers Market,Winter,Very High
FC0002085,SD005,Starbucks - North Park,North Park,suburban,2024-02-26,Monday,12,195,137,58,171,117,54,-12.31,Marine Layer,68,Yes,Farmers Market,Winter,Very High
FC0002086,SD005,Starbucks - North Park,North Park,suburban,2024-02-26,Monday,13,137,93,44,139,99,40,1.46,Marine Layer,68,Yes,Farmers Market,Winter,Very High
FC0002087,SD005,Starbucks - North Park,North Park,suburban,2024-02-26,Monday,15,124,86,38,132,97,35,6.45,Marine Layer,68,Yes,Farmers Market,Winter,Very High
FC0002088,SD005,Starbucks - North Park,North Park,suburban,2024-02-26,Monday,18,87,63,24,86,60,26,-1.15,Marine Layer,68,Yes,Farmers Market,Winter,High
FC0002089,SD005,Starbucks - North Park,North Park,suburban,2024-02-26,Monday,19,55,39,16,50,33,17,-9.09,Marine Layer,68,Yes,Farmers Market,Winter,Moderate
FC0002090,SD005,Starbucks - North Park,North Park,suburban,2024-02-26,Monday,20,36,27,9,37,25,12,2.78,Marine Layer,68,Yes,Farmers Market,Winter,Moderate
FC0002091,SD005,Starbucks - North Park,North Park,suburban,2024-03-04,Monday,6,23,16,7,21,14,7,-8.7,Partly Cloudy,70,No,None,Spring,Low
FC0002092,SD005,Starbucks - North Park,North Park,suburban,2024-03-04,Monday,7,106,82,24,106,81,25,0.0,Partly Cloudy,70,No,None,Spring,Very High
FC0002093,SD005,Starbucks - North Park,North Park,suburban,2024-03-04,Monday,8,159,118,41,144,107,37,-9.43,Partly Cloudy,70,No,None,Spring,Very High
FC0002094,SD005,Starbucks - North Park,North Park,suburban,2024-03-04,Monday,9,123,86,37,120,94,26,-2.44,Partly Cloudy,70,No,None,Spring,Very High
FC0002095,SD005,Starbucks - North Park,North Park,suburban,2024-03-04,Monday,12,93,71,22,91,67,24,-2.15,Partly Cloudy,70,No,None,Spring,High
FC0002096,SD005,Starbucks - North Park,North Park,suburban,2024-03-04,Monday,14,93,71,22,97,69,28,4.3,Partly Cloudy,70,No,None,Spring,High
FC0002097,SD005,Starbucks - North Park,North Park,suburban,2024-03-04,Monday,16,90,64,26,84,65,19,-6.67,Partly Cloudy,70,No,None,Spring,High
FC0002098,SD005,Starbucks - North Park,North Park,suburban,2024-03-04,Monday,17,62,42,20,61,46,15,-1.61,Partly Cloudy,70,No,None,Spring,High
FC0002099,SD005,Starbucks - North Park,North Park,suburban,2024-03-04,Monday,20,42,30,12,43,29,14,2.38,Partly Cloudy,70,No,None,Spring,Moderate
FC0002100,SD005,Starbucks - North Park,North Park,suburban,2024-03-04,Monday,21,14,9,5,13,8,5,-7.14,Partly Cloudy,70,No,None,Spring,Low
FC0002101,SD005,Starbucks - North Park,North Park,suburban,2024-03-11,Monday,6,20,14,6,18,12,6,-10.0,Light Rain,70,No,None,Spring,Low
FC0002102,SD005,Starbucks - North Park,North Park,suburban,2024-03-11,Monday,7,84,63,21,94,72,22,11.9,Light Rain,70,No,None,Spring,High
FC0002103,SD005,Starbucks - North Park,North Park,suburban,2024-03-11,Monday,8,121,91,30,108,75,33,-10.74,Light Rain,70,No,None,Spring,Very High
FC0002104,SD005,Starbucks - North Park,North Park,suburban,2024-03-11,Monday,9,139,101,38,148,108,40,6.47,Light Rain,70,No,None,Spring,Very High
FC0002105,SD005,Starbucks - North Park,North Park,suburban,2024-03-11,Monday,11,83,57,26,77,55,22,-7.23,Light Rain,70,No,None,Spring,High
FC0002106,SD005,Starbucks - North Park,North Park,suburban,2024-03-11,Monday,12,152,113,39,162,121,41,6.58,Light Rain,70,No,None,Spring,Very High
FC0002107,SD005,Starbucks - North Park,North Park,suburban,2024-03-11,Monday,14,117,88,29,120,79,41,2.56,Light Rain,70,No,None,Spring,Very High
FC0002108,SD005,Starbucks - North Park,North Park,suburban,2024-03-11,Monday,17,100,72,28,103,74,29,3.0,Light Rain,70,No,None,Spring,Very High
FC0002109,SD005,Starbucks - North Park,North Park,suburban,2024-03-11,Monday,18,95,68,27,79,62,17,-16.84,Light Rain,70,No,None,Spring,High
FC0002110,SD005,Starbucks - North Park,North Park,suburban,2024-03-11,Monday,20,38,27,11,38,28,10,0.0,Light Rain,70,No,None,Spring,Moderate
FC0002111,SD005,Starbucks - North Park,North Park,suburban,2024-03-18,Monday,6,24,16,8,25,18,7,4.17,Sunny,69,No,None,Spring,Low
FC0002112,SD005,Starbucks - North Park,North Park,suburban,2024-03-18,Monday,8,199,153,46,207,137,70,4.02,Sunny,69,No,None,Spring,Very High
FC0002113,SD005,Starbucks - North Park,North Park,suburban,2024-03-18,Monday,9,132,91,41,116,85,31,-12.12,Sunny,69,No,None,Spring,Very High
FC0002114,SD005,Starbucks - North Park,North Park,suburban,2024-03-18,Monday,11,96,69,27,99,75,24,3.12,Sunny,69,No,None,Spring,High
FC0002115,SD005,Starbucks - North Park,North Park,suburban,2024-03-18,Monday,12,159,119,40,164,117,47,3.14,Sunny,69,No,None,Spring,Very High
FC0002116,SD005,Starbucks - North Park,North Park,suburban,2024-03-18,Monday,14,95,71,24,89,64,25,-6.32,Sunny,69,No,None,Spring,High
FC0002117,SD005,Starbucks - North Park,North Park,suburban,2024-03-18,Monday,16,116,83,33,127,101,26,9.48,Sunny,69,No,None,Spring,Very High
FC0002118,SD005,Starbucks - North Park,North Park,suburban,2024-03-18,Monday,18,98,70,28,102,78,24,4.08,Sunny,69,No,None,Spring,Very High
FC0002119,SD005,Starbucks - North Park,North Park,suburban,2024-03-18,Monday,20,22,16,6,21,15,6,-4.55,Sunny,69,No,None,Spring,Low
FC0002120,SD005,Starbucks - North Park,North Park,suburban,2024-03-18,Monday,21,26,19,7,26,19,7,0.0,Sunny,69,No,None,Spring,Low
FC0002121,SD005,Starbucks - North Park,North Park,suburban,2024-03-25,Monday,6,41,30,11,44,34,10,7.32,Sunny,71,No,None,Spring,Moderate
FC0002122,SD005,Starbucks - North Park,North Park,suburban,2024-03-25,Monday,7,117,84,33,130,93,37,11.11,Sunny,71,No,None,Spring,Very High
FC0002123,SD005,Starbucks - North Park,North Park,suburban,2024-03-25,Monday,8,123,86,37,125,96,29,1.63,Sunny,71,No,None,Spring,Very High
FC0002124,SD005,Starbucks - North Park,North Park,suburban,2024-03-25,Monday,10,83,63,20,84,60,24,1.2,Sunny,71,No,None,Spring,High
FC0002125,SD005,Starbucks - North Park,North Park,suburban,2024-03-25,Monday,12,137,104,33,145,99,46,5.84,Sunny,71,No,None,Spring,Very High
FC0002126,SD005,Starbucks - North Park,North Park,suburban,2024-03-25,Monday,14,80,58,22,74,49,25,-7.5,Sunny,71,No,None,Spring,High
FC0002127,SD005,Starbucks - North Park,North Park,suburban,2024-03-25,Monday,16,127,89,38,137,103,34,7.87,Sunny,71,No,None,Spring,Very High
FC0002128,SD005,Starbucks - North Park,North Park,suburban,2024-03-25,Monday,17,74,50,24,74,58,16,0.0,Sunny,71,No,None,Spring,High
FC0002129,SD005,Starbucks - North Park,North Park,suburban,2024-03-25,Monday,18,49,37,12,49,37,12,0.0,Sunny,71,No,None,Spring,Moderate
FC0002130,SD005,Starbucks - North Park,North Park,suburban,2024-03-25,Monday,20,24,18,6,23,17,6,-4.17,Sunny,71,No,None,Spring,Low
FC0002131,SD005,Starbucks - North Park,North Park,suburban,2024-04-01,Monday,10,91,66,25,105,77,28,15.38,Light Rain,73,No,None,Spring,Very High
FC0002132,SD005,Starbucks - North Park,North Park,suburban,2024-04-01,Monday,11,110,75,35,96,67,29,-12.73,Light Rain,73,No,None,Spring,High
FC0002133,SD005,Starbucks - North Park,North Park,suburban,2024-04-01,Monday,12,155,110,45,135,100,35,-12.9,Light Rain,73,No,None,Spring,Very High
FC0002134,SD005,Starbucks - North Park,North Park,suburban,2024-04-01,Monday,13,153,110,43,124,92,32,-18.95,Light Rain,73,No,None,Spring,Very High
FC0002135,SD005,Starbucks - North Park,North Park,suburban,2024-04-01,Monday,14,106,81,25,114,89,25,7.55,Light Rain,73,No,None,Spring,Very High
FC0002136,SD005,Starbucks - North Park,North Park,suburban,2024-04-01,Monday,15,101,74,27,110,79,31,8.91,Light Rain,73,No,None,Spring,Very High
FC0002137,SD005,Starbucks - North Park,North Park,suburban,2024-04-01,Monday,17,82,61,21,82,56,26,0.0,Light Rain,73,No,None,Spring,High
FC0002138,SD005,Starbucks - North Park,North Park,suburban,2024-04-01,Monday,19,53,38,15,47,34,13,-11.32,Light Rain,73,No,None,Spring,Moderate
FC0002139,SD005,Starbucks - North Park,North Park,suburban,2024-04-01,Monday,20,39,29,10,39,30,9,0.0,Light Rain,73,No,None,Spring,Moderate
FC0002140,SD005,Starbucks - North Park,North Park,suburban,2024-04-01,Monday,21,23,16,7,23,16,7,0.0,Light Rain,73,No,None,Spring,Low
FC0002141,SD005,Starbucks - North Park,North Park,suburban,2024-04-08,Monday,6,28,20,8,31,24,7,10.71,Sunny,73,No,None,Spring,Moderate
FC0002142,SD005,Starbucks - North Park,North Park,suburban,2024-04-08,Monday,8,186,141,45,199,154,45,6.99,Sunny,73,No,None,Spring,Very High
FC0002143,SD005,Starbucks - North Park,North Park,suburban,2024-04-08,Monday,9,115,78,37,117,77,40,1.74,Sunny,73,No,None,Spring,Very High
FC0002144,SD005,Starbucks - North Park,North Park,suburban,2024-04-08,Monday,11,95,74,21,96,63,33,1.05,Sunny,73,No,None,Spring,High
FC0002145,SD005,Starbucks - North Park,North Park,suburban,2024-04-08,Monday,14,72,54,18,70,53,17,-2.78,Sunny,73,No,None,Spring,High
FC0002146,SD005,Starbucks - North Park,North Park,suburban,2024-04-08,Monday,15,71,51,20,67,50,17,-5.63,Sunny,73,No,None,Spring,High
FC0002147,SD005,Starbucks - North Park,North Park,suburban,2024-04-08,Monday,17,93,64,29,85,65,20,-8.6,Sunny,73,No,None,Spring,High
FC0002148,SD005,Starbucks - North Park,North Park,suburban,2024-04-08,Monday,18,98,67,31,98,70,28,0.0,Sunny,73,No,None,Spring,High
FC0002149,SD005,Starbucks - North Park,North Park,suburban,2024-04-08,Monday,20,20,15,5,18,14,4,-10.0,Sunny,73,No,None,Spring,Low
FC0002150,SD005,Starbucks - North Park,North Park,suburban,2024-04-08,Monday,21,22,15,7,22,15,7,0.0,Sunny,73,No,None,Spring,Low
FC0002151,SD005,Starbucks - North Park,North Park,suburban,2024-04-15,Monday,6,50,37,13,47,35,12,-6.0,Sunny,69,Yes,Farmers Market,Spring,Moderate
FC0002152,SD005,Starbucks - North Park,North Park,suburban,2024-04-15,Monday,9,231,157,74,224,175,49,-3.03,Sunny,69,Yes,Farmers Market,Spring,Very High
FC0002153,SD005,Starbucks - North Park,North Park,suburban,2024-04-15,Monday,11,157,114,43,160,108,52,1.91,Sunny,69,Yes,Farmers Market,Spring,Very High
FC0002154,SD005,Starbucks - North Park,North Park,suburban,2024-04-15,Monday,12,128,94,34,128,94,34,0.0,Sunny,69,Yes,Farmers Market,Spring,Very High
FC0002155,SD005,Starbucks - North Park,North Park,suburban,2024-04-15,Monday,13,159,112,47,179,134,45,12.58,Sunny,69,Yes,Farmers Market,Spring,Very High
FC0002156,SD005,Starbucks - North Park,North Park,suburban,2024-04-15,Monday,14,105,73,32,109,84,25,3.81,Sunny,69,Yes,Farmers Market,Spring,Very High
FC0002157,SD005,Starbucks - North Park,North Park,suburban,2024-04-15,Monday,16,156,114,42,156,122,34,0.0,Sunny,69,Yes,Farmers Market,Spring,Very High
FC0002158,SD005,Starbucks - North Park,North Park,suburban,2024-04-15,Monday,18,120,92,28,115,91,24,-4.17,Sunny,69,Yes,Farmers Market,Spring,Very High
FC0002159,SD005,Starbucks - North Park,North Park,suburban,2024-04-15,Monday,19,39,27,12,41,27,14,5.13,Sunny,69,Yes,Farmers Market,Spring,Moderate
FC0002160,SD005,Starbucks - North Park,North Park,suburban,2024-04-15,Monday,20,33,23,10,31,23,8,-6.06,Sunny,69,Yes,Farmers Market,Spring,Moderate
FC0002161,SD005,Starbucks - North Park,North Park,suburban,2024-04-22,Monday,6,42,31,11,34,23,11,-19.05,Light Rain,73,No,None,Spring,Moderate
FC0002162,SD005,Starbucks - North Park,North Park,suburban,2024-04-22,Monday,7,134,96,38,137,96,41,2.24,Light Rain,73,No,None,Spring,Very High
FC0002163,SD005,Starbucks - North Park,North Park,suburban,2024-04-22,Monday,8,168,130,38,177,137,40,5.36,Light Rain,73,No,None,Spring,Very High
FC0002164,SD005,Starbucks - North Park,North Park,suburban,2024-04-22,Monday,14,92,63,29,86,68,18,-6.52,Light Rain,73,No,None,Spring,High
FC0002165,SD005,Starbucks - North Park,North Park,suburban,2024-04-22,Monday,15,83,63,20,82,63,19,-1.2,Light Rain,73,No,None,Spring,High
FC0002166,SD005,Starbucks - North Park,North Park,suburban,2024-04-22,Monday,16,130,95,35,117,77,40,-10.0,Light Rain,73,No,None,Spring,Very High
FC0002167,SD005,Starbucks - North Park,North Park,suburban,2024-04-22,Monday,18,76,58,18,74,50,24,-2.63,Light Rain,73,No,None,Spring,High
FC0002168,SD005,Starbucks - North Park,North Park,suburban,2024-04-22,Monday,19,61,41,20,66,51,15,8.2,Light Rain,73,No,None,Spring,High
FC0002169,SD005,Starbucks - North Park,North Park,suburban,2024-04-22,Monday,20,32,22,10,33,22,11,3.12,Light Rain,73,No,None,Spring,Moderate
FC0002170,SD005,Starbucks - North Park,North Park,suburban,2024-04-22,Monday,21,24,18,6,21,14,7,-12.5,Light Rain,73,No,None,Spring,Low
FC0002171,SD005,Starbucks - North Park,North Park,suburban,2024-04-29,Monday,7,128,94,34,143,94,49,11.72,Light Rain,67,No,None,Spring,Very High
FC0002172,SD005,Starbucks - North Park,North Park,suburban,2024-04-29,Monday,8,211,151,60,232,163,69,9.95,Light Rain,67,No,None,Spring,Very High
FC0002173,SD005,Starbucks - North Park,North Park,suburban,2024-04-29,Monday,10,143,102,41,148,104,44,3.5,Light Rain,67,No,None,Spring,Very High
FC0002174,SD005,Starbucks - North Park,North Park,suburban,2024-04-29,Monday,12,119,88,31,115,81,34,-3.36,Light Rain,67,No,None,Spring,Very High
FC0002175,SD005,Starbucks - North Park,North Park,suburban,2024-04-29,Monday,13,78,59,19,76,53,23,-2.56,Light Rain,67,No,None,Spring,High
FC0002176,SD005,Starbucks - North Park,North Park,suburban,2024-04-29,Monday,15,104,76,28,95,66,29,-8.65,Light Rain,67,No,None,Spring,High
FC0002177,SD005,Starbucks - North Park,North Park,suburban,2024-04-29,Monday,17,100,71,29,92,69,23,-8.0,Light Rain,67,No,None,Spring,High
FC0002178,SD005,Starbucks - North Park,North Park,suburban,2024-04-29,Monday,19,39,26,13,44,32,12,12.82,Light Rain,67,No,None,Spring,Moderate
FC0002179,SD005,Starbucks - North Park,North Park,suburban,2024-04-29,Monday,20,39,28,11,36,25,11,-7.69,Light Rain,67,No,None,Spring,Moderate
FC0002180,SD005,Starbucks - North Park,North Park,suburban,2024-04-29,Monday,21,14,10,4,13,9,4,-7.14,Light Rain,67,No,None,Spring,Low
FC0002181,SD005,Starbucks - North Park,North Park,suburban,2024-05-06,Monday,6,35,26,9,32,25,7,-8.57,Partly Cloudy,66,No,None,Spring,Moderate
FC0002182,SD005,Starbucks - North Park,North Park,suburban,2024-05-06,Monday,7,89,68,21,95,74,21,6.74,Partly Cloudy,66,No,None,Spring,High
FC0002183,SD005,Starbucks - North Park,North Park,suburban,2024-05-06,Monday,9,182,126,56,163,127,36,-10.44,Partly Cloudy,66,No,None,Spring,Very High
FC0002184,SD005,Starbucks - North Park,North Park,suburban,2024-05-06,Monday,11,95,72,23,93,68,25,-2.11,Partly Cloudy,66,No,None,Spring,High
FC0002185,SD005,Starbucks - North Park,North Park,suburban,2024-05-06,Monday,14,103,72,31,99,66,33,-3.88,Partly Cloudy,66,No,None,Spring,High
FC0002186,SD005,Starbucks - North Park,North Park,suburban,2024-05-06,Monday,15,88,66,22,75,55,20,-14.77,Partly Cloudy,66,No,None,Spring,High
FC0002187,SD005,Starbucks - North Park,North Park,suburban,2024-05-06,Monday,16,110,83,27,109,80,29,-0.91,Partly Cloudy,66,No,None,Spring,Very High
FC0002188,SD005,Starbucks - North Park,North Park,suburban,2024-05-06,Monday,18,74,52,22,70,47,23,-5.41,Partly Cloudy,66,No,None,Spring,High
FC0002189,SD005,Starbucks - North Park,North Park,suburban,2024-05-06,Monday,20,25,17,8,27,19,8,8.0,Partly Cloudy,66,No,None,Spring,Low
FC0002190,SD005,Starbucks - North Park,North Park,suburban,2024-05-06,Monday,21,24,17,7,20,15,5,-16.67,Partly Cloudy,66,No,None,Spring,Low
FC0002191,SD005,Starbucks - North Park,North Park,suburban,2024-05-13,Monday,6,21,14,7,20,13,7,-4.76,Partly Cloudy,74,No,None,Spring,Low
FC0002192,SD005,Starbucks - North Park,North Park,suburban,2024-05-13,Monday,8,178,132,46,189,141,48,6.18,Partly Cloudy,74,No,None,Spring,Very High
FC0002193,SD005,Starbucks - North Park,North Park,suburban,2024-05-13,Monday,11,71,52,19,76,57,19,7.04,Partly Cloudy,74,No,None,Spring,High
FC0002194,SD005,Starbucks - North Park,North Park,suburban,2024-05-13,Monday,12,96,66,30,86,67,19,-10.42,Partly Cloudy,74,No,None,Spring,High
FC0002195,SD005,Starbucks - North Park,North Park,suburban,2024-05-13,Monday,14,134,91,43,155,110,45,15.67,Partly Cloudy,74,No,None,Spring,Very High
FC0002196,SD005,Starbucks - North Park,North Park,suburban,2024-05-13,Monday,15,100,74,26,98,71,27,-2.0,Partly Cloudy,74,No,None,Spring,High
FC0002197,SD005,Starbucks - North Park,North Park,suburban,2024-05-13,Monday,16,73,53,20,74,52,22,1.37,Partly Cloudy,74,No,None,Spring,High
FC0002198,SD005,Starbucks - North Park,North Park,suburban,2024-05-13,Monday,19,38,27,11,40,30,10,5.26,Partly Cloudy,74,No,None,Spring,Moderate
FC0002199,SD005,Starbucks - North Park,North Park,suburban,2024-05-13,Monday,20,26,18,8,22,15,7,-15.38,Partly Cloudy,74,No,None,Spring,Low
FC0002200,SD005,Starbucks - North Park,North Park,suburban,2024-05-13,Monday,21,26,19,7,24,17,7,-7.69,Partly Cloudy,74,No,None,Spring,Low
FC0002201,SD005,Starbucks - North Park,North Park,suburban,2024-05-20,Monday,8,122,91,31,124,84,40,1.64,Partly Cloudy,73,No,None,Spring,Very High
FC0002202,SD005,Starbucks - North Park,North Park,suburban,2024-05-20,Monday,9,89,62,27,87,66,21,-2.25,Partly Cloudy,73,No,None,Spring,High
FC0002203,SD005,Starbucks - North Park,North Park,suburban,2024-05-20,Monday,11,73,52,21,74,51,23,1.37,Partly Cloudy,73,No,None,Spring,High
FC0002204,SD005,Starbucks - North Park,North Park,suburban,2024-05-20,Monday,12,126,94,32,116,81,35,-7.94,Partly Cloudy,73,No,None,Spring,Very High
FC0002205,SD005,Starbucks - North Park,North Park,suburban,2024-05-20,Monday,15,83,61,22,78,53,25,-6.02,Partly Cloudy,73,No,None,Spring,High
FC0002206,SD005,Starbucks - North Park,North Park,suburban,2024-05-20,Monday,16,95,72,23,100,69,31,5.26,Partly Cloudy,73,No,None,Spring,Very High
FC0002207,SD005,Starbucks - North Park,North Park,suburban,2024-05-20,Monday,17,57,42,15,58,45,13,1.75,Partly Cloudy,73,No,None,Spring,Moderate
FC0002208,SD005,Starbucks - North Park,North Park,suburban,2024-05-20,Monday,18,94,70,24,99,73,26,5.32,Partly Cloudy,73,No,None,Spring,High
FC0002209,SD005,Starbucks - North Park,North Park,suburban,2024-05-20,Monday,19,50,35,15,43,32,11,-14.0,Partly Cloudy,73,No,None,Spring,Moderate
FC0002210,SD005,Starbucks - North Park,North Park,suburban,2024-05-20,Monday,20,29,20,9,28,19,9,-3.45,Partly Cloudy,73,No,None,Spring,Low
FC0002211,SD005,Starbucks - North Park,North Park,suburban,2024-05-27,Monday,6,40,29,11,40,28,12,0.0,Sunny,68,No,None,Spring,Moderate
FC0002212,SD005,Starbucks - North Park,North Park,suburban,2024-05-27,Monday,9,182,131,51,169,129,40,-7.14,Sunny,68,No,None,Spring,Very High
FC0002213,SD005,Starbucks - North Park,North Park,suburban,2024-05-27,Monday,10,95,73,22,87,62,25,-8.42,Sunny,68,No,None,Spring,High
FC0002214,SD005,Starbucks - North Park,North Park,suburban,2024-05-27,Monday,11,103,70,33,98,74,24,-4.85,Sunny,68,No,None,Spring,High
FC0002215,SD005,Starbucks - North Park,North Park,suburban,2024-05-27,Monday,12,104,75,29,74,51,23,-28.85,Sunny,68,No,None,Spring,High
FC0002216,SD005,Starbucks - North Park,North Park,suburban,2024-05-27,Monday,16,133,95,38,141,101,40,6.02,Sunny,68,No,None,Spring,Very High
FC0002217,SD005,Starbucks - North Park,North Park,suburban,2024-05-27,Monday,17,96,73,23,92,68,24,-4.17,Sunny,68,No,None,Spring,High
FC0002218,SD005,Starbucks - North Park,North Park,suburban,2024-05-27,Monday,18,68,50,18,69,54,15,1.47,Sunny,68,No,None,Spring,High
FC0002219,SD005,Starbucks - North Park,North Park,suburban,2024-05-27,Monday,20,43,31,12,46,34,12,6.98,Sunny,68,No,None,Spring,Moderate
FC0002220,SD005,Starbucks - North Park,North Park,suburban,2024-05-27,Monday,21,19,13,6,17,11,6,-10.53,Sunny,68,No,None,Spring,Low
FC0002221,SD005,Starbucks - North Park,North Park,suburban,2024-06-03,Monday,6,29,20,9,30,22,8,3.45,Sunny,78,No,None,Summer,Moderate
FC0002222,SD005,Starbucks - North Park,North Park,suburban,2024-06-03,Monday,7,64,49,15,68,52,16,6.25,Sunny,78,No,None,Summer,High
FC0002223,SD005,Starbucks - North Park,North Park,suburban,2024-06-03,Monday,10,76,54,22,84,59,25,10.53,Sunny,78,No,None,Summer,High
FC0002224,SD005,Starbucks - North Park,North Park,suburban,2024-06-03,Monday,11,87,62,25,89,65,24,2.3,Sunny,78,No,None,Summer,High
FC0002225,SD005,Starbucks - North Park,North Park,suburban,2024-06-03,Monday,12,150,107,43,161,127,34,7.33,Sunny,78,No,None,Summer,Very High
FC0002226,SD005,Starbucks - North Park,North Park,suburban,2024-06-03,Monday,13,74,52,22,75,50,25,1.35,Sunny,78,No,None,Summer,High
FC0002227,SD005,Starbucks - North Park,North Park,suburban,2024-06-03,Monday,15,61,47,14,62,45,17,1.64,Sunny,78,No,None,Summer,High
FC0002228,SD005,Starbucks - North Park,North Park,suburban,2024-06-03,Monday,16,107,74,33,116,79,37,8.41,Sunny,78,No,None,Summer,Very High
FC0002229,SD005,Starbucks - North Park,North Park,suburban,2024-06-03,Monday,18,50,34,16,54,40,14,8.0,Sunny,78,No,None,Summer,Moderate
FC0002230,SD005,Starbucks - North Park,North Park,suburban,2024-06-03,Monday,21,13,9,4,14,10,4,7.69,Sunny,78,No,None,Summer,Low
FC0002231,SD005,Starbucks - North Park,North Park,suburban,2024-06-10,Monday,7,109,79,30,89,69,20,-18.35,Sunny,76,No,None,Summer,High
FC0002232,SD005,Starbucks - North Park,North Park,suburban,2024-06-10,Monday,8,191,145,46,204,143,61,6.81,Sunny,76,No,None,Summer,Very High
FC0002233,SD005,Starbucks - North Park,North Park,suburban,2024-06-10,Monday,9,179,131,48,176,130,46,-1.68,Sunny,76,No,None,Summer,Very High
FC0002234,SD005,Starbucks - North Park,North Park,suburban,2024-06-10,Monday,11,96,68,28,101,79,22,5.21,Sunny,76,No,None,Summer,Very High
FC0002235,SD005,Starbucks - North Park,North Park,suburban,2024-06-10,Monday,12,87,62,25,88,64,24,1.15,Sunny,76,No,None,Summer,High
FC0002236,SD005,Starbucks - North Park,North Park,suburban,2024-06-10,Monday,13,74,53,21,80,63,17,8.11,Sunny,76,No,None,Summer,High
FC0002237,SD005,Starbucks - North Park,North Park,suburban,2024-06-10,Monday,14,123,93,30,126,86,40,2.44,Sunny,76,No,None,Summer,Very High
FC0002238,SD005,Starbucks - North Park,North Park,suburban,2024-06-10,Monday,18,84,58,26,78,61,17,-7.14,Sunny,76,No,None,Summer,High
FC0002239,SD005,Starbucks - North Park,North Park,suburban,2024-06-10,Monday,19,50,35,15,51,35,16,2.0,Sunny,76,No,None,Summer,Moderate
FC0002240,SD005,Starbucks - North Park,North Park,suburban,2024-06-10,Monday,21,14,9,5,12,8,4,-14.29,Sunny,76,No,None,Summer,Low
FC0002241,SD005,Starbucks - North Park,North Park,suburban,2024-06-17,Monday,6,25,18,7,25,17,8,0.0,Partly Cloudy,72,No,None,Summer,Low
FC0002242,SD005,Starbucks - North Park,North Park,suburban,2024-06-17,Monday,8,150,107,43,165,121,44,10.0,Partly Cloudy,72,No,None,Summer,Very High
FC0002243,SD005,Starbucks - North Park,North Park,suburban,2024-06-17,Monday,9,188,142,46,177,132,45,-5.85,Partly Cloudy,72,No,None,Summer,Very High
FC0002244,SD005,Starbucks - North Park,North Park,suburban,2024-06-17,Monday,10,137,93,44,123,94,29,-10.22,Partly Cloudy,72,No,None,Summer,Very High
FC0002245,SD005,Starbucks - North Park,North Park,suburban,2024-06-17,Monday,12,112,80,32,107,85,22,-4.46,Partly Cloudy,72,No,None,Summer,Very High
FC0002246,SD005,Starbucks - North Park,North Park,suburban,2024-06-17,Monday,13,152,109,43,160,126,34,5.26,Partly Cloudy,72,No,None,Summer,Very High
FC0002247,SD005,Starbucks - North Park,North Park,suburban,2024-06-17,Monday,17,75,57,18,82,61,21,9.33,Partly Cloudy,72,No,None,Summer,High
FC0002248,SD005,Starbucks - North Park,North Park,suburban,2024-06-17,Monday,18,87,63,24,91,61,30,4.6,Partly Cloudy,72,No,None,Summer,High
FC0002249,SD005,Starbucks - North Park,North Park,suburban,2024-06-17,Monday,19,53,39,14,56,41,15,5.66,Partly Cloudy,72,No,None,Summer,Moderate
FC0002250,SD005,Starbucks - North Park,North Park,suburban,2024-06-17,Monday,20,40,30,10,44,33,11,10.0,Partly Cloudy,72,No,None,Summer,Moderate
FC0002251,SD005,Starbucks - North Park,North Park,suburban,2024-06-24,Monday,6,32,22,10,25,17,8,-21.88,Sunny,69,No,None,Summer,Low
FC0002252,SD005,Starbucks - North Park,North Park,suburban,2024-06-24,Monday,7,84,64,20,78,53,25,-7.14,Sunny,69,No,None,Summer,High
FC0002253,SD005,Starbucks - North Park,North Park,suburban,2024-06-24,Monday,8,150,109,41,134,101,33,-10.67,Sunny,69,No,None,Summer,Very High
FC0002254,SD005,Starbucks - North Park,North Park,suburban,2024-06-24,Monday,9,150,103,47,155,121,34,3.33,Sunny,69,No,None,Summer,Very High
FC0002255,SD005,Starbucks - North Park,North Park,suburban,2024-06-24,Monday,11,106,80,26,104,70,34,-1.89,Sunny,69,No,None,Summer,Very High
FC0002256,SD005,Starbucks - North Park,North Park,suburban,2024-06-24,Monday,12,129,94,35,127,96,31,-1.55,Sunny,69,No,None,Summer,Very High
FC0002257,SD005,Starbucks - North Park,North Park,suburban,2024-06-24,Monday,13,105,74,31,108,71,37,2.86,Sunny,69,No,None,Summer,Very High
FC0002258,SD005,Starbucks - North Park,North Park,suburban,2024-06-24,Monday,15,113,83,30,114,82,32,0.88,Sunny,69,No,None,Summer,Very High
FC0002259,SD005,Starbucks - North Park,North Park,suburban,2024-06-24,Monday,16,115,83,32,117,80,37,1.74,Sunny,69,No,None,Summer,Very High
FC0002260,SD005,Starbucks - North Park,North Park,suburban,2024-06-24,Monday,18,88,66,22,100,75,25,13.64,Sunny,69,No,None,Summer,Very High
FC0002261,SD005,Starbucks - North Park,North Park,suburban,2024-07-01,Monday,6,23,17,6,24,16,8,4.35,Sunny,81,No,None,Summer,Low
FC0002262,SD005,Starbucks - North Park,North Park,suburban,2024-07-01,Monday,7,117,80,37,109,80,29,-6.84,Sunny,81,No,None,Summer,Very High
FC0002263,SD005,Starbucks - North Park,North Park,suburban,2024-07-01,Monday,8,143,98,45,126,96,30,-11.89,Sunny,81,No,None,Summer,Very High
FC0002264,SD005,Starbucks - North Park,North Park,suburban,2024-07-01,Monday,9,148,109,39,135,96,39,-8.78,Sunny,81,No,None,Summer,Very High
FC0002265,SD005,Starbucks - North Park,North Park,suburban,2024-07-01,Monday,10,129,96,33,146,115,31,13.18,Sunny,81,No,None,Summer,Very High
FC0002266,SD005,Starbucks - North Park,North Park,suburban,2024-07-01,Monday,11,133,100,33,125,85,40,-6.02,Sunny,81,No,None,Summer,Very High
FC0002267,SD005,Starbucks - North Park,North Park,suburban,2024-07-01,Monday,15,125,90,35,152,114,38,21.6,Sunny,81,No,None,Summer,Very High
FC0002268,SD005,Starbucks - North Park,North Park,suburban,2024-07-01,Monday,17,76,55,21,79,61,18,3.95,Sunny,81,No,None,Summer,High
FC0002269,SD005,Starbucks - North Park,North Park,suburban,2024-07-01,Monday,18,98,69,29,89,68,21,-9.18,Sunny,81,No,None,Summer,High
FC0002270,SD005,Starbucks - North Park,North Park,suburban,2024-07-01,Monday,21,24,18,6,24,15,9,0.0,Sunny,81,No,None,Summer,Low
FC0002271,SD005,Starbucks - North Park,North Park,suburban,2024-07-08,Monday,6,31,22,9,26,18,8,-16.13,Sunny,74,Yes,Farmers Market,Summer,Low
FC0002272,SD005,Starbucks - North Park,North Park,suburban,2024-07-08,Monday,7,146,108,38,148,105,43,1.37,Sunny,74,Yes,Farmers Market,Summer,Very High
FC0002273,SD005,Starbucks - North Park,North Park,suburban,2024-07-08,Monday,8,143,108,35,138,93,45,-3.5,Sunny,74,Yes,Farmers Market,Summer,Very High
FC0002274,SD005,Starbucks - North Park,North Park,suburban,2024-07-08,Monday,11,97,69,28,103,81,22,6.19,Sunny,74,Yes,Farmers Market,Summer,Very High
FC0002275,SD005,Starbucks - North Park,North Park,suburban,2024-07-08,Monday,12,208,154,54,194,148,46,-6.73,Sunny,74,Yes,Farmers Market,Summer,Very High
FC0002276,SD005,Starbucks - North Park,North Park,suburban,2024-07-08,Monday,14,133,91,42,139,98,41,4.51,Sunny,74,Yes,Farmers Market,Summer,Very High
FC0002277,SD005,Starbucks - North Park,North Park,suburban,2024-07-08,Monday,15,135,92,43,115,90,25,-14.81,Sunny,74,Yes,Farmers Market,Summer,Very High
FC0002278,SD005,Starbucks - North Park,North Park,suburban,2024-07-08,Monday,16,124,96,28,131,95,36,5.65,Sunny,74,Yes,Farmers Market,Summer,Very High
FC0002279,SD005,Starbucks - North Park,North Park,suburban,2024-07-08,Monday,17,81,62,19,78,55,23,-3.7,Sunny,74,Yes,Farmers Market,Summer,High
FC0002280,SD005,Starbucks - North Park,North Park,suburban,2024-07-08,Monday,20,50,34,16,49,38,11,-2.0,Sunny,74,Yes,Farmers Market,Summer,Moderate
FC0002281,SD005,Starbucks - North Park,North Park,suburban,2024-07-15,Monday,7,113,79,34,119,91,28,5.31,Sunny,78,No,None,Summer,Very High
FC0002282,SD005,Starbucks - North Park,North Park,suburban,2024-07-15,Monday,9,176,123,53,181,126,55,2.84,Sunny,78,No,None,Summer,Very High
FC0002283,SD005,Starbucks - North Park,North Park,suburban,2024-07-15,Monday,12,97,74,23,93,69,24,-4.12,Sunny,78,No,None,Summer,High
FC0002284,SD005,Starbucks - North Park,North Park,suburban,2024-07-15,Monday,13,83,59,24,84,59,25,1.2,Sunny,78,No,None,Summer,High
FC0002285,SD005,Starbucks - North Park,North Park,suburban,2024-07-15,Monday,14,120,86,34,107,82,25,-10.83,Sunny,78,No,None,Summer,Very High
FC0002286,SD005,Starbucks - North Park,North Park,suburban,2024-07-15,Monday,15,61,47,14,57,41,16,-6.56,Sunny,78,No,None,Summer,Moderate
FC0002287,SD005,Starbucks - North Park,North Park,suburban,2024-07-15,Monday,17,88,61,27,89,64,25,1.14,Sunny,78,No,None,Summer,High
FC0002288,SD005,Starbucks - North Park,North Park,suburban,2024-07-15,Monday,18,84,65,19,88,65,23,4.76,Sunny,78,No,None,Summer,High
FC0002289,SD005,Starbucks - North Park,North Park,suburban,2024-07-15,Monday,19,50,38,12,43,30,13,-14.0,Sunny,78,No,None,Summer,Moderate
FC0002290,SD005,Starbucks - North Park,North Park,suburban,2024-07-15,Monday,21,19,14,5,19,13,6,0.0,Sunny,78,No,None,Summer,Low
FC0002291,SD005,Starbucks - North Park,North Park,suburban,2024-07-22,Monday,6,32,22,10,31,23,8,-3.12,Partly Cloudy,80,No,None,Summer,Moderate
FC0002292,SD005,Starbucks - North Park,North Park,suburban,2024-07-22,Monday,7,120,87,33,124,93,31,3.33,Partly Cloudy,80,No,None,Summer,Very High
FC0002293,SD005,Starbucks - North Park,North Park,suburban,2024-07-22,Monday,8,114,84,30,112,74,38,-1.75,Partly Cloudy,80,No,None,Summer,Very High
FC0002294,SD005,Starbucks - North Park,North Park,suburban,2024-07-22,Monday,11,94,65,29,95,70,25,1.06,Partly Cloudy,80,No,None,Summer,High
FC0002295,SD005,Starbucks - North Park,North Park,suburban,2024-07-22,Monday,13,88,62,26,91,71,20,3.41,Partly Cloudy,80,No,None,Summer,High
FC0002296,SD005,Starbucks - North Park,North Park,suburban,2024-07-22,Monday,14,109,80,29,110,79,31,0.92,Partly Cloudy,80,No,None,Summer,Very High
FC0002297,SD005,Starbucks - North Park,North Park,suburban,2024-07-22,Monday,15,66,47,19,63,43,20,-4.55,Partly Cloudy,80,No,None,Summer,High
FC0002298,SD005,Starbucks - North Park,North Park,suburban,2024-07-22,Monday,18,68,47,21,61,43,18,-10.29,Partly Cloudy,80,No,None,Summer,High
FC0002299,SD005,Starbucks - North Park,North Park,suburban,2024-07-22,Monday,19,49,35,14,45,32,13,-8.16,Partly Cloudy,80,No,None,Summer,Moderate
FC0002300,SD005,Starbucks - North Park,North Park,suburban,2024-07-22,Monday,20,43,32,11,41,31,10,-4.65,Partly Cloudy,80,No,None,Summer,Moderate
FC0002301,SD005,Starbucks - North Park,North Park,suburban,2024-07-29,Monday,7,124,95,29,121,95,26,-2.42,Partly Cloudy,76,No,None,Summer,Very High
FC0002302,SD005,Starbucks - North Park,North Park,suburban,2024-07-29,Monday,10,143,101,42,130,89,41,-9.09,Partly Cloudy,76,No,None,Summer,Very High
FC0002303,SD005,Starbucks - North Park,North Park,suburban,2024-07-29,Monday,12,147,112,35,165,123,42,12.24,Partly Cloudy,76,No,None,Summer,Very High
FC0002304,SD005,Starbucks - North Park,North Park,suburban,2024-07-29,Monday,13,125,85,40,113,82,31,-9.6,Partly Cloudy,76,No,None,Summer,Very High
FC0002305,SD005,Starbucks - North Park,North Park,suburban,2024-07-29,Monday,14,124,86,38,137,90,47,10.48,Partly Cloudy,76,No,None,Summer,Very High
FC0002306,SD005,Starbucks - North Park,North Park,suburban,2024-07-29,Monday,15,68,47,21,64,48,16,-5.88,Partly Cloudy,76,No,None,Summer,High
FC0002307,SD005,Starbucks - North Park,North Park,suburban,2024-07-29,Monday,17,63,44,19,75,59,16,19.05,Partly Cloudy,76,No,None,Summer,High
FC0002308,SD005,Starbucks - North Park,North Park,suburban,2024-07-29,Monday,19,31,23,8,28,21,7,-9.68,Partly Cloudy,76,No,None,Summer,Low
FC0002309,SD005,Starbucks - North Park,North Park,suburban,2024-07-29,Monday,20,38,29,9,40,30,10,5.26,Partly Cloudy,76,No,None,Summer,Moderate
FC0002310,SD005,Starbucks - North Park,North Park,suburban,2024-07-29,Monday,21,23,15,8,22,16,6,-4.35,Partly Cloudy,76,No,None,Summer,Low
FC0002311,SD005,Starbucks - North Park,North Park,suburban,2024-08-05,Monday,6,25,17,8,24,16,8,-4.0,Sunny,83,No,None,Summer,Low
FC0002312,SD005,Starbucks - North Park,North Park,suburban,2024-08-05,Monday,7,110,84,26,104,73,31,-5.45,Sunny,83,No,None,Summer,Very High
FC0002313,SD005,Starbucks - North Park,North Park,suburban,2024-08-05,Monday,9,138,107,31,141,102,39,2.17,Sunny,83,No,None,Summer,Very High
FC0002314,SD005,Starbucks - North Park,North Park,suburban,2024-08-05,Monday,10,112,78,34,109,73,36,-2.68,Sunny,83,No,None,Summer,Very High
FC0002315,SD005,Starbucks - North Park,North Park,suburban,2024-08-05,Monday,11,95,66,29,97,66,31,2.11,Sunny,83,No,None,Summer,High
FC0002316,SD005,Starbucks - North Park,North Park,suburban,2024-08-05,Monday,14,97,66,31,105,80,25,8.25,Sunny,83,No,None,Summer,Very High
FC0002317,SD005,Starbucks - North Park,North Park,suburban,2024-08-05,Monday,15,105,76,29,108,75,33,2.86,Sunny,83,No,None,Summer,Very High
FC0002318,SD005,Starbucks - North Park,North Park,suburban,2024-08-05,Monday,16,84,61,23,82,61,21,-2.38,Sunny,83,No,None,Summer,High
FC0002319,SD005,Starbucks - North Park,North Park,suburban,2024-08-05,Monday,17,80,54,26,79,56,23,-1.25,Sunny,83,No,None,Summer,High
FC0002320,SD005,Starbucks - North Park,North Park,suburban,2024-08-05,Monday,21,25,17,8,24,16,8,-4.0,Sunny,83,No,None,Summer,Low
FC0002321,SD005,Starbucks - North Park,North Park,suburban,2024-08-12,Monday,6,34,26,8,35,23,12,2.94,Sunny,78,No,None,Summer,Moderate
FC0002322,SD005,Starbucks - North Park,North Park,suburban,2024-08-12,Monday,10,137,97,40,125,89,36,-8.76,Sunny,78,No,None,Summer,Very High
FC0002323,SD005,Starbucks - North Park,North Park,suburban,2024-08-12,Monday,11,77,54,23,70,50,20,-9.09,Sunny,78,No,None,Summer,High
FC0002324,SD005,Starbucks - North Park,North Park,suburban,2024-08-12,Monday,12,147,110,37,130,96,34,-11.56,Sunny,78,No,None,Summer,Very High
FC0002325,SD005,Starbucks - North Park,North Park,suburban,2024-08-12,Monday,13,128,88,40,137,93,44,7.03,Sunny,78,No,None,Summer,Very High
FC0002326,SD005,Starbucks - North Park,North Park,suburban,2024-08-12,Monday,14,102,75,27,105,74,31,2.94,Sunny,78,No,None,Summer,Very High
FC0002327,SD005,Starbucks - North Park,North Park,suburban,2024-08-12,Monday,17,72,50,22,70,46,24,-2.78,Sunny,78,No,None,Summer,High
FC0002328,SD005,Starbucks - North Park,North Park,suburban,2024-08-12,Monday,18,82,61,21,67,52,15,-18.29,Sunny,78,No,None,Summer,High
FC0002329,SD005,Starbucks - North Park,North Park,suburban,2024-08-12,Monday,19,33,23,10,40,27,13,21.21,Sunny,78,No,None,Summer,Moderate
FC0002330,SD005,Starbucks - North Park,North Park,suburban,2024-08-12,Monday,21,22,14,8,26,19,7,18.18,Sunny,78,No,None,Summer,Low
FC0002331,SD005,Starbucks - North Park,North Park,suburban,2024-08-19,Monday,7,109,80,29,84,57,27,-22.94,Sunny,83,No,None,Summer,High
FC0002332,SD005,Starbucks - North Park,North Park,suburban,2024-08-19,Monday,8,119,89,30,113,82,31,-5.04,Sunny,83,No,None,Summer,Very High
FC0002333,SD005,Starbucks - North Park,North Park,suburban,2024-08-19,Monday,9,189,137,52,190,129,61,0.53,Sunny,83,No,None,Summer,Very High
FC0002334,SD005,Starbucks - North Park,North Park,suburban,2024-08-19,Monday,10,128,88,40,127,84,43,-0.78,Sunny,83,No,None,Summer,Very High
FC0002335,SD005,Starbucks - North Park,North Park,suburban,2024-08-19,Monday,11,70,50,20,71,46,25,1.43,Sunny,83,No,None,Summer,High
FC0002336,SD005,Starbucks - North Park,North Park,suburban,2024-08-19,Monday,13,86,65,21,90,65,25,4.65,Sunny,83,No,None,Summer,High
FC0002337,SD005,Starbucks - North Park,North Park,suburban,2024-08-19,Monday,16,114,87,27,112,83,29,-1.75,Sunny,83,No,None,Summer,Very High
FC0002338,SD005,Starbucks - North Park,North Park,suburban,2024-08-19,Monday,17,64,46,18,65,46,19,1.56,Sunny,83,No,None,Summer,High
FC0002339,SD005,Starbucks - North Park,North Park,suburban,2024-08-19,Monday,18,68,49,19,65,44,21,-4.41,Sunny,83,No,None,Summer,High
FC0002340,SD005,Starbucks - North Park,North Park,suburban,2024-08-19,Monday,19,32,23,9,30,21,9,-6.25,Sunny,83,No,None,Summer,Moderate
FC0002341,SD005,Starbucks - North Park,North Park,suburban,2024-08-26,Monday,6,44,31,13,46,32,14,4.55,Partly Cloudy,76,Yes,Farmers Market,Summer,Moderate
FC0002342,SD005,Starbucks - North Park,North Park,suburban,2024-08-26,Monday,7,158,118,40,142,95,47,-10.13,Partly Cloudy,76,Yes,Farmers Market,Summer,Very High
FC0002343,SD005,Starbucks - North Park,North Park,suburban,2024-08-26,Monday,9,210,160,50,165,123,42,-21.43,Partly Cloudy,76,Yes,Farmers Market,Summer,Very High
FC0002344,SD005,Starbucks - North Park,North Park,suburban,2024-08-26,Monday,12,192,145,47,209,147,62,8.85,Partly Cloudy,76,Yes,Farmers Market,Summer,Very High
FC0002345,SD005,Starbucks - North Park,North Park,suburban,2024-08-26,Monday,13,146,107,39,144,104,40,-1.37,Partly Cloudy,76,Yes,Farmers Market,Summer,Very High
FC0002346,SD005,Starbucks - North Park,North Park,suburban,2024-08-26,Monday,14,150,115,35,160,110,50,6.67,Partly Cloudy,76,Yes,Farmers Market,Summer,Very High
FC0002347,SD005,Starbucks - North Park,North Park,suburban,2024-08-26,Monday,16,92,71,21,87,68,19,-5.43,Partly Cloudy,76,Yes,Farmers Market,Summer,High
FC0002348,SD005,Starbucks - North Park,North Park,suburban,2024-08-26,Monday,18,122,84,38,116,89,27,-4.92,Partly Cloudy,76,Yes,Farmers Market,Summer,Very High
FC0002349,SD005,Starbucks - North Park,North Park,suburban,2024-08-26,Monday,19,75,54,21,74,58,16,-1.33,Partly Cloudy,76,Yes,Farmers Market,Summer,High
FC0002350,SD005,Starbucks - North Park,North Park,suburban,2024-08-26,Monday,20,45,31,14,42,33,9,-6.67,Partly Cloudy,76,Yes,Farmers Market,Summer,Moderate
FC0002351,SD005,Starbucks - North Park,North Park,suburban,2024-09-02,Monday,8,104,72,32,116,83,33,11.54,Sunny,73,No,None,Fall,Very High
FC0002352,SD005,Starbucks - North Park,North Park,suburban,2024-09-02,Monday,9,94,68,26,104,80,24,10.64,Sunny,73,No,None,Fall,Very High
FC0002353,SD005,Starbucks - North Park,North Park,suburban,2024-09-02,Monday,11,110,76,34,106,75,31,-3.64,Sunny,73,No,None,Fall,Very High
FC0002354,SD005,Starbucks - North Park,North Park,suburban,2024-09-02,Monday,12,105,78,27,94,68,26,-10.48,Sunny,73,No,None,Fall,High
FC0002355,SD005,Starbucks - North Park,North Park,suburban,2024-09-02,Monday,13,111,80,31,116,89,27,4.5,Sunny,73,No,None,Fall,Very High
FC0002356,SD005,Starbucks - North Park,North Park,suburban,2024-09-02,Monday,15,62,45,17,67,47,20,8.06,Sunny,73,No,None,Fall,High
FC0002357,SD005,Starbucks - North Park,North Park,suburban,2024-09-02,Monday,16,64,43,21,65,45,20,1.56,Sunny,73,No,None,Fall,High
FC0002358,SD005,Starbucks - North Park,North Park,suburban,2024-09-02,Monday,17,97,73,24,106,84,22,9.28,Sunny,73,No,None,Fall,Very High
FC0002359,SD005,Starbucks - North Park,North Park,suburban,2024-09-02,Monday,18,53,40,13,49,35,14,-7.55,Sunny,73,No,None,Fall,Moderate
FC0002360,SD005,Starbucks - North Park,North Park,suburban,2024-09-02,Monday,21,14,10,4,13,9,4,-7.14,Sunny,73,No,None,Fall,Low
FC0002361,SD005,Starbucks - North Park,North Park,suburban,2024-09-09,Monday,6,25,19,6,24,19,5,-4.0,Sunny,80,No,None,Fall,Low
FC0002362,SD005,Starbucks - North Park,North Park,suburban,2024-09-09,Monday,9,132,92,40,119,79,40,-9.85,Sunny,80,No,None,Fall,Very High
FC0002363,SD005,Starbucks - North Park,North Park,suburban,2024-09-09,Monday,10,82,61,21,92,73,19,12.2,Sunny,80,No,None,Fall,High
FC0002364,SD005,Starbucks - North Park,North Park,suburban,2024-09-09,Monday,13,96,66,30,94,71,23,-2.08,Sunny,80,No,None,Fall,High
FC0002365,SD005,Starbucks - North Park,North Park,suburban,2024-09-09,Monday,14,64,45,19,57,44,13,-10.94,Sunny,80,No,None,Fall,Moderate
FC0002366,SD005,Starbucks - North Park,North Park,suburban,2024-09-09,Monday,15,120,87,33,122,92,30,1.67,Sunny,80,No,None,Fall,Very High
FC0002367,SD005,Starbucks - North Park,North Park,suburban,2024-09-09,Monday,16,130,97,33,129,98,31,-0.77,Sunny,80,No,None,Fall,Very High
FC0002368,SD005,Starbucks - North Park,North Park,suburban,2024-09-09,Monday,17,94,72,22,87,63,24,-7.45,Sunny,80,No,None,Fall,High
FC0002369,SD005,Starbucks - North Park,North Park,suburban,2024-09-09,Monday,19,35,26,9,35,26,9,0.0,Sunny,80,No,None,Fall,Moderate
FC0002370,SD005,Starbucks - North Park,North Park,suburban,2024-09-09,Monday,21,21,15,6,23,15,8,9.52,Sunny,80,No,None,Fall,Low
FC0002371,SD005,Starbucks - North Park,North Park,suburban,2024-09-16,Monday,6,25,17,8,25,19,6,0.0,Overcast,74,No,None,Fall,Low
FC0002372,SD005,Starbucks - North Park,North Park,suburban,2024-09-16,Monday,8,151,105,46,160,122,38,5.96,Overcast,74,No,None,Fall,Very High
FC0002373,SD005,Starbucks - North Park,North Park,suburban,2024-09-16,Monday,9,114,85,29,112,79,33,-1.75,Overcast,74,No,None,Fall,Very High
FC0002374,SD005,Starbucks - North Park,North Park,suburban,2024-09-16,Monday,10,87,66,21,84,64,20,-3.45,Overcast,74,No,None,Fall,High
FC0002375,SD005,Starbucks - North Park,North Park,suburban,2024-09-16,Monday,12,146,111,35,143,96,47,-2.05,Overcast,74,No,None,Fall,Very High
FC0002376,SD005,Starbucks - North Park,North Park,suburban,2024-09-16,Monday,13,101,73,28,119,81,38,17.82,Overcast,74,No,None,Fall,Very High
FC0002377,SD005,Starbucks - North Park,North Park,suburban,2024-09-16,Monday,15,86,66,20,94,65,29,9.3,Overcast,74,No,None,Fall,High
FC0002378,SD005,Starbucks - North Park,North Park,suburban,2024-09-16,Monday,19,37,27,10,33,25,8,-10.81,Overcast,74,No,None,Fall,Moderate
FC0002379,SD005,Starbucks - North Park,North Park,suburban,2024-09-16,Monday,20,29,19,10,35,23,12,20.69,Overcast,74,No,None,Fall,Moderate
FC0002380,SD005,Starbucks - North Park,North Park,suburban,2024-09-16,Monday,21,27,20,7,30,20,10,11.11,Overcast,74,No,None,Fall,Moderate
FC0002381,SD005,Starbucks - North Park,North Park,suburban,2024-09-23,Monday,7,125,87,38,115,86,29,-8.0,Partly Cloudy,73,No,None,Fall,Very High
FC0002382,SD005,Starbucks - North Park,North Park,suburban,2024-09-23,Monday,8,124,91,33,113,74,39,-8.87,Partly Cloudy,73,No,None,Fall,Very High
FC0002383,SD005,Starbucks - North Park,North Park,suburban,2024-09-23,Monday,9,90,67,23,91,67,24,1.11,Partly Cloudy,73,No,None,Fall,High
FC0002384,SD005,Starbucks - North Park,North Park,suburban,2024-09-23,Monday,10,119,81,38,111,78,33,-6.72,Partly Cloudy,73,No,None,Fall,Very High
FC0002385,SD005,Starbucks - North Park,North Park,suburban,2024-09-23,Monday,12,163,120,43,175,119,56,7.36,Partly Cloudy,73,No,None,Fall,Very High
FC0002386,SD005,Starbucks - North Park,North Park,suburban,2024-09-23,Monday,13,121,91,30,104,71,33,-14.05,Partly Cloudy,73,No,None,Fall,Very High
FC0002387,SD005,Starbucks - North Park,North Park,suburban,2024-09-23,Monday,14,83,59,24,81,53,28,-2.41,Partly Cloudy,73,No,None,Fall,High
FC0002388,SD005,Starbucks - North Park,North Park,suburban,2024-09-23,Monday,18,80,54,26,91,70,21,13.75,Partly Cloudy,73,No,None,Fall,High
FC0002389,SD005,Starbucks - North Park,North Park,suburban,2024-09-23,Monday,19,54,40,14,56,40,16,3.7,Partly Cloudy,73,No,None,Fall,Moderate
FC0002390,SD005,Starbucks - North Park,North Park,suburban,2024-09-23,Monday,20,26,19,7,24,15,9,-7.69,Partly Cloudy,73,No,None,Fall,Low
FC0002391,SD005,Starbucks - North Park,North Park,suburban,2024-09-30,Monday,8,124,84,40,115,76,39,-7.26,Sunny,76,No,None,Fall,Very High
FC0002392,SD005,Starbucks - North Park,North Park,suburban,2024-09-30,Monday,9,113,86,27,121,81,40,7.08,Sunny,76,No,None,Fall,Very High
FC0002393,SD005,Starbucks - North Park,North Park,suburban,2024-09-30,Monday,11,110,85,25,121,89,32,10.0,Sunny,76,No,None,Fall,Very High
FC0002394,SD005,Starbucks - North Park,North Park,suburban,2024-09-30,Monday,13,115,84,31,103,68,35,-10.43,Sunny,76,No,None,Fall,Very High
FC0002395,SD005,Starbucks - North Park,North Park,suburban,2024-09-30,Monday,14,111,82,29,108,74,34,-2.7,Sunny,76,No,None,Fall,Very High
FC0002396,SD005,Starbucks - North Park,North Park,suburban,2024-09-30,Monday,16,117,83,34,112,77,35,-4.27,Sunny,76,No,None,Fall,Very High
FC0002397,SD005,Starbucks - North Park,North Park,suburban,2024-09-30,Monday,17,110,81,29,123,83,40,11.82,Sunny,76,No,None,Fall,Very High
FC0002398,SD005,Starbucks - North Park,North Park,suburban,2024-09-30,Monday,19,63,48,15,78,61,17,23.81,Sunny,76,No,None,Fall,High
FC0002399,SD005,Starbucks - North Park,North Park,suburban,2024-09-30,Monday,20,28,21,7,31,22,9,10.71,Sunny,76,No,None,Fall,Moderate
FC0002400,SD005,Starbucks - North Park,North Park,suburban,2024-09-30,Monday,21,18,13,5,16,11,5,-11.11,Sunny,76,No,None,Fall,Low
FC0002401,SD005,Starbucks - North Park,North Park,suburban,2024-10-07,Monday,9,102,73,29,99,77,22,-2.94,Partly Cloudy,75,No,None,Fall,High
FC0002402,SD005,Starbucks - North Park,North Park,suburban,2024-10-07,Monday,10,86,62,24,78,61,17,-9.3,Partly Cloudy,75,No,None,Fall,High
FC0002403,SD005,Starbucks - North Park,North Park,suburban,2024-10-07,Monday,11,106,72,34,104,74,30,-1.89,Partly Cloudy,75,No,None,Fall,Very High
FC0002404,SD005,Starbucks - North Park,North Park,suburban,2024-10-07,Monday,12,89,60,29,67,47,20,-24.72,Partly Cloudy,75,No,None,Fall,High
FC0002405,SD005,Starbucks - North Park,North Park,suburban,2024-10-07,Monday,13,82,62,20,79,59,20,-3.66,Partly Cloudy,75,No,None,Fall,High
FC0002406,SD005,Starbucks - North Park,North Park,suburban,2024-10-07,Monday,16,80,57,23,77,52,25,-3.75,Partly Cloudy,75,No,None,Fall,High
FC0002407,SD005,Starbucks - North Park,North Park,suburban,2024-10-07,Monday,17,112,76,36,111,77,34,-0.89,Partly Cloudy,75,No,None,Fall,Very High
FC0002408,SD005,Starbucks - North Park,North Park,suburban,2024-10-07,Monday,18,65,44,21,62,47,15,-4.62,Partly Cloudy,75,No,None,Fall,High
FC0002409,SD005,Starbucks - North Park,North Park,suburban,2024-10-07,Monday,20,28,20,8,29,20,9,3.57,Partly Cloudy,75,No,None,Fall,Low
FC0002410,SD005,Starbucks - North Park,North Park,suburban,2024-10-07,Monday,21,25,17,8,24,18,6,-4.0,Partly Cloudy,75,No,None,Fall,Low
FC0002411,SD005,Starbucks - North Park,North Park,suburban,2024-10-14,Monday,9,144,112,32,154,117,37,6.94,Partly Cloudy,70,No,None,Fall,Very High
FC0002412,SD005,Starbucks - North Park,North Park,suburban,2024-10-14,Monday,11,64,49,15,65,45,20,1.56,Partly Cloudy,70,No,None,Fall,High
FC0002413,SD005,Starbucks - North Park,North Park,suburban,2024-10-14,Monday,12,106,80,26,120,92,28,13.21,Partly Cloudy,70,No,None,Fall,Very High
FC0002414,SD005,Starbucks - North Park,North Park,suburban,2024-10-14,Monday,13,94,70,24,110,84,26,17.02,Partly Cloudy,70,No,None,Fall,Very High
FC0002415,SD005,Starbucks - North Park,North Park,suburban,2024-10-14,Monday,15,78,60,18,69,49,20,-11.54,Partly Cloudy,70,No,None,Fall,High
FC0002416,SD005,Starbucks - North Park,North Park,suburban,2024-10-14,Monday,16,75,56,19,75,55,20,0.0,Partly Cloudy,70,No,None,Fall,High
FC0002417,SD005,Starbucks - North Park,North Park,suburban,2024-10-14,Monday,17,73,54,19,79,62,17,8.22,Partly Cloudy,70,No,None,Fall,High
FC0002418,SD005,Starbucks - North Park,North Park,suburban,2024-10-14,Monday,18,98,66,32,87,65,22,-11.22,Partly Cloudy,70,No,None,Fall,High
FC0002419,SD005,Starbucks - North Park,North Park,suburban,2024-10-14,Monday,19,48,37,11,46,32,14,-4.17,Partly Cloudy,70,No,None,Fall,Moderate
FC0002420,SD005,Starbucks - North Park,North Park,suburban,2024-10-14,Monday,20,25,17,8,26,19,7,4.0,Partly Cloudy,70,No,None,Fall,Low
FC0002421,SD005,Starbucks - North Park,North Park,suburban,2024-10-21,Monday,6,39,27,12,35,23,12,-10.26,Partly Cloudy,71,No,None,Fall,Moderate
FC0002422,SD005,Starbucks - North Park,North Park,suburban,2024-10-21,Monday,7,90,63,27,80,59,21,-11.11,Partly Cloudy,71,No,None,Fall,High
FC0002423,SD005,Starbucks - North Park,North Park,suburban,2024-10-21,Monday,11,134,95,39,141,107,34,5.22,Partly Cloudy,71,No,None,Fall,Very High
FC0002424,SD005,Starbucks - North Park,North Park,suburban,2024-10-21,Monday,13,139,95,44,135,101,34,-2.88,Partly Cloudy,71,No,None,Fall,Very High
FC0002425,SD005,Starbucks - North Park,North Park,suburban,2024-10-21,Monday,14,107,75,32,108,78,30,0.93,Partly Cloudy,71,No,None,Fall,Very High
FC0002426,SD005,Starbucks - North Park,North Park,suburban,2024-10-21,Monday,15,121,88,33,126,96,30,4.13,Partly Cloudy,71,No,None,Fall,Very High
FC0002427,SD005,Starbucks - North Park,North Park,suburban,2024-10-21,Monday,16,117,88,29,108,81,27,-7.69,Partly Cloudy,71,No,None,Fall,Very High
FC0002428,SD005,Starbucks - North Park,North Park,suburban,2024-10-21,Monday,17,115,88,27,112,85,27,-2.61,Partly Cloudy,71,No,None,Fall,Very High
FC0002429,SD005,Starbucks - North Park,North Park,suburban,2024-10-21,Monday,18,67,45,22,63,44,19,-5.97,Partly Cloudy,71,No,None,Fall,High
FC0002430,SD005,Starbucks - North Park,North Park,suburban,2024-10-21,Monday,21,12,9,3,11,7,4,-8.33,Partly Cloudy,71,No,None,Fall,Low
FC0002431,SD005,Starbucks - North Park,North Park,suburban,2024-10-28,Monday,7,80,54,26,76,60,16,-5.0,Overcast,71,No,None,Fall,High
FC0002432,SD005,Starbucks - North Park,North Park,suburban,2024-10-28,Monday,8,103,77,26,96,67,29,-6.8,Overcast,71,No,None,Fall,High
FC0002433,SD005,Starbucks - North Park,North Park,suburban,2024-10-28,Monday,9,176,124,52,198,135,63,12.5,Overcast,71,No,None,Fall,Very High
FC0002434,SD005,Starbucks - North Park,North Park,suburban,2024-10-28,Monday,11,93,63,30,89,69,20,-4.3,Overcast,71,No,None,Fall,High
FC0002435,SD005,Starbucks - North Park,North Park,suburban,2024-10-28,Monday,12,151,110,41,141,95,46,-6.62,Overcast,71,No,None,Fall,Very High
FC0002436,SD005,Starbucks - North Park,North Park,suburban,2024-10-28,Monday,13,87,59,28,84,56,28,-3.45,Overcast,71,No,None,Fall,High
FC0002437,SD005,Starbucks - North Park,North Park,suburban,2024-10-28,Monday,14,86,63,23,80,53,27,-6.98,Overcast,71,No,None,Fall,High
FC0002438,SD005,Starbucks - North Park,North Park,suburban,2024-10-28,Monday,16,130,88,42,108,83,25,-16.92,Overcast,71,No,None,Fall,Very High
FC0002439,SD005,Starbucks - North Park,North Park,suburban,2024-10-28,Monday,17,61,45,16,62,44,18,1.64,Overcast,71,No,None,Fall,High
FC0002440,SD005,Starbucks - North Park,North Park,suburban,2024-10-28,Monday,20,29,21,8,28,18,10,-3.45,Overcast,71,No,None,Fall,Low
FC0002441,SD005,Starbucks - North Park,North Park,suburban,2024-11-04,Monday,6,26,19,7,25,19,6,-3.85,Overcast,70,No,None,Fall,Low
FC0002442,SD005,Starbucks - North Park,North Park,suburban,2024-11-04,Monday,7,84,62,22,82,56,26,-2.38,Overcast,70,No,None,Fall,High
FC0002443,SD005,Starbucks - North Park,North Park,suburban,2024-11-04,Monday,9,88,68,20,89,62,27,1.14,Overcast,70,No,None,Fall,High
FC0002444,SD005,Starbucks - North Park,North Park,suburban,2024-11-04,Monday,11,87,66,21,93,70,23,6.9,Overcast,70,No,None,Fall,High
FC0002445,SD005,Starbucks - North Park,North Park,suburban,2024-11-04,Monday,12,155,111,44,152,111,41,-1.94,Overcast,70,No,None,Fall,Very High
FC0002446,SD005,Starbucks - North Park,North Park,suburban,2024-11-04,Monday,13,134,102,32,131,100,31,-2.24,Overcast,70,No,None,Fall,Very High
FC0002447,SD005,Starbucks - North Park,North Park,suburban,2024-11-04,Monday,15,84,57,27,81,61,20,-3.57,Overcast,70,No,None,Fall,High
FC0002448,SD005,Starbucks - North Park,North Park,suburban,2024-11-04,Monday,16,106,72,34,101,68,33,-4.72,Overcast,70,No,None,Fall,Very High
FC0002449,SD005,Starbucks - North Park,North Park,suburban,2024-11-04,Monday,17,105,77,28,113,81,32,7.62,Overcast,70,No,None,Fall,Very High
FC0002450,SD005,Starbucks - North Park,North Park,suburban,2024-11-04,Monday,19,42,30,12,41,28,13,-2.38,Overcast,70,No,None,Fall,Moderate
FC0002451,SD005,Starbucks - North Park,North Park,suburban,2024-11-11,Monday,6,24,18,6,26,19,7,8.33,Overcast,72,No,None,Fall,Low
FC0002452,SD005,Starbucks - North Park,North Park,suburban,2024-11-11,Monday,8,145,108,37,133,98,35,-8.28,Overcast,72,No,None,Fall,Very High
FC0002453,SD005,Starbucks - North Park,North Park,suburban,2024-11-11,Monday,9,159,116,43,157,121,36,-1.26,Overcast,72,No,None,Fall,Very High
FC0002454,SD005,Starbucks - North Park,North Park,suburban,2024-11-11,Monday,11,70,47,23,63,49,14,-10.0,Overcast,72,No,None,Fall,High
FC0002455,SD005,Starbucks - North Park,North Park,suburban,2024-11-11,Monday,14,100,73,27,103,75,28,3.0,Overcast,72,No,None,Fall,Very High
FC0002456,SD005,Starbucks - North Park,North Park,suburban,2024-11-11,Monday,15,111,75,36,119,83,36,7.21,Overcast,72,No,None,Fall,Very High
FC0002457,SD005,Starbucks - North Park,North Park,suburban,2024-11-11,Monday,16,98,74,24,102,75,27,4.08,Overcast,72,No,None,Fall,Very High
FC0002458,SD005,Starbucks - North Park,North Park,suburban,2024-11-11,Monday,17,102,77,25,106,77,29,3.92,Overcast,72,No,None,Fall,Very High
FC0002459,SD005,Starbucks - North Park,North Park,suburban,2024-11-11,Monday,18,95,71,24,92,61,31,-3.16,Overcast,72,No,None,Fall,High
FC0002460,SD005,Starbucks - North Park,North Park,suburban,2024-11-11,Monday,21,21,16,5,22,17,5,4.76,Overcast,72,No,None,Fall,Low
FC0002461,SD005,Starbucks - North Park,North Park,suburban,2024-11-18,Monday,6,36,27,9,36,25,11,0.0,Sunny,72,No,None,Fall,Moderate
FC0002462,SD005,Starbucks - North Park,North Park,suburban,2024-11-18,Monday,8,140,106,34,137,91,46,-2.14,Sunny,72,No,None,Fall,Very High
FC0002463,SD005,Starbucks - North Park,North Park,suburban,2024-11-18,Monday,9,120,83,37,119,90,29,-0.83,Sunny,72,No,None,Fall,Very High
FC0002464,SD005,Starbucks - North Park,North Park,suburban,2024-11-18,Monday,11,132,96,36,148,109,39,12.12,Sunny,72,No,None,Fall,Very High
FC0002465,SD005,Starbucks - North Park,North Park,suburban,2024-11-18,Monday,13,127,98,29,123,81,42,-3.15,Sunny,72,No,None,Fall,Very High
FC0002466,SD005,Starbucks - North Park,North Park,suburban,2024-11-18,Monday,14,110,84,26,120,90,30,9.09,Sunny,72,No,None,Fall,Very High
FC0002467,SD005,Starbucks - North Park,North Park,suburban,2024-11-18,Monday,16,118,80,38,114,79,35,-3.39,Sunny,72,No,None,Fall,Very High
FC0002468,SD005,Starbucks - North Park,North Park,suburban,2024-11-18,Monday,17,97,75,22,95,63,32,-2.06,Sunny,72,No,None,Fall,High
FC0002469,SD005,Starbucks - North Park,North Park,suburban,2024-11-18,Monday,18,67,49,18,62,43,19,-7.46,Sunny,72,No,None,Fall,High
FC0002470,SD005,Starbucks - North Park,North Park,suburban,2024-11-18,Monday,19,61,42,19,58,44,14,-4.92,Sunny,72,No,None,Fall,Moderate
FC0002471,SD005,Starbucks - North Park,North Park,suburban,2024-11-25,Monday,7,97,66,31,103,77,26,6.19,Overcast,68,No,None,Fall,Very High
FC0002472,SD005,Starbucks - North Park,North Park,suburban,2024-11-25,Monday,8,161,118,43,135,93,42,-16.15,Overcast,68,No,None,Fall,Very High
FC0002473,SD005,Starbucks - North Park,North Park,suburban,2024-11-25,Monday,9,118,87,31,121,93,28,2.54,Overcast,68,No,None,Fall,Very High
FC0002474,SD005,Starbucks - North Park,North Park,suburban,2024-11-25,Monday,10,144,108,36,123,95,28,-14.58,Overcast,68,No,None,Fall,Very High
FC0002475,SD005,Starbucks - North Park,North Park,suburban,2024-11-25,Monday,12,150,111,39,156,104,52,4.0,Overcast,68,No,None,Fall,Very High
FC0002476,SD005,Starbucks - North Park,North Park,suburban,2024-11-25,Monday,14,136,105,31,142,95,47,4.41,Overcast,68,No,None,Fall,Very High
FC0002477,SD005,Starbucks - North Park,North Park,suburban,2024-11-25,Monday,15,60,42,18,57,42,15,-5.0,Overcast,68,No,None,Fall,Moderate
FC0002478,SD005,Starbucks - North Park,North Park,suburban,2024-11-25,Monday,17,76,52,24,76,60,16,0.0,Overcast,68,No,None,Fall,High
FC0002479,SD005,Starbucks - North Park,North Park,suburban,2024-11-25,Monday,19,56,39,17,66,47,19,17.86,Overcast,68,No,None,Fall,High
FC0002480,SD005,Starbucks - North Park,North Park,suburban,2024-11-25,Monday,21,17,12,5,15,11,4,-11.76,Overcast,68,No,None,Fall,Low
FC0002481,SD005,Starbucks - North Park,North Park,suburban,2024-12-02,Monday,6,33,24,9,31,21,10,-6.06,Overcast,60,No,None,Winter,Moderate
FC0002482,SD005,Starbucks - North Park,North Park,suburban,2024-12-02,Monday,7,108,80,28,103,71,32,-4.63,Overcast,60,No,None,Winter,Very High
FC0002483,SD005,Starbucks - North Park,North Park,suburban,2024-12-02,Monday,8,123,85,38,130,93,37,5.69,Overcast,60,No,None,Winter,Very High
FC0002484,SD005,Starbucks - North Park,North Park,suburban,2024-12-02,Monday,9,165,121,44,178,134,44,7.88,Overcast,60,No,None,Winter,Very High
FC0002485,SD005,Starbucks - North Park,North Park,suburban,2024-12-02,Monday,10,133,98,35,118,87,31,-11.28,Overcast,60,No,None,Winter,Very High
FC0002486,SD005,Starbucks - North Park,North Park,suburban,2024-12-02,Monday,14,78,54,24,84,66,18,7.69,Overcast,60,No,None,Winter,High
FC0002487,SD005,Starbucks - North Park,North Park,suburban,2024-12-02,Monday,17,62,47,15,63,42,21,1.61,Overcast,60,No,None,Winter,High
FC0002488,SD005,Starbucks - North Park,North Park,suburban,2024-12-02,Monday,19,56,41,15,58,42,16,3.57,Overcast,60,No,None,Winter,Moderate
FC0002489,SD005,Starbucks - North Park,North Park,suburban,2024-12-02,Monday,20,31,23,8,30,23,7,-3.23,Overcast,60,No,None,Winter,Moderate
FC0002490,SD005,Starbucks - North Park,North Park,suburban,2024-12-02,Monday,21,21,14,7,22,16,6,4.76,Overcast,60,No,None,Winter,Low
FC0002491,SD005,Starbucks - North Park,North Park,suburban,2024-12-09,Monday,7,103,74,29,104,71,33,0.97,Overcast,63,No,None,Winter,Very High
FC0002492,SD005,Starbucks - North Park,North Park,suburban,2024-12-09,Monday,8,143,107,36,131,97,34,-8.39,Overcast,63,No,None,Winter,Very High
FC0002493,SD005,Starbucks - North Park,North Park,suburban,2024-12-09,Monday,9,93,64,29,98,68,30,5.38,Overcast,63,No,None,Winter,High
FC0002494,SD005,Starbucks - North Park,North Park,suburban,2024-12-09,Monday,12,80,55,25,74,58,16,-7.5,Overcast,63,No,None,Winter,High
FC0002495,SD005,Starbucks - North Park,North Park,suburban,2024-12-09,Monday,15,123,83,40,111,77,34,-9.76,Overcast,63,No,None,Winter,Very High
FC0002496,SD005,Starbucks - North Park,North Park,suburban,2024-12-09,Monday,16,110,79,31,97,68,29,-11.82,Overcast,63,No,None,Winter,High
FC0002497,SD005,Starbucks - North Park,North Park,suburban,2024-12-09,Monday,17,117,80,37,114,76,38,-2.56,Overcast,63,No,None,Winter,Very High
FC0002498,SD005,Starbucks - North Park,North Park,suburban,2024-12-09,Monday,19,35,27,8,39,29,10,11.43,Overcast,63,No,None,Winter,Moderate
FC0002499,SD005,Starbucks - North Park,North Park,suburban,2024-12-09,Monday,20,32,23,9,28,20,8,-12.5,Overcast,63,No,None,Winter,Low
FC0002500,SD005,Starbucks - North Park,North Park,suburban,2024-12-09,Monday,21,17,13,4,16,11,5,-5.88,Overcast,63,No,None,Winter,Low
FC0002501,SD006,Starbucks - UTC Westfield,UTC,mall,2024-01-01,Monday,6,40,27,13,37,27,10,-7.5,Sunny,64,No,None,Winter,Moderate
FC0002502,SD006,Starbucks - UTC Westfield,UTC,mall,2024-01-01,Monday,8,206,153,53,203,151,52,-1.46,Sunny,64,No,None,Winter,Very High
FC0002503,SD006,Starbucks - UTC Westfield,UTC,mall,2024-01-01,Monday,9,143,111,32,137,108,29,-4.2,Sunny,64,No,None,Winter,Very High
FC0002504,SD006,Starbucks - UTC Westfield,UTC,mall,2024-01-01,Monday,12,154,118,36,160,124,36,3.9,Sunny,64,No,None,Winter,Very High
FC0002505,SD006,Starbucks - UTC Westfield,UTC,mall,2024-01-01,Monday,14,118,89,29,116,80,36,-1.69,Sunny,64,No,None,Winter,Very High
FC0002506,SD006,Starbucks - UTC Westfield,UTC,mall,2024-01-01,Monday,15,64,49,15,62,45,17,-3.12,Sunny,64,No,None,Winter,High
FC0002507,SD006,Starbucks - UTC Westfield,UTC,mall,2024-01-01,Monday,16,92,63,29,101,68,33,9.78,Sunny,64,No,None,Winter,Very High
FC0002508,SD006,Starbucks - UTC Westfield,UTC,mall,2024-01-01,Monday,17,71,50,21,67,47,20,-5.63,Sunny,64,No,None,Winter,High
FC0002509,SD006,Starbucks - UTC Westfield,UTC,mall,2024-01-01,Monday,18,51,35,16,56,41,15,9.8,Sunny,64,No,None,Winter,Moderate
FC0002510,SD006,Starbucks - UTC Westfield,UTC,mall,2024-01-01,Monday,21,24,17,7,23,15,8,-4.17,Sunny,64,No,None,Winter,Low
FC0002511,SD006,Starbucks - UTC Westfield,UTC,mall,2024-01-08,Monday,8,106,76,30,102,72,30,-3.77,Partly Cloudy,62,No,None,Winter,Very High
FC0002512,SD006,Starbucks - UTC Westfield,UTC,mall,2024-01-08,Monday,9,91,67,24,100,74,26,9.89,Partly Cloudy,62,No,None,Winter,Very High
FC0002513,SD006,Starbucks - UTC Westfield,UTC,mall,2024-01-08,Monday,10,149,113,36,152,105,47,2.01,Partly Cloudy,62,No,None,Winter,Very High
FC0002514,SD006,Starbucks - UTC Westfield,UTC,mall,2024-01-08,Monday,11,107,81,26,108,71,37,0.93,Partly Cloudy,62,No,None,Winter,Very High
FC0002515,SD006,Starbucks - UTC Westfield,UTC,mall,2024-01-08,Monday,15,93,70,23,93,67,26,0.0,Partly Cloudy,62,No,None,Winter,High
FC0002516,SD006,Starbucks - UTC Westfield,UTC,mall,2024-01-08,Monday,16,70,47,23,67,46,21,-4.29,Partly Cloudy,62,No,None,Winter,High
FC0002517,SD006,Starbucks - UTC Westfield,UTC,mall,2024-01-08,Monday,18,93,70,23,97,69,28,4.3,Partly Cloudy,62,No,None,Winter,High
FC0002518,SD006,Starbucks - UTC Westfield,UTC,mall,2024-01-08,Monday,19,41,30,11,43,29,14,4.88,Partly Cloudy,62,No,None,Winter,Moderate
FC0002519,SD006,Starbucks - UTC Westfield,UTC,mall,2024-01-08,Monday,20,20,14,6,20,13,7,0.0,Partly Cloudy,62,No,None,Winter,Low
FC0002520,SD006,Starbucks - UTC Westfield,UTC,mall,2024-01-08,Monday,21,13,9,4,12,8,4,-7.69,Partly Cloudy,62,No,None,Winter,Low
FC0002521,SD006,Starbucks - UTC Westfield,UTC,mall,2024-01-15,Monday,6,36,27,9,39,27,12,8.33,Overcast,66,No,None,Winter,Moderate
FC0002522,SD006,Starbucks - UTC Westfield,UTC,mall,2024-01-15,Monday,7,72,52,20,67,47,20,-6.94,Overcast,66,No,None,Winter,High
FC0002523,SD006,Starbucks - UTC Westfield,UTC,mall,2024-01-15,Monday,8,162,111,51,167,128,39,3.09,Overcast,66,No,None,Winter,Very High
FC0002524,SD006,Starbucks - UTC Westfield,UTC,mall,2024-01-15,Monday,10,70,49,21,71,53,18,1.43,Overcast,66,No,None,Winter,High
FC0002525,SD006,Starbucks - UTC Westfield,UTC,mall,2024-01-15,Monday,11,125,86,39,109,71,38,-12.8,Overcast,66,No,None,Winter,Very High
FC0002526,SD006,Starbucks - UTC Westfield,UTC,mall,2024-01-15,Monday,13,133,92,41,135,96,39,1.5,Overcast,66,No,None,Winter,Very High
FC0002527,SD006,Starbucks - UTC Westfield,UTC,mall,2024-01-15,Monday,16,120,88,32,112,88,24,-6.67,Overcast,66,No,None,Winter,Very High
FC0002528,SD006,Starbucks - UTC Westfield,UTC,mall,2024-01-15,Monday,17,91,67,24,97,68,29,6.59,Overcast,66,No,None,Winter,High
FC0002529,SD006,Starbucks - UTC Westfield,UTC,mall,2024-01-15,Monday,18,88,63,25,92,73,19,4.55,Overcast,66,No,None,Winter,High
FC0002530,SD006,Starbucks - UTC Westfield,UTC,mall,2024-01-15,Monday,21,14,10,4,14,10,4,0.0,Overcast,66,No,None,Winter,Low
FC0002531,SD006,Starbucks - UTC Westfield,UTC,mall,2024-01-22,Monday,6,25,18,7,29,22,7,16.0,Overcast,57,No,None,Winter,Low
FC0002532,SD006,Starbucks - UTC Westfield,UTC,mall,2024-01-22,Monday,7,73,53,20,74,52,22,1.37,Overcast,57,No,None,Winter,High
FC0002533,SD006,Starbucks - UTC Westfield,UTC,mall,2024-01-22,Monday,8,215,164,51,196,155,41,-8.84,Overcast,57,No,None,Winter,Very High
FC0002534,SD006,Starbucks - UTC Westfield,UTC,mall,2024-01-22,Monday,10,86,59,27,84,67,17,-2.33,Overcast,57,No,None,Winter,High
FC0002535,SD006,Starbucks - UTC Westfield,UTC,mall,2024-01-22,Monday,11,107,78,29,103,76,27,-3.74,Overcast,57,No,None,Winter,Very High
FC0002536,SD006,Starbucks - UTC Westfield,UTC,mall,2024-01-22,Monday,14,108,81,27,103,68,35,-4.63,Overcast,57,No,None,Winter,Very High
FC0002537,SD006,Starbucks - UTC Westfield,UTC,mall,2024-01-22,Monday,15,112,77,35,117,84,33,4.46,Overcast,57,No,None,Winter,Very High
FC0002538,SD006,Starbucks - UTC Westfield,UTC,mall,2024-01-22,Monday,16,64,43,21,62,45,17,-3.12,Overcast,57,No,None,Winter,High
FC0002539,SD006,Starbucks - UTC Westfield,UTC,mall,2024-01-22,Monday,17,63,46,17,60,45,15,-4.76,Overcast,57,No,None,Winter,High
FC0002540,SD006,Starbucks - UTC Westfield,UTC,mall,2024-01-22,Monday,21,16,11,5,16,12,4,0.0,Overcast,57,No,None,Winter,Low
FC0002541,SD006,Starbucks - UTC Westfield,UTC,mall,2024-01-29,Monday,6,33,25,8,31,20,11,-6.06,Overcast,63,No,None,Winter,Moderate
FC0002542,SD006,Starbucks - UTC Westfield,UTC,mall,2024-01-29,Monday,7,78,56,22,73,53,20,-6.41,Overcast,63,No,None,Winter,High
FC0002543,SD006,Starbucks - UTC Westfield,UTC,mall,2024-01-29,Monday,8,102,69,33,95,66,29,-6.86,Overcast,63,No,None,Winter,High
FC0002544,SD006,Starbucks - UTC Westfield,UTC,mall,2024-01-29,Monday,10,141,105,36,112,80,32,-20.57,Overcast,63,No,None,Winter,Very High
FC0002545,SD006,Starbucks - UTC Westfield,UTC,mall,2024-01-29,Monday,12,111,84,27,106,74,32,-4.5,Overcast,63,No,None,Winter,Very High
FC0002546,SD006,Starbucks - UTC Westfield,UTC,mall,2024-01-29,Monday,13,84,60,24,87,63,24,3.57,Overcast,63,No,None,Winter,High
FC0002547,SD006,Starbucks - UTC Westfield,UTC,mall,2024-01-29,Monday,15,98,70,28,104,80,24,6.12,Overcast,63,No,None,Winter,Very High
FC0002548,SD006,Starbucks - UTC Westfield,UTC,mall,2024-01-29,Monday,16,92,68,24,93,71,22,1.09,Overcast,63,No,None,Winter,High
FC0002549,SD006,Starbucks - UTC Westfield,UTC,mall,2024-01-29,Monday,17,62,44,18,58,41,17,-6.45,Overcast,63,No,None,Winter,Moderate
FC0002550,SD006,Starbucks - UTC Westfield,UTC,mall,2024-01-29,Monday,20,22,15,7,23,16,7,4.55,Overcast,63,No,None,Winter,Low
FC0002551,SD006,Starbucks - UTC Westfield,UTC,mall,2024-02-05,Monday,6,37,25,12,35,23,12,-5.41,Partly Cloudy,66,No,None,Winter,Moderate
FC0002552,SD006,Starbucks - UTC Westfield,UTC,mall,2024-02-05,Monday,7,98,73,25,95,67,28,-3.06,Partly Cloudy,66,No,None,Winter,High
FC0002553,SD006,Starbucks - UTC Westfield,UTC,mall,2024-02-05,Monday,8,133,97,36,141,95,46,6.02,Partly Cloudy,66,No,None,Winter,Very High
FC0002554,SD006,Starbucks - UTC Westfield,UTC,mall,2024-02-05,Monday,9,173,120,53,150,99,51,-13.29,Partly Cloudy,66,No,None,Winter,Very High
FC0002555,SD006,Starbucks - UTC Westfield,UTC,mall,2024-02-05,Monday,10,125,92,33,145,104,41,16.0,Partly Cloudy,66,No,None,Winter,Very High
FC0002556,SD006,Starbucks - UTC Westfield,UTC,mall,2024-02-05,Monday,11,123,84,39,128,96,32,4.07,Partly Cloudy,66,No,None,Winter,Very High
FC0002557,SD006,Starbucks - UTC Westfield,UTC,mall,2024-02-05,Monday,12,118,88,30,113,76,37,-4.24,Partly Cloudy,66,No,None,Winter,Very High
FC0002558,SD006,Starbucks - UTC Westfield,UTC,mall,2024-02-05,Monday,13,74,53,21,74,49,25,0.0,Partly Cloudy,66,No,None,Winter,High
FC0002559,SD006,Starbucks - UTC Westfield,UTC,mall,2024-02-05,Monday,14,100,76,24,104,81,23,4.0,Partly Cloudy,66,No,None,Winter,Very High
FC0002560,SD006,Starbucks - UTC Westfield,UTC,mall,2024-02-05,Monday,15,65,48,17,56,39,17,-13.85,Partly Cloudy,66,No,None,Winter,Moderate
FC0002561,SD006,Starbucks - UTC Westfield,UTC,mall,2024-02-12,Monday,8,213,153,60,200,137,63,-6.1,Marine Layer,68,Yes,UCSD Finals Week,Winter,Very High
FC0002562,SD006,Starbucks - UTC Westfield,UTC,mall,2024-02-12,Monday,11,161,112,49,161,127,34,0.0,Marine Layer,68,Yes,UCSD Finals Week,Winter,Very High
FC0002563,SD006,Starbucks - UTC Westfield,UTC,mall,2024-02-12,Monday,14,91,66,25,99,67,32,8.79,Marine Layer,68,Yes,UCSD Finals Week,Winter,High
FC0002564,SD006,Starbucks - UTC Westfield,UTC,mall,2024-02-12,Monday,15,80,55,25,86,62,24,7.5,Marine Layer,68,Yes,UCSD Finals Week,Winter,High
FC0002565,SD006,Starbucks - UTC Westfield,UTC,mall,2024-02-12,Monday,16,143,97,46,145,100,45,1.4,Marine Layer,68,Yes,UCSD Finals Week,Winter,Very High
FC0002566,SD006,Starbucks - UTC Westfield,UTC,mall,2024-02-12,Monday,17,122,88,34,94,64,30,-22.95,Marine Layer,68,Yes,UCSD Finals Week,Winter,High
FC0002567,SD006,Starbucks - UTC Westfield,UTC,mall,2024-02-12,Monday,18,68,47,21,73,55,18,7.35,Marine Layer,68,Yes,UCSD Finals Week,Winter,High
FC0002568,SD006,Starbucks - UTC Westfield,UTC,mall,2024-02-12,Monday,19,80,60,20,83,64,19,3.75,Marine Layer,68,Yes,UCSD Finals Week,Winter,High
FC0002569,SD006,Starbucks - UTC Westfield,UTC,mall,2024-02-12,Monday,20,46,32,14,43,30,13,-6.52,Marine Layer,68,Yes,UCSD Finals Week,Winter,Moderate
FC0002570,SD006,Starbucks - UTC Westfield,UTC,mall,2024-02-12,Monday,21,19,13,6,20,13,7,5.26,Marine Layer,68,Yes,UCSD Finals Week,Winter,Low
FC0002571,SD006,Starbucks - UTC Westfield,UTC,mall,2024-02-19,Monday,6,26,19,7,22,15,7,-15.38,Overcast,68,No,None,Winter,Low
FC0002572,SD006,Starbucks - UTC Westfield,UTC,mall,2024-02-19,Monday,7,114,82,32,100,72,28,-12.28,Overcast,68,No,None,Winter,Very High
FC0002573,SD006,Starbucks - UTC Westfield,UTC,mall,2024-02-19,Monday,8,190,138,52,188,128,60,-1.05,Overcast,68,No,None,Winter,Very High
FC0002574,SD006,Starbucks - UTC Westfield,UTC,mall,2024-02-19,Monday,11,103,75,28,93,71,22,-9.71,Overcast,68,No,None,Winter,High
FC0002575,SD006,Starbucks - UTC Westfield,UTC,mall,2024-02-19,Monday,14,96,74,22,97,64,33,1.04,Overcast,68,No,None,Winter,High
FC0002576,SD006,Starbucks - UTC Westfield,UTC,mall,2024-02-19,Monday,15,66,49,17,58,42,16,-12.12,Overcast,68,No,None,Winter,Moderate
FC0002577,SD006,Starbucks - UTC Westfield,UTC,mall,2024-02-19,Monday,16,126,95,31,124,83,41,-1.59,Overcast,68,No,None,Winter,Very High
FC0002578,SD006,Starbucks - UTC Westfield,UTC,mall,2024-02-19,Monday,17,87,64,23,102,74,28,17.24,Overcast,68,No,None,Winter,Very High
FC0002579,SD006,Starbucks - UTC Westfield,UTC,mall,2024-02-19,Monday,18,67,46,21,61,40,21,-8.96,Overcast,68,No,None,Winter,High
FC0002580,SD006,Starbucks - UTC Westfield,UTC,mall,2024-02-19,Monday,20,22,15,7,23,17,6,4.55,Overcast,68,No,None,Winter,Low
FC0002581,SD006,Starbucks - UTC Westfield,UTC,mall,2024-02-26,Monday,6,36,24,12,39,29,10,8.33,Partly Cloudy,68,No,None,Winter,Moderate
FC0002582,SD006,Starbucks - UTC Westfield,UTC,mall,2024-02-26,Monday,10,81,60,21,79,53,26,-2.47,Partly Cloudy,68,No,None,Winter,High
FC0002583,SD006,Starbucks - UTC Westfield,UTC,mall,2024-02-26,Monday,11,68,47,21,63,47,16,-7.35,Partly Cloudy,68,No,None,Winter,High
FC0002584,SD006,Starbucks - UTC Westfield,UTC,mall,2024-02-26,Monday,14,67,49,18,65,49,16,-2.99,Partly Cloudy,68,No,None,Winter,High
FC0002585,SD006,Starbucks - UTC Westfield,UTC,mall,2024-02-26,Monday,15,87,67,20,81,63,18,-6.9,Partly Cloudy,68,No,None,Winter,High
FC0002586,SD006,Starbucks - UTC Westfield,UTC,mall,2024-02-26,Monday,16,94,67,27,96,71,25,2.13,Partly Cloudy,68,No,None,Winter,High
FC0002587,SD006,Starbucks - UTC Westfield,UTC,mall,2024-02-26,Monday,17,116,83,33,113,89,24,-2.59,Partly Cloudy,68,No,None,Winter,Very High
FC0002588,SD006,Starbucks - UTC Westfield,UTC,mall,2024-02-26,Monday,18,69,52,17,66,48,18,-4.35,Partly Cloudy,68,No,None,Winter,High
FC0002589,SD006,Starbucks - UTC Westfield,UTC,mall,2024-02-26,Monday,19,35,26,9,34,26,8,-2.86,Partly Cloudy,68,No,None,Winter,Moderate
FC0002590,SD006,Starbucks - UTC Westfield,UTC,mall,2024-02-26,Monday,20,43,31,12,47,31,16,9.3,Partly Cloudy,68,No,None,Winter,Moderate
FC0002591,SD006,Starbucks - UTC Westfield,UTC,mall,2024-03-04,Monday,6,28,21,7,26,18,8,-7.14,Overcast,66,No,None,Spring,Low
FC0002592,SD006,Starbucks - UTC Westfield,UTC,mall,2024-03-04,Monday,7,97,73,24,95,70,25,-2.06,Overcast,66,No,None,Spring,High
FC0002593,SD006,Starbucks - UTC Westfield,UTC,mall,2024-03-04,Monday,8,175,125,50,172,130,42,-1.71,Overcast,66,No,None,Spring,Very High
FC0002594,SD006,Starbucks - UTC Westfield,UTC,mall,2024-03-04,Monday,10,70,52,18,68,54,14,-2.86,Overcast,66,No,None,Spring,High
FC0002595,SD006,Starbucks - UTC Westfield,UTC,mall,2024-03-04,Monday,12,122,94,28,123,91,32,0.82,Overcast,66,No,None,Spring,Very High
FC0002596,SD006,Starbucks - UTC Westfield,UTC,mall,2024-03-04,Monday,14,66,47,19,68,45,23,3.03,Overcast,66,No,None,Spring,High
FC0002597,SD006,Starbucks - UTC Westfield,UTC,mall,2024-03-04,Monday,15,84,59,25,85,57,28,1.19,Overcast,66,No,None,Spring,High
FC0002598,SD006,Starbucks - UTC Westfield,UTC,mall,2024-03-04,Monday,17,93,65,28,99,65,34,6.45,Overcast,66,No,None,Spring,High
FC0002599,SD006,Starbucks - UTC Westfield,UTC,mall,2024-03-04,Monday,18,63,46,17,65,48,17,3.17,Overcast,66,No,None,Spring,High
FC0002600,SD006,Starbucks - UTC Westfield,UTC,mall,2024-03-04,Monday,21,26,18,8,25,16,9,-3.85,Overcast,66,No,None,Spring,Low
FC0002601,SD006,Starbucks - UTC Westfield,UTC,mall,2024-03-11,Monday,7,68,46,22,72,52,20,5.88,Marine Layer,67,No,None,Spring,High
FC0002602,SD006,Starbucks - UTC Westfield,UTC,mall,2024-03-11,Monday,8,157,108,49,155,106,49,-1.27,Marine Layer,67,No,None,Spring,Very High
FC0002603,SD006,Starbucks - UTC Westfield,UTC,mall,2024-03-11,Monday,10,152,109,43,151,112,39,-0.66,Marine Layer,67,No,None,Spring,Very High
FC0002604,SD006,Starbucks - UTC Westfield,UTC,mall,2024-03-11,Monday,12,148,114,34,136,106,30,-8.11,Marine Layer,67,No,None,Spring,Very High
FC0002605,SD006,Starbucks - UTC Westfield,UTC,mall,2024-03-11,Monday,14,133,101,32,137,109,28,3.01,Marine Layer,67,No,None,Spring,Very High
FC0002606,SD006,Starbucks - UTC Westfield,UTC,mall,2024-03-11,Monday,15,91,66,25,107,85,22,17.58,Marine Layer,67,No,None,Spring,Very High
FC0002607,SD006,Starbucks - UTC Westfield,UTC,mall,2024-03-11,Monday,16,120,83,37,136,102,34,13.33,Marine Layer,67,No,None,Spring,Very High
FC0002608,SD006,Starbucks - UTC Westfield,UTC,mall,2024-03-11,Monday,19,65,44,21,67,53,14,3.08,Marine Layer,67,No,None,Spring,High
FC0002609,SD006,Starbucks - UTC Westfield,UTC,mall,2024-03-11,Monday,20,25,17,8,23,18,5,-8.0,Marine Layer,67,No,None,Spring,Low
FC0002610,SD006,Starbucks - UTC Westfield,UTC,mall,2024-03-11,Monday,21,25,18,7,26,18,8,4.0,Marine Layer,67,No,None,Spring,Low
FC0002611,SD006,Starbucks - UTC Westfield,UTC,mall,2024-03-18,Monday,6,35,26,9,36,25,11,2.86,Partly Cloudy,69,No,None,Spring,Moderate
FC0002612,SD006,Starbucks - UTC Westfield,UTC,mall,2024-03-18,Monday,9,150,110,40,167,112,55,11.33,Partly Cloudy,69,No,None,Spring,Very High
FC0002613,SD006,Starbucks - UTC Westfield,UTC,mall,2024-03-18,Monday,11,97,70,27,102,73,29,5.15,Partly Cloudy,69,No,None,Spring,Very High
FC0002614,SD006,Starbucks - UTC Westfield,UTC,mall,2024-03-18,Monday,13,132,98,34,137,95,42,3.79,Partly Cloudy,69,No,None,Spring,Very High
FC0002615,SD006,Starbucks - UTC Westfield,UTC,mall,2024-03-18,Monday,14,129,90,39,135,107,28,4.65,Partly Cloudy,69,No,None,Spring,Very High
FC0002616,SD006,Starbucks - UTC Westfield,UTC,mall,2024-03-18,Monday,15,123,88,35,115,91,24,-6.5,Partly Cloudy,69,No,None,Spring,Very High
FC0002617,SD006,Starbucks - UTC Westfield,UTC,mall,2024-03-18,Monday,16,109,80,29,94,65,29,-13.76,Partly Cloudy,69,No,None,Spring,High
FC0002618,SD006,Starbucks - UTC Westfield,UTC,mall,2024-03-18,Monday,17,109,79,30,102,68,34,-6.42,Partly Cloudy,69,No,None,Spring,Very High
FC0002619,SD006,Starbucks - UTC Westfield,UTC,mall,2024-03-18,Monday,19,62,42,20,64,47,17,3.23,Partly Cloudy,69,No,None,Spring,High
FC0002620,SD006,Starbucks - UTC Westfield,UTC,mall,2024-03-18,Monday,21,16,11,5,15,10,5,-6.25,Partly Cloudy,69,No,None,Spring,Low
FC0002621,SD006,Starbucks - UTC Westfield,UTC,mall,2024-03-25,Monday,6,37,28,9,34,26,8,-8.11,Sunny,69,No,None,Spring,Moderate
FC0002622,SD006,Starbucks - UTC Westfield,UTC,mall,2024-03-25,Monday,7,110,76,34,115,87,28,4.55,Sunny,69,No,None,Spring,Very High
FC0002623,SD006,Starbucks - UTC Westfield,UTC,mall,2024-03-25,Monday,8,188,139,49,197,147,50,4.79,Sunny,69,No,None,Spring,Very High
FC0002624,SD006,Starbucks - UTC Westfield,UTC,mall,2024-03-25,Monday,10,125,90,35,112,81,31,-10.4,Sunny,69,No,None,Spring,Very High
FC0002625,SD006,Starbucks - UTC Westfield,UTC,mall,2024-03-25,Monday,14,98,67,31,93,63,30,-5.1,Sunny,69,No,None,Spring,High
FC0002626,SD006,Starbucks - UTC Westfield,UTC,mall,2024-03-25,Monday,15,72,51,21,72,48,24,0.0,Sunny,69,No,None,Spring,High
FC0002627,SD006,Starbucks - UTC Westfield,UTC,mall,2024-03-25,Monday,16,69,53,16,66,43,23,-4.35,Sunny,69,No,None,Spring,High
FC0002628,SD006,Starbucks - UTC Westfield,UTC,mall,2024-03-25,Monday,18,64,46,18,74,50,24,15.62,Sunny,69,No,None,Spring,High
FC0002629,SD006,Starbucks - UTC Westfield,UTC,mall,2024-03-25,Monday,20,22,15,7,24,16,8,9.09,Sunny,69,No,None,Spring,Low
FC0002630,SD006,Starbucks - UTC Westfield,UTC,mall,2024-03-25,Monday,21,12,8,4,11,8,3,-8.33,Sunny,69,No,None,Spring,Low
FC0002631,SD006,Starbucks - UTC Westfield,UTC,mall,2024-04-01,Monday,6,22,15,7,22,16,6,0.0,Sunny,67,No,None,Spring,Low
FC0002632,SD006,Starbucks - UTC Westfield,UTC,mall,2024-04-01,Monday,8,156,115,41,155,112,43,-0.64,Sunny,67,No,None,Spring,Very High
FC0002633,SD006,Starbucks - UTC Westfield,UTC,mall,2024-04-01,Monday,10,81,56,25,76,59,17,-6.17,Sunny,67,No,None,Spring,High
FC0002634,SD006,Starbucks - UTC Westfield,UTC,mall,2024-04-01,Monday,13,100,69,31,95,62,33,-5.0,Sunny,67,No,None,Spring,High
FC0002635,SD006,Starbucks - UTC Westfield,UTC,mall,2024-04-01,Monday,14,79,61,18,79,58,21,0.0,Sunny,67,No,None,Spring,High
FC0002636,SD006,Starbucks - UTC Westfield,UTC,mall,2024-04-01,Monday,16,68,47,21,68,53,15,0.0,Sunny,67,No,None,Spring,High
FC0002637,SD006,Starbucks - UTC Westfield,UTC,mall,2024-04-01,Monday,17,94,63,31,78,52,26,-17.02,Sunny,67,No,None,Spring,High
FC0002638,SD006,Starbucks - UTC Westfield,UTC,mall,2024-04-01,Monday,18,85,61,24,67,44,23,-21.18,Sunny,67,No,None,Spring,High
FC0002639,SD006,Starbucks - UTC Westfield,UTC,mall,2024-04-01,Monday,19,39,26,13,38,28,10,-2.56,Sunny,67,No,None,Spring,Moderate
FC0002640,SD006,Starbucks - UTC Westfield,UTC,mall,2024-04-01,Monday,20,22,15,7,21,14,7,-4.55,Sunny,67,No,None,Spring,Low
FC0002641,SD006,Starbucks - UTC Westfield,UTC,mall,2024-04-08,Monday,6,31,22,9,30,23,7,-3.23,Marine Layer,70,No,None,Spring,Moderate
FC0002642,SD006,Starbucks - UTC Westfield,UTC,mall,2024-04-08,Monday,8,174,132,42,164,116,48,-5.75,Marine Layer,70,No,None,Spring,Very High
FC0002643,SD006,Starbucks - UTC Westfield,UTC,mall,2024-04-08,Monday,9,160,123,37,185,134,51,15.62,Marine Layer,70,No,None,Spring,Very High
FC0002644,SD006,Starbucks - UTC Westfield,UTC,mall,2024-04-08,Monday,10,104,77,27,100,72,28,-3.85,Marine Layer,70,No,None,Spring,Very High
FC0002645,SD006,Starbucks - UTC Westfield,UTC,mall,2024-04-08,Monday,11,102,72,30,90,66,24,-11.76,Marine Layer,70,No,None,Spring,High
FC0002646,SD006,Starbucks - UTC Westfield,UTC,mall,2024-04-08,Monday,12,84,64,20,94,66,28,11.9,Marine Layer,70,No,None,Spring,High
FC0002647,SD006,Starbucks - UTC Westfield,UTC,mall,2024-04-08,Monday,14,71,48,23,75,54,21,5.63,Marine Layer,70,No,None,Spring,High
FC0002648,SD006,Starbucks - UTC Westfield,UTC,mall,2024-04-08,Monday,15,110,74,36,117,92,25,6.36,Marine Layer,70,No,None,Spring,Very High
FC0002649,SD006,Starbucks - UTC Westfield,UTC,mall,2024-04-08,Monday,16,128,99,29,130,96,34,1.56,Marine Layer,70,No,None,Spring,Very High
FC0002650,SD006,Starbucks - UTC Westfield,UTC,mall,2024-04-08,Monday,21,13,10,3,14,10,4,7.69,Marine Layer,70,No,None,Spring,Low
FC0002651,SD006,Starbucks - UTC Westfield,UTC,mall,2024-04-15,Monday,7,108,81,27,115,82,33,6.48,Partly Cloudy,69,No,None,Spring,Very High
FC0002652,SD006,Starbucks - UTC Westfield,UTC,mall,2024-04-15,Monday,8,183,133,50,178,125,53,-2.73,Partly Cloudy,69,No,None,Spring,Very High
FC0002653,SD006,Starbucks - UTC Westfield,UTC,mall,2024-04-15,Monday,9,172,131,41,156,117,39,-9.3,Partly Cloudy,69,No,None,Spring,Very High
FC0002654,SD006,Starbucks - UTC Westfield,UTC,mall,2024-04-15,Monday,10,92,66,26,84,56,28,-8.7,Partly Cloudy,69,No,None,Spring,High
FC0002655,SD006,Starbucks - UTC Westfield,UTC,mall,2024-04-15,Monday,11,114,85,29,105,69,36,-7.89,Partly Cloudy,69,No,None,Spring,Very High
FC0002656,SD006,Starbucks - UTC Westfield,UTC,mall,2024-04-15,Monday,12,97,67,30,104,82,22,7.22,Partly Cloudy,69,No,None,Spring,Very High
FC0002657,SD006,Starbucks - UTC Westfield,UTC,mall,2024-04-15,Monday,15,102,71,31,112,81,31,9.8,Partly Cloudy,69,No,None,Spring,Very High
FC0002658,SD006,Starbucks - UTC Westfield,UTC,mall,2024-04-15,Monday,17,77,54,23,75,53,22,-2.6,Partly Cloudy,69,No,None,Spring,High
FC0002659,SD006,Starbucks - UTC Westfield,UTC,mall,2024-04-15,Monday,18,94,69,25,92,71,21,-2.13,Partly Cloudy,69,No,None,Spring,High
FC0002660,SD006,Starbucks - UTC Westfield,UTC,mall,2024-04-15,Monday,20,29,19,10,32,21,11,10.34,Partly Cloudy,69,No,None,Spring,Moderate
FC0002661,SD006,Starbucks - UTC Westfield,UTC,mall,2024-04-22,Monday,8,186,130,56,203,161,42,9.14,Partly Cloudy,70,No,None,Spring,Very High
FC0002662,SD006,Starbucks - UTC Westfield,UTC,mall,2024-04-22,Monday,9,137,94,43,143,113,30,4.38,Partly Cloudy,70,No,None,Spring,Very High
FC0002663,SD006,Starbucks - UTC Westfield,UTC,mall,2024-04-22,Monday,10,81,62,19,86,58,28,6.17,Partly Cloudy,70,No,None,Spring,High
FC0002664,SD006,Starbucks - UTC Westfield,UTC,mall,2024-04-22,Monday,11,136,93,43,131,99,32,-3.68,Partly Cloudy,70,No,None,Spring,Very High
FC0002665,SD006,Starbucks - UTC Westfield,UTC,mall,2024-04-22,Monday,12,158,121,37,168,118,50,6.33,Partly Cloudy,70,No,None,Spring,Very High
FC0002666,SD006,Starbucks - UTC Westfield,UTC,mall,2024-04-22,Monday,15,109,84,25,112,74,38,2.75,Partly Cloudy,70,No,None,Spring,Very High
FC0002667,SD006,Starbucks - UTC Westfield,UTC,mall,2024-04-22,Monday,16,108,82,26,86,61,25,-20.37,Partly Cloudy,70,No,None,Spring,High
FC0002668,SD006,Starbucks - UTC Westfield,UTC,mall,2024-04-22,Monday,18,59,41,18,55,38,17,-6.78,Partly Cloudy,70,No,None,Spring,Moderate
FC0002669,SD006,Starbucks - UTC Westfield,UTC,mall,2024-04-22,Monday,19,58,44,14,49,35,14,-15.52,Partly Cloudy,70,No,None,Spring,Moderate
FC0002670,SD006,Starbucks - UTC Westfield,UTC,mall,2024-04-22,Monday,20,26,19,7,27,21,6,3.85,Partly Cloudy,70,No,None,Spring,Low
FC0002671,SD006,Starbucks - UTC Westfield,UTC,mall,2024-04-29,Monday,6,42,28,14,43,32,11,2.38,Partly Cloudy,70,No,None,Spring,Moderate
FC0002672,SD006,Starbucks - UTC Westfield,UTC,mall,2024-04-29,Monday,7,69,50,19,73,49,24,5.8,Partly Cloudy,70,No,None,Spring,High
FC0002673,SD006,Starbucks - UTC Westfield,UTC,mall,2024-04-29,Monday,8,187,130,57,163,129,34,-12.83,Partly Cloudy,70,No,None,Spring,Very High
FC0002674,SD006,Starbucks - UTC Westfield,UTC,mall,2024-04-29,Monday,11,98,68,30,97,69,28,-1.02,Partly Cloudy,70,No,None,Spring,High
FC0002675,SD006,Starbucks - UTC Westfield,UTC,mall,2024-04-29,Monday,12,114,88,26,127,94,33,11.4,Partly Cloudy,70,No,None,Spring,Very High
FC0002676,SD006,Starbucks - UTC Westfield,UTC,mall,2024-04-29,Monday,15,107,80,27,102,73,29,-4.67,Partly Cloudy,70,No,None,Spring,Very High
FC0002677,SD006,Starbucks - UTC Westfield,UTC,mall,2024-04-29,Monday,16,124,85,39,132,101,31,6.45,Partly Cloudy,70,No,None,Spring,Very High
FC0002678,SD006,Starbucks - UTC Westfield,UTC,mall,2024-04-29,Monday,17,97,73,24,100,70,30,3.09,Partly Cloudy,70,No,None,Spring,Very High
FC0002679,SD006,Starbucks - UTC Westfield,UTC,mall,2024-04-29,Monday,19,61,43,18,61,47,14,0.0,Partly Cloudy,70,No,None,Spring,High
FC0002680,SD006,Starbucks - UTC Westfield,UTC,mall,2024-04-29,Monday,20,42,30,12,45,33,12,7.14,Partly Cloudy,70,No,None,Spring,Moderate
FC0002681,SD006,Starbucks - UTC Westfield,UTC,mall,2024-05-06,Monday,6,43,30,13,42,28,14,-2.33,Partly Cloudy,75,No,None,Spring,Moderate
FC0002682,SD006,Starbucks - UTC Westfield,UTC,mall,2024-05-06,Monday,7,98,71,27,93,68,25,-5.1,Partly Cloudy,75,No,None,Spring,High
FC0002683,SD006,Starbucks - UTC Westfield,UTC,mall,2024-05-06,Monday,8,141,108,33,144,101,43,2.13,Partly Cloudy,75,No,None,Spring,Very High
FC0002684,SD006,Starbucks - UTC Westfield,UTC,mall,2024-05-06,Monday,12,106,76,30,108,81,27,1.89,Partly Cloudy,75,No,None,Spring,Very High
FC0002685,SD006,Starbucks - UTC Westfield,UTC,mall,2024-05-06,Monday,14,117,84,33,141,95,46,20.51,Partly Cloudy,75,No,None,Spring,Very High
FC0002686,SD006,Starbucks - UTC Westfield,UTC,mall,2024-05-06,Monday,16,122,94,28,136,97,39,11.48,Partly Cloudy,75,No,None,Spring,Very High
FC0002687,SD006,Starbucks - UTC Westfield,UTC,mall,2024-05-06,Monday,17,106,81,25,93,71,22,-12.26,Partly Cloudy,75,No,None,Spring,High
FC0002688,SD006,Starbucks - UTC Westfield,UTC,mall,2024-05-06,Monday,18,97,67,30,79,56,23,-18.56,Partly Cloudy,75,No,None,Spring,High
FC0002689,SD006,Starbucks - UTC Westfield,UTC,mall,2024-05-06,Monday,19,61,43,18,62,43,19,1.64,Partly Cloudy,75,No,None,Spring,High
FC0002690,SD006,Starbucks - UTC Westfield,UTC,mall,2024-05-06,Monday,20,36,25,11,37,25,12,2.78,Partly Cloudy,75,No,None,Spring,Moderate
FC0002691,SD006,Starbucks - UTC Westfield,UTC,mall,2024-05-13,Monday,7,73,52,21,70,55,15,-4.11,Partly Cloudy,68,No,None,Spring,High
FC0002692,SD006,Starbucks - UTC Westfield,UTC,mall,2024-05-13,Monday,10,86,64,22,89,69,20,3.49,Partly Cloudy,68,No,None,Spring,High
FC0002693,SD006,Starbucks - UTC Westfield,UTC,mall,2024-05-13,Monday,12,95,67,28,98,75,23,3.16,Partly Cloudy,68,No,None,Spring,High
FC0002694,SD006,Starbucks - UTC Westfield,UTC,mall,2024-05-13,Monday,13,115,81,34,112,83,29,-2.61,Partly Cloudy,68,No,None,Spring,Very High
FC0002695,SD006,Starbucks - UTC Westfield,UTC,mall,2024-05-13,Monday,14,83,61,22,88,65,23,6.02,Partly Cloudy,68,No,None,Spring,High
FC0002696,SD006,Starbucks - UTC Westfield,UTC,mall,2024-05-13,Monday,15,120,85,35,119,84,35,-0.83,Partly Cloudy,68,No,None,Spring,Very High
FC0002697,SD006,Starbucks - UTC Westfield,UTC,mall,2024-05-13,Monday,16,70,48,22,71,50,21,1.43,Partly Cloudy,68,No,None,Spring,High
FC0002698,SD006,Starbucks - UTC Westfield,UTC,mall,2024-05-13,Monday,18,61,44,17,66,51,15,8.2,Partly Cloudy,68,No,None,Spring,High
FC0002699,SD006,Starbucks - UTC Westfield,UTC,mall,2024-05-13,Monday,19,49,36,13,43,29,14,-12.24,Partly Cloudy,68,No,None,Spring,Moderate
FC0002700,SD006,Starbucks - UTC Westfield,UTC,mall,2024-05-13,Monday,21,21,15,6,21,15,6,0.0,Partly Cloudy,68,No,None,Spring,Low
FC0002701,SD006,Starbucks - UTC Westfield,UTC,mall,2024-05-20,Monday,7,73,55,18,70,51,19,-4.11,Sunny,73,No,None,Spring,High
FC0002702,SD006,Starbucks - UTC Westfield,UTC,mall,2024-05-20,Monday,8,199,139,60,203,159,44,2.01,Sunny,73,No,None,Spring,Very High
FC0002703,SD006,Starbucks - UTC Westfield,UTC,mall,2024-05-20,Monday,9,148,109,39,138,102,36,-6.76,Sunny,73,No,None,Spring,Very High
FC0002704,SD006,Starbucks - UTC Westfield,UTC,mall,2024-05-20,Monday,11,109,78,31,112,81,31,2.75,Sunny,73,No,None,Spring,Very High
FC0002705,SD006,Starbucks - UTC Westfield,UTC,mall,2024-05-20,Monday,12,101,70,31,106,73,33,4.95,Sunny,73,No,None,Spring,Very High
FC0002706,SD006,Starbucks - UTC Westfield,UTC,mall,2024-05-20,Monday,13,92,62,30,89,67,22,-3.26,Sunny,73,No,None,Spring,High
FC0002707,SD006,Starbucks - UTC Westfield,UTC,mall,2024-05-20,Monday,14,127,88,39,140,105,35,10.24,Sunny,73,No,None,Spring,Very High
FC0002708,SD006,Starbucks - UTC Westfield,UTC,mall,2024-05-20,Monday,15,91,70,21,95,65,30,4.4,Sunny,73,No,None,Spring,High
FC0002709,SD006,Starbucks - UTC Westfield,UTC,mall,2024-05-20,Monday,18,68,51,17,65,47,18,-4.41,Sunny,73,No,None,Spring,High
FC0002710,SD006,Starbucks - UTC Westfield,UTC,mall,2024-05-20,Monday,19,39,28,11,33,22,11,-15.38,Sunny,73,No,None,Spring,Moderate
FC0002711,SD006,Starbucks - UTC Westfield,UTC,mall,2024-05-27,Monday,6,37,25,12,34,24,10,-8.11,Sunny,74,No,None,Spring,Moderate
FC0002712,SD006,Starbucks - UTC Westfield,UTC,mall,2024-05-27,Monday,7,88,62,26,76,52,24,-13.64,Sunny,74,No,None,Spring,High
FC0002713,SD006,Starbucks - UTC Westfield,UTC,mall,2024-05-27,Monday,8,177,131,46,171,116,55,-3.39,Sunny,74,No,None,Spring,Very High
FC0002714,SD006,Starbucks - UTC Westfield,UTC,mall,2024-05-27,Monday,11,103,72,31,98,66,32,-4.85,Sunny,74,No,None,Spring,High
FC0002715,SD006,Starbucks - UTC Westfield,UTC,mall,2024-05-27,Monday,12,110,83,27,103,71,32,-6.36,Sunny,74,No,None,Spring,Very High
FC0002716,SD006,Starbucks - UTC Westfield,UTC,mall,2024-05-27,Monday,15,120,92,28,126,99,27,5.0,Sunny,74,No,None,Spring,Very High
FC0002717,SD006,Starbucks - UTC Westfield,UTC,mall,2024-05-27,Monday,16,108,75,33,101,68,33,-6.48,Sunny,74,No,None,Spring,Very High
FC0002718,SD006,Starbucks - UTC Westfield,UTC,mall,2024-05-27,Monday,19,61,44,17,62,42,20,1.64,Sunny,74,No,None,Spring,High
FC0002719,SD006,Starbucks - UTC Westfield,UTC,mall,2024-05-27,Monday,20,25,17,8,20,15,5,-20.0,Sunny,74,No,None,Spring,Low
FC0002720,SD006,Starbucks - UTC Westfield,UTC,mall,2024-05-27,Monday,21,20,13,7,16,11,5,-20.0,Sunny,74,No,None,Spring,Low
FC0002721,SD006,Starbucks - UTC Westfield,UTC,mall,2024-06-03,Monday,6,38,26,12,38,29,9,0.0,Sunny,77,No,None,Summer,Moderate
FC0002722,SD006,Starbucks - UTC Westfield,UTC,mall,2024-06-03,Monday,7,72,52,20,75,53,22,4.17,Sunny,77,No,None,Summer,High
FC0002723,SD006,Starbucks - UTC Westfield,UTC,mall,2024-06-03,Monday,10,77,56,21,67,46,21,-12.99,Sunny,77,No,None,Summer,High
FC0002724,SD006,Starbucks - UTC Westfield,UTC,mall,2024-06-03,Monday,13,132,102,30,131,103,28,-0.76,Sunny,77,No,None,Summer,Very High
FC0002725,SD006,Starbucks - UTC Westfield,UTC,mall,2024-06-03,Monday,14,102,72,30,99,77,22,-2.94,Sunny,77,No,None,Summer,High
FC0002726,SD006,Starbucks - UTC Westfield,UTC,mall,2024-06-03,Monday,17,62,48,14,59,39,20,-4.84,Sunny,77,No,None,Summer,Moderate
FC0002727,SD006,Starbucks - UTC Westfield,UTC,mall,2024-06-03,Monday,18,57,44,13,50,35,15,-12.28,Sunny,77,No,None,Summer,Moderate
FC0002728,SD006,Starbucks - UTC Westfield,UTC,mall,2024-06-03,Monday,19,32,22,10,29,19,10,-9.38,Sunny,77,No,None,Summer,Low
FC0002729,SD006,Starbucks - UTC Westfield,UTC,mall,2024-06-03,Monday,20,39,28,11,38,26,12,-2.56,Sunny,77,No,None,Summer,Moderate
FC0002730,SD006,Starbucks - UTC Westfield,UTC,mall,2024-06-03,Monday,21,19,14,5,19,14,5,0.0,Sunny,77,No,None,Summer,Low
FC0002731,SD006,Starbucks - UTC Westfield,UTC,mall,2024-06-10,Monday,6,42,32,10,38,28,10,-9.52,Partly Cloudy,70,No,None,Summer,Moderate
FC0002732,SD006,Starbucks - UTC Westfield,UTC,mall,2024-06-10,Monday,7,76,56,20,79,54,25,3.95,Partly Cloudy,70,No,None,Summer,High
FC0002733,SD006,Starbucks - UTC Westfield,UTC,mall,2024-06-10,Monday,8,160,121,39,154,106,48,-3.75,Partly Cloudy,70,No,None,Summer,Very High
FC0002734,SD006,Starbucks - UTC Westfield,UTC,mall,2024-06-10,Monday,10,91,64,27,90,71,19,-1.1,Partly Cloudy,70,No,None,Summer,High
FC0002735,SD006,Starbucks - UTC Westfield,UTC,mall,2024-06-10,Monday,11,100,69,31,89,62,27,-11.0,Partly Cloudy,70,No,None,Summer,High
FC0002736,SD006,Starbucks - UTC Westfield,UTC,mall,2024-06-10,Monday,15,72,51,21,72,56,16,0.0,Partly Cloudy,70,No,None,Summer,High
FC0002737,SD006,Starbucks - UTC Westfield,UTC,mall,2024-06-10,Monday,16,99,71,28,89,61,28,-10.1,Partly Cloudy,70,No,None,Summer,High
FC0002738,SD006,Starbucks - UTC Westfield,UTC,mall,2024-06-10,Monday,17,65,50,15,70,49,21,7.69,Partly Cloudy,70,No,None,Summer,High
FC0002739,SD006,Starbucks - UTC Westfield,UTC,mall,2024-06-10,Monday,18,51,34,17,48,35,13,-5.88,Partly Cloudy,70,No,None,Summer,Moderate
FC0002740,SD006,Starbucks - UTC Westfield,UTC,mall,2024-06-10,Monday,21,22,15,7,20,13,7,-9.09,Partly Cloudy,70,No,None,Summer,Low
FC0002741,SD006,Starbucks - UTC Westfield,UTC,mall,2024-06-17,Monday,8,134,102,32,128,95,33,-4.48,Overcast,72,No,None,Summer,Very High
FC0002742,SD006,Starbucks - UTC Westfield,UTC,mall,2024-06-17,Monday,9,121,85,36,123,97,26,1.65,Overcast,72,No,None,Summer,Very High
FC0002743,SD006,Starbucks - UTC Westfield,UTC,mall,2024-06-17,Monday,11,123,90,33,120,88,32,-2.44,Overcast,72,No,None,Summer,Very High
FC0002744,SD006,Starbucks - UTC Westfield,UTC,mall,2024-06-17,Monday,13,120,82,38,113,80,33,-5.83,Overcast,72,No,None,Summer,Very High
FC0002745,SD006,Starbucks - UTC Westfield,UTC,mall,2024-06-17,Monday,14,73,55,18,68,46,22,-6.85,Overcast,72,No,None,Summer,High
FC0002746,SD006,Starbucks - UTC Westfield,UTC,mall,2024-06-17,Monday,15,89,68,21,96,75,21,7.87,Overcast,72,No,None,Summer,High
FC0002747,SD006,Starbucks - UTC Westfield,UTC,mall,2024-06-17,Monday,16,101,74,27,108,85,23,6.93,Overcast,72,No,None,Summer,Very High
FC0002748,SD006,Starbucks - UTC Westfield,UTC,mall,2024-06-17,Monday,19,52,35,17,56,44,12,7.69,Overcast,72,No,None,Summer,Moderate
FC0002749,SD006,Starbucks - UTC Westfield,UTC,mall,2024-06-17,Monday,20,20,13,7,21,15,6,5.0,Overcast,72,No,None,Summer,Low
FC0002750,SD006,Starbucks - UTC Westfield,UTC,mall,2024-06-17,Monday,21,12,9,3,12,8,4,0.0,Overcast,72,No,None,Summer,Low
FC0002751,SD006,Starbucks - UTC Westfield,UTC,mall,2024-06-24,Monday,8,162,115,47,140,95,45,-13.58,Overcast,76,No,None,Summer,Very High
FC0002752,SD006,Starbucks - UTC Westfield,UTC,mall,2024-06-24,Monday,9,146,102,44,164,118,46,12.33,Overcast,76,No,None,Summer,Very High
FC0002753,SD006,Starbucks - UTC Westfield,UTC,mall,2024-06-24,Monday,10,75,58,17,77,54,23,2.67,Overcast,76,No,None,Summer,High
FC0002754,SD006,Starbucks - UTC Westfield,UTC,mall,2024-06-24,Monday,11,119,90,29,144,108,36,21.01,Overcast,76,No,None,Summer,Very High
FC0002755,SD006,Starbucks - UTC Westfield,UTC,mall,2024-06-24,Monday,13,125,93,32,139,110,29,11.2,Overcast,76,No,None,Summer,Very High
FC0002756,SD006,Starbucks - UTC Westfield,UTC,mall,2024-06-24,Monday,14,99,76,23,97,76,21,-2.02,Overcast,76,No,None,Summer,High
FC0002757,SD006,Starbucks - UTC Westfield,UTC,mall,2024-06-24,Monday,15,83,56,27,74,56,18,-10.84,Overcast,76,No,None,Summer,High
FC0002758,SD006,Starbucks - UTC Westfield,UTC,mall,2024-06-24,Monday,17,60,44,16,52,41,11,-13.33,Overcast,76,No,None,Summer,Moderate
FC0002759,SD006,Starbucks - UTC Westfield,UTC,mall,2024-06-24,Monday,18,60,45,15,56,43,13,-6.67,Overcast,76,No,None,Summer,Moderate
FC0002760,SD006,Starbucks - UTC Westfield,UTC,mall,2024-06-24,Monday,21,18,12,6,18,12,6,0.0,Overcast,76,No,None,Summer,Low
FC0002761,SD006,Starbucks - UTC Westfield,UTC,mall,2024-07-01,Monday,8,130,99,31,133,97,36,2.31,Overcast,81,No,None,Summer,Very High
FC0002762,SD006,Starbucks - UTC Westfield,UTC,mall,2024-07-01,Monday,9,95,65,30,102,79,23,7.37,Overcast,81,No,None,Summer,Very High
FC0002763,SD006,Starbucks - UTC Westfield,UTC,mall,2024-07-01,Monday,12,116,83,33,120,79,41,3.45,Overcast,81,No,None,Summer,Very High
FC0002764,SD006,Starbucks - UTC Westfield,UTC,mall,2024-07-01,Monday,13,144,107,37,146,99,47,1.39,Overcast,81,No,None,Summer,Very High
FC0002765,SD006,Starbucks - UTC Westfield,UTC,mall,2024-07-01,Monday,14,83,64,19,74,52,22,-10.84,Overcast,81,No,None,Summer,High
FC0002766,SD006,Starbucks - UTC Westfield,UTC,mall,2024-07-01,Monday,16,93,65,28,82,60,22,-11.83,Overcast,81,No,None,Summer,High
FC0002767,SD006,Starbucks - UTC Westfield,UTC,mall,2024-07-01,Monday,17,62,42,20,56,43,13,-9.68,Overcast,81,No,None,Summer,Moderate
FC0002768,SD006,Starbucks - UTC Westfield,UTC,mall,2024-07-01,Monday,18,97,75,22,87,66,21,-10.31,Overcast,81,No,None,Summer,High
FC0002769,SD006,Starbucks - UTC Westfield,UTC,mall,2024-07-01,Monday,19,56,43,13,56,38,18,0.0,Overcast,81,No,None,Summer,Moderate
FC0002770,SD006,Starbucks - UTC Westfield,UTC,mall,2024-07-01,Monday,20,28,19,9,21,14,7,-25.0,Overcast,81,No,None,Summer,Low
FC0002771,SD006,Starbucks - UTC Westfield,UTC,mall,2024-07-08,Monday,6,25,17,8,25,19,6,0.0,Overcast,76,No,None,Summer,Low
FC0002772,SD006,Starbucks - UTC Westfield,UTC,mall,2024-07-08,Monday,7,91,68,23,90,60,30,-1.1,Overcast,76,No,None,Summer,High
FC0002773,SD006,Starbucks - UTC Westfield,UTC,mall,2024-07-08,Monday,8,187,143,44,183,124,59,-2.14,Overcast,76,No,None,Summer,Very High
FC0002774,SD006,Starbucks - UTC Westfield,UTC,mall,2024-07-08,Monday,9,118,82,36,135,97,38,14.41,Overcast,76,No,None,Summer,Very High
FC0002775,SD006,Starbucks - UTC Westfield,UTC,mall,2024-07-08,Monday,10,83,57,26,83,63,20,0.0,Overcast,76,No,None,Summer,High
FC0002776,SD006,Starbucks - UTC Westfield,UTC,mall,2024-07-08,Monday,12,80,60,20,80,61,19,0.0,Overcast,76,No,None,Summer,High
FC0002777,SD006,Starbucks - UTC Westfield,UTC,mall,2024-07-08,Monday,13,108,80,28,102,78,24,-5.56,Overcast,76,No,None,Summer,Very High
FC0002778,SD006,Starbucks - UTC Westfield,UTC,mall,2024-07-08,Monday,14,82,60,22,78,60,18,-4.88,Overcast,76,No,None,Summer,High
FC0002779,SD006,Starbucks - UTC Westfield,UTC,mall,2024-07-08,Monday,19,60,46,14,62,47,15,3.33,Overcast,76,No,None,Summer,High
FC0002780,SD006,Starbucks - UTC Westfield,UTC,mall,2024-07-08,Monday,21,15,10,5,14,9,5,-6.67,Overcast,76,No,None,Summer,Low
FC0002781,SD006,Starbucks - UTC Westfield,UTC,mall,2024-07-15,Monday,7,92,65,27,98,76,22,6.52,Partly Cloudy,73,No,None,Summer,High
FC0002782,SD006,Starbucks - UTC Westfield,UTC,mall,2024-07-15,Monday,9,124,90,34,116,88,28,-6.45,Partly Cloudy,73,No,None,Summer,Very High
FC0002783,SD006,Starbucks - UTC Westfield,UTC,mall,2024-07-15,Monday,10,128,92,36,130,94,36,1.56,Partly Cloudy,73,No,None,Summer,Very High
FC0002784,SD006,Starbucks - UTC Westfield,UTC,mall,2024-07-15,Monday,11,122,90,32,124,87,37,1.64,Partly Cloudy,73,No,None,Summer,Very High
FC0002785,SD006,Starbucks - UTC Westfield,UTC,mall,2024-07-15,Monday,13,103,73,30,99,72,27,-3.88,Partly Cloudy,73,No,None,Summer,High
FC0002786,SD006,Starbucks - UTC Westfield,UTC,mall,2024-07-15,Monday,14,135,95,40,144,99,45,6.67,Partly Cloudy,73,No,None,Summer,Very High
FC0002787,SD006,Starbucks - UTC Westfield,UTC,mall,2024-07-15,Monday,15,111,83,28,121,85,36,9.01,Partly Cloudy,73,No,None,Summer,Very High
FC0002788,SD006,Starbucks - UTC Westfield,UTC,mall,2024-07-15,Monday,16,86,63,23,83,64,19,-3.49,Partly Cloudy,73,No,None,Summer,High
FC0002789,SD006,Starbucks - UTC Westfield,UTC,mall,2024-07-15,Monday,20,35,25,10,36,27,9,2.86,Partly Cloudy,73,No,None,Summer,Moderate
FC0002790,SD006,Starbucks - UTC Westfield,UTC,mall,2024-07-15,Monday,21,26,18,8,25,18,7,-3.85,Partly Cloudy,73,No,None,Summer,Low
FC0002791,SD006,Starbucks - UTC Westfield,UTC,mall,2024-07-22,Monday,8,187,136,51,185,130,55,-1.07,Overcast,81,No,None,Summer,Very High
FC0002792,SD006,Starbucks - UTC Westfield,UTC,mall,2024-07-22,Monday,9,113,77,36,117,86,31,3.54,Overcast,81,No,None,Summer,Very High
FC0002793,SD006,Starbucks - UTC Westfield,UTC,mall,2024-07-22,Monday,10,99,68,31,99,75,24,0.0,Overcast,81,No,None,Summer,High
FC0002794,SD006,Starbucks - UTC Westfield,UTC,mall,2024-07-22,Monday,12,90,62,28,85,56,29,-5.56,Overcast,81,No,None,Summer,High
FC0002795,SD006,Starbucks - UTC Westfield,UTC,mall,2024-07-22,Monday,14,69,50,19,69,50,19,0.0,Overcast,81,No,None,Summer,High
FC0002796,SD006,Starbucks - UTC Westfield,UTC,mall,2024-07-22,Monday,15,113,83,30,104,75,29,-7.96,Overcast,81,No,None,Summer,Very High
FC0002797,SD006,Starbucks - UTC Westfield,UTC,mall,2024-07-22,Monday,16,98,70,28,105,79,26,7.14,Overcast,81,No,None,Summer,Very High
FC0002798,SD006,Starbucks - UTC Westfield,UTC,mall,2024-07-22,Monday,17,56,40,16,58,45,13,3.57,Overcast,81,No,None,Summer,Moderate
FC0002799,SD006,Starbucks - UTC Westfield,UTC,mall,2024-07-22,Monday,19,33,24,9,29,19,10,-12.12,Overcast,81,No,None,Summer,Low
FC0002800,SD006,Starbucks - UTC Westfield,UTC,mall,2024-07-22,Monday,21,17,13,4,19,15,4,11.76,Overcast,81,No,None,Summer,Low
FC0002801,SD006,Starbucks - UTC Westfield,UTC,mall,2024-07-29,Monday,6,21,15,6,21,15,6,0.0,Sunny,73,No,None,Summer,Low
FC0002802,SD006,Starbucks - UTC Westfield,UTC,mall,2024-07-29,Monday,8,154,117,37,167,114,53,8.44,Sunny,73,No,None,Summer,Very High
FC0002803,SD006,Starbucks - UTC Westfield,UTC,mall,2024-07-29,Monday,10,136,98,38,131,96,35,-3.68,Sunny,73,No,None,Summer,Very High
FC0002804,SD006,Starbucks - UTC Westfield,UTC,mall,2024-07-29,Monday,11,93,70,23,106,80,26,13.98,Sunny,73,No,None,Summer,Very High
FC0002805,SD006,Starbucks - UTC Westfield,UTC,mall,2024-07-29,Monday,12,156,110,46,168,119,49,7.69,Sunny,73,No,None,Summer,Very High
FC0002806,SD006,Starbucks - UTC Westfield,UTC,mall,2024-07-29,Monday,14,130,89,41,131,87,44,0.77,Sunny,73,No,None,Summer,Very High
FC0002807,SD006,Starbucks - UTC Westfield,UTC,mall,2024-07-29,Monday,17,58,44,14,56,39,17,-3.45,Sunny,73,No,None,Summer,Moderate
FC0002808,SD006,Starbucks - UTC Westfield,UTC,mall,2024-07-29,Monday,18,74,57,17,83,59,24,12.16,Sunny,73,No,None,Summer,High
FC0002809,SD006,Starbucks - UTC Westfield,UTC,mall,2024-07-29,Monday,20,30,23,7,32,22,10,6.67,Sunny,73,No,None,Summer,Moderate
FC0002810,SD006,Starbucks - UTC Westfield,UTC,mall,2024-07-29,Monday,21,24,18,6,24,18,6,0.0,Sunny,73,No,None,Summer,Low
FC0002811,SD006,Starbucks - UTC Westfield,UTC,mall,2024-08-05,Monday,7,134,92,42,110,79,31,-17.91,Marine Layer,76,No,None,Summer,Very High
FC0002812,SD006,Starbucks - UTC Westfield,UTC,mall,2024-08-05,Monday,8,133,97,36,134,103,31,0.75,Marine Layer,76,No,None,Summer,Very High
FC0002813,SD006,Starbucks - UTC Westfield,UTC,mall,2024-08-05,Monday,9,98,72,26,106,81,25,8.16,Marine Layer,76,No,None,Summer,Very High
FC0002814,SD006,Starbucks - UTC Westfield,UTC,mall,2024-08-05,Monday,10,77,54,23,76,55,21,-1.3,Marine Layer,76,No,None,Summer,High
FC0002815,SD006,Starbucks - UTC Westfield,UTC,mall,2024-08-05,Monday,11,96,73,23,85,63,22,-11.46,Marine Layer,76,No,None,Summer,High
FC0002816,SD006,Starbucks - UTC Westfield,UTC,mall,2024-08-05,Monday,12,126,88,38,117,80,37,-7.14,Marine Layer,76,No,None,Summer,Very High
FC0002817,SD006,Starbucks - UTC Westfield,UTC,mall,2024-08-05,Monday,13,112,86,26,104,71,33,-7.14,Marine Layer,76,No,None,Summer,Very High
FC0002818,SD006,Starbucks - UTC Westfield,UTC,mall,2024-08-05,Monday,16,72,51,21,64,46,18,-11.11,Marine Layer,76,No,None,Summer,High
FC0002819,SD006,Starbucks - UTC Westfield,UTC,mall,2024-08-05,Monday,17,118,83,35,108,82,26,-8.47,Marine Layer,76,No,None,Summer,Very High
FC0002820,SD006,Starbucks - UTC Westfield,UTC,mall,2024-08-05,Monday,18,98,75,23,103,69,34,5.1,Marine Layer,76,No,None,Summer,Very High
FC0002821,SD006,Starbucks - UTC Westfield,UTC,mall,2024-08-12,Monday,7,102,72,30,105,83,22,2.94,Sunny,84,No,None,Summer,Very High
FC0002822,SD006,Starbucks - UTC Westfield,UTC,mall,2024-08-12,Monday,9,148,103,45,127,90,37,-14.19,Sunny,84,No,None,Summer,Very High
FC0002823,SD006,Starbucks - UTC Westfield,UTC,mall,2024-08-12,Monday,10,84,58,26,79,55,24,-5.95,Sunny,84,No,None,Summer,High
FC0002824,SD006,Starbucks - UTC Westfield,UTC,mall,2024-08-12,Monday,13,78,55,23,73,49,24,-6.41,Sunny,84,No,None,Summer,High
FC0002825,SD006,Starbucks - UTC Westfield,UTC,mall,2024-08-12,Monday,14,93,67,26,88,65,23,-5.38,Sunny,84,No,None,Summer,High
FC0002826,SD006,Starbucks - UTC Westfield,UTC,mall,2024-08-12,Monday,15,63,46,17,55,39,16,-12.7,Sunny,84,No,None,Summer,Moderate
FC0002827,SD006,Starbucks - UTC Westfield,UTC,mall,2024-08-12,Monday,16,99,74,25,98,69,29,-1.01,Sunny,84,No,None,Summer,High
FC0002828,SD006,Starbucks - UTC Westfield,UTC,mall,2024-08-12,Monday,18,92,68,24,83,56,27,-9.78,Sunny,84,No,None,Summer,High
FC0002829,SD006,Starbucks - UTC Westfield,UTC,mall,2024-08-12,Monday,20,43,30,13,42,33,9,-2.33,Sunny,84,No,None,Summer,Moderate
FC0002830,SD006,Starbucks - UTC Westfield,UTC,mall,2024-08-12,Monday,21,18,13,5,19,14,5,5.56,Sunny,84,No,None,Summer,Low
FC0002831,SD006,Starbucks - UTC Westfield,UTC,mall,2024-08-19,Monday,8,101,75,26,103,75,28,1.98,Partly Cloudy,84,No,None,Summer,Very High
FC0002832,SD006,Starbucks - UTC Westfield,UTC,mall,2024-08-19,Monday,9,183,125,58,173,124,49,-5.46,Partly Cloudy,84,No,None,Summer,Very High
FC0002833,SD006,Starbucks - UTC Westfield,UTC,mall,2024-08-19,Monday,10,88,66,22,70,53,17,-20.45,Partly Cloudy,84,No,None,Summer,High
FC0002834,SD006,Starbucks - UTC Westfield,UTC,mall,2024-08-19,Monday,11,107,78,29,101,67,34,-5.61,Partly Cloudy,84,No,None,Summer,Very High
FC0002835,SD006,Starbucks - UTC Westfield,UTC,mall,2024-08-19,Monday,14,136,105,31,153,105,48,12.5,Partly Cloudy,84,No,None,Summer,Very High
FC0002836,SD006,Starbucks - UTC Westfield,UTC,mall,2024-08-19,Monday,15,74,57,17,65,51,14,-12.16,Partly Cloudy,84,No,None,Summer,High
FC0002837,SD006,Starbucks - UTC Westfield,UTC,mall,2024-08-19,Monday,17,110,82,28,100,67,33,-9.09,Partly Cloudy,84,No,None,Summer,Very High
FC0002838,SD006,Starbucks - UTC Westfield,UTC,mall,2024-08-19,Monday,18,55,40,15,55,43,12,0.0,Partly Cloudy,84,No,None,Summer,Moderate
FC0002839,SD006,Starbucks - UTC Westfield,UTC,mall,2024-08-19,Monday,19,55,38,17,54,40,14,-1.82,Partly Cloudy,84,No,None,Summer,Moderate
FC0002840,SD006,Starbucks - UTC Westfield,UTC,mall,2024-08-19,Monday,21,27,18,9,28,22,6,3.7,Partly Cloudy,84,No,None,Summer,Low
FC0002841,SD006,Starbucks - UTC Westfield,UTC,mall,2024-08-26,Monday,6,34,24,10,34,24,10,0.0,Sunny,79,No,None,Summer,Moderate
FC0002842,SD006,Starbucks - UTC Westfield,UTC,mall,2024-08-26,Monday,7,117,89,28,107,75,32,-8.55,Sunny,79,No,None,Summer,Very High
FC0002843,SD006,Starbucks - UTC Westfield,UTC,mall,2024-08-26,Monday,8,219,157,62,222,147,75,1.37,Sunny,79,No,None,Summer,Very High
FC0002844,SD006,Starbucks - UTC Westfield,UTC,mall,2024-08-26,Monday,9,178,129,49,155,119,36,-12.92,Sunny,79,No,None,Summer,Very High
FC0002845,SD006,Starbucks - UTC Westfield,UTC,mall,2024-08-26,Monday,10,148,110,38,134,88,46,-9.46,Sunny,79,No,None,Summer,Very High
FC0002846,SD006,Starbucks - UTC Westfield,UTC,mall,2024-08-26,Monday,11,113,80,33,112,80,32,-0.88,Sunny,79,No,None,Summer,Very High
FC0002847,SD006,Starbucks - UTC Westfield,UTC,mall,2024-08-26,Monday,12,92,70,22,92,69,23,0.0,Sunny,79,No,None,Summer,High
FC0002848,SD006,Starbucks - UTC Westfield,UTC,mall,2024-08-26,Monday,14,105,79,26,108,81,27,2.86,Sunny,79,No,None,Summer,Very High
FC0002849,SD006,Starbucks - UTC Westfield,UTC,mall,2024-08-26,Monday,20,40,27,13,37,25,12,-7.5,Sunny,79,No,None,Summer,Moderate
FC0002850,SD006,Starbucks - UTC Westfield,UTC,mall,2024-08-26,Monday,21,18,13,5,17,13,4,-5.56,Sunny,79,No,None,Summer,Low
FC0002851,SD006,Starbucks - UTC Westfield,UTC,mall,2024-09-02,Monday,6,38,29,9,35,25,10,-7.89,Overcast,73,No,None,Fall,Moderate
FC0002852,SD006,Starbucks - UTC Westfield,UTC,mall,2024-09-02,Monday,8,107,80,27,114,79,35,6.54,Overcast,73,No,None,Fall,Very High
FC0002853,SD006,Starbucks - UTC Westfield,UTC,mall,2024-09-02,Monday,10,123,90,33,121,84,37,-1.63,Overcast,73,No,None,Fall,Very High
FC0002854,SD006,Starbucks - UTC Westfield,UTC,mall,2024-09-02,Monday,11,80,57,23,87,58,29,8.75,Overcast,73,No,None,Fall,High
FC0002855,SD006,Starbucks - UTC Westfield,UTC,mall,2024-09-02,Monday,13,93,68,25,89,60,29,-4.3,Overcast,73,No,None,Fall,High
FC0002856,SD006,Starbucks - UTC Westfield,UTC,mall,2024-09-02,Monday,15,123,87,36,121,95,26,-1.63,Overcast,73,No,None,Fall,Very High
FC0002857,SD006,Starbucks - UTC Westfield,UTC,mall,2024-09-02,Monday,16,127,90,37,108,85,23,-14.96,Overcast,73,No,None,Fall,Very High
FC0002858,SD006,Starbucks - UTC Westfield,UTC,mall,2024-09-02,Monday,17,62,42,20,64,44,20,3.23,Overcast,73,No,None,Fall,High
FC0002859,SD006,Starbucks - UTC Westfield,UTC,mall,2024-09-02,Monday,18,49,37,12,44,30,14,-10.2,Overcast,73,No,None,Fall,Moderate
FC0002860,SD006,Starbucks - UTC Westfield,UTC,mall,2024-09-02,Monday,21,25,18,7,21,14,7,-16.0,Overcast,73,No,None,Fall,Low
FC0002861,SD006,Starbucks - UTC Westfield,UTC,mall,2024-09-09,Monday,6,20,14,6,20,13,7,0.0,Overcast,82,No,None,Fall,Low
FC0002862,SD006,Starbucks - UTC Westfield,UTC,mall,2024-09-09,Monday,7,98,75,23,103,73,30,5.1,Overcast,82,No,None,Fall,Very High
FC0002863,SD006,Starbucks - UTC Westfield,UTC,mall,2024-09-09,Monday,8,197,146,51,180,129,51,-8.63,Overcast,82,No,None,Fall,Very High
FC0002864,SD006,Starbucks - UTC Westfield,UTC,mall,2024-09-09,Monday,11,108,77,31,106,79,27,-1.85,Overcast,82,No,None,Fall,Very High
FC0002865,SD006,Starbucks - UTC Westfield,UTC,mall,2024-09-09,Monday,13,81,56,25,83,57,26,2.47,Overcast,82,No,None,Fall,High
FC0002866,SD006,Starbucks - UTC Westfield,UTC,mall,2024-09-09,Monday,15,117,88,29,117,78,39,0.0,Overcast,82,No,None,Fall,Very High
FC0002867,SD006,Starbucks - UTC Westfield,UTC,mall,2024-09-09,Monday,16,70,50,20,71,47,24,1.43,Overcast,82,No,None,Fall,High
FC0002868,SD006,Starbucks - UTC Westfield,UTC,mall,2024-09-09,Monday,17,83,58,25,85,59,26,2.41,Overcast,82,No,None,Fall,High
FC0002869,SD006,Starbucks - UTC Westfield,UTC,mall,2024-09-09,Monday,18,62,48,14,50,38,12,-19.35,Overcast,82,No,None,Fall,Moderate
FC0002870,SD006,Starbucks - UTC Westfield,UTC,mall,2024-09-09,Monday,19,41,31,10,41,30,11,0.0,Overcast,82,No,None,Fall,Moderate
FC0002871,SD006,Starbucks - UTC Westfield,UTC,mall,2024-09-16,Monday,8,218,166,52,219,163,56,0.46,Sunny,81,No,None,Fall,Very High
FC0002872,SD006,Starbucks - UTC Westfield,UTC,mall,2024-09-16,Monday,9,134,97,37,121,82,39,-9.7,Sunny,81,No,None,Fall,Very High
FC0002873,SD006,Starbucks - UTC Westfield,UTC,mall,2024-09-16,Monday,10,127,97,30,127,95,32,0.0,Sunny,81,No,None,Fall,Very High
FC0002874,SD006,Starbucks - UTC Westfield,UTC,mall,2024-09-16,Monday,11,128,97,31,125,84,41,-2.34,Sunny,81,No,None,Fall,Very High
FC0002875,SD006,Starbucks - UTC Westfield,UTC,mall,2024-09-16,Monday,12,88,65,23,88,61,27,0.0,Sunny,81,No,None,Fall,High
FC0002876,SD006,Starbucks - UTC Westfield,UTC,mall,2024-09-16,Monday,14,79,55,24,66,49,17,-16.46,Sunny,81,No,None,Fall,High
FC0002877,SD006,Starbucks - UTC Westfield,UTC,mall,2024-09-16,Monday,16,90,69,21,82,64,18,-8.89,Sunny,81,No,None,Fall,High
FC0002878,SD006,Starbucks - UTC Westfield,UTC,mall,2024-09-16,Monday,17,114,83,31,112,77,35,-1.75,Sunny,81,No,None,Fall,Very High
FC0002879,SD006,Starbucks - UTC Westfield,UTC,mall,2024-09-16,Monday,18,86,63,23,95,66,29,10.47,Sunny,81,No,None,Fall,High
FC0002880,SD006,Starbucks - UTC Westfield,UTC,mall,2024-09-16,Monday,21,23,17,6,25,18,7,8.7,Sunny,81,No,None,Fall,Low
FC0002881,SD006,Starbucks - UTC Westfield,UTC,mall,2024-09-23,Monday,8,170,131,39,155,115,40,-8.82,Overcast,82,Yes,UCSD Finals Week,Fall,Very High
FC0002882,SD006,Starbucks - UTC Westfield,UTC,mall,2024-09-23,Monday,10,166,122,44,132,99,33,-20.48,Overcast,82,Yes,UCSD Finals Week,Fall,Very High
FC0002883,SD006,Starbucks - UTC Westfield,UTC,mall,2024-09-23,Monday,11,154,113,41,151,114,37,-1.95,Overcast,82,Yes,UCSD Finals Week,Fall,Very High
FC0002884,SD006,Starbucks - UTC Westfield,UTC,mall,2024-09-23,Monday,12,136,102,34,145,107,38,6.62,Overcast,82,Yes,UCSD Finals Week,Fall,Very High
FC0002885,SD006,Starbucks - UTC Westfield,UTC,mall,2024-09-23,Monday,13,157,107,50,173,116,57,10.19,Overcast,82,Yes,UCSD Finals Week,Fall,Very High
FC0002886,SD006,Starbucks - UTC Westfield,UTC,mall,2024-09-23,Monday,16,89,62,27,88,69,19,-1.12,Overcast,82,Yes,UCSD Finals Week,Fall,High
FC0002887,SD006,Starbucks - UTC Westfield,UTC,mall,2024-09-23,Monday,17,101,75,26,101,70,31,0.0,Overcast,82,Yes,UCSD Finals Week,Fall,Very High
FC0002888,SD006,Starbucks - UTC Westfield,UTC,mall,2024-09-23,Monday,18,94,64,30,97,76,21,3.19,Overcast,82,Yes,UCSD Finals Week,Fall,High
FC0002889,SD006,Starbucks - UTC Westfield,UTC,mall,2024-09-23,Monday,19,65,46,19,75,51,24,15.38,Overcast,82,Yes,UCSD Finals Week,Fall,High
FC0002890,SD006,Starbucks - UTC Westfield,UTC,mall,2024-09-23,Monday,21,32,23,9,30,21,9,-6.25,Overcast,82,Yes,UCSD Finals Week,Fall,Moderate
FC0002891,SD006,Starbucks - UTC Westfield,UTC,mall,2024-09-30,Monday,11,75,58,17,74,54,20,-1.33,Sunny,74,No,None,Fall,High
FC0002892,SD006,Starbucks - UTC Westfield,UTC,mall,2024-09-30,Monday,12,92,69,23,80,53,27,-13.04,Sunny,74,No,None,Fall,High
FC0002893,SD006,Starbucks - UTC Westfield,UTC,mall,2024-09-30,Monday,13,117,86,31,112,83,29,-4.27,Sunny,74,No,None,Fall,Very High
FC0002894,SD006,Starbucks - UTC Westfield,UTC,mall,2024-09-30,Monday,14,81,61,20,68,47,21,-16.05,Sunny,74,No,None,Fall,High
FC0002895,SD006,Starbucks - UTC Westfield,UTC,mall,2024-09-30,Monday,16,90,67,23,81,64,17,-10.0,Sunny,74,No,None,Fall,High
FC0002896,SD006,Starbucks - UTC Westfield,UTC,mall,2024-09-30,Monday,17,88,62,26,90,64,26,2.27,Sunny,74,No,None,Fall,High
FC0002897,SD006,Starbucks - UTC Westfield,UTC,mall,2024-09-30,Monday,18,54,38,16,47,32,15,-12.96,Sunny,74,No,None,Fall,Moderate
FC0002898,SD006,Starbucks - UTC Westfield,UTC,mall,2024-09-30,Monday,19,40,28,12,37,29,8,-7.5,Sunny,74,No,None,Fall,Moderate
FC0002899,SD006,Starbucks - UTC Westfield,UTC,mall,2024-09-30,Monday,20,33,23,10,38,27,11,15.15,Sunny,74,No,None,Fall,Moderate
FC0002900,SD006,Starbucks - UTC Westfield,UTC,mall,2024-09-30,Monday,21,20,15,5,18,12,6,-10.0,Sunny,74,No,None,Fall,Low
FC0002901,SD006,Starbucks - UTC Westfield,UTC,mall,2024-10-07,Monday,6,41,30,11,40,27,13,-2.44,Partly Cloudy,70,No,None,Fall,Moderate
FC0002902,SD006,Starbucks - UTC Westfield,UTC,mall,2024-10-07,Monday,7,133,95,38,135,106,29,1.5,Partly Cloudy,70,No,None,Fall,Very High
FC0002903,SD006,Starbucks - UTC Westfield,UTC,mall,2024-10-07,Monday,11,98,69,29,94,64,30,-4.08,Partly Cloudy,70,No,None,Fall,High
FC0002904,SD006,Starbucks - UTC Westfield,UTC,mall,2024-10-07,Monday,12,156,109,47,147,103,44,-5.77,Partly Cloudy,70,No,None,Fall,Very High
FC0002905,SD006,Starbucks - UTC Westfield,UTC,mall,2024-10-07,Monday,13,70,49,21,66,47,19,-5.71,Partly Cloudy,70,No,None,Fall,High
FC0002906,SD006,Starbucks - UTC Westfield,UTC,mall,2024-10-07,Monday,14,63,47,16,63,50,13,0.0,Partly Cloudy,70,No,None,Fall,High
FC0002907,SD006,Starbucks - UTC Westfield,UTC,mall,2024-10-07,Monday,16,135,101,34,129,99,30,-4.44,Partly Cloudy,70,No,None,Fall,Very High
FC0002908,SD006,Starbucks - UTC Westfield,UTC,mall,2024-10-07,Monday,17,58,42,16,54,37,17,-6.9,Partly Cloudy,70,No,None,Fall,Moderate
FC0002909,SD006,Starbucks - UTC Westfield,UTC,mall,2024-10-07,Monday,18,97,66,31,95,63,32,-2.06,Partly Cloudy,70,No,None,Fall,High
FC0002910,SD006,Starbucks - UTC Westfield,UTC,mall,2024-10-07,Monday,21,24,16,8,22,15,7,-8.33,Partly Cloudy,70,No,None,Fall,Low
FC0002911,SD006,Starbucks - UTC Westfield,UTC,mall,2024-10-14,Monday,6,25,18,7,24,16,8,-4.0,Sunny,73,No,None,Fall,Low
FC0002912,SD006,Starbucks - UTC Westfield,UTC,mall,2024-10-14,Monday,7,75,57,18,68,50,18,-9.33,Sunny,73,No,None,Fall,High
FC0002913,SD006,Starbucks - UTC Westfield,UTC,mall,2024-10-14,Monday,9,169,123,46,160,107,53,-5.33,Sunny,73,No,None,Fall,Very High
FC0002914,SD006,Starbucks - UTC Westfield,UTC,mall,2024-10-14,Monday,10,85,63,22,76,55,21,-10.59,Sunny,73,No,None,Fall,High
FC0002915,SD006,Starbucks - UTC Westfield,UTC,mall,2024-10-14,Monday,13,139,97,42,141,99,42,1.44,Sunny,73,No,None,Fall,Very High
FC0002916,SD006,Starbucks - UTC Westfield,UTC,mall,2024-10-14,Monday,15,107,74,33,106,73,33,-0.93,Sunny,73,No,None,Fall,Very High
FC0002917,SD006,Starbucks - UTC Westfield,UTC,mall,2024-10-14,Monday,16,70,54,16,71,52,19,1.43,Sunny,73,No,None,Fall,High
FC0002918,SD006,Starbucks - UTC Westfield,UTC,mall,2024-10-14,Monday,17,75,56,19,81,64,17,8.0,Sunny,73,No,None,Fall,High
FC0002919,SD006,Starbucks - UTC Westfield,UTC,mall,2024-10-14,Monday,18,74,50,24,65,45,20,-12.16,Sunny,73,No,None,Fall,High
FC0002920,SD006,Starbucks - UTC Westfield,UTC,mall,2024-10-14,Monday,20,32,21,11,33,24,9,3.12,Sunny,73,No,None,Fall,Moderate
FC0002921,SD006,Starbucks - UTC Westfield,UTC,mall,2024-10-21,Monday,6,24,17,7,19,13,6,-20.83,Overcast,76,No,None,Fall,Low
FC0002922,SD006,Starbucks - UTC Westfield,UTC,mall,2024-10-21,Monday,11,68,46,22,59,39,20,-13.24,Overcast,76,No,None,Fall,Moderate
FC0002923,SD006,Starbucks - UTC Westfield,UTC,mall,2024-10-21,Monday,12,144,101,43,137,106,31,-4.86,Overcast,76,No,None,Fall,Very High
FC0002924,SD006,Starbucks - UTC Westfield,UTC,mall,2024-10-21,Monday,13,139,98,41,126,90,36,-9.35,Overcast,76,No,None,Fall,Very High
FC0002925,SD006,Starbucks - UTC Westfield,UTC,mall,2024-10-21,Monday,14,104,77,27,97,77,20,-6.73,Overcast,76,No,None,Fall,High
FC0002926,SD006,Starbucks - UTC Westfield,UTC,mall,2024-10-21,Monday,15,87,62,25,87,67,20,0.0,Overcast,76,No,None,Fall,High
FC0002927,SD006,Starbucks - UTC Westfield,UTC,mall,2024-10-21,Monday,16,68,48,20,63,48,15,-7.35,Overcast,76,No,None,Fall,High
FC0002928,SD006,Starbucks - UTC Westfield,UTC,mall,2024-10-21,Monday,17,71,49,22,71,51,20,0.0,Overcast,76,No,None,Fall,High
FC0002929,SD006,Starbucks - UTC Westfield,UTC,mall,2024-10-21,Monday,18,52,37,15,45,31,14,-13.46,Overcast,76,No,None,Fall,Moderate
FC0002930,SD006,Starbucks - UTC Westfield,UTC,mall,2024-10-21,Monday,21,14,10,4,15,11,4,7.14,Overcast,76,No,None,Fall,Low
FC0002931,SD006,Starbucks - UTC Westfield,UTC,mall,2024-10-28,Monday,6,31,22,9,26,20,6,-16.13,Overcast,77,Yes,UCSD Finals Week,Fall,Low
FC0002932,SD006,Starbucks - UTC Westfield,UTC,mall,2024-10-28,Monday,8,256,176,80,244,189,55,-4.69,Overcast,77,Yes,UCSD Finals Week,Fall,Very High
FC0002933,SD006,Starbucks - UTC Westfield,UTC,mall,2024-10-28,Monday,12,197,135,62,216,159,57,9.64,Overcast,77,Yes,UCSD Finals Week,Fall,Very High
FC0002934,SD006,Starbucks - UTC Westfield,UTC,mall,2024-10-28,Monday,14,176,123,53,187,131,56,6.25,Overcast,77,Yes,UCSD Finals Week,Fall,Very High
FC0002935,SD006,Starbucks - UTC Westfield,UTC,mall,2024-10-28,Monday,15,80,57,23,78,61,17,-2.5,Overcast,77,Yes,UCSD Finals Week,Fall,High
FC0002936,SD006,Starbucks - UTC Westfield,UTC,mall,2024-10-28,Monday,17,126,95,31,118,79,39,-6.35,Overcast,77,Yes,UCSD Finals Week,Fall,Very High
FC0002937,SD006,Starbucks - UTC Westfield,UTC,mall,2024-10-28,Monday,18,115,87,28,113,80,33,-1.74,Overcast,77,Yes,UCSD Finals Week,Fall,Very High
FC0002938,SD006,Starbucks - UTC Westfield,UTC,mall,2024-10-28,Monday,19,45,34,11,43,29,14,-4.44,Overcast,77,Yes,UCSD Finals Week,Fall,Moderate
FC0002939,SD006,Starbucks - UTC Westfield,UTC,mall,2024-10-28,Monday,20,42,29,13,42,31,11,0.0,Overcast,77,Yes,UCSD Finals Week,Fall,Moderate
FC0002940,SD006,Starbucks - UTC Westfield,UTC,mall,2024-10-28,Monday,21,16,11,5,14,9,5,-12.5,Overcast,77,Yes,UCSD Finals Week,Fall,Low
FC0002941,SD006,Starbucks - UTC Westfield,UTC,mall,2024-11-04,Monday,6,33,25,8,35,27,8,6.06,Partly Cloudy,68,No,None,Fall,Moderate
FC0002942,SD006,Starbucks - UTC Westfield,UTC,mall,2024-11-04,Monday,9,166,122,44,174,135,39,4.82,Partly Cloudy,68,No,None,Fall,Very High
FC0002943,SD006,Starbucks - UTC Westfield,UTC,mall,2024-11-04,Monday,10,88,67,21,88,69,19,0.0,Partly Cloudy,68,No,None,Fall,High
FC0002944,SD006,Starbucks - UTC Westfield,UTC,mall,2024-11-04,Monday,13,115,85,30,118,90,28,2.61,Partly Cloudy,68,No,None,Fall,Very High
FC0002945,SD006,Starbucks - UTC Westfield,UTC,mall,2024-11-04,Monday,14,71,49,22,69,53,16,-2.82,Partly Cloudy,68,No,None,Fall,High
FC0002946,SD006,Starbucks - UTC Westfield,UTC,mall,2024-11-04,Monday,15,96,69,27,84,59,25,-12.5,Partly Cloudy,68,No,None,Fall,High
FC0002947,SD006,Starbucks - UTC Westfield,UTC,mall,2024-11-04,Monday,18,78,60,18,69,47,22,-11.54,Partly Cloudy,68,No,None,Fall,High
FC0002948,SD006,Starbucks - UTC Westfield,UTC,mall,2024-11-04,Monday,19,44,30,14,43,32,11,-2.27,Partly Cloudy,68,No,None,Fall,Moderate
FC0002949,SD006,Starbucks - UTC Westfield,UTC,mall,2024-11-04,Monday,20,42,32,10,41,29,12,-2.38,Partly Cloudy,68,No,None,Fall,Moderate
FC0002950,SD006,Starbucks - UTC Westfield,UTC,mall,2024-11-04,Monday,21,24,16,8,21,16,5,-12.5,Partly Cloudy,68,No,None,Fall,Low
FC0002951,SD006,Starbucks - UTC Westfield,UTC,mall,2024-11-11,Monday,6,22,16,6,20,15,5,-9.09,Sunny,64,No,None,Fall,Low
FC0002952,SD006,Starbucks - UTC Westfield,UTC,mall,2024-11-11,Monday,11,107,75,32,102,69,33,-4.67,Sunny,64,No,None,Fall,Very High
FC0002953,SD006,Starbucks - UTC Westfield,UTC,mall,2024-11-11,Monday,12,90,62,28,89,70,19,-1.11,Sunny,64,No,None,Fall,High
FC0002954,SD006,Starbucks - UTC Westfield,UTC,mall,2024-11-11,Monday,13,119,90,29,141,107,34,18.49,Sunny,64,No,None,Fall,Very High
FC0002955,SD006,Starbucks - UTC Westfield,UTC,mall,2024-11-11,Monday,15,71,48,23,77,55,22,8.45,Sunny,64,No,None,Fall,High
FC0002956,SD006,Starbucks - UTC Westfield,UTC,mall,2024-11-11,Monday,17,77,55,22,72,55,17,-6.49,Sunny,64,No,None,Fall,High
FC0002957,SD006,Starbucks - UTC Westfield,UTC,mall,2024-11-11,Monday,18,68,50,18,81,59,22,19.12,Sunny,64,No,None,Fall,High
FC0002958,SD006,Starbucks - UTC Westfield,UTC,mall,2024-11-11,Monday,19,42,31,11,45,35,10,7.14,Sunny,64,No,None,Fall,Moderate
FC0002959,SD006,Starbucks - UTC Westfield,UTC,mall,2024-11-11,Monday,20,40,29,11,43,31,12,7.5,Sunny,64,No,None,Fall,Moderate
FC0002960,SD006,Starbucks - UTC Westfield,UTC,mall,2024-11-11,Monday,21,26,18,8,25,19,6,-3.85,Sunny,64,No,None,Fall,Low
FC0002961,SD006,Starbucks - UTC Westfield,UTC,mall,2024-11-18,Monday,7,132,98,34,118,79,39,-10.61,Marine Layer,66,No,None,Fall,Very High
FC0002962,SD006,Starbucks - UTC Westfield,UTC,mall,2024-11-18,Monday,8,214,159,55,221,148,73,3.27,Marine Layer,66,No,None,Fall,Very High
FC0002963,SD006,Starbucks - UTC Westfield,UTC,mall,2024-11-18,Monday,9,182,138,44,192,146,46,5.49,Marine Layer,66,No,None,Fall,Very High
FC0002964,SD006,Starbucks - UTC Westfield,UTC,mall,2024-11-18,Monday,10,130,93,37,132,103,29,1.54,Marine Layer,66,No,None,Fall,Very High
FC0002965,SD006,Starbucks - UTC Westfield,UTC,mall,2024-11-18,Monday,11,104,80,24,117,86,31,12.5,Marine Layer,66,No,None,Fall,Very High
FC0002966,SD006,Starbucks - UTC Westfield,UTC,mall,2024-11-18,Monday,13,92,67,25,93,62,31,1.09,Marine Layer,66,No,None,Fall,High
FC0002967,SD006,Starbucks - UTC Westfield,UTC,mall,2024-11-18,Monday,14,117,83,34,129,103,26,10.26,Marine Layer,66,No,None,Fall,Very High
FC0002968,SD006,Starbucks - UTC Westfield,UTC,mall,2024-11-18,Monday,16,83,63,20,96,63,33,15.66,Marine Layer,66,No,None,Fall,High
FC0002969,SD006,Starbucks - UTC Westfield,UTC,mall,2024-11-18,Monday,19,42,30,12,41,31,10,-2.38,Marine Layer,66,No,None,Fall,Moderate
FC0002970,SD006,Starbucks - UTC Westfield,UTC,mall,2024-11-18,Monday,21,24,17,7,21,14,7,-12.5,Marine Layer,66,No,None,Fall,Low
FC0002971,SD006,Starbucks - UTC Westfield,UTC,mall,2024-11-25,Monday,6,35,23,12,31,23,8,-11.43,Partly Cloudy,69,No,None,Fall,Moderate
FC0002972,SD006,Starbucks - UTC Westfield,UTC,mall,2024-11-25,Monday,8,132,91,41,113,77,36,-14.39,Partly Cloudy,69,No,None,Fall,Very High
FC0002973,SD006,Starbucks - UTC Westfield,UTC,mall,2024-11-25,Monday,9,96,70,26,102,78,24,6.25,Partly Cloudy,69,No,None,Fall,Very High
FC0002974,SD006,Starbucks - UTC Westfield,UTC,mall,2024-11-25,Monday,11,104,80,24,121,88,33,16.35,Partly Cloudy,69,No,None,Fall,Very High
FC0002975,SD006,Starbucks - UTC Westfield,UTC,mall,2024-11-25,Monday,12,111,79,32,122,97,25,9.91,Partly Cloudy,69,No,None,Fall,Very High
FC0002976,SD006,Starbucks - UTC Westfield,UTC,mall,2024-11-25,Monday,16,96,69,27,86,60,26,-10.42,Partly Cloudy,69,No,None,Fall,High
FC0002977,SD006,Starbucks - UTC Westfield,UTC,mall,2024-11-25,Monday,18,59,43,16,65,51,14,10.17,Partly Cloudy,69,No,None,Fall,High
FC0002978,SD006,Starbucks - UTC Westfield,UTC,mall,2024-11-25,Monday,19,58,44,14,61,48,13,5.17,Partly Cloudy,69,No,None,Fall,High
FC0002979,SD006,Starbucks - UTC Westfield,UTC,mall,2024-11-25,Monday,20,28,19,9,26,19,7,-7.14,Partly Cloudy,69,No,None,Fall,Low
FC0002980,SD006,Starbucks - UTC Westfield,UTC,mall,2024-11-25,Monday,21,27,20,7,27,18,9,0.0,Partly Cloudy,69,No,None,Fall,Low
FC0002981,SD006,Starbucks - UTC Westfield,UTC,mall,2024-12-02,Monday,9,129,92,37,139,99,40,7.75,Marine Layer,61,No,None,Winter,Very High
FC0002982,SD006,Starbucks - UTC Westfield,UTC,mall,2024-12-02,Monday,10,153,113,40,138,101,37,-9.8,Marine Layer,61,No,None,Winter,Very High
FC0002983,SD006,Starbucks - UTC Westfield,UTC,mall,2024-12-02,Monday,11,89,62,27,85,59,26,-4.49,Marine Layer,61,No,None,Winter,High
FC0002984,SD006,Starbucks - UTC Westfield,UTC,mall,2024-12-02,Monday,13,117,86,31,108,82,26,-7.69,Marine Layer,61,No,None,Winter,Very High
FC0002985,SD006,Starbucks - UTC Westfield,UTC,mall,2024-12-02,Monday,14,105,73,32,105,83,22,0.0,Marine Layer,61,No,None,Winter,Very High
FC0002986,SD006,Starbucks - UTC Westfield,UTC,mall,2024-12-02,Monday,15,74,51,23,68,46,22,-8.11,Marine Layer,61,No,None,Winter,High
FC0002987,SD006,Starbucks - UTC Westfield,UTC,mall,2024-12-02,Monday,16,127,92,35,124,84,40,-2.36,Marine Layer,61,No,None,Winter,Very High
FC0002988,SD006,Starbucks - UTC Westfield,UTC,mall,2024-12-02,Monday,17,108,75,33,91,62,29,-15.74,Marine Layer,61,No,None,Winter,High
FC0002989,SD006,Starbucks - UTC Westfield,UTC,mall,2024-12-02,Monday,19,48,35,13,51,34,17,6.25,Marine Layer,61,No,None,Winter,Moderate
FC0002990,SD006,Starbucks - UTC Westfield,UTC,mall,2024-12-02,Monday,21,25,18,7,27,21,6,8.0,Marine Layer,61,No,None,Winter,Low
FC0002991,SD006,Starbucks - UTC Westfield,UTC,mall,2024-12-09,Monday,6,22,17,5,23,16,7,4.55,Overcast,59,No,None,Winter,Low
FC0002992,SD006,Starbucks - UTC Westfield,UTC,mall,2024-12-09,Monday,8,147,106,41,170,135,35,15.65,Overcast,59,No,None,Winter,Very High
FC0002993,SD006,Starbucks - UTC Westfield,UTC,mall,2024-12-09,Monday,9,94,64,30,87,61,26,-7.45,Overcast,59,No,None,Winter,High
FC0002994,SD006,Starbucks - UTC Westfield,UTC,mall,2024-12-09,Monday,10,152,103,49,157,107,50,3.29,Overcast,59,No,None,Winter,Very High
FC0002995,SD006,Starbucks - UTC Westfield,UTC,mall,2024-12-09,Monday,11,111,81,30,124,97,27,11.71,Overcast,59,No,None,Winter,Very High
FC0002996,SD006,Starbucks - UTC Westfield,UTC,mall,2024-12-09,Monday,12,80,59,21,89,66,23,11.25,Overcast,59,No,None,Winter,High
FC0002997,SD006,Starbucks - UTC Westfield,UTC,mall,2024-12-09,Monday,14,122,89,33,130,92,38,6.56,Overcast,59,No,None,Winter,Very High
FC0002998,SD006,Starbucks - UTC Westfield,UTC,mall,2024-12-09,Monday,15,88,67,21,84,57,27,-4.55,Overcast,59,No,None,Winter,High
FC0002999,SD006,Starbucks - UTC Westfield,UTC,mall,2024-12-09,Monday,20,28,20,8,24,17,7,-14.29,Overcast,59,No,None,Winter,Low
FC0003000,SD006,Starbucks - UTC Westfield,UTC,mall,2024-12-09,Monday,21,27,19,8,26,17,9,-3.7,Overcast,59,No,None,Winter,Low
FC0003001,SD007,Starbucks - Hillcrest,Hillcrest,suburban,2024-01-01,Monday,6,38,28,10,34,25,9,-10.53,Sunny,66,No,None,Winter,Moderate
FC0003002,SD007,Starbucks - Hillcrest,Hillcrest,suburban,2024-01-01,Monday,7,115,78,37,111,79,32,-3.48,Sunny,66,No,None,Winter,Very High
FC0003003,SD007,Starbucks - Hillcrest,Hillcrest,suburban,2024-01-01,Monday,9,143,107,36,155,122,33,8.39,Sunny,66,No,None,Winter,Very High
FC0003004,SD007,Starbucks - Hillcrest,Hillcrest,suburban,2024-01-01,Monday,11,86,59,27,79,60,19,-8.14,Sunny,66,No,None,Winter,High
FC0003005,SD007,Starbucks - Hillcrest,Hillcrest,suburban,2024-01-01,Monday,12,89,67,22,95,63,32,6.74,Sunny,66,No,None,Winter,High
FC0003006,SD007,Starbucks - Hillcrest,Hillcrest,suburban,2024-01-01,Monday,14,118,86,32,119,80,39,0.85,Sunny,66,No,None,Winter,Very High
FC0003007,SD007,Starbucks - Hillcrest,Hillcrest,suburban,2024-01-01,Monday,17,90,66,24,90,65,25,0.0,Sunny,66,No,None,Winter,High
FC0003008,SD007,Starbucks - Hillcrest,Hillcrest,suburban,2024-01-01,Monday,18,85,65,20,82,64,18,-3.53,Sunny,66,No,None,Winter,High
FC0003009,SD007,Starbucks - Hillcrest,Hillcrest,suburban,2024-01-01,Monday,20,36,25,11,35,25,10,-2.78,Sunny,66,No,None,Winter,Moderate
FC0003010,SD007,Starbucks - Hillcrest,Hillcrest,suburban,2024-01-01,Monday,21,17,12,5,16,12,4,-5.88,Sunny,66,No,None,Winter,Low
FC0003011,SD007,Starbucks - Hillcrest,Hillcrest,suburban,2024-01-08,Monday,6,34,23,11,31,23,8,-8.82,Sunny,61,No,None,Winter,Moderate
FC0003012,SD007,Starbucks - Hillcrest,Hillcrest,suburban,2024-01-08,Monday,7,96,71,25,92,65,27,-4.17,Sunny,61,No,None,Winter,High
FC0003013,SD007,Starbucks - Hillcrest,Hillcrest,suburban,2024-01-08,Monday,8,148,101,47,155,109,46,4.73,Sunny,61,No,None,Winter,Very High
FC0003014,SD007,Starbucks - Hillcrest,Hillcrest,suburban,2024-01-08,Monday,10,92,67,25,84,62,22,-8.7,Sunny,61,No,None,Winter,High
FC0003015,SD007,Starbucks - Hillcrest,Hillcrest,suburban,2024-01-08,Monday,11,82,57,25,81,63,18,-1.22,Sunny,61,No,None,Winter,High
FC0003016,SD007,Starbucks - Hillcrest,Hillcrest,suburban,2024-01-08,Monday,12,117,83,34,124,84,40,5.98,Sunny,61,No,None,Winter,Very High
FC0003017,SD007,Starbucks - Hillcrest,Hillcrest,suburban,2024-01-08,Monday,15,108,83,25,118,89,29,9.26,Sunny,61,No,None,Winter,Very High
FC0003018,SD007,Starbucks - Hillcrest,Hillcrest,suburban,2024-01-08,Monday,16,76,58,18,79,61,18,3.95,Sunny,61,No,None,Winter,High
FC0003019,SD007,Starbucks - Hillcrest,Hillcrest,suburban,2024-01-08,Monday,18,91,69,22,90,71,19,-1.1,Sunny,61,No,None,Winter,High
FC0003020,SD007,Starbucks - Hillcrest,Hillcrest,suburban,2024-01-08,Monday,21,20,14,6,20,13,7,0.0,Sunny,61,No,None,Winter,Low
FC0003021,SD007,Starbucks - Hillcrest,Hillcrest,suburban,2024-01-15,Monday,9,237,174,63,216,158,58,-8.86,Partly Cloudy,60,Yes,Farmers Market,Winter,Very High
FC0003022,SD007,Starbucks - Hillcrest,Hillcrest,suburban,2024-01-15,Monday,10,170,119,51,189,135,54,11.18,Partly Cloudy,60,Yes,Farmers Market,Winter,Very High
FC0003023,SD007,Starbucks - Hillcrest,Hillcrest,suburban,2024-01-15,Monday,11,141,99,42,128,93,35,-9.22,Partly Cloudy,60,Yes,Farmers Market,Winter,Very High
FC0003024,SD007,Starbucks - Hillcrest,Hillcrest,suburban,2024-01-15,Monday,12,184,142,42,181,136,45,-1.63,Partly Cloudy,60,Yes,Farmers Market,Winter,Very High
FC0003025,SD007,Starbucks - Hillcrest,Hillcrest,suburban,2024-01-15,Monday,14,169,131,38,161,107,54,-4.73,Partly Cloudy,60,Yes,Farmers Market,Winter,Very High
FC0003026,SD007,Starbucks - Hillcrest,Hillcrest,suburban,2024-01-15,Monday,15,84,62,22,79,59,20,-5.95,Partly Cloudy,60,Yes,Farmers Market,Winter,High
FC0003027,SD007,Starbucks - Hillcrest,Hillcrest,suburban,2024-01-15,Monday,18,74,53,21,63,45,18,-14.86,Partly Cloudy,60,Yes,Farmers Market,Winter,High
FC0003028,SD007,Starbucks - Hillcrest,Hillcrest,suburban,2024-01-15,Monday,19,83,62,21,93,71,22,12.05,Partly Cloudy,60,Yes,Farmers Market,Winter,High
FC0003029,SD007,Starbucks - Hillcrest,Hillcrest,suburban,2024-01-15,Monday,20,45,33,12,39,28,11,-13.33,Partly Cloudy,60,Yes,Farmers Market,Winter,Moderate
FC0003030,SD007,Starbucks - Hillcrest,Hillcrest,suburban,2024-01-15,Monday,21,22,16,6,22,15,7,0.0,Partly Cloudy,60,Yes,Farmers Market,Winter,Low
FC0003031,SD007,Starbucks - Hillcrest,Hillcrest,suburban,2024-01-22,Monday,6,43,30,13,42,33,9,-2.33,Overcast,62,No,None,Winter,Moderate
FC0003032,SD007,Starbucks - Hillcrest,Hillcrest,suburban,2024-01-22,Monday,7,68,47,21,61,43,18,-10.29,Overcast,62,No,None,Winter,High
FC0003033,SD007,Starbucks - Hillcrest,Hillcrest,suburban,2024-01-22,Monday,9,89,65,24,93,68,25,4.49,Overcast,62,No,None,Winter,High
FC0003034,SD007,Starbucks - Hillcrest,Hillcrest,suburban,2024-01-22,Monday,10,91,70,21,79,60,19,-13.19,Overcast,62,No,None,Winter,High
FC0003035,SD007,Starbucks - Hillcrest,Hillcrest,suburban,2024-01-22,Monday,11,110,78,32,103,70,33,-6.36,Overcast,62,No,None,Winter,Very High
FC0003036,SD007,Starbucks - Hillcrest,Hillcrest,suburban,2024-01-22,Monday,12,112,84,28,99,69,30,-11.61,Overcast,62,No,None,Winter,High
FC0003037,SD007,Starbucks - Hillcrest,Hillcrest,suburban,2024-01-22,Monday,14,106,81,25,96,70,26,-9.43,Overcast,62,No,None,Winter,High
FC0003038,SD007,Starbucks - Hillcrest,Hillcrest,suburban,2024-01-22,Monday,19,31,23,8,30,22,8,-3.23,Overcast,62,No,None,Winter,Moderate
FC0003039,SD007,Starbucks - Hillcrest,Hillcrest,suburban,2024-01-22,Monday,20,37,28,9,32,21,11,-13.51,Overcast,62,No,None,Winter,Moderate
FC0003040,SD007,Starbucks - Hillcrest,Hillcrest,suburban,2024-01-22,Monday,21,12,8,4,12,9,3,0.0,Overcast,62,No,None,Winter,Low
FC0003041,SD007,Starbucks - Hillcrest,Hillcrest,suburban,2024-01-29,Monday,7,114,82,32,104,71,33,-8.77,Partly Cloudy,58,No,None,Winter,Very High
FC0003042,SD007,Starbucks - Hillcrest,Hillcrest,suburban,2024-01-29,Monday,8,116,86,30,112,76,36,-3.45,Partly Cloudy,58,No,None,Winter,Very High
FC0003043,SD007,Starbucks - Hillcrest,Hillcrest,suburban,2024-01-29,Monday,9,103,75,28,103,76,27,0.0,Partly Cloudy,58,No,None,Winter,Very High
FC0003044,SD007,Starbucks - Hillcrest,Hillcrest,suburban,2024-01-29,Monday,13,148,108,40,137,105,32,-7.43,Partly Cloudy,58,No,None,Winter,Very High
FC0003045,SD007,Starbucks - Hillcrest,Hillcrest,suburban,2024-01-29,Monday,14,85,65,20,67,49,18,-21.18,Partly Cloudy,58,No,None,Winter,High
FC0003046,SD007,Starbucks - Hillcrest,Hillcrest,suburban,2024-01-29,Monday,15,92,69,23,102,72,30,10.87,Partly Cloudy,58,No,None,Winter,Very High
FC0003047,SD007,Starbucks - Hillcrest,Hillcrest,suburban,2024-01-29,Monday,16,115,80,35,115,80,35,0.0,Partly Cloudy,58,No,None,Winter,Very High
FC0003048,SD007,Starbucks - Hillcrest,Hillcrest,suburban,2024-01-29,Monday,17,95,66,29,100,77,23,5.26,Partly Cloudy,58,No,None,Winter,Very High
FC0003049,SD007,Starbucks - Hillcrest,Hillcrest,suburban,2024-01-29,Monday,18,80,55,25,79,61,18,-1.25,Partly Cloudy,58,No,None,Winter,High
FC0003050,SD007,Starbucks - Hillcrest,Hillcrest,suburban,2024-01-29,Monday,20,24,17,7,21,14,7,-12.5,Partly Cloudy,58,No,None,Winter,Low
FC0003051,SD007,Starbucks - Hillcrest,Hillcrest,suburban,2024-02-05,Monday,7,71,48,23,61,44,17,-14.08,Marine Layer,64,No,None,Winter,High
FC0003052,SD007,Starbucks - Hillcrest,Hillcrest,suburban,2024-02-05,Monday,8,150,111,39,142,103,39,-5.33,Marine Layer,64,No,None,Winter,Very High
FC0003053,SD007,Starbucks - Hillcrest,Hillcrest,suburban,2024-02-05,Monday,9,87,61,26,79,63,16,-9.2,Marine Layer,64,No,None,Winter,High
FC0003054,SD007,Starbucks - Hillcrest,Hillcrest,suburban,2024-02-05,Monday,12,144,105,39,127,87,40,-11.81,Marine Layer,64,No,None,Winter,Very High
FC0003055,SD007,Starbucks - Hillcrest,Hillcrest,suburban,2024-02-05,Monday,14,77,57,20,78,53,25,1.3,Marine Layer,64,No,None,Winter,High
FC0003056,SD007,Starbucks - Hillcrest,Hillcrest,suburban,2024-02-05,Monday,15,69,53,16,57,40,17,-17.39,Marine Layer,64,No,None,Winter,Moderate
FC0003057,SD007,Starbucks - Hillcrest,Hillcrest,suburban,2024-02-05,Monday,17,70,53,17,68,46,22,-2.86,Marine Layer,64,No,None,Winter,High
FC0003058,SD007,Starbucks - Hillcrest,Hillcrest,suburban,2024-02-05,Monday,19,38,28,10,37,26,11,-2.63,Marine Layer,64,No,None,Winter,Moderate
FC0003059,SD007,Starbucks - Hillcrest,Hillcrest,suburban,2024-02-05,Monday,20,27,19,8,24,16,8,-11.11,Marine Layer,64,No,None,Winter,Low
FC0003060,SD007,Starbucks - Hillcrest,Hillcrest,suburban,2024-02-05,Monday,21,24,18,6,21,14,7,-12.5,Marine Layer,64,No,None,Winter,Low
FC0003061,SD007,Starbucks - Hillcrest,Hillcrest,suburban,2024-02-12,Monday,6,42,29,13,36,27,9,-14.29,Partly Cloudy,65,No,None,Winter,Moderate
FC0003062,SD007,Starbucks - Hillcrest,Hillcrest,suburban,2024-02-12,Monday,7,83,57,26,80,56,24,-3.61,Partly Cloudy,65,No,None,Winter,High
FC0003063,SD007,Starbucks - Hillcrest,Hillcrest,suburban,2024-02-12,Monday,9,114,79,35,104,81,23,-8.77,Partly Cloudy,65,No,None,Winter,Very High
FC0003064,SD007,Starbucks - Hillcrest,Hillcrest,suburban,2024-02-12,Monday,11,66,48,18,63,49,14,-4.55,Partly Cloudy,65,No,None,Winter,High
FC0003065,SD007,Starbucks - Hillcrest,Hillcrest,suburban,2024-02-12,Monday,13,147,105,42,139,107,32,-5.44,Partly Cloudy,65,No,None,Winter,Very High
FC0003066,SD007,Starbucks - Hillcrest,Hillcrest,suburban,2024-02-12,Monday,14,123,89,34,119,83,36,-3.25,Partly Cloudy,65,No,None,Winter,Very High
FC0003067,SD007,Starbucks - Hillcrest,Hillcrest,suburban,2024-02-12,Monday,16,135,98,37,143,107,36,5.93,Partly Cloudy,65,No,None,Winter,Very High
FC0003068,SD007,Starbucks - Hillcrest,Hillcrest,suburban,2024-02-12,Monday,17,97,69,28,86,65,21,-11.34,Partly Cloudy,65,No,None,Winter,High
FC0003069,SD007,Starbucks - Hillcrest,Hillcrest,suburban,2024-02-12,Monday,18,92,71,21,83,58,25,-9.78,Partly Cloudy,65,No,None,Winter,High
FC0003070,SD007,Starbucks - Hillcrest,Hillcrest,suburban,2024-02-12,Monday,20,20,15,5,20,13,7,0.0,Partly Cloudy,65,No,None,Winter,Low
FC0003071,SD007,Starbucks - Hillcrest,Hillcrest,suburban,2024-02-19,Monday,6,37,25,12,37,25,12,0.0,Marine Layer,68,No,None,Winter,Moderate
FC0003072,SD007,Starbucks - Hillcrest,Hillcrest,suburban,2024-02-19,Monday,9,150,104,46,156,117,39,4.0,Marine Layer,68,No,None,Winter,Very High
FC0003073,SD007,Starbucks - Hillcrest,Hillcrest,suburban,2024-02-19,Monday,10,71,48,23,69,49,20,-2.82,Marine Layer,68,No,None,Winter,High
FC0003074,SD007,Starbucks - Hillcrest,Hillcrest,suburban,2024-02-19,Monday,12,122,84,38,107,72,35,-12.3,Marine Layer,68,No,None,Winter,Very High
FC0003075,SD007,Starbucks - Hillcrest,Hillcrest,suburban,2024-02-19,Monday,13,76,53,23,73,52,21,-3.95,Marine Layer,68,No,None,Winter,High
FC0003076,SD007,Starbucks - Hillcrest,Hillcrest,suburban,2024-02-19,Monday,15,118,87,31,126,89,37,6.78,Marine Layer,68,No,None,Winter,Very High
FC0003077,SD007,Starbucks - Hillcrest,Hillcrest,suburban,2024-02-19,Monday,16,119,87,32,114,76,38,-4.2,Marine Layer,68,No,None,Winter,Very High
FC0003078,SD007,Starbucks - Hillcrest,Hillcrest,suburban,2024-02-19,Monday,19,59,41,18,56,39,17,-5.08,Marine Layer,68,No,None,Winter,Moderate
FC0003079,SD007,Starbucks - Hillcrest,Hillcrest,suburban,2024-02-19,Monday,20,30,22,8,27,19,8,-10.0,Marine Layer,68,No,None,Winter,Low
FC0003080,SD007,Starbucks - Hillcrest,Hillcrest,suburban,2024-02-19,Monday,21,23,17,6,25,17,8,8.7,Marine Layer,68,No,None,Winter,Low
FC0003081,SD007,Starbucks - Hillcrest,Hillcrest,suburban,2024-02-26,Monday,6,31,21,10,28,20,8,-9.68,Marine Layer,66,No,None,Winter,Low
FC0003082,SD007,Starbucks - Hillcrest,Hillcrest,suburban,2024-02-26,Monday,7,87,64,23,74,55,19,-14.94,Marine Layer,66,No,None,Winter,High
FC0003083,SD007,Starbucks - Hillcrest,Hillcrest,suburban,2024-02-26,Monday,8,160,119,41,163,128,35,1.88,Marine Layer,66,No,None,Winter,Very High
FC0003084,SD007,Starbucks - Hillcrest,Hillcrest,suburban,2024-02-26,Monday,9,150,107,43,149,118,31,-0.67,Marine Layer,66,No,None,Winter,Very High
FC0003085,SD007,Starbucks - Hillcrest,Hillcrest,suburban,2024-02-26,Monday,11,92,69,23,89,65,24,-3.26,Marine Layer,66,No,None,Winter,High
FC0003086,SD007,Starbucks - Hillcrest,Hillcrest,suburban,2024-02-26,Monday,12,83,62,21,85,64,21,2.41,Marine Layer,66,No,None,Winter,High
FC0003087,SD007,Starbucks - Hillcrest,Hillcrest,suburban,2024-02-26,Monday,13,80,54,26,89,65,24,11.25,Marine Layer,66,No,None,Winter,High
FC0003088,SD007,Starbucks - Hillcrest,Hillcrest,suburban,2024-02-26,Monday,15,96,71,25,100,76,24,4.17,Marine Layer,66,No,None,Winter,Very High
FC0003089,SD007,Starbucks - Hillcrest,Hillcrest,suburban,2024-02-26,Monday,19,47,35,12,42,32,10,-10.64,Marine Layer,66,No,None,Winter,Moderate
FC0003090,SD007,Starbucks - Hillcrest,Hillcrest,suburban,2024-02-26,Monday,20,26,18,8,22,15,7,-15.38,Marine Layer,66,No,None,Winter,Low
FC0003091,SD007,Starbucks - Hillcrest,Hillcrest,suburban,2024-03-04,Monday,6,40,27,13,43,33,10,7.5,Overcast,68,No,None,Spring,Moderate
FC0003092,SD007,Starbucks - Hillcrest,Hillcrest,suburban,2024-03-04,Monday,7,103,76,27,115,88,27,11.65,Overcast,68,No,None,Spring,Very High
FC0003093,SD007,Starbucks - Hillcrest,Hillcrest,suburban,2024-03-04,Monday,10,130,97,33,126,100,26,-3.08,Overcast,68,No,None,Spring,Very High
FC0003094,SD007,Starbucks - Hillcrest,Hillcrest,suburban,2024-03-04,Monday,12,137,97,40,131,101,30,-4.38,Overcast,68,No,None,Spring,Very High
FC0003095,SD007,Starbucks - Hillcrest,Hillcrest,suburban,2024-03-04,Monday,13,139,97,42,147,105,42,5.76,Overcast,68,No,None,Spring,Very High
FC0003096,SD007,Starbucks - Hillcrest,Hillcrest,suburban,2024-03-04,Monday,17,66,49,17,59,44,15,-10.61,Overcast,68,No,None,Spring,Moderate
FC0003097,SD007,Starbucks - Hillcrest,Hillcrest,suburban,2024-03-04,Monday,18,85,64,21,87,61,26,2.35,Overcast,68,No,None,Spring,High
FC0003098,SD007,Starbucks - Hillcrest,Hillcrest,suburban,2024-03-04,Monday,19,48,37,11,47,31,16,-2.08,Overcast,68,No,None,Spring,Moderate
FC0003099,SD007,Starbucks - Hillcrest,Hillcrest,suburban,2024-03-04,Monday,20,28,19,9,28,22,6,0.0,Overcast,68,No,None,Spring,Low
FC0003100,SD007,Starbucks - Hillcrest,Hillcrest,suburban,2024-03-04,Monday,21,25,19,6,25,16,9,0.0,Overcast,68,No,None,Spring,Low
FC0003101,SD007,Starbucks - Hillcrest,Hillcrest,suburban,2024-03-11,Monday,7,87,65,22,97,76,21,11.49,Sunny,63,No,None,Spring,High
FC0003102,SD007,Starbucks - Hillcrest,Hillcrest,suburban,2024-03-11,Monday,8,175,135,40,190,138,52,8.57,Sunny,63,No,None,Spring,Very High
FC0003103,SD007,Starbucks - Hillcrest,Hillcrest,suburban,2024-03-11,Monday,10,140,102,38,130,86,44,-7.14,Sunny,63,No,None,Spring,Very High
FC0003104,SD007,Starbucks - Hillcrest,Hillcrest,suburban,2024-03-11,Monday,12,139,94,45,146,104,42,5.04,Sunny,63,No,None,Spring,Very High
FC0003105,SD007,Starbucks - Hillcrest,Hillcrest,suburban,2024-03-11,Monday,13,121,83,38,115,80,35,-4.96,Sunny,63,No,None,Spring,Very High
FC0003106,SD007,Starbucks - Hillcrest,Hillcrest,suburban,2024-03-11,Monday,14,109,78,31,113,87,26,3.67,Sunny,63,No,None,Spring,Very High
FC0003107,SD007,Starbucks - Hillcrest,Hillcrest,suburban,2024-03-11,Monday,15,119,85,34,138,105,33,15.97,Sunny,63,No,None,Spring,Very High
FC0003108,SD007,Starbucks - Hillcrest,Hillcrest,suburban,2024-03-11,Monday,16,109,74,35,109,75,34,0.0,Sunny,63,No,None,Spring,Very High
FC0003109,SD007,Starbucks - Hillcrest,Hillcrest,suburban,2024-03-11,Monday,17,97,69,28,100,77,23,3.09,Sunny,63,No,None,Spring,Very High
FC0003110,SD007,Starbucks - Hillcrest,Hillcrest,suburban,2024-03-11,Monday,21,18,13,5,17,13,4,-5.56,Sunny,63,No,None,Spring,Low
FC0003111,SD007,Starbucks - Hillcrest,Hillcrest,suburban,2024-03-18,Monday,7,71,50,21,76,52,24,7.04,Sunny,63,No,None,Spring,High
FC0003112,SD007,Starbucks - Hillcrest,Hillcrest,suburban,2024-03-18,Monday,8,149,115,34,139,98,41,-6.71,Sunny,63,No,None,Spring,Very High
FC0003113,SD007,Starbucks - Hillcrest,Hillcrest,suburban,2024-03-18,Monday,9,91,68,23,78,61,17,-14.29,Sunny,63,No,None,Spring,High
FC0003114,SD007,Starbucks - Hillcrest,Hillcrest,suburban,2024-03-18,Monday,10,81,57,24,82,61,21,1.23,Sunny,63,No,None,Spring,High
FC0003115,SD007,Starbucks - Hillcrest,Hillcrest,suburban,2024-03-18,Monday,11,84,63,21,84,64,20,0.0,Sunny,63,No,None,Spring,High
FC0003116,SD007,Starbucks - Hillcrest,Hillcrest,suburban,2024-03-18,Monday,12,95,65,30,82,54,28,-13.68,Sunny,63,No,None,Spring,High
FC0003117,SD007,Starbucks - Hillcrest,Hillcrest,suburban,2024-03-18,Monday,13,77,53,24,74,57,17,-3.9,Sunny,63,No,None,Spring,High
FC0003118,SD007,Starbucks - Hillcrest,Hillcrest,suburban,2024-03-18,Monday,14,95,65,30,98,68,30,3.16,Sunny,63,No,None,Spring,High
FC0003119,SD007,Starbucks - Hillcrest,Hillcrest,suburban,2024-03-18,Monday,16,118,90,28,119,83,36,0.85,Sunny,63,No,None,Spring,Very High
FC0003120,SD007,Starbucks - Hillcrest,Hillcrest,suburban,2024-03-18,Monday,21,24,18,6,27,20,7,12.5,Sunny,63,No,None,Spring,Low
FC0003121,SD007,Starbucks - Hillcrest,Hillcrest,suburban,2024-03-25,Monday,7,101,74,27,96,64,32,-4.95,Overcast,68,No,None,Spring,High
FC0003122,SD007,Starbucks - Hillcrest,Hillcrest,suburban,2024-03-25,Monday,10,105,79,26,92,67,25,-12.38,Overcast,68,No,None,Spring,High
FC0003123,SD007,Starbucks - Hillcrest,Hillcrest,suburban,2024-03-25,Monday,11,98,66,32,106,73,33,8.16,Overcast,68,No,None,Spring,Very High
FC0003124,SD007,Starbucks - Hillcrest,Hillcrest,suburban,2024-03-25,Monday,12,109,80,29,103,77,26,-5.5,Overcast,68,No,None,Spring,Very High
FC0003125,SD007,Starbucks - Hillcrest,Hillcrest,suburban,2024-03-25,Monday,13,128,98,30,136,94,42,6.25,Overcast,68,No,None,Spring,Very High
FC0003126,SD007,Starbucks - Hillcrest,Hillcrest,suburban,2024-03-25,Monday,14,111,77,34,94,66,28,-15.32,Overcast,68,No,None,Spring,High
FC0003127,SD007,Starbucks - Hillcrest,Hillcrest,suburban,2024-03-25,Monday,16,66,50,16,64,48,16,-3.03,Overcast,68,No,None,Spring,High
FC0003128,SD007,Starbucks - Hillcrest,Hillcrest,suburban,2024-03-25,Monday,17,86,60,26,86,63,23,0.0,Overcast,68,No,None,Spring,High
FC0003129,SD007,Starbucks - Hillcrest,Hillcrest,suburban,2024-03-25,Monday,19,33,23,10,34,23,11,3.03,Overcast,68,No,None,Spring,Moderate
FC0003130,SD007,Starbucks - Hillcrest,Hillcrest,suburban,2024-03-25,Monday,21,20,15,5,19,13,6,-5.0,Overcast,68,No,None,Spring,Low
FC0003131,SD007,Starbucks - Hillcrest,Hillcrest,suburban,2024-04-01,Monday,6,22,16,6,19,13,6,-13.64,Overcast,66,No,None,Spring,Low
FC0003132,SD007,Starbucks - Hillcrest,Hillcrest,suburban,2024-04-01,Monday,7,128,91,37,132,102,30,3.12,Overcast,66,No,None,Spring,Very High
FC0003133,SD007,Starbucks - Hillcrest,Hillcrest,suburban,2024-04-01,Monday,8,161,116,45,159,119,40,-1.24,Overcast,66,No,None,Spring,Very High
FC0003134,SD007,Starbucks - Hillcrest,Hillcrest,suburban,2024-04-01,Monday,9,176,122,54,161,119,42,-8.52,Overcast,66,No,None,Spring,Very High
FC0003135,SD007,Starbucks - Hillcrest,Hillcrest,suburban,2024-04-01,Monday,13,114,80,34,116,86,30,1.75,Overcast,66,No,None,Spring,Very High
FC0003136,SD007,Starbucks - Hillcrest,Hillcrest,suburban,2024-04-01,Monday,14,96,73,23,85,57,28,-11.46,Overcast,66,No,None,Spring,High
FC0003137,SD007,Starbucks - Hillcrest,Hillcrest,suburban,2024-04-01,Monday,15,105,80,25,103,69,34,-1.9,Overcast,66,No,None,Spring,Very High
FC0003138,SD007,Starbucks - Hillcrest,Hillcrest,suburban,2024-04-01,Monday,16,87,60,27,88,68,20,1.15,Overcast,66,No,None,Spring,High
FC0003139,SD007,Starbucks - Hillcrest,Hillcrest,suburban,2024-04-01,Monday,17,85,64,21,86,58,28,1.18,Overcast,66,No,None,Spring,High
FC0003140,SD007,Starbucks - Hillcrest,Hillcrest,suburban,2024-04-01,Monday,20,28,19,9,28,19,9,0.0,Overcast,66,No,None,Spring,Low
FC0003141,SD007,Starbucks - Hillcrest,Hillcrest,suburban,2024-04-08,Monday,7,106,72,34,102,72,30,-3.77,Partly Cloudy,66,No,None,Spring,Very High
FC0003142,SD007,Starbucks - Hillcrest,Hillcrest,suburban,2024-04-08,Monday,8,173,117,56,164,113,51,-5.2,Partly Cloudy,66,No,None,Spring,Very High
FC0003143,SD007,Starbucks - Hillcrest,Hillcrest,suburban,2024-04-08,Monday,9,98,72,26,98,74,24,0.0,Partly Cloudy,66,No,None,Spring,High
FC0003144,SD007,Starbucks - Hillcrest,Hillcrest,suburban,2024-04-08,Monday,11,101,75,26,99,68,31,-1.98,Partly Cloudy,66,No,None,Spring,High
FC0003145,SD007,Starbucks - Hillcrest,Hillcrest,suburban,2024-04-08,Monday,12,91,69,22,78,53,25,-14.29,Partly Cloudy,66,No,None,Spring,High
FC0003146,SD007,Starbucks - Hillcrest,Hillcrest,suburban,2024-04-08,Monday,13,117,90,27,119,92,27,1.71,Partly Cloudy,66,No,None,Spring,Very High
FC0003147,SD007,Starbucks - Hillcrest,Hillcrest,suburban,2024-04-08,Monday,14,66,51,15,63,45,18,-4.55,Partly Cloudy,66,No,None,Spring,High
FC0003148,SD007,Starbucks - Hillcrest,Hillcrest,suburban,2024-04-08,Monday,16,133,90,43,113,89,24,-15.04,Partly Cloudy,66,No,None,Spring,Very High
FC0003149,SD007,Starbucks - Hillcrest,Hillcrest,suburban,2024-04-08,Monday,18,67,47,20,65,45,20,-2.99,Partly Cloudy,66,No,None,Spring,High
FC0003150,SD007,Starbucks - Hillcrest,Hillcrest,suburban,2024-04-08,Monday,21,14,10,4,14,10,4,0.0,Partly Cloudy,66,No,None,Spring,Low
FC0003151,SD007,Starbucks - Hillcrest,Hillcrest,suburban,2024-04-15,Monday,6,24,17,7,28,21,7,16.67,Sunny,69,No,None,Spring,Low
FC0003152,SD007,Starbucks - Hillcrest,Hillcrest,suburban,2024-04-15,Monday,8,177,133,44,174,132,42,-1.69,Sunny,69,No,None,Spring,Very High
FC0003153,SD007,Starbucks - Hillcrest,Hillcrest,suburban,2024-04-15,Monday,10,134,98,36,94,62,32,-29.85,Sunny,69,No,None,Spring,High
FC0003154,SD007,Starbucks - Hillcrest,Hillcrest,suburban,2024-04-15,Monday,11,116,88,28,101,74,27,-12.93,Sunny,69,No,None,Spring,Very High
FC0003155,SD007,Starbucks - Hillcrest,Hillcrest,suburban,2024-04-15,Monday,12,92,66,26,89,59,30,-3.26,Sunny,69,No,None,Spring,High
FC0003156,SD007,Starbucks - Hillcrest,Hillcrest,suburban,2024-04-15,Monday,14,136,97,39,143,108,35,5.15,Sunny,69,No,None,Spring,Very High
FC0003157,SD007,Starbucks - Hillcrest,Hillcrest,suburban,2024-04-15,Monday,16,72,55,17,73,52,21,1.39,Sunny,69,No,None,Spring,High
FC0003158,SD007,Starbucks - Hillcrest,Hillcrest,suburban,2024-04-15,Monday,17,96,68,28,103,77,26,7.29,Sunny,69,No,None,Spring,Very High
FC0003159,SD007,Starbucks - Hillcrest,Hillcrest,suburban,2024-04-15,Monday,18,82,57,25,76,51,25,-7.32,Sunny,69,No,None,Spring,High
FC0003160,SD007,Starbucks - Hillcrest,Hillcrest,suburban,2024-04-15,Monday,21,23,17,6,24,18,6,4.35,Sunny,69,No,None,Spring,Low
FC0003161,SD007,Starbucks - Hillcrest,Hillcrest,suburban,2024-04-22,Monday,6,42,29,13,51,39,12,21.43,Sunny,72,No,None,Spring,Moderate
FC0003162,SD007,Starbucks - Hillcrest,Hillcrest,suburban,2024-04-22,Monday,7,125,91,34,139,103,36,11.2,Sunny,72,No,None,Spring,Very High
FC0003163,SD007,Starbucks - Hillcrest,Hillcrest,suburban,2024-04-22,Monday,8,142,109,33,136,94,42,-4.23,Sunny,72,No,None,Spring,Very High
FC0003164,SD007,Starbucks - Hillcrest,Hillcrest,suburban,2024-04-22,Monday,9,160,115,45,177,140,37,10.62,Sunny,72,No,None,Spring,Very High
FC0003165,SD007,Starbucks - Hillcrest,Hillcrest,suburban,2024-04-22,Monday,12,106,75,31,98,75,23,-7.55,Sunny,72,No,None,Spring,High
FC0003166,SD007,Starbucks - Hillcrest,Hillcrest,suburban,2024-04-22,Monday,15,97,71,26,84,61,23,-13.4,Sunny,72,No,None,Spring,High
FC0003167,SD007,Starbucks - Hillcrest,Hillcrest,suburban,2024-04-22,Monday,17,95,65,30,102,76,26,7.37,Sunny,72,No,None,Spring,Very High
FC0003168,SD007,Starbucks - Hillcrest,Hillcrest,suburban,2024-04-22,Monday,19,41,30,11,38,25,13,-7.32,Sunny,72,No,None,Spring,Moderate
FC0003169,SD007,Starbucks - Hillcrest,Hillcrest,suburban,2024-04-22,Monday,20,31,21,10,26,20,6,-16.13,Sunny,72,No,None,Spring,Low
FC0003170,SD007,Starbucks - Hillcrest,Hillcrest,suburban,2024-04-22,Monday,21,13,9,4,15,10,5,15.38,Sunny,72,No,None,Spring,Low
FC0003171,SD007,Starbucks - Hillcrest,Hillcrest,suburban,2024-04-29,Monday,6,28,21,7,27,21,6,-3.57,Partly Cloudy,68,No,None,Spring,Low
FC0003172,SD007,Starbucks - Hillcrest,Hillcrest,suburban,2024-04-29,Monday,7,110,80,30,112,80,32,1.82,Partly Cloudy,68,No,None,Spring,Very High
FC0003173,SD007,Starbucks - Hillcrest,Hillcrest,suburban,2024-04-29,Monday,8,201,156,45,216,151,65,7.46,Partly Cloudy,68,No,None,Spring,Very High
FC0003174,SD007,Starbucks - Hillcrest,Hillcrest,suburban,2024-04-29,Monday,10,151,109,42,172,135,37,13.91,Partly Cloudy,68,No,None,Spring,Very High
FC0003175,SD007,Starbucks - Hillcrest,Hillcrest,suburban,2024-04-29,Monday,13,146,107,39,136,95,41,-6.85,Partly Cloudy,68,No,None,Spring,Very High
FC0003176,SD007,Starbucks - Hillcrest,Hillcrest,suburban,2024-04-29,Monday,14,68,51,17,63,44,19,-7.35,Partly Cloudy,68,No,None,Spring,High
FC0003177,SD007,Starbucks - Hillcrest,Hillcrest,suburban,2024-04-29,Monday,15,71,52,19,66,46,20,-7.04,Partly Cloudy,68,No,None,Spring,High
FC0003178,SD007,Starbucks - Hillcrest,Hillcrest,suburban,2024-04-29,Monday,18,67,48,19,65,44,21,-2.99,Partly Cloudy,68,No,None,Spring,High
FC0003179,SD007,Starbucks - Hillcrest,Hillcrest,suburban,2024-04-29,Monday,19,39,28,11,35,26,9,-10.26,Partly Cloudy,68,No,None,Spring,Moderate
FC0003180,SD007,Starbucks - Hillcrest,Hillcrest,suburban,2024-04-29,Monday,20,39,27,12,37,28,9,-5.13,Partly Cloudy,68,No,None,Spring,Moderate
FC0003181,SD007,Starbucks - Hillcrest,Hillcrest,suburban,2024-05-06,Monday,6,37,26,11,35,24,11,-5.41,Partly Cloudy,72,No,None,Spring,Moderate
FC0003182,SD007,Starbucks - Hillcrest,Hillcrest,suburban,2024-05-06,Monday,7,133,93,40,143,113,30,7.52,Partly Cloudy,72,No,None,Spring,Very High
FC0003183,SD007,Starbucks - Hillcrest,Hillcrest,suburban,2024-05-06,Monday,8,209,151,58,207,156,51,-0.96,Partly Cloudy,72,No,None,Spring,Very High
FC0003184,SD007,Starbucks - Hillcrest,Hillcrest,suburban,2024-05-06,Monday,9,111,85,26,108,74,34,-2.7,Partly Cloudy,72,No,None,Spring,Very High
FC0003185,SD007,Starbucks - Hillcrest,Hillcrest,suburban,2024-05-06,Monday,10,93,72,21,86,67,19,-7.53,Partly Cloudy,72,No,None,Spring,High
FC0003186,SD007,Starbucks - Hillcrest,Hillcrest,suburban,2024-05-06,Monday,13,113,87,26,122,84,38,7.96,Partly Cloudy,72,No,None,Spring,Very High
FC0003187,SD007,Starbucks - Hillcrest,Hillcrest,suburban,2024-05-06,Monday,14,133,93,40,131,92,39,-1.5,Partly Cloudy,72,No,None,Spring,Very High
FC0003188,SD007,Starbucks - Hillcrest,Hillcrest,suburban,2024-05-06,Monday,16,76,55,21,81,58,23,6.58,Partly Cloudy,72,No,None,Spring,High
FC0003189,SD007,Starbucks - Hillcrest,Hillcrest,suburban,2024-05-06,Monday,17,79,59,20,84,57,27,6.33,Partly Cloudy,72,No,None,Spring,High
FC0003190,SD007,Starbucks - Hillcrest,Hillcrest,suburban,2024-05-06,Monday,21,27,18,9,29,19,10,7.41,Partly Cloudy,72,No,None,Spring,Low
FC0003191,SD007,Starbucks - Hillcrest,Hillcrest,suburban,2024-05-13,Monday,6,32,24,8,34,24,10,6.25,Partly Cloudy,74,No,None,Spring,Moderate
FC0003192,SD007,Starbucks - Hillcrest,Hillcrest,suburban,2024-05-13,Monday,7,93,72,21,93,70,23,0.0,Partly Cloudy,74,No,None,Spring,High
FC0003193,SD007,Starbucks - Hillcrest,Hillcrest,suburban,2024-05-13,Monday,10,118,85,33,118,83,35,0.0,Partly Cloudy,74,No,None,Spring,Very High
FC0003194,SD007,Starbucks - Hillcrest,Hillcrest,suburban,2024-05-13,Monday,12,78,57,21,75,50,25,-3.85,Partly Cloudy,74,No,None,Spring,High
FC0003195,SD007,Starbucks - Hillcrest,Hillcrest,suburban,2024-05-13,Monday,13,94,64,30,96,64,32,2.13,Partly Cloudy,74,No,None,Spring,High
FC0003196,SD007,Starbucks - Hillcrest,Hillcrest,suburban,2024-05-13,Monday,14,86,63,23,84,61,23,-2.33,Partly Cloudy,74,No,None,Spring,High
FC0003197,SD007,Starbucks - Hillcrest,Hillcrest,suburban,2024-05-13,Monday,18,83,63,20,84,63,21,1.2,Partly Cloudy,74,No,None,Spring,High
FC0003198,SD007,Starbucks - Hillcrest,Hillcrest,suburban,2024-05-13,Monday,19,57,40,17,57,44,13,0.0,Partly Cloudy,74,No,None,Spring,Moderate
FC0003199,SD007,Starbucks - Hillcrest,Hillcrest,suburban,2024-05-13,Monday,20,27,19,8,23,16,7,-14.81,Partly Cloudy,74,No,None,Spring,Low
FC0003200,SD007,Starbucks - Hillcrest,Hillcrest,suburban,2024-05-13,Monday,21,23,16,7,18,12,6,-21.74,Partly Cloudy,74,No,None,Spring,Low
FC0003201,SD007,Starbucks - Hillcrest,Hillcrest,suburban,2024-05-20,Monday,7,62,45,17,67,44,23,8.06,Marine Layer,68,No,None,Spring,High
FC0003202,SD007,Starbucks - Hillcrest,Hillcrest,suburban,2024-05-20,Monday,8,188,130,58,166,131,35,-11.7,Marine Layer,68,No,None,Spring,Very High
FC0003203,SD007,Starbucks - Hillcrest,Hillcrest,suburban,2024-05-20,Monday,10,145,104,41,146,105,41,0.69,Marine Layer,68,No,None,Spring,Very High
FC0003204,SD007,Starbucks - Hillcrest,Hillcrest,suburban,2024-05-20,Monday,11,80,56,24,79,58,21,-1.25,Marine Layer,68,No,None,Spring,High
FC0003205,SD007,Starbucks - Hillcrest,Hillcrest,suburban,2024-05-20,Monday,12,101,69,32,119,94,25,17.82,Marine Layer,68,No,None,Spring,Very High
FC0003206,SD007,Starbucks - Hillcrest,Hillcrest,suburban,2024-05-20,Monday,14,116,90,26,104,79,25,-10.34,Marine Layer,68,No,None,Spring,Very High
FC0003207,SD007,Starbucks - Hillcrest,Hillcrest,suburban,2024-05-20,Monday,16,70,51,19,76,53,23,8.57,Marine Layer,68,No,None,Spring,High
FC0003208,SD007,Starbucks - Hillcrest,Hillcrest,suburban,2024-05-20,Monday,18,50,38,12,52,37,15,4.0,Marine Layer,68,No,None,Spring,Moderate
FC0003209,SD007,Starbucks - Hillcrest,Hillcrest,suburban,2024-05-20,Monday,19,36,24,12,39,28,11,8.33,Marine Layer,68,No,None,Spring,Moderate
FC0003210,SD007,Starbucks - Hillcrest,Hillcrest,suburban,2024-05-20,Monday,21,23,17,6,23,17,6,0.0,Marine Layer,68,No,None,Spring,Low
FC0003211,SD007,Starbucks - Hillcrest,Hillcrest,suburban,2024-05-27,Monday,7,84,60,24,78,53,25,-7.14,Marine Layer,73,No,None,Spring,High
FC0003212,SD007,Starbucks - Hillcrest,Hillcrest,suburban,2024-05-27,Monday,9,174,119,55,178,130,48,2.3,Marine Layer,73,No,None,Spring,Very High
FC0003213,SD007,Starbucks - Hillcrest,Hillcrest,suburban,2024-05-27,Monday,10,144,106,38,140,100,40,-2.78,Marine Layer,73,No,None,Spring,Very High
FC0003214,SD007,Starbucks - Hillcrest,Hillcrest,suburban,2024-05-27,Monday,11,116,83,33,111,85,26,-4.31,Marine Layer,73,No,None,Spring,Very High
FC0003215,SD007,Starbucks - Hillcrest,Hillcrest,suburban,2024-05-27,Monday,13,75,51,24,83,57,26,10.67,Marine Layer,73,No,None,Spring,High
FC0003216,SD007,Starbucks - Hillcrest,Hillcrest,suburban,2024-05-27,Monday,14,66,46,20,71,46,25,7.58,Marine Layer,73,No,None,Spring,High
FC0003217,SD007,Starbucks - Hillcrest,Hillcrest,suburban,2024-05-27,Monday,16,97,72,25,91,61,30,-6.19,Marine Layer,73,No,None,Spring,High
FC0003218,SD007,Starbucks - Hillcrest,Hillcrest,suburban,2024-05-27,Monday,17,57,44,13,56,36,20,-1.75,Marine Layer,73,No,None,Spring,Moderate
FC0003219,SD007,Starbucks - Hillcrest,Hillcrest,suburban,2024-05-27,Monday,19,58,45,13,62,45,17,6.9,Marine Layer,73,No,None,Spring,High
FC0003220,SD007,Starbucks - Hillcrest,Hillcrest,suburban,2024-05-27,Monday,20,40,30,10,42,30,12,5.0,Marine Layer,73,No,None,Spring,Moderate
FC0003221,SD007,Starbucks - Hillcrest,Hillcrest,suburban,2024-06-03,Monday,7,104,70,34,106,70,36,1.92,Sunny,77,No,None,Summer,Very High
FC0003222,SD007,Starbucks - Hillcrest,Hillcrest,suburban,2024-06-03,Monday,8,202,153,49,209,166,43,3.47,Sunny,77,No,None,Summer,Very High
FC0003223,SD007,Starbucks - Hillcrest,Hillcrest,suburban,2024-06-03,Monday,9,148,107,41,147,100,47,-0.68,Sunny,77,No,None,Summer,Very High
FC0003224,SD007,Starbucks - Hillcrest,Hillcrest,suburban,2024-06-03,Monday,11,110,76,34,110,78,32,0.0,Sunny,77,No,None,Summer,Very High
FC0003225,SD007,Starbucks - Hillcrest,Hillcrest,suburban,2024-06-03,Monday,12,161,110,51,156,110,46,-3.11,Sunny,77,No,None,Summer,Very High
FC0003226,SD007,Starbucks - Hillcrest,Hillcrest,suburban,2024-06-03,Monday,13,78,55,23,85,57,28,8.97,Sunny,77,No,None,Summer,High
FC0003227,SD007,Starbucks - Hillcrest,Hillcrest,suburban,2024-06-03,Monday,14,73,53,20,75,58,17,2.74,Sunny,77,No,None,Summer,High
FC0003228,SD007,Starbucks - Hillcrest,Hillcrest,suburban,2024-06-03,Monday,15,111,76,35,116,83,33,4.5,Sunny,77,No,None,Summer,Very High
FC0003229,SD007,Starbucks - Hillcrest,Hillcrest,suburban,2024-06-03,Monday,16,102,77,25,92,68,24,-9.8,Sunny,77,No,None,Summer,High
FC0003230,SD007,Starbucks - Hillcrest,Hillcrest,suburban,2024-06-03,Monday,20,21,15,6,21,15,6,0.0,Sunny,77,No,None,Summer,Low
FC0003231,SD007,Starbucks - Hillcrest,Hillcrest,suburban,2024-06-10,Monday,9,143,105,38,134,93,41,-6.29,Sunny,78,No,None,Summer,Very High
FC0003232,SD007,Starbucks - Hillcrest,Hillcrest,suburban,2024-06-10,Monday,10,93,71,22,90,71,19,-3.23,Sunny,78,No,None,Summer,High
FC0003233,SD007,Starbucks - Hillcrest,Hillcrest,suburban,2024-06-10,Monday,11,125,88,37,111,76,35,-11.2,Sunny,78,No,None,Summer,Very High
FC0003234,SD007,Starbucks - Hillcrest,Hillcrest,suburban,2024-06-10,Monday,12,132,98,34,127,87,40,-3.79,Sunny,78,No,None,Summer,Very High
FC0003235,SD007,Starbucks - Hillcrest,Hillcrest,suburban,2024-06-10,Monday,14,119,82,37,118,78,40,-0.84,Sunny,78,No,None,Summer,Very High
FC0003236,SD007,Starbucks - Hillcrest,Hillcrest,suburban,2024-06-10,Monday,15,98,68,30,112,75,37,14.29,Sunny,78,No,None,Summer,Very High
FC0003237,SD007,Starbucks - Hillcrest,Hillcrest,suburban,2024-06-10,Monday,16,96,71,25,103,71,32,7.29,Sunny,78,No,None,Summer,Very High
FC0003238,SD007,Starbucks - Hillcrest,Hillcrest,suburban,2024-06-10,Monday,17,65,48,17,60,40,20,-7.69,Sunny,78,No,None,Summer,High
FC0003239,SD007,Starbucks - Hillcrest,Hillcrest,suburban,2024-06-10,Monday,19,59,42,17,61,42,19,3.39,Sunny,78,No,None,Summer,High
FC0003240,SD007,Starbucks - Hillcrest,Hillcrest,suburban,2024-06-10,Monday,21,16,10,6,14,9,5,-12.5,Sunny,78,No,None,Summer,Low
FC0003241,SD007,Starbucks - Hillcrest,Hillcrest,suburban,2024-06-17,Monday,7,80,58,22,84,60,24,5.0,Sunny,75,No,None,Summer,High
FC0003242,SD007,Starbucks - Hillcrest,Hillcrest,suburban,2024-06-17,Monday,8,161,110,51,159,112,47,-1.24,Sunny,75,No,None,Summer,Very High
FC0003243,SD007,Starbucks - Hillcrest,Hillcrest,suburban,2024-06-17,Monday,11,112,84,28,113,84,29,0.89,Sunny,75,No,None,Summer,Very High
FC0003244,SD007,Starbucks - Hillcrest,Hillcrest,suburban,2024-06-17,Monday,12,156,111,45,137,94,43,-12.18,Sunny,75,No,None,Summer,Very High
FC0003245,SD007,Starbucks - Hillcrest,Hillcrest,suburban,2024-06-17,Monday,15,105,79,26,97,75,22,-7.62,Sunny,75,No,None,Summer,High
FC0003246,SD007,Starbucks - Hillcrest,Hillcrest,suburban,2024-06-17,Monday,16,116,88,28,122,91,31,5.17,Sunny,75,No,None,Summer,Very High
FC0003247,SD007,Starbucks - Hillcrest,Hillcrest,suburban,2024-06-17,Monday,18,83,56,27,84,64,20,1.2,Sunny,75,No,None,Summer,High
FC0003248,SD007,Starbucks - Hillcrest,Hillcrest,suburban,2024-06-17,Monday,19,42,28,14,39,28,11,-7.14,Sunny,75,No,None,Summer,Moderate
FC0003249,SD007,Starbucks - Hillcrest,Hillcrest,suburban,2024-06-17,Monday,20,26,17,9,24,18,6,-7.69,Sunny,75,No,None,Summer,Low
FC0003250,SD007,Starbucks - Hillcrest,Hillcrest,suburban,2024-06-17,Monday,21,24,17,7,23,17,6,-4.17,Sunny,75,No,None,Summer,Low
FC0003251,SD007,Starbucks - Hillcrest,Hillcrest,suburban,2024-06-24,Monday,8,147,103,44,165,127,38,12.24,Sunny,74,No,None,Summer,Very High
FC0003252,SD007,Starbucks - Hillcrest,Hillcrest,suburban,2024-06-24,Monday,10,124,90,34,131,95,36,5.65,Sunny,74,No,None,Summer,Very High
FC0003253,SD007,Starbucks - Hillcrest,Hillcrest,suburban,2024-06-24,Monday,12,102,74,28,100,77,23,-1.96,Sunny,74,No,None,Summer,Very High
FC0003254,SD007,Starbucks - Hillcrest,Hillcrest,suburban,2024-06-24,Monday,14,99,74,25,109,74,35,10.1,Sunny,74,No,None,Summer,Very High
FC0003255,SD007,Starbucks - Hillcrest,Hillcrest,suburban,2024-06-24,Monday,15,87,60,27,77,58,19,-11.49,Sunny,74,No,None,Summer,High
FC0003256,SD007,Starbucks - Hillcrest,Hillcrest,suburban,2024-06-24,Monday,16,136,106,30,114,79,35,-16.18,Sunny,74,No,None,Summer,Very High
FC0003257,SD007,Starbucks - Hillcrest,Hillcrest,suburban,2024-06-24,Monday,17,59,44,15,57,39,18,-3.39,Sunny,74,No,None,Summer,Moderate
FC0003258,SD007,Starbucks - Hillcrest,Hillcrest,suburban,2024-06-24,Monday,18,60,45,15,54,39,15,-10.0,Sunny,74,No,None,Summer,Moderate
FC0003259,SD007,Starbucks - Hillcrest,Hillcrest,suburban,2024-06-24,Monday,19,45,32,13,50,37,13,11.11,Sunny,74,No,None,Summer,Moderate
FC0003260,SD007,Starbucks - Hillcrest,Hillcrest,suburban,2024-06-24,Monday,20,34,25,9,36,24,12,5.88,Sunny,74,No,None,Summer,Moderate
FC0003261,SD007,Starbucks - Hillcrest,Hillcrest,suburban,2024-07-01,Monday,7,83,58,25,74,51,23,-10.84,Partly Cloudy,75,No,None,Summer,High
FC0003262,SD007,Starbucks - Hillcrest,Hillcrest,suburban,2024-07-01,Monday,8,149,108,41,152,109,43,2.01,Partly Cloudy,75,No,None,Summer,Very High
FC0003263,SD007,Starbucks - Hillcrest,Hillcrest,suburban,2024-07-01,Monday,12,83,63,20,74,58,16,-10.84,Partly Cloudy,75,No,None,Summer,High
FC0003264,SD007,Starbucks - Hillcrest,Hillcrest,suburban,2024-07-01,Monday,14,90,62,28,99,68,31,10.0,Partly Cloudy,75,No,None,Summer,High
FC0003265,SD007,Starbucks - Hillcrest,Hillcrest,suburban,2024-07-01,Monday,15,64,46,18,68,53,15,6.25,Partly Cloudy,75,No,None,Summer,High
FC0003266,SD007,Starbucks - Hillcrest,Hillcrest,suburban,2024-07-01,Monday,16,71,50,21,65,48,17,-8.45,Partly Cloudy,75,No,None,Summer,High
FC0003267,SD007,Starbucks - Hillcrest,Hillcrest,suburban,2024-07-01,Monday,17,70,51,19,70,51,19,0.0,Partly Cloudy,75,No,None,Summer,High
FC0003268,SD007,Starbucks - Hillcrest,Hillcrest,suburban,2024-07-01,Monday,18,46,31,15,47,32,15,2.17,Partly Cloudy,75,No,None,Summer,Moderate
FC0003269,SD007,Starbucks - Hillcrest,Hillcrest,suburban,2024-07-01,Monday,19,64,49,15,64,45,19,0.0,Partly Cloudy,75,No,None,Summer,High
FC0003270,SD007,Starbucks - Hillcrest,Hillcrest,suburban,2024-07-01,Monday,20,26,18,8,24,18,6,-7.69,Partly Cloudy,75,No,None,Summer,Low
FC0003271,SD007,Starbucks - Hillcrest,Hillcrest,suburban,2024-07-08,Monday,7,80,55,25,94,65,29,17.5,Sunny,81,No,None,Summer,High
FC0003272,SD007,Starbucks - Hillcrest,Hillcrest,suburban,2024-07-08,Monday,9,96,71,25,100,72,28,4.17,Sunny,81,No,None,Summer,Very High
FC0003273,SD007,Starbucks - Hillcrest,Hillcrest,suburban,2024-07-08,Monday,10,102,74,28,105,77,28,2.94,Sunny,81,No,None,Summer,Very High
FC0003274,SD007,Starbucks - Hillcrest,Hillcrest,suburban,2024-07-08,Monday,13,91,68,23,77,57,20,-15.38,Sunny,81,No,None,Summer,High
FC0003275,SD007,Starbucks - Hillcrest,Hillcrest,suburban,2024-07-08,Monday,15,66,46,20,73,55,18,10.61,Sunny,81,No,None,Summer,High
FC0003276,SD007,Starbucks - Hillcrest,Hillcrest,suburban,2024-07-08,Monday,16,94,65,29,100,69,31,6.38,Sunny,81,No,None,Summer,Very High
FC0003277,SD007,Starbucks - Hillcrest,Hillcrest,suburban,2024-07-08,Monday,18,64,47,17,69,52,17,7.81,Sunny,81,No,None,Summer,High
FC0003278,SD007,Starbucks - Hillcrest,Hillcrest,suburban,2024-07-08,Monday,19,42,28,14,42,33,9,0.0,Sunny,81,No,None,Summer,Moderate
FC0003279,SD007,Starbucks - Hillcrest,Hillcrest,suburban,2024-07-08,Monday,20,27,20,7,24,17,7,-11.11,Sunny,81,No,None,Summer,Low
FC0003280,SD007,Starbucks - Hillcrest,Hillcrest,suburban,2024-07-08,Monday,21,21,14,7,21,15,6,0.0,Sunny,81,No,None,Summer,Low
FC0003281,SD007,Starbucks - Hillcrest,Hillcrest,suburban,2024-07-15,Monday,6,34,26,8,33,23,10,-2.94,Light Rain,75,No,None,Summer,Moderate
FC0003282,SD007,Starbucks - Hillcrest,Hillcrest,suburban,2024-07-15,Monday,8,137,101,36,137,99,38,0.0,Light Rain,75,No,None,Summer,Very High
FC0003283,SD007,Starbucks - Hillcrest,Hillcrest,suburban,2024-07-15,Monday,10,87,64,23,87,62,25,0.0,Light Rain,75,No,None,Summer,High
FC0003284,SD007,Starbucks - Hillcrest,Hillcrest,suburban,2024-07-15,Monday,12,102,75,27,97,72,25,-4.9,Light Rain,75,No,None,Summer,High
FC0003285,SD007,Starbucks - Hillcrest,Hillcrest,suburban,2024-07-15,Monday,13,92,67,25,109,74,35,18.48,Light Rain,75,No,None,Summer,Very High
FC0003286,SD007,Starbucks - Hillcrest,Hillcrest,suburban,2024-07-15,Monday,14,89,62,27,96,71,25,7.87,Light Rain,75,No,None,Summer,High
FC0003287,SD007,Starbucks - Hillcrest,Hillcrest,suburban,2024-07-15,Monday,15,76,54,22,73,53,20,-3.95,Light Rain,75,No,None,Summer,High
FC0003288,SD007,Starbucks - Hillcrest,Hillcrest,suburban,2024-07-15,Monday,18,61,44,17,64,44,20,4.92,Light Rain,75,No,None,Summer,High
FC0003289,SD007,Starbucks - Hillcrest,Hillcrest,suburban,2024-07-15,Monday,19,37,26,11,32,21,11,-13.51,Light Rain,75,No,None,Summer,Moderate
FC0003290,SD007,Starbucks - Hillcrest,Hillcrest,suburban,2024-07-15,Monday,21,13,10,3,12,9,3,-7.69,Light Rain,75,No,None,Summer,Low
FC0003291,SD007,Starbucks - Hillcrest,Hillcrest,suburban,2024-07-22,Monday,6,42,31,11,39,26,13,-7.14,Sunny,74,No,None,Summer,Moderate
FC0003292,SD007,Starbucks - Hillcrest,Hillcrest,suburban,2024-07-22,Monday,11,76,57,19,79,52,27,3.95,Sunny,74,No,None,Summer,High
FC0003293,SD007,Starbucks - Hillcrest,Hillcrest,suburban,2024-07-22,Monday,12,101,74,27,108,72,36,6.93,Sunny,74,No,None,Summer,Very High
FC0003294,SD007,Starbucks - Hillcrest,Hillcrest,suburban,2024-07-22,Monday,14,129,94,35,122,86,36,-5.43,Sunny,74,No,None,Summer,Very High
FC0003295,SD007,Starbucks - Hillcrest,Hillcrest,suburban,2024-07-22,Monday,15,75,56,19,76,59,17,1.33,Sunny,74,No,None,Summer,High
FC0003296,SD007,Starbucks - Hillcrest,Hillcrest,suburban,2024-07-22,Monday,16,84,58,26,80,59,21,-4.76,Sunny,74,No,None,Summer,High
FC0003297,SD007,Starbucks - Hillcrest,Hillcrest,suburban,2024-07-22,Monday,18,72,53,19,76,55,21,5.56,Sunny,74,No,None,Summer,High
FC0003298,SD007,Starbucks - Hillcrest,Hillcrest,suburban,2024-07-22,Monday,19,63,43,20,60,44,16,-4.76,Sunny,74,No,None,Summer,High
FC0003299,SD007,Starbucks - Hillcrest,Hillcrest,suburban,2024-07-22,Monday,20,36,26,10,32,22,10,-11.11,Sunny,74,No,None,Summer,Moderate
FC0003300,SD007,Starbucks - Hillcrest,Hillcrest,suburban,2024-07-22,Monday,21,21,15,6,21,16,5,0.0,Sunny,74,No,None,Summer,Low
FC0003301,SD007,Starbucks - Hillcrest,Hillcrest,suburban,2024-07-29,Monday,7,111,85,26,113,83,30,1.8,Sunny,78,No,None,Summer,Very High
FC0003302,SD007,Starbucks - Hillcrest,Hillcrest,suburban,2024-07-29,Monday,8,138,93,45,145,103,42,5.07,Sunny,78,No,None,Summer,Very High
FC0003303,SD007,Starbucks - Hillcrest,Hillcrest,suburban,2024-07-29,Monday,9,87,62,25,92,62,30,5.75,Sunny,78,No,None,Summer,High
FC0003304,SD007,Starbucks - Hillcrest,Hillcrest,suburban,2024-07-29,Monday,11,93,65,28,92,73,19,-1.08,Sunny,78,No,None,Summer,High
FC0003305,SD007,Starbucks - Hillcrest,Hillcrest,suburban,2024-07-29,Monday,12,131,89,42,135,101,34,3.05,Sunny,78,No,None,Summer,Very High
FC0003306,SD007,Starbucks - Hillcrest,Hillcrest,suburban,2024-07-29,Monday,15,67,51,16,60,44,16,-10.45,Sunny,78,No,None,Summer,High
FC0003307,SD007,Starbucks - Hillcrest,Hillcrest,suburban,2024-07-29,Monday,16,82,60,22,78,58,20,-4.88,Sunny,78,No,None,Summer,High
FC0003308,SD007,Starbucks - Hillcrest,Hillcrest,suburban,2024-07-29,Monday,17,117,88,29,101,66,35,-13.68,Sunny,78,No,None,Summer,Very High
FC0003309,SD007,Starbucks - Hillcrest,Hillcrest,suburban,2024-07-29,Monday,19,46,32,14,50,37,13,8.7,Sunny,78,No,None,Summer,Moderate
FC0003310,SD007,Starbucks - Hillcrest,Hillcrest,suburban,2024-07-29,Monday,20,25,17,8,23,17,6,-8.0,Sunny,78,No,None,Summer,Low
FC0003311,SD007,Starbucks - Hillcrest,Hillcrest,suburban,2024-08-05,Monday,8,158,122,36,156,103,53,-1.27,Partly Cloudy,77,No,None,Summer,Very High
FC0003312,SD007,Starbucks - Hillcrest,Hillcrest,suburban,2024-08-05,Monday,9,126,97,29,135,98,37,7.14,Partly Cloudy,77,No,None,Summer,Very High
FC0003313,SD007,Starbucks - Hillcrest,Hillcrest,suburban,2024-08-05,Monday,10,149,115,34,170,121,49,14.09,Partly Cloudy,77,No,None,Summer,Very High
FC0003314,SD007,Starbucks - Hillcrest,Hillcrest,suburban,2024-08-05,Monday,11,63,47,16,58,42,16,-7.94,Partly Cloudy,77,No,None,Summer,Moderate
FC0003315,SD007,Starbucks - Hillcrest,Hillcrest,suburban,2024-08-05,Monday,13,92,67,25,102,71,31,10.87,Partly Cloudy,77,No,None,Summer,Very High
FC0003316,SD007,Starbucks - Hillcrest,Hillcrest,suburban,2024-08-05,Monday,15,75,55,20,72,55,17,-4.0,Partly Cloudy,77,No,None,Summer,High
FC0003317,SD007,Starbucks - Hillcrest,Hillcrest,suburban,2024-08-05,Monday,16,63,43,20,66,48,18,4.76,Partly Cloudy,77,No,None,Summer,High
FC0003318,SD007,Starbucks - Hillcrest,Hillcrest,suburban,2024-08-05,Monday,18,53,38,15,50,34,16,-5.66,Partly Cloudy,77,No,None,Summer,Moderate
FC0003319,SD007,Starbucks - Hillcrest,Hillcrest,suburban,2024-08-05,Monday,20,23,16,7,23,18,5,0.0,Partly Cloudy,77,No,None,Summer,Low
FC0003320,SD007,Starbucks - Hillcrest,Hillcrest,suburban,2024-08-05,Monday,21,23,17,6,23,15,8,0.0,Partly Cloudy,77,No,None,Summer,Low
FC0003321,SD007,Starbucks - Hillcrest,Hillcrest,suburban,2024-08-12,Monday,7,146,106,40,108,85,23,-26.03,Sunny,80,Yes,Farmers Market,Summer,Very High
FC0003322,SD007,Starbucks - Hillcrest,Hillcrest,suburban,2024-08-12,Monday,8,282,192,90,278,186,92,-1.42,Sunny,80,Yes,Farmers Market,Summer,Very High
FC0003323,SD007,Starbucks - Hillcrest,Hillcrest,suburban,2024-08-12,Monday,9,230,162,68,201,153,48,-12.61,Sunny,80,Yes,Farmers Market,Summer,Very High
FC0003324,SD007,Starbucks - Hillcrest,Hillcrest,suburban,2024-08-12,Monday,10,191,135,56,180,128,52,-5.76,Sunny,80,Yes,Farmers Market,Summer,Very High
FC0003325,SD007,Starbucks - Hillcrest,Hillcrest,suburban,2024-08-12,Monday,11,122,87,35,125,93,32,2.46,Sunny,80,Yes,Farmers Market,Summer,Very High
FC0003326,SD007,Starbucks - Hillcrest,Hillcrest,suburban,2024-08-12,Monday,14,128,87,41,135,101,34,5.47,Sunny,80,Yes,Farmers Market,Summer,Very High
FC0003327,SD007,Starbucks - Hillcrest,Hillcrest,suburban,2024-08-12,Monday,15,162,117,45,189,138,51,16.67,Sunny,80,Yes,Farmers Market,Summer,Very High
FC0003328,SD007,Starbucks - Hillcrest,Hillcrest,suburban,2024-08-12,Monday,18,63,46,17,62,43,19,-1.59,Sunny,80,Yes,Farmers Market,Summer,High
FC0003329,SD007,Starbucks - Hillcrest,Hillcrest,suburban,2024-08-12,Monday,20,52,35,17,53,39,14,1.92,Sunny,80,Yes,Farmers Market,Summer,Moderate
FC0003330,SD007,Starbucks - Hillcrest,Hillcrest,suburban,2024-08-12,Monday,21,35,24,11,35,26,9,0.0,Sunny,80,Yes,Farmers Market,Summer,Moderate
FC0003331,SD007,Starbucks - Hillcrest,Hillcrest,suburban,2024-08-19,Monday,7,84,60,24,86,68,18,2.38,Partly Cloudy,75,No,None,Summer,High
FC0003332,SD007,Starbucks - Hillcrest,Hillcrest,suburban,2024-08-19,Monday,8,155,114,41,155,121,34,0.0,Partly Cloudy,75,No,None,Summer,Very High
FC0003333,SD007,Starbucks - Hillcrest,Hillcrest,suburban,2024-08-19,Monday,9,107,76,31,112,79,33,4.67,Partly Cloudy,75,No,None,Summer,Very High
FC0003334,SD007,Starbucks - Hillcrest,Hillcrest,suburban,2024-08-19,Monday,10,76,52,24,70,52,18,-7.89,Partly Cloudy,75,No,None,Summer,High
FC0003335,SD007,Starbucks - Hillcrest,Hillcrest,suburban,2024-08-19,Monday,12,112,83,29,114,76,38,1.79,Partly Cloudy,75,No,None,Summer,Very High
FC0003336,SD007,Starbucks - Hillcrest,Hillcrest,suburban,2024-08-19,Monday,13,149,108,41,156,123,33,4.7,Partly Cloudy,75,No,None,Summer,Very High
FC0003337,SD007,Starbucks - Hillcrest,Hillcrest,suburban,2024-08-19,Monday,14,132,101,31,124,86,38,-6.06,Partly Cloudy,75,No,None,Summer,Very High
FC0003338,SD007,Starbucks - Hillcrest,Hillcrest,suburban,2024-08-19,Monday,16,119,91,28,104,76,28,-12.61,Partly Cloudy,75,No,None,Summer,Very High
FC0003339,SD007,Starbucks - Hillcrest,Hillcrest,suburban,2024-08-19,Monday,18,91,67,24,89,65,24,-2.2,Partly Cloudy,75,No,None,Summer,High
FC0003340,SD007,Starbucks - Hillcrest,Hillcrest,suburban,2024-08-19,Monday,20,21,15,6,20,15,5,-4.76,Partly Cloudy,75,No,None,Summer,Low
FC0003341,SD007,Starbucks - Hillcrest,Hillcrest,suburban,2024-08-26,Monday,8,206,149,57,206,148,58,0.0,Partly Cloudy,80,No,None,Summer,Very High
FC0003342,SD007,Starbucks - Hillcrest,Hillcrest,suburban,2024-08-26,Monday,9,97,75,22,93,69,24,-4.12,Partly Cloudy,80,No,None,Summer,High
FC0003343,SD007,Starbucks - Hillcrest,Hillcrest,suburban,2024-08-26,Monday,10,145,108,37,137,97,40,-5.52,Partly Cloudy,80,No,None,Summer,Very High
FC0003344,SD007,Starbucks - Hillcrest,Hillcrest,suburban,2024-08-26,Monday,11,65,49,16,62,46,16,-4.62,Partly Cloudy,80,No,None,Summer,High
FC0003345,SD007,Starbucks - Hillcrest,Hillcrest,suburban,2024-08-26,Monday,15,108,83,25,111,82,29,2.78,Partly Cloudy,80,No,None,Summer,Very High
FC0003346,SD007,Starbucks - Hillcrest,Hillcrest,suburban,2024-08-26,Monday,16,86,63,23,96,75,21,11.63,Partly Cloudy,80,No,None,Summer,High
FC0003347,SD007,Starbucks - Hillcrest,Hillcrest,suburban,2024-08-26,Monday,17,65,45,20,60,42,18,-7.69,Partly Cloudy,80,No,None,Summer,High
FC0003348,SD007,Starbucks - Hillcrest,Hillcrest,suburban,2024-08-26,Monday,18,64,45,19,65,43,22,1.56,Partly Cloudy,80,No,None,Summer,High
FC0003349,SD007,Starbucks - Hillcrest,Hillcrest,suburban,2024-08-26,Monday,19,59,44,15,65,46,19,10.17,Partly Cloudy,80,No,None,Summer,High
FC0003350,SD007,Starbucks - Hillcrest,Hillcrest,suburban,2024-08-26,Monday,21,14,9,5,16,10,6,14.29,Partly Cloudy,80,No,None,Summer,Low
FC0003351,SD007,Starbucks - Hillcrest,Hillcrest,suburban,2024-09-02,Monday,7,69,50,19,66,45,21,-4.35,Marine Layer,78,No,None,Fall,High
FC0003352,SD007,Starbucks - Hillcrest,Hillcrest,suburban,2024-09-02,Monday,8,129,99,30,127,92,35,-1.55,Marine Layer,78,No,None,Fall,Very High
FC0003353,SD007,Starbucks - Hillcrest,Hillcrest,suburban,2024-09-02,Monday,10,130,88,42,123,89,34,-5.38,Marine Layer,78,No,None,Fall,Very High
FC0003354,SD007,Starbucks - Hillcrest,Hillcrest,suburban,2024-09-02,Monday,12,164,121,43,149,99,50,-9.15,Marine Layer,78,No,None,Fall,Very High
FC0003355,SD007,Starbucks - Hillcrest,Hillcrest,suburban,2024-09-02,Monday,14,77,54,23,75,53,22,-2.6,Marine Layer,78,No,None,Fall,High
FC0003356,SD007,Starbucks - Hillcrest,Hillcrest,suburban,2024-09-02,Monday,15,121,87,34,113,82,31,-6.61,Marine Layer,78,No,None,Fall,Very High
FC0003357,SD007,Starbucks - Hillcrest,Hillcrest,suburban,2024-09-02,Monday,16,68,51,17,64,42,22,-5.88,Marine Layer,78,No,None,Fall,High
FC0003358,SD007,Starbucks - Hillcrest,Hillcrest,suburban,2024-09-02,Monday,17,118,86,32,117,81,36,-0.85,Marine Layer,78,No,None,Fall,Very High
FC0003359,SD007,Starbucks - Hillcrest,Hillcrest,suburban,2024-09-02,Monday,18,86,60,26,90,63,27,4.65,Marine Layer,78,No,None,Fall,High
FC0003360,SD007,Starbucks - Hillcrest,Hillcrest,suburban,2024-09-02,Monday,21,22,16,6,22,16,6,0.0,Marine Layer,78,No,None,Fall,Low
FC0003361,SD007,Starbucks - Hillcrest,Hillcrest,suburban,2024-09-09,Monday,6,39,27,12,38,25,13,-2.56,Partly Cloudy,81,No,None,Fall,Moderate
FC0003362,SD007,Starbucks - Hillcrest,Hillcrest,suburban,2024-09-09,Monday,7,120,84,36,122,92,30,1.67,Partly Cloudy,81,No,None,Fall,Very High
FC0003363,SD007,Starbucks - Hillcrest,Hillcrest,suburban,2024-09-09,Monday,9,164,118,46,156,108,48,-4.88,Partly Cloudy,81,No,None,Fall,Very High
FC0003364,SD007,Starbucks - Hillcrest,Hillcrest,suburban,2024-09-09,Monday,11,124,88,36,118,80,38,-4.84,Partly Cloudy,81,No,None,Fall,Very High
FC0003365,SD007,Starbucks - Hillcrest,Hillcrest,suburban,2024-09-09,Monday,13,103,79,24,97,64,33,-5.83,Partly Cloudy,81,No,None,Fall,High
FC0003366,SD007,Starbucks - Hillcrest,Hillcrest,suburban,2024-09-09,Monday,15,113,85,28,138,93,45,22.12,Partly Cloudy,81,No,None,Fall,Very High
FC0003367,SD007,Starbucks - Hillcrest,Hillcrest,suburban,2024-09-09,Monday,17,69,52,17,69,54,15,0.0,Partly Cloudy,81,No,None,Fall,High
FC0003368,SD007,Starbucks - Hillcrest,Hillcrest,suburban,2024-09-09,Monday,18,70,49,21,84,62,22,20.0,Partly Cloudy,81,No,None,Fall,High
FC0003369,SD007,Starbucks - Hillcrest,Hillcrest,suburban,2024-09-09,Monday,19,53,40,13,53,37,16,0.0,Partly Cloudy,81,No,None,Fall,Moderate
FC0003370,SD007,Starbucks - Hillcrest,Hillcrest,suburban,2024-09-09,Monday,21,22,16,6,21,14,7,-4.55,Partly Cloudy,81,No,None,Fall,Low
FC0003371,SD007,Starbucks - Hillcrest,Hillcrest,suburban,2024-09-16,Monday,6,44,30,14,45,33,12,2.27,Sunny,82,Yes,Farmers Market,Fall,Moderate
FC0003372,SD007,Starbucks - Hillcrest,Hillcrest,suburban,2024-09-16,Monday,7,92,70,22,100,70,30,8.7,Sunny,82,Yes,Farmers Market,Fall,Very High
FC0003373,SD007,Starbucks - Hillcrest,Hillcrest,suburban,2024-09-16,Monday,9,122,85,37,126,84,42,3.28,Sunny,82,Yes,Farmers Market,Fall,Very High
FC0003374,SD007,Starbucks - Hillcrest,Hillcrest,suburban,2024-09-16,Monday,10,98,73,25,90,65,25,-8.16,Sunny,82,Yes,Farmers Market,Fall,High
FC0003375,SD007,Starbucks - Hillcrest,Hillcrest,suburban,2024-09-16,Monday,13,156,112,44,159,122,37,1.92,Sunny,82,Yes,Farmers Market,Fall,Very High
FC0003376,SD007,Starbucks - Hillcrest,Hillcrest,suburban,2024-09-16,Monday,15,132,101,31,124,96,28,-6.06,Sunny,82,Yes,Farmers Market,Fall,Very High
FC0003377,SD007,Starbucks - Hillcrest,Hillcrest,suburban,2024-09-16,Monday,16,110,75,35,119,84,35,8.18,Sunny,82,Yes,Farmers Market,Fall,Very High
FC0003378,SD007,Starbucks - Hillcrest,Hillcrest,suburban,2024-09-16,Monday,17,137,94,43,128,90,38,-6.57,Sunny,82,Yes,Farmers Market,Fall,Very High
FC0003379,SD007,Starbucks - Hillcrest,Hillcrest,suburban,2024-09-16,Monday,19,62,46,16,56,43,13,-9.68,Sunny,82,Yes,Farmers Market,Fall,Moderate
FC0003380,SD007,Starbucks - Hillcrest,Hillcrest,suburban,2024-09-16,Monday,20,37,25,12,35,25,10,-5.41,Sunny,82,Yes,Farmers Market,Fall,Moderate
FC0003381,SD007,Starbucks - Hillcrest,Hillcrest,suburban,2024-09-23,Monday,6,25,17,8,25,19,6,0.0,Partly Cloudy,78,No,None,Fall,Low
FC0003382,SD007,Starbucks - Hillcrest,Hillcrest,suburban,2024-09-23,Monday,9,165,125,40,171,130,41,3.64,Partly Cloudy,78,No,None,Fall,Very High
FC0003383,SD007,Starbucks - Hillcrest,Hillcrest,suburban,2024-09-23,Monday,10,93,70,23,84,55,29,-9.68,Partly Cloudy,78,No,None,Fall,High
FC0003384,SD007,Starbucks - Hillcrest,Hillcrest,suburban,2024-09-23,Monday,11,64,44,20,55,38,17,-14.06,Partly Cloudy,78,No,None,Fall,Moderate
FC0003385,SD007,Starbucks - Hillcrest,Hillcrest,suburban,2024-09-23,Monday,12,149,103,46,150,116,34,0.67,Partly Cloudy,78,No,None,Fall,Very High
FC0003386,SD007,Starbucks - Hillcrest,Hillcrest,suburban,2024-09-23,Monday,13,127,96,31,135,89,46,6.3,Partly Cloudy,78,No,None,Fall,Very High
FC0003387,SD007,Starbucks - Hillcrest,Hillcrest,suburban,2024-09-23,Monday,15,75,56,19,81,61,20,8.0,Partly Cloudy,78,No,None,Fall,High
FC0003388,SD007,Starbucks - Hillcrest,Hillcrest,suburban,2024-09-23,Monday,17,112,76,36,106,75,31,-5.36,Partly Cloudy,78,No,None,Fall,Very High
FC0003389,SD007,Starbucks - Hillcrest,Hillcrest,suburban,2024-09-23,Monday,18,67,46,21,72,54,18,7.46,Partly Cloudy,78,No,None,Fall,High
FC0003390,SD007,Starbucks - Hillcrest,Hillcrest,suburban,2024-09-23,Monday,21,25,18,7,24,18,6,-4.0,Partly Cloudy,78,No,None,Fall,Low
FC0003391,SD007,Starbucks - Hillcrest,Hillcrest,suburban,2024-09-30,Monday,6,25,17,8,25,17,8,0.0,Partly Cloudy,74,No,None,Fall,Low
FC0003392,SD007,Starbucks - Hillcrest,Hillcrest,suburban,2024-09-30,Monday,8,145,106,39,151,116,35,4.14,Partly Cloudy,74,No,None,Fall,Very High
FC0003393,SD007,Starbucks - Hillcrest,Hillcrest,suburban,2024-09-30,Monday,10,117,83,34,107,73,34,-8.55,Partly Cloudy,74,No,None,Fall,Very High
FC0003394,SD007,Starbucks - Hillcrest,Hillcrest,suburban,2024-09-30,Monday,11,86,59,27,92,68,24,6.98,Partly Cloudy,74,No,None,Fall,High
FC0003395,SD007,Starbucks - Hillcrest,Hillcrest,suburban,2024-09-30,Monday,14,82,59,23,79,57,22,-3.66,Partly Cloudy,74,No,None,Fall,High
FC0003396,SD007,Starbucks - Hillcrest,Hillcrest,suburban,2024-09-30,Monday,16,131,100,31,117,91,26,-10.69,Partly Cloudy,74,No,None,Fall,Very High
FC0003397,SD007,Starbucks - Hillcrest,Hillcrest,suburban,2024-09-30,Monday,17,56,38,18,61,45,16,8.93,Partly Cloudy,74,No,None,Fall,High
FC0003398,SD007,Starbucks - Hillcrest,Hillcrest,suburban,2024-09-30,Monday,18,72,49,23,73,56,17,1.39,Partly Cloudy,74,No,None,Fall,High
FC0003399,SD007,Starbucks - Hillcrest,Hillcrest,suburban,2024-09-30,Monday,20,24,18,6,21,14,7,-12.5,Partly Cloudy,74,No,None,Fall,Low
FC0003400,SD007,Starbucks - Hillcrest,Hillcrest,suburban,2024-09-30,Monday,21,17,11,6,16,11,5,-5.88,Partly Cloudy,74,No,None,Fall,Low
FC0003401,SD007,Starbucks - Hillcrest,Hillcrest,suburban,2024-10-07,Monday,6,25,18,7,29,20,9,16.0,Sunny,71,No,None,Fall,Low
FC0003402,SD007,Starbucks - Hillcrest,Hillcrest,suburban,2024-10-07,Monday,8,179,124,55,174,136,38,-2.79,Sunny,71,No,None,Fall,Very High
FC0003403,SD007,Starbucks - Hillcrest,Hillcrest,suburban,2024-10-07,Monday,9,183,124,59,172,123,49,-6.01,Sunny,71,No,None,Fall,Very High
FC0003404,SD007,Starbucks - Hillcrest,Hillcrest,suburban,2024-10-07,Monday,11,133,96,37,138,94,44,3.76,Sunny,71,No,None,Fall,Very High
FC0003405,SD007,Starbucks - Hillcrest,Hillcrest,suburban,2024-10-07,Monday,12,75,55,20,74,49,25,-1.33,Sunny,71,No,None,Fall,High
FC0003406,SD007,Starbucks - Hillcrest,Hillcrest,suburban,2024-10-07,Monday,14,97,66,31,107,75,32,10.31,Sunny,71,No,None,Fall,Very High
FC0003407,SD007,Starbucks - Hillcrest,Hillcrest,suburban,2024-10-07,Monday,16,130,95,35,130,90,40,0.0,Sunny,71,No,None,Fall,Very High
FC0003408,SD007,Starbucks - Hillcrest,Hillcrest,suburban,2024-10-07,Monday,18,48,33,15,52,41,11,8.33,Sunny,71,No,None,Fall,Moderate
FC0003409,SD007,Starbucks - Hillcrest,Hillcrest,suburban,2024-10-07,Monday,20,39,28,11,40,28,12,2.56,Sunny,71,No,None,Fall,Moderate
FC0003410,SD007,Starbucks - Hillcrest,Hillcrest,suburban,2024-10-07,Monday,21,21,16,5,18,13,5,-14.29,Sunny,71,No,None,Fall,Low
FC0003411,SD007,Starbucks - Hillcrest,Hillcrest,suburban,2024-10-14,Monday,7,75,51,24,79,52,27,5.33,Partly Cloudy,70,No,None,Fall,High
FC0003412,SD007,Starbucks - Hillcrest,Hillcrest,suburban,2024-10-14,Monday,8,200,146,54,206,140,66,3.0,Partly Cloudy,70,No,None,Fall,Very High
FC0003413,SD007,Starbucks - Hillcrest,Hillcrest,suburban,2024-10-14,Monday,9,185,125,60,164,126,38,-11.35,Partly Cloudy,70,No,None,Fall,Very High
FC0003414,SD007,Starbucks - Hillcrest,Hillcrest,suburban,2024-10-14,Monday,12,92,70,22,72,49,23,-21.74,Partly Cloudy,70,No,None,Fall,High
FC0003415,SD007,Starbucks - Hillcrest,Hillcrest,suburban,2024-10-14,Monday,13,99,75,24,116,86,30,17.17,Partly Cloudy,70,No,None,Fall,Very High
FC0003416,SD007,Starbucks - Hillcrest,Hillcrest,suburban,2024-10-14,Monday,14,105,72,33,112,79,33,6.67,Partly Cloudy,70,No,None,Fall,Very High
FC0003417,SD007,Starbucks - Hillcrest,Hillcrest,suburban,2024-10-14,Monday,15,108,75,33,107,78,29,-0.93,Partly Cloudy,70,No,None,Fall,Very High
FC0003418,SD007,Starbucks - Hillcrest,Hillcrest,suburban,2024-10-14,Monday,16,86,65,21,78,52,26,-9.3,Partly Cloudy,70,No,None,Fall,High
FC0003419,SD007,Starbucks - Hillcrest,Hillcrest,suburban,2024-10-14,Monday,19,53,41,12,51,39,12,-3.77,Partly Cloudy,70,No,None,Fall,Moderate
FC0003420,SD007,Starbucks - Hillcrest,Hillcrest,suburban,2024-10-14,Monday,20,37,26,11,29,19,10,-21.62,Partly Cloudy,70,No,None,Fall,Low
FC0003421,SD007,Starbucks - Hillcrest,Hillcrest,suburban,2024-10-21,Monday,7,65,48,17,67,49,18,3.08,Sunny,72,No,None,Fall,High
FC0003422,SD007,Starbucks - Hillcrest,Hillcrest,suburban,2024-10-21,Monday,8,204,156,48,197,146,51,-3.43,Sunny,72,No,None,Fall,Very High
FC0003423,SD007,Starbucks - Hillcrest,Hillcrest,suburban,2024-10-21,Monday,9,170,121,49,168,128,40,-1.18,Sunny,72,No,None,Fall,Very High
FC0003424,SD007,Starbucks - Hillcrest,Hillcrest,suburban,2024-10-21,Monday,11,82,57,25,79,62,17,-3.66,Sunny,72,No,None,Fall,High
FC0003425,SD007,Starbucks - Hillcrest,Hillcrest,suburban,2024-10-21,Monday,12,94,69,25,89,68,21,-5.32,Sunny,72,No,None,Fall,High
FC0003426,SD007,Starbucks - Hillcrest,Hillcrest,suburban,2024-10-21,Monday,13,111,85,26,117,82,35,5.41,Sunny,72,No,None,Fall,Very High
FC0003427,SD007,Starbucks - Hillcrest,Hillcrest,suburban,2024-10-21,Monday,15,64,45,19,64,46,18,0.0,Sunny,72,No,None,Fall,High
FC0003428,SD007,Starbucks - Hillcrest,Hillcrest,suburban,2024-10-21,Monday,16,133,102,31,138,93,45,3.76,Sunny,72,No,None,Fall,Very High
FC0003429,SD007,Starbucks - Hillcrest,Hillcrest,suburban,2024-10-21,Monday,18,78,58,20,73,48,25,-6.41,Sunny,72,No,None,Fall,High
FC0003430,SD007,Starbucks - Hillcrest,Hillcrest,suburban,2024-10-21,Monday,21,21,14,7,19,14,5,-9.52,Sunny,72,No,None,Fall,Low
FC0003431,SD007,Starbucks - Hillcrest,Hillcrest,suburban,2024-10-28,Monday,6,40,30,10,33,26,7,-17.5,Sunny,78,No,None,Fall,Moderate
FC0003432,SD007,Starbucks - Hillcrest,Hillcrest,suburban,2024-10-28,Monday,7,109,79,30,109,85,24,0.0,Sunny,78,No,None,Fall,Very High
FC0003433,SD007,Starbucks - Hillcrest,Hillcrest,suburban,2024-10-28,Monday,9,127,92,35,112,75,37,-11.81,Sunny,78,No,None,Fall,Very High
FC0003434,SD007,Starbucks - Hillcrest,Hillcrest,suburban,2024-10-28,Monday,10,124,95,29,118,78,40,-4.84,Sunny,78,No,None,Fall,Very High
FC0003435,SD007,Starbucks - Hillcrest,Hillcrest,suburban,2024-10-28,Monday,12,97,68,29,88,64,24,-9.28,Sunny,78,No,None,Fall,High
FC0003436,SD007,Starbucks - Hillcrest,Hillcrest,suburban,2024-10-28,Monday,16,122,90,32,108,80,28,-11.48,Sunny,78,No,None,Fall,Very High
FC0003437,SD007,Starbucks - Hillcrest,Hillcrest,suburban,2024-10-28,Monday,17,69,52,17,69,54,15,0.0,Sunny,78,No,None,Fall,High
FC0003438,SD007,Starbucks - Hillcrest,Hillcrest,suburban,2024-10-28,Monday,18,55,39,16,51,34,17,-7.27,Sunny,78,No,None,Fall,Moderate
FC0003439,SD007,Starbucks - Hillcrest,Hillcrest,suburban,2024-10-28,Monday,20,23,16,7,20,13,7,-13.04,Sunny,78,No,None,Fall,Low
FC0003440,SD007,Starbucks - Hillcrest,Hillcrest,suburban,2024-10-28,Monday,21,16,11,5,14,10,4,-12.5,Sunny,78,No,None,Fall,Low
FC0003441,SD007,Starbucks - Hillcrest,Hillcrest,suburban,2024-11-04,Monday,6,38,28,10,37,29,8,-2.63,Sunny,65,No,None,Fall,Moderate
FC0003442,SD007,Starbucks - Hillcrest,Hillcrest,suburban,2024-11-04,Monday,7,85,63,22,85,65,20,0.0,Sunny,65,No,None,Fall,High
FC0003443,SD007,Starbucks - Hillcrest,Hillcrest,suburban,2024-11-04,Monday,8,209,155,54,184,139,45,-11.96,Sunny,65,No,None,Fall,Very High
FC0003444,SD007,Starbucks - Hillcrest,Hillcrest,suburban,2024-11-04,Monday,9,153,108,45,146,107,39,-4.58,Sunny,65,No,None,Fall,Very High
FC0003445,SD007,Starbucks - Hillcrest,Hillcrest,suburban,2024-11-04,Monday,10,91,64,27,83,59,24,-8.79,Sunny,65,No,None,Fall,High
FC0003446,SD007,Starbucks - Hillcrest,Hillcrest,suburban,2024-11-04,Monday,11,135,97,38,150,119,31,11.11,Sunny,65,No,None,Fall,Very High
FC0003447,SD007,Starbucks - Hillcrest,Hillcrest,suburban,2024-11-04,Monday,12,111,77,34,116,81,35,4.5,Sunny,65,No,None,Fall,Very High
FC0003448,SD007,Starbucks - Hillcrest,Hillcrest,suburban,2024-11-04,Monday,14,121,90,31,129,95,34,6.61,Sunny,65,No,None,Fall,Very High
FC0003449,SD007,Starbucks - Hillcrest,Hillcrest,suburban,2024-11-04,Monday,16,107,75,32,102,77,25,-4.67,Sunny,65,No,None,Fall,Very High
FC0003450,SD007,Starbucks - Hillcrest,Hillcrest,suburban,2024-11-04,Monday,21,13,9,4,13,9,4,0.0,Sunny,65,No,None,Fall,Low
FC0003451,SD007,Starbucks - Hillcrest,Hillcrest,suburban,2024-11-11,Monday,6,21,16,5,19,12,7,-9.52,Sunny,72,No,None,Fall,Low
FC0003452,SD007,Starbucks - Hillcrest,Hillcrest,suburban,2024-11-11,Monday,7,117,80,37,117,85,32,0.0,Sunny,72,No,None,Fall,Very High
FC0003453,SD007,Starbucks - Hillcrest,Hillcrest,suburban,2024-11-11,Monday,8,121,92,29,109,72,37,-9.92,Sunny,72,No,None,Fall,Very High
FC0003454,SD007,Starbucks - Hillcrest,Hillcrest,suburban,2024-11-11,Monday,9,137,102,35,134,98,36,-2.19,Sunny,72,No,None,Fall,Very High
FC0003455,SD007,Starbucks - Hillcrest,Hillcrest,suburban,2024-11-11,Monday,10,76,55,21,75,59,16,-1.32,Sunny,72,No,None,Fall,High
FC0003456,SD007,Starbucks - Hillcrest,Hillcrest,suburban,2024-11-11,Monday,11,116,88,28,109,72,37,-6.03,Sunny,72,No,None,Fall,Very High
FC0003457,SD007,Starbucks - Hillcrest,Hillcrest,suburban,2024-11-11,Monday,14,118,83,35,127,91,36,7.63,Sunny,72,No,None,Fall,Very High
FC0003458,SD007,Starbucks - Hillcrest,Hillcrest,suburban,2024-11-11,Monday,16,113,88,25,127,87,40,12.39,Sunny,72,No,None,Fall,Very High
FC0003459,SD007,Starbucks - Hillcrest,Hillcrest,suburban,2024-11-11,Monday,19,47,31,16,55,37,18,17.02,Sunny,72,No,None,Fall,Moderate
FC0003460,SD007,Starbucks - Hillcrest,Hillcrest,suburban,2024-11-11,Monday,21,17,12,5,18,13,5,5.88,Sunny,72,No,None,Fall,Low
FC0003461,SD007,Starbucks - Hillcrest,Hillcrest,suburban,2024-11-18,Monday,6,32,24,8,31,22,9,-3.12,Partly Cloudy,64,No,None,Fall,Moderate
FC0003462,SD007,Starbucks - Hillcrest,Hillcrest,suburban,2024-11-18,Monday,8,203,149,54,166,113,53,-18.23,Partly Cloudy,64,No,None,Fall,Very High
FC0003463,SD007,Starbucks - Hillcrest,Hillcrest,suburban,2024-11-18,Monday,13,139,106,33,138,94,44,-0.72,Partly Cloudy,64,No,None,Fall,Very High
FC0003464,SD007,Starbucks - Hillcrest,Hillcrest,suburban,2024-11-18,Monday,14,105,80,25,122,86,36,16.19,Partly Cloudy,64,No,None,Fall,Very High
FC0003465,SD007,Starbucks - Hillcrest,Hillcrest,suburban,2024-11-18,Monday,15,113,79,34,113,76,37,0.0,Partly Cloudy,64,No,None,Fall,Very High
FC0003466,SD007,Starbucks - Hillcrest,Hillcrest,suburban,2024-11-18,Monday,16,116,89,27,108,80,28,-6.9,Partly Cloudy,64,No,None,Fall,Very High
FC0003467,SD007,Starbucks - Hillcrest,Hillcrest,suburban,2024-11-18,Monday,17,114,84,30,115,82,33,0.88,Partly Cloudy,64,No,None,Fall,Very High
FC0003468,SD007,Starbucks - Hillcrest,Hillcrest,suburban,2024-11-18,Monday,18,47,35,12,46,30,16,-2.13,Partly Cloudy,64,No,None,Fall,Moderate
FC0003469,SD007,Starbucks - Hillcrest,Hillcrest,suburban,2024-11-18,Monday,19,62,47,15,62,41,21,0.0,Partly Cloudy,64,No,None,Fall,High
FC0003470,SD007,Starbucks - Hillcrest,Hillcrest,suburban,2024-11-18,Monday,20,42,30,12,38,26,12,-9.52,Partly Cloudy,64,No,None,Fall,Moderate
FC0003471,SD007,Starbucks - Hillcrest,Hillcrest,suburban,2024-11-25,Monday,8,171,123,48,167,129,38,-2.34,Sunny,68,No,None,Fall,Very High
FC0003472,SD007,Starbucks - Hillcrest,Hillcrest,suburban,2024-11-25,Monday,11,119,83,36,132,94,38,10.92,Sunny,68,No,None,Fall,Very High
FC0003473,SD007,Starbucks - Hillcrest,Hillcrest,suburban,2024-11-25,Monday,12,161,110,51,144,102,42,-10.56,Sunny,68,No,None,Fall,Very High
FC0003474,SD007,Starbucks - Hillcrest,Hillcrest,suburban,2024-11-25,Monday,14,132,99,33,128,94,34,-3.03,Sunny,68,No,None,Fall,Very High
FC0003475,SD007,Starbucks - Hillcrest,Hillcrest,suburban,2024-11-25,Monday,15,64,44,20,54,38,16,-15.62,Sunny,68,No,None,Fall,Moderate
FC0003476,SD007,Starbucks - Hillcrest,Hillcrest,suburban,2024-11-25,Monday,16,112,85,27,103,78,25,-8.04,Sunny,68,No,None,Fall,Very High
FC0003477,SD007,Starbucks - Hillcrest,Hillcrest,suburban,2024-11-25,Monday,18,45,32,13,48,35,13,6.67,Sunny,68,No,None,Fall,Moderate
FC0003478,SD007,Starbucks - Hillcrest,Hillcrest,suburban,2024-11-25,Monday,19,49,37,12,56,42,14,14.29,Sunny,68,No,None,Fall,Moderate
FC0003479,SD007,Starbucks - Hillcrest,Hillcrest,suburban,2024-11-25,Monday,20,43,29,14,44,30,14,2.33,Sunny,68,No,None,Fall,Moderate
FC0003480,SD007,Starbucks - Hillcrest,Hillcrest,suburban,2024-11-25,Monday,21,24,17,7,22,17,5,-8.33,Sunny,68,No,None,Fall,Low
FC0003481,SD007,Starbucks - Hillcrest,Hillcrest,suburban,2024-12-02,Monday,6,24,16,8,23,15,8,-4.17,Overcast,67,No,None,Winter,Low
FC0003482,SD007,Starbucks - Hillcrest,Hillcrest,suburban,2024-12-02,Monday,9,171,117,54,139,99,40,-18.71,Overcast,67,No,None,Winter,Very High
FC0003483,SD007,Starbucks - Hillcrest,Hillcrest,suburban,2024-12-02,Monday,10,106,81,25,108,85,23,1.89,Overcast,67,No,None,Winter,Very High
FC0003484,SD007,Starbucks - Hillcrest,Hillcrest,suburban,2024-12-02,Monday,11,118,81,37,109,84,25,-7.63,Overcast,67,No,None,Winter,Very High
FC0003485,SD007,Starbucks - Hillcrest,Hillcrest,suburban,2024-12-02,Monday,14,91,69,22,103,79,24,13.19,Overcast,67,No,None,Winter,Very High
FC0003486,SD007,Starbucks - Hillcrest,Hillcrest,suburban,2024-12-02,Monday,15,108,77,31,116,77,39,7.41,Overcast,67,No,None,Winter,Very High
FC0003487,SD007,Starbucks - Hillcrest,Hillcrest,suburban,2024-12-02,Monday,17,118,86,32,119,79,40,0.85,Overcast,67,No,None,Winter,Very High
FC0003488,SD007,Starbucks - Hillcrest,Hillcrest,suburban,2024-12-02,Monday,18,75,51,24,81,59,22,8.0,Overcast,67,No,None,Winter,High
FC0003489,SD007,Starbucks - Hillcrest,Hillcrest,suburban,2024-12-02,Monday,20,25,17,8,26,19,7,4.0,Overcast,67,No,None,Winter,Low
FC0003490,SD007,Starbucks - Hillcrest,Hillcrest,suburban,2024-12-02,Monday,21,14,10,4,14,9,5,0.0,Overcast,67,No,None,Winter,Low
FC0003491,SD007,Starbucks - Hillcrest,Hillcrest,suburban,2024-12-09,Monday,6,21,14,7,20,13,7,-4.76,Partly Cloudy,59,No,None,Winter,Low
FC0003492,SD007,Starbucks - Hillcrest,Hillcrest,suburban,2024-12-09,Monday,7,119,92,27,113,89,24,-5.04,Partly Cloudy,59,No,None,Winter,Very High
FC0003493,SD007,Starbucks - Hillcrest,Hillcrest,suburban,2024-12-09,Monday,8,123,89,34,117,86,31,-4.88,Partly Cloudy,59,No,None,Winter,Very High
FC0003494,SD007,Starbucks - Hillcrest,Hillcrest,suburban,2024-12-09,Monday,10,141,100,41,138,101,37,-2.13,Partly Cloudy,59,No,None,Winter,Very High
FC0003495,SD007,Starbucks - Hillcrest,Hillcrest,suburban,2024-12-09,Monday,11,94,68,26,92,72,20,-2.13,Partly Cloudy,59,No,None,Winter,High
FC0003496,SD007,Starbucks - Hillcrest,Hillcrest,suburban,2024-12-09,Monday,13,113,84,29,116,84,32,2.65,Partly Cloudy,59,No,None,Winter,Very High
FC0003497,SD007,Starbucks - Hillcrest,Hillcrest,suburban,2024-12-09,Monday,16,101,75,26,97,74,23,-3.96,Partly Cloudy,59,No,None,Winter,High
FC0003498,SD007,Starbucks - Hillcrest,Hillcrest,suburban,2024-12-09,Monday,17,76,53,23,82,61,21,7.89,Partly Cloudy,59,No,None,Winter,High
FC0003499,SD007,Starbucks - Hillcrest,Hillcrest,suburban,2024-12-09,Monday,19,42,31,11,45,32,13,7.14,Partly Cloudy,59,No,None,Winter,Moderate
FC0003500,SD007,Starbucks - Hillcrest,Hillcrest,suburban,2024-12-09,Monday,21,21,14,7,22,17,5,4.76,Partly Cloudy,59,No,None,Winter,Low
FC0003501,SD008,Starbucks - San Diego Airport,Airport,transportation,2024-01-01,Monday,6,66,48,18,69,47,22,4.55,Overcast,63,No,None,Winter,High
FC0003502,SD008,Starbucks - San Diego Airport,Airport,transportation,2024-01-01,Monday,7,137,97,40,127,100,27,-7.3,Overcast,63,No,None,Winter,Very High
FC0003503,SD008,Starbucks - San Diego Airport,Airport,transportation,2024-01-01,Monday,8,280,211,69,294,218,76,5.0,Overcast,63,No,None,Winter,Very High
FC0003504,SD008,Starbucks - San Diego Airport,Airport,transportation,2024-01-01,Monday,12,161,114,47,178,119,59,10.56,Overcast,63,No,None,Winter,Very High
FC0003505,SD008,Starbucks - San Diego Airport,Airport,transportation,2024-01-01,Monday,13,119,82,37,127,100,27,6.72,Overcast,63,No,None,Winter,Very High
FC0003506,SD008,Starbucks - San Diego Airport,Airport,transportation,2024-01-01,Monday,15,76,53,23,81,56,25,6.58,Overcast,63,No,None,Winter,High
FC0003507,SD008,Starbucks - San Diego Airport,Airport,transportation,2024-01-01,Monday,17,177,125,52,186,140,46,5.08,Overcast,63,No,None,Winter,Very High
FC0003508,SD008,Starbucks - San Diego Airport,Airport,transportation,2024-01-01,Monday,18,84,64,20,100,70,30,19.05,Overcast,63,No,None,Winter,Very High
FC0003509,SD008,Starbucks - San Diego Airport,Airport,transportation,2024-01-01,Monday,19,33,24,9,31,22,9,-6.06,Overcast,63,No,None,Winter,Moderate
FC0003510,SD008,Starbucks - San Diego Airport,Airport,transportation,2024-01-01,Monday,20,43,29,14,44,33,11,2.33,Overcast,63,No,None,Winter,Moderate
FC0003511,SD008,Starbucks - San Diego Airport,Airport,transportation,2024-01-08,Monday,6,52,40,12,54,42,12,3.85,Overcast,63,No,None,Winter,Moderate
FC0003512,SD008,Starbucks - San Diego Airport,Airport,transportation,2024-01-08,Monday,7,104,73,31,112,84,28,7.69,Overcast,63,No,None,Winter,Very High
FC0003513,SD008,Starbucks - San Diego Airport,Airport,transportation,2024-01-08,Monday,8,291,224,67,247,197,50,-15.12,Overcast,63,No,None,Winter,Very High
FC0003514,SD008,Starbucks - San Diego Airport,Airport,transportation,2024-01-08,Monday,9,155,112,43,161,106,55,3.87,Overcast,63,No,None,Winter,Very High
FC0003515,SD008,Starbucks - San Diego Airport,Airport,transportation,2024-01-08,Monday,11,77,52,25,62,42,20,-19.48,Overcast,63,No,None,Winter,High
FC0003516,SD008,Starbucks - San Diego Airport,Airport,transportation,2024-01-08,Monday,13,123,89,34,126,95,31,2.44,Overcast,63,No,None,Winter,Very High
FC0003517,SD008,Starbucks - San Diego Airport,Airport,transportation,2024-01-08,Monday,15,89,60,29,85,60,25,-4.49,Overcast,63,No,None,Winter,High
FC0003518,SD008,Starbucks - San Diego Airport,Airport,transportation,2024-01-08,Monday,16,105,75,30,107,81,26,1.9,Overcast,63,No,None,Winter,Very High
FC0003519,SD008,Starbucks - San Diego Airport,Airport,transportation,2024-01-08,Monday,18,60,41,19,58,40,18,-3.33,Overcast,63,No,None,Winter,Moderate
FC0003520,SD008,Starbucks - San Diego Airport,Airport,transportation,2024-01-08,Monday,21,17,12,5,15,11,4,-11.76,Overcast,63,No,None,Winter,Low
FC0003521,SD008,Starbucks - San Diego Airport,Airport,transportation,2024-01-15,Monday,6,63,44,19,50,34,16,-20.63,Sunny,58,No,None,Winter,Moderate
FC0003522,SD008,Starbucks - San Diego Airport,Airport,transportation,2024-01-15,Monday,7,139,108,31,132,103,29,-5.04,Sunny,58,No,None,Winter,Very High
FC0003523,SD008,Starbucks - San Diego Airport,Airport,transportation,2024-01-15,Monday,8,334,233,101,333,258,75,-0.3,Sunny,58,No,None,Winter,Very High
FC0003524,SD008,Starbucks - San Diego Airport,Airport,transportation,2024-01-15,Monday,10,147,111,36,163,110,53,10.88,Sunny,58,No,None,Winter,Very High
FC0003525,SD008,Starbucks - San Diego Airport,Airport,transportation,2024-01-15,Monday,11,114,80,34,102,77,25,-10.53,Sunny,58,No,None,Winter,Very High
FC0003526,SD008,Starbucks - San Diego Airport,Airport,transportation,2024-01-15,Monday,12,133,97,36,140,93,47,5.26,Sunny,58,No,None,Winter,Very High
FC0003527,SD008,Starbucks - San Diego Airport,Airport,transportation,2024-01-15,Monday,13,146,104,42,140,111,29,-4.11,Sunny,58,No,None,Winter,Very High
FC0003528,SD008,Starbucks - San Diego Airport,Airport,transportation,2024-01-15,Monday,16,122,92,30,118,85,33,-3.28,Sunny,58,No,None,Winter,Very High
FC0003529,SD008,Starbucks - San Diego Airport,Airport,transportation,2024-01-15,Monday,17,172,123,49,170,122,48,-1.16,Sunny,58,No,None,Winter,Very High
FC0003530,SD008,Starbucks - San Diego Airport,Airport,transportation,2024-01-15,Monday,20,43,30,13,45,30,15,4.65,Sunny,58,No,None,Winter,Moderate
FC0003531,SD008,Starbucks - San Diego Airport,Airport,transportation,2024-01-22,Monday,6,57,40,17,52,40,12,-8.77,Marine Layer,63,No,None,Winter,Moderate
FC0003532,SD008,Starbucks - San Diego Airport,Airport,transportation,2024-01-22,Monday,7,199,144,55,222,160,62,11.56,Marine Layer,63,No,None,Winter,Very High
FC0003533,SD008,Starbucks - San Diego Airport,Airport,transportation,2024-01-22,Monday,8,188,136,52,189,127,62,0.53,Marine Layer,63,No,None,Winter,Very High
FC0003534,SD008,Starbucks - San Diego Airport,Airport,transportation,2024-01-22,Monday,9,115,81,34,106,82,24,-7.83,Marine Layer,63,No,None,Winter,Very High
FC0003535,SD008,Starbucks - San Diego Airport,Airport,transportation,2024-01-22,Monday,13,83,56,27,84,58,26,1.2,Marine Layer,63,No,None,Winter,High
FC0003536,SD008,Starbucks - San Diego Airport,Airport,transportation,2024-01-22,Monday,14,125,88,37,128,90,38,2.4,Marine Layer,63,No,None,Winter,Very High
FC0003537,SD008,Starbucks - San Diego Airport,Airport,transportation,2024-01-22,Monday,17,192,139,53,184,144,40,-4.17,Marine Layer,63,No,None,Winter,Very High
FC0003538,SD008,Starbucks - San Diego Airport,Airport,transportation,2024-01-22,Monday,19,49,37,12,47,34,13,-4.08,Marine Layer,63,No,None,Winter,Moderate
FC0003539,SD008,Starbucks - San Diego Airport,Airport,transportation,2024-01-22,Monday,20,29,21,8,28,18,10,-3.45,Marine Layer,63,No,None,Winter,Low
FC0003540,SD008,Starbucks - San Diego Airport,Airport,transportation,2024-01-22,Monday,21,20,14,6,24,18,6,20.0,Marine Layer,63,No,None,Winter,Low
FC0003541,SD008,Starbucks - San Diego Airport,Airport,transportation,2024-01-29,Monday,6,46,33,13,44,34,10,-4.35,Partly Cloudy,58,No,None,Winter,Moderate
FC0003542,SD008,Starbucks - San Diego Airport,Airport,transportation,2024-01-29,Monday,8,230,169,61,226,168,58,-1.74,Partly Cloudy,58,No,None,Winter,Very High
FC0003543,SD008,Starbucks - San Diego Airport,Airport,transportation,2024-01-29,Monday,9,151,112,39,155,115,40,2.65,Partly Cloudy,58,No,None,Winter,Very High
FC0003544,SD008,Starbucks - San Diego Airport,Airport,transportation,2024-01-29,Monday,10,103,78,25,105,78,27,1.94,Partly Cloudy,58,No,None,Winter,Very High
FC0003545,SD008,Starbucks - San Diego Airport,Airport,transportation,2024-01-29,Monday,12,92,70,22,93,70,23,1.09,Partly Cloudy,58,No,None,Winter,High
FC0003546,SD008,Starbucks - San Diego Airport,Airport,transportation,2024-01-29,Monday,13,142,97,45,140,96,44,-1.41,Partly Cloudy,58,No,None,Winter,Very High
FC0003547,SD008,Starbucks - San Diego Airport,Airport,transportation,2024-01-29,Monday,15,104,71,33,115,87,28,10.58,Partly Cloudy,58,No,None,Winter,Very High
FC0003548,SD008,Starbucks - San Diego Airport,Airport,transportation,2024-01-29,Monday,16,103,70,33,110,81,29,6.8,Partly Cloudy,58,No,None,Winter,Very High
FC0003549,SD008,Starbucks - San Diego Airport,Airport,transportation,2024-01-29,Monday,20,21,16,5,19,13,6,-9.52,Partly Cloudy,58,No,None,Winter,Low
FC0003550,SD008,Starbucks - San Diego Airport,Airport,transportation,2024-01-29,Monday,21,16,12,4,16,11,5,0.0,Partly Cloudy,58,No,None,Winter,Low
FC0003551,SD008,Starbucks - San Diego Airport,Airport,transportation,2024-02-05,Monday,7,143,110,33,137,106,31,-4.2,Overcast,60,No,None,Winter,Very High
FC0003552,SD008,Starbucks - San Diego Airport,Airport,transportation,2024-02-05,Monday,8,334,227,107,348,241,107,4.19,Overcast,60,No,None,Winter,Very High
FC0003553,SD008,Starbucks - San Diego Airport,Airport,transportation,2024-02-05,Monday,11,62,42,20,71,54,17,14.52,Overcast,60,No,None,Winter,High
FC0003554,SD008,Starbucks - San Diego Airport,Airport,transportation,2024-02-05,Monday,12,104,71,33,97,71,26,-6.73,Overcast,60,No,None,Winter,High
FC0003555,SD008,Starbucks - San Diego Airport,Airport,transportation,2024-02-05,Monday,13,117,80,37,127,90,37,8.55,Overcast,60,No,None,Winter,Very High
FC0003556,SD008,Starbucks - San Diego Airport,Airport,transportation,2024-02-05,Monday,14,100,77,23,109,86,23,9.0,Overcast,60,No,None,Winter,Very High
FC0003557,SD008,Starbucks - San Diego Airport,Airport,transportation,2024-02-05,Monday,15,88,60,28,93,74,19,5.68,Overcast,60,No,None,Winter,High
FC0003558,SD008,Starbucks - San Diego Airport,Airport,transportation,2024-02-05,Monday,16,178,130,48,192,139,53,7.87,Overcast,60,No,None,Winter,Very High
FC0003559,SD008,Starbucks - San Diego Airport,Airport,transportation,2024-02-05,Monday,17,147,110,37,137,107,30,-6.8,Overcast,60,No,None,Winter,Very High
FC0003560,SD008,Starbucks - San Diego Airport,Airport,transportation,2024-02-05,Monday,19,62,42,20,59,42,17,-4.84,Overcast,60,No,None,Winter,Moderate
FC0003561,SD008,Starbucks - San Diego Airport,Airport,transportation,2024-02-12,Monday,6,37,25,12,38,26,12,2.7,Partly Cloudy,65,No,None,Winter,Moderate
FC0003562,SD008,Starbucks - San Diego Airport,Airport,transportation,2024-02-12,Monday,7,169,118,51,168,113,55,-0.59,Partly Cloudy,65,No,None,Winter,Very High
FC0003563,SD008,Starbucks - San Diego Airport,Airport,transportation,2024-02-12,Monday,8,322,221,101,361,259,102,12.11,Partly Cloudy,65,No,None,Winter,Very High
FC0003564,SD008,Starbucks - San Diego Airport,Airport,transportation,2024-02-12,Monday,9,174,124,50,193,131,62,10.92,Partly Cloudy,65,No,None,Winter,Very High
FC0003565,SD008,Starbucks - San Diego Airport,Airport,transportation,2024-02-12,Monday,10,125,95,30,130,96,34,4.0,Partly Cloudy,65,No,None,Winter,Very High
FC0003566,SD008,Starbucks - San Diego Airport,Airport,transportation,2024-02-12,Monday,11,118,84,34,126,84,42,6.78,Partly Cloudy,65,No,None,Winter,Very High
FC0003567,SD008,Starbucks - San Diego Airport,Airport,transportation,2024-02-12,Monday,15,91,67,24,100,70,30,9.89,Partly Cloudy,65,No,None,Winter,Very High
FC0003568,SD008,Starbucks - San Diego Airport,Airport,transportation,2024-02-12,Monday,16,108,79,29,109,83,26,0.93,Partly Cloudy,65,No,None,Winter,Very High
FC0003569,SD008,Starbucks - San Diego Airport,Airport,transportation,2024-02-12,Monday,19,32,22,10,33,25,8,3.12,Partly Cloudy,65,No,None,Winter,Moderate
FC0003570,SD008,Starbucks - San Diego Airport,Airport,transportation,2024-02-12,Monday,21,21,14,7,22,15,7,4.76,Partly Cloudy,65,No,None,Winter,Low
FC0003571,SD008,Starbucks - San Diego Airport,Airport,transportation,2024-02-19,Monday,6,33,23,10,34,25,9,3.03,Marine Layer,62,No,None,Winter,Moderate
FC0003572,SD008,Starbucks - San Diego Airport,Airport,transportation,2024-02-19,Monday,8,194,145,49,157,115,42,-19.07,Marine Layer,62,No,None,Winter,Very High
FC0003573,SD008,Starbucks - San Diego Airport,Airport,transportation,2024-02-19,Monday,9,112,86,26,108,76,32,-3.57,Marine Layer,62,No,None,Winter,Very High
FC0003574,SD008,Starbucks - San Diego Airport,Airport,transportation,2024-02-19,Monday,10,121,85,36,135,89,46,11.57,Marine Layer,62,No,None,Winter,Very High
FC0003575,SD008,Starbucks - San Diego Airport,Airport,transportation,2024-02-19,Monday,14,88,65,23,103,76,27,17.05,Marine Layer,62,No,None,Winter,Very High
FC0003576,SD008,Starbucks - San Diego Airport,Airport,transportation,2024-02-19,Monday,15,91,64,27,93,65,28,2.2,Marine Layer,62,No,None,Winter,High
FC0003577,SD008,Starbucks - San Diego Airport,Airport,transportation,2024-02-19,Monday,17,170,120,50,180,119,61,5.88,Marine Layer,62,No,None,Winter,Very High
FC0003578,SD008,Starbucks - San Diego Airport,Airport,transportation,2024-02-19,Monday,19,60,42,18,59,42,17,-1.67,Marine Layer,62,No,None,Winter,Moderate
FC0003579,SD008,Starbucks - San Diego Airport,Airport,transportation,2024-02-19,Monday,20,30,23,7,29,19,10,-3.33,Marine Layer,62,No,None,Winter,Low
FC0003580,SD008,Starbucks - San Diego Airport,Airport,transportation,2024-02-19,Monday,21,22,15,7,21,15,6,-4.55,Marine Layer,62,No,None,Winter,Low
FC0003581,SD008,Starbucks - San Diego Airport,Airport,transportation,2024-02-26,Monday,7,111,80,31,97,76,21,-12.61,Marine Layer,66,No,None,Winter,High
FC0003582,SD008,Starbucks - San Diego Airport,Airport,transportation,2024-02-26,Monday,9,119,87,32,116,91,25,-2.52,Marine Layer,66,No,None,Winter,Very High
FC0003583,SD008,Starbucks - San Diego Airport,Airport,transportation,2024-02-26,Monday,10,101,74,27,102,77,25,0.99,Marine Layer,66,No,None,Winter,Very High
FC0003584,SD008,Starbucks - San Diego Airport,Airport,transportation,2024-02-26,Monday,11,71,54,17,75,57,18,5.63,Marine Layer,66,No,None,Winter,High
FC0003585,SD008,Starbucks - San Diego Airport,Airport,transportation,2024-02-26,Monday,12,99,73,26,104,68,36,5.05,Marine Layer,66,No,None,Winter,Very High
FC0003586,SD008,Starbucks - San Diego Airport,Airport,transportation,2024-02-26,Monday,13,138,94,44,136,93,43,-1.45,Marine Layer,66,No,None,Winter,Very High
FC0003587,SD008,Starbucks - San Diego Airport,Airport,transportation,2024-02-26,Monday,15,108,81,27,108,85,23,0.0,Marine Layer,66,No,None,Winter,Very High
FC0003588,SD008,Starbucks - San Diego Airport,Airport,transportation,2024-02-26,Monday,17,111,85,26,113,79,34,1.8,Marine Layer,66,No,None,Winter,Very High
FC0003589,SD008,Starbucks - San Diego Airport,Airport,transportation,2024-02-26,Monday,18,51,36,15,53,39,14,3.92,Marine Layer,66,No,None,Winter,Moderate
FC0003590,SD008,Starbucks - San Diego Airport,Airport,transportation,2024-02-26,Monday,20,25,17,8,27,18,9,8.0,Marine Layer,66,No,None,Winter,Low
FC0003591,SD008,Starbucks - San Diego Airport,Airport,transportation,2024-03-04,Monday,6,32,24,8,31,21,10,-3.12,Partly Cloudy,69,No,None,Spring,Moderate
FC0003592,SD008,Starbucks - San Diego Airport,Airport,transportation,2024-03-04,Monday,8,351,265,86,335,258,77,-4.56,Partly Cloudy,69,No,None,Spring,Very High
FC0003593,SD008,Starbucks - San Diego Airport,Airport,transportation,2024-03-04,Monday,9,122,87,35,122,95,27,0.0,Partly Cloudy,69,No,None,Spring,Very High
FC0003594,SD008,Starbucks - San Diego Airport,Airport,transportation,2024-03-04,Monday,10,126,95,31,101,77,24,-19.84,Partly Cloudy,69,No,None,Spring,Very High
FC0003595,SD008,Starbucks - San Diego Airport,Airport,transportation,2024-03-04,Monday,12,117,87,30,104,79,25,-11.11,Partly Cloudy,69,No,None,Spring,Very High
FC0003596,SD008,Starbucks - San Diego Airport,Airport,transportation,2024-03-04,Monday,13,126,96,30,131,95,36,3.97,Partly Cloudy,69,No,None,Spring,Very High
FC0003597,SD008,Starbucks - San Diego Airport,Airport,transportation,2024-03-04,Monday,17,148,113,35,169,126,43,14.19,Partly Cloudy,69,No,None,Spring,Very High
FC0003598,SD008,Starbucks - San Diego Airport,Airport,transportation,2024-03-04,Monday,18,66,49,17,66,49,17,0.0,Partly Cloudy,69,No,None,Spring,High
FC0003599,SD008,Starbucks - San Diego Airport,Airport,transportation,2024-03-04,Monday,19,40,27,13,41,27,14,2.5,Partly Cloudy,69,No,None,Spring,Moderate
FC0003600,SD008,Starbucks - San Diego Airport,Airport,transportation,2024-03-04,Monday,21,17,13,4,15,11,4,-11.76,Partly Cloudy,69,No,None,Spring,Low
FC0003601,SD008,Starbucks - San Diego Airport,Airport,transportation,2024-03-11,Monday,6,34,25,9,37,29,8,8.82,Partly Cloudy,64,No,None,Spring,Moderate
FC0003602,SD008,Starbucks - San Diego Airport,Airport,transportation,2024-03-11,Monday,9,152,109,43,148,102,46,-2.63,Partly Cloudy,64,No,None,Spring,Very High
FC0003603,SD008,Starbucks - San Diego Airport,Airport,transportation,2024-03-11,Monday,10,132,90,42,136,89,47,3.03,Partly Cloudy,64,No,None,Spring,Very High
FC0003604,SD008,Starbucks - San Diego Airport,Airport,transportation,2024-03-11,Monday,11,85,59,26,87,63,24,2.35,Partly Cloudy,64,No,None,Spring,High
FC0003605,SD008,Starbucks - San Diego Airport,Airport,transportation,2024-03-11,Monday,12,134,99,35,145,115,30,8.21,Partly Cloudy,64,No,None,Spring,Very High
FC0003606,SD008,Starbucks - San Diego Airport,Airport,transportation,2024-03-11,Monday,13,105,78,27,93,67,26,-11.43,Partly Cloudy,64,No,None,Spring,High
FC0003607,SD008,Starbucks - San Diego Airport,Airport,transportation,2024-03-11,Monday,14,133,100,33,126,85,41,-5.26,Partly Cloudy,64,No,None,Spring,Very High
FC0003608,SD008,Starbucks - San Diego Airport,Airport,transportation,2024-03-11,Monday,18,75,55,20,75,55,20,0.0,Partly Cloudy,64,No,None,Spring,High
FC0003609,SD008,Starbucks - San Diego Airport,Airport,transportation,2024-03-11,Monday,19,38,28,10,39,29,10,2.63,Partly Cloudy,64,No,None,Spring,Moderate
FC0003610,SD008,Starbucks - San Diego Airport,Airport,transportation,2024-03-11,Monday,21,14,10,4,15,10,5,7.14,Partly Cloudy,64,No,None,Spring,Low
FC0003611,SD008,Starbucks - San Diego Airport,Airport,transportation,2024-03-18,Monday,7,130,101,29,122,92,30,-6.15,Partly Cloudy,62,No,None,Spring,Very High
FC0003612,SD008,Starbucks - San Diego Airport,Airport,transportation,2024-03-18,Monday,8,262,202,60,239,187,52,-8.78,Partly Cloudy,62,No,None,Spring,Very High
FC0003613,SD008,Starbucks - San Diego Airport,Airport,transportation,2024-03-18,Monday,11,134,101,33,127,84,43,-5.22,Partly Cloudy,62,No,None,Spring,Very High
FC0003614,SD008,Starbucks - San Diego Airport,Airport,transportation,2024-03-18,Monday,12,128,97,31,128,89,39,0.0,Partly Cloudy,62,No,None,Spring,Very High
FC0003615,SD008,Starbucks - San Diego Airport,Airport,transportation,2024-03-18,Monday,13,102,71,31,107,78,29,4.9,Partly Cloudy,62,No,None,Spring,Very High
FC0003616,SD008,Starbucks - San Diego Airport,Airport,transportation,2024-03-18,Monday,14,96,66,30,89,63,26,-7.29,Partly Cloudy,62,No,None,Spring,High
FC0003617,SD008,Starbucks - San Diego Airport,Airport,transportation,2024-03-18,Monday,15,114,83,31,99,71,28,-13.16,Partly Cloudy,62,No,None,Spring,High
FC0003618,SD008,Starbucks - San Diego Airport,Airport,transportation,2024-03-18,Monday,17,112,78,34,111,76,35,-0.89,Partly Cloudy,62,No,None,Spring,Very High
FC0003619,SD008,Starbucks - San Diego Airport,Airport,transportation,2024-03-18,Monday,18,77,58,19,84,59,25,9.09,Partly Cloudy,62,No,None,Spring,High
FC0003620,SD008,Starbucks - San Diego Airport,Airport,transportation,2024-03-18,Monday,20,36,25,11,32,21,11,-11.11,Partly Cloudy,62,No,None,Spring,Moderate
FC0003621,SD008,Starbucks - San Diego Airport,Airport,transportation,2024-03-25,Monday,8,313,218,95,298,218,80,-4.79,Sunny,62,No,None,Spring,Very High
FC0003622,SD008,Starbucks - San Diego Airport,Airport,transportation,2024-03-25,Monday,9,103,74,29,117,85,32,13.59,Sunny,62,No,None,Spring,Very High
FC0003623,SD008,Starbucks - San Diego Airport,Airport,transportation,2024-03-25,Monday,10,91,70,21,101,76,25,10.99,Sunny,62,No,None,Spring,Very High
FC0003624,SD008,Starbucks - San Diego Airport,Airport,transportation,2024-03-25,Monday,12,99,70,29,106,80,26,7.07,Sunny,62,No,None,Spring,Very High
FC0003625,SD008,Starbucks - San Diego Airport,Airport,transportation,2024-03-25,Monday,13,123,85,38,121,95,26,-1.63,Sunny,62,No,None,Spring,Very High
FC0003626,SD008,Starbucks - San Diego Airport,Airport,transportation,2024-03-25,Monday,14,130,94,36,127,91,36,-2.31,Sunny,62,No,None,Spring,Very High
FC0003627,SD008,Starbucks - San Diego Airport,Airport,transportation,2024-03-25,Monday,15,80,55,25,88,59,29,10.0,Sunny,62,No,None,Spring,High
FC0003628,SD008,Starbucks - San Diego Airport,Airport,transportation,2024-03-25,Monday,17,99,72,27,90,69,21,-9.09,Sunny,62,No,None,Spring,High
FC0003629,SD008,Starbucks - San Diego Airport,Airport,transportation,2024-03-25,Monday,20,20,14,6,21,15,6,5.0,Sunny,62,No,None,Spring,Low
FC0003630,SD008,Starbucks - San Diego Airport,Airport,transportation,2024-03-25,Monday,21,13,9,4,12,8,4,-7.69,Sunny,62,No,None,Spring,Low
FC0003631,SD008,Starbucks - San Diego Airport,Airport,transportation,2024-04-01,Monday,6,43,30,13,43,34,9,0.0,Marine Layer,70,No,None,Spring,Moderate
FC0003632,SD008,Starbucks - San Diego Airport,Airport,transportation,2024-04-01,Monday,7,197,138,59,203,160,43,3.05,Marine Layer,70,No,None,Spring,Very High
FC0003633,SD008,Starbucks - San Diego Airport,Airport,transportation,2024-04-01,Monday,8,230,163,67,270,204,66,17.39,Marine Layer,70,No,None,Spring,Very High
FC0003634,SD008,Starbucks - San Diego Airport,Airport,transportation,2024-04-01,Monday,9,160,114,46,172,124,48,7.5,Marine Layer,70,No,None,Spring,Very High
FC0003635,SD008,Starbucks - San Diego Airport,Airport,transportation,2024-04-01,Monday,10,115,80,35,128,92,36,11.3,Marine Layer,70,No,None,Spring,Very High
FC0003636,SD008,Starbucks - San Diego Airport,Airport,transportation,2024-04-01,Monday,11,64,49,15,64,42,22,0.0,Marine Layer,70,No,None,Spring,High
FC0003637,SD008,Starbucks - San Diego Airport,Airport,transportation,2024-04-01,Monday,15,94,67,27,96,71,25,2.13,Marine Layer,70,No,None,Spring,High
FC0003638,SD008,Starbucks - San Diego Airport,Airport,transportation,2024-04-01,Monday,17,143,104,39,148,114,34,3.5,Marine Layer,70,No,None,Spring,Very High
FC0003639,SD008,Starbucks - San Diego Airport,Airport,transportation,2024-04-01,Monday,18,72,52,20,68,47,21,-5.56,Marine Layer,70,No,None,Spring,High
FC0003640,SD008,Starbucks - San Diego Airport,Airport,transportation,2024-04-01,Monday,20,41,31,10,45,33,12,9.76,Marine Layer,70,No,None,Spring,Moderate
FC0003641,SD008,Starbucks - San Diego Airport,Airport,transportation,2024-04-08,Monday,6,58,41,17,59,47,12,1.72,Light Rain,64,No,None,Spring,Moderate
FC0003642,SD008,Starbucks - San Diego Airport,Airport,transportation,2024-04-08,Monday,8,180,124,56,182,145,37,1.11,Light Rain,64,No,None,Spring,Very High
FC0003643,SD008,Starbucks - San Diego Airport,Airport,transportation,2024-04-08,Monday,9,162,111,51,157,105,52,-3.09,Light Rain,64,No,None,Spring,Very High
FC0003644,SD008,Starbucks - San Diego Airport,Airport,transportation,2024-04-08,Monday,10,95,67,28,97,76,21,2.11,Light Rain,64,No,None,Spring,High
FC0003645,SD008,Starbucks - San Diego Airport,Airport,transportation,2024-04-08,Monday,11,127,89,38,114,79,35,-10.24,Light Rain,64,No,None,Spring,Very High
FC0003646,SD008,Starbucks - San Diego Airport,Airport,transportation,2024-04-08,Monday,12,102,71,31,111,79,32,8.82,Light Rain,64,No,None,Spring,Very High
FC0003647,SD008,Starbucks - San Diego Airport,Airport,transportation,2024-04-08,Monday,15,62,43,19,57,38,19,-8.06,Light Rain,64,No,None,Spring,Moderate
FC0003648,SD008,Starbucks - San Diego Airport,Airport,transportation,2024-04-08,Monday,16,117,90,27,113,74,39,-3.42,Light Rain,64,No,None,Spring,Very High
FC0003649,SD008,Starbucks - San Diego Airport,Airport,transportation,2024-04-08,Monday,17,117,81,36,128,93,35,9.4,Light Rain,64,No,None,Spring,Very High
FC0003650,SD008,Starbucks - San Diego Airport,Airport,transportation,2024-04-08,Monday,21,21,15,6,22,16,6,4.76,Light Rain,64,No,None,Spring,Low
FC0003651,SD008,Starbucks - San Diego Airport,Airport,transportation,2024-04-15,Monday,6,32,24,8,33,23,10,3.12,Sunny,70,No,None,Spring,Moderate
FC0003652,SD008,Starbucks - San Diego Airport,Airport,transportation,2024-04-15,Monday,8,347,237,110,336,222,114,-3.17,Sunny,70,No,None,Spring,Very High
FC0003653,SD008,Starbucks - San Diego Airport,Airport,transportation,2024-04-15,Monday,9,175,127,48,155,118,37,-11.43,Sunny,70,No,None,Spring,Very High
FC0003654,SD008,Starbucks - San Diego Airport,Airport,transportation,2024-04-15,Monday,11,87,62,25,82,56,26,-5.75,Sunny,70,No,None,Spring,High
FC0003655,SD008,Starbucks - San Diego Airport,Airport,transportation,2024-04-15,Monday,13,86,58,28,70,49,21,-18.6,Sunny,70,No,None,Spring,High
FC0003656,SD008,Starbucks - San Diego Airport,Airport,transportation,2024-04-15,Monday,15,71,50,21,63,43,20,-11.27,Sunny,70,No,None,Spring,High
FC0003657,SD008,Starbucks - San Diego Airport,Airport,transportation,2024-04-15,Monday,16,125,94,31,128,93,35,2.4,Sunny,70,No,None,Spring,Very High
FC0003658,SD008,Starbucks - San Diego Airport,Airport,transportation,2024-04-15,Monday,18,63,46,17,63,49,14,0.0,Sunny,70,No,None,Spring,High
FC0003659,SD008,Starbucks - San Diego Airport,Airport,transportation,2024-04-15,Monday,19,53,40,13,56,43,13,5.66,Sunny,70,No,None,Spring,Moderate
FC0003660,SD008,Starbucks - San Diego Airport,Airport,transportation,2024-04-15,Monday,20,23,16,7,22,16,6,-4.35,Sunny,70,No,None,Spring,Low
FC0003661,SD008,Starbucks - San Diego Airport,Airport,transportation,2024-04-22,Monday,8,322,236,86,351,271,80,9.01,Marine Layer,67,No,None,Spring,Very High
FC0003662,SD008,Starbucks - San Diego Airport,Airport,transportation,2024-04-22,Monday,9,120,87,33,119,94,25,-0.83,Marine Layer,67,No,None,Spring,Very High
FC0003663,SD008,Starbucks - San Diego Airport,Airport,transportation,2024-04-22,Monday,11,121,87,34,127,90,37,4.96,Marine Layer,67,No,None,Spring,Very High
FC0003664,SD008,Starbucks - San Diego Airport,Airport,transportation,2024-04-22,Monday,12,94,71,23,93,71,22,-1.06,Marine Layer,67,No,None,Spring,High
FC0003665,SD008,Starbucks - San Diego Airport,Airport,transportation,2024-04-22,Monday,13,113,87,26,123,96,27,8.85,Marine Layer,67,No,None,Spring,Very High
FC0003666,SD008,Starbucks - San Diego Airport,Airport,transportation,2024-04-22,Monday,14,128,96,32,131,97,34,2.34,Marine Layer,67,No,None,Spring,Very High
FC0003667,SD008,Starbucks - San Diego Airport,Airport,transportation,2024-04-22,Monday,15,118,91,27,132,95,37,11.86,Marine Layer,67,No,None,Spring,Very High
FC0003668,SD008,Starbucks - San Diego Airport,Airport,transportation,2024-04-22,Monday,17,150,116,34,135,91,44,-10.0,Marine Layer,67,No,None,Spring,Very High
FC0003669,SD008,Starbucks - San Diego Airport,Airport,transportation,2024-04-22,Monday,18,45,33,12,47,32,15,4.44,Marine Layer,67,No,None,Spring,Moderate
FC0003670,SD008,Starbucks - San Diego Airport,Airport,transportation,2024-04-22,Monday,21,19,14,5,21,16,5,10.53,Marine Layer,67,No,None,Spring,Low
FC0003671,SD008,Starbucks - San Diego Airport,Airport,transportation,2024-04-29,Monday,7,195,140,55,233,182,51,19.49,Sunny,66,No,None,Spring,Very High
FC0003672,SD008,Starbucks - San Diego Airport,Airport,transportation,2024-04-29,Monday,8,195,136,59,184,146,38,-5.64,Sunny,66,No,None,Spring,Very High
FC0003673,SD008,Starbucks - San Diego Airport,Airport,transportation,2024-04-29,Monday,9,122,90,32,124,82,42,1.64,Sunny,66,No,None,Spring,Very High
FC0003674,SD008,Starbucks - San Diego Airport,Airport,transportation,2024-04-29,Monday,12,149,102,47,156,106,50,4.7,Sunny,66,No,None,Spring,Very High
FC0003675,SD008,Starbucks - San Diego Airport,Airport,transportation,2024-04-29,Monday,13,98,75,23,101,70,31,3.06,Sunny,66,No,None,Spring,Very High
FC0003676,SD008,Starbucks - San Diego Airport,Airport,transportation,2024-04-29,Monday,14,63,49,14,61,44,17,-3.17,Sunny,66,No,None,Spring,High
FC0003677,SD008,Starbucks - San Diego Airport,Airport,transportation,2024-04-29,Monday,17,100,72,28,94,74,20,-6.0,Sunny,66,No,None,Spring,High
FC0003678,SD008,Starbucks - San Diego Airport,Airport,transportation,2024-04-29,Monday,18,47,35,12,42,28,14,-10.64,Sunny,66,No,None,Spring,Moderate
FC0003679,SD008,Starbucks - San Diego Airport,Airport,transportation,2024-04-29,Monday,20,39,27,12,38,26,12,-2.56,Sunny,66,No,None,Spring,Moderate
FC0003680,SD008,Starbucks - San Diego Airport,Airport,transportation,2024-04-29,Monday,21,25,18,7,22,16,6,-12.0,Sunny,66,No,None,Spring,Low
FC0003681,SD008,Starbucks - San Diego Airport,Airport,transportation,2024-05-06,Monday,6,56,41,15,51,37,14,-8.93,Partly Cloudy,74,No,None,Spring,Moderate
FC0003682,SD008,Starbucks - San Diego Airport,Airport,transportation,2024-05-06,Monday,7,145,105,40,142,110,32,-2.07,Partly Cloudy,74,No,None,Spring,Very High
FC0003683,SD008,Starbucks - San Diego Airport,Airport,transportation,2024-05-06,Monday,10,137,105,32,144,96,48,5.11,Partly Cloudy,74,No,None,Spring,Very High
FC0003684,SD008,Starbucks - San Diego Airport,Airport,transportation,2024-05-06,Monday,11,137,95,42,138,109,29,0.73,Partly Cloudy,74,No,None,Spring,Very High
FC0003685,SD008,Starbucks - San Diego Airport,Airport,transportation,2024-05-06,Monday,12,124,86,38,140,106,34,12.9,Partly Cloudy,74,No,None,Spring,Very High
FC0003686,SD008,Starbucks - San Diego Airport,Airport,transportation,2024-05-06,Monday,13,75,52,23,70,49,21,-6.67,Partly Cloudy,74,No,None,Spring,High
FC0003687,SD008,Starbucks - San Diego Airport,Airport,transportation,2024-05-06,Monday,14,116,88,28,117,92,25,0.86,Partly Cloudy,74,No,None,Spring,Very High
FC0003688,SD008,Starbucks - San Diego Airport,Airport,transportation,2024-05-06,Monday,16,140,99,41,145,98,47,3.57,Partly Cloudy,74,No,None,Spring,Very High
FC0003689,SD008,Starbucks - San Diego Airport,Airport,transportation,2024-05-06,Monday,20,41,30,11,44,35,9,7.32,Partly Cloudy,74,No,None,Spring,Moderate
FC0003690,SD008,Starbucks - San Diego Airport,Airport,transportation,2024-05-06,Monday,21,18,13,5,18,14,4,0.0,Partly Cloudy,74,No,None,Spring,Low
FC0003691,SD008,Starbucks - San Diego Airport,Airport,transportation,2024-05-13,Monday,6,67,49,18,52,38,14,-22.39,Partly Cloudy,66,No,None,Spring,Moderate
FC0003692,SD008,Starbucks - San Diego Airport,Airport,transportation,2024-05-13,Monday,7,140,104,36,134,88,46,-4.29,Partly Cloudy,66,No,None,Spring,Very High
FC0003693,SD008,Starbucks - San Diego Airport,Airport,transportation,2024-05-13,Monday,11,129,96,33,112,78,34,-13.18,Partly Cloudy,66,No,None,Spring,Very High
FC0003694,SD008,Starbucks - San Diego Airport,Airport,transportation,2024-05-13,Monday,12,98,72,26,103,69,34,5.1,Partly Cloudy,66,No,None,Spring,Very High
FC0003695,SD008,Starbucks - San Diego Airport,Airport,transportation,2024-05-13,Monday,13,128,94,34,124,85,39,-3.12,Partly Cloudy,66,No,None,Spring,Very High
FC0003696,SD008,Starbucks - San Diego Airport,Airport,transportation,2024-05-13,Monday,14,111,81,30,108,72,36,-2.7,Partly Cloudy,66,No,None,Spring,Very High
FC0003697,SD008,Starbucks - San Diego Airport,Airport,transportation,2024-05-13,Monday,17,157,107,50,169,115,54,7.64,Partly Cloudy,66,No,None,Spring,Very High
FC0003698,SD008,Starbucks - San Diego Airport,Airport,transportation,2024-05-13,Monday,18,96,74,22,101,79,22,5.21,Partly Cloudy,66,No,None,Spring,Very High
FC0003699,SD008,Starbucks - San Diego Airport,Airport,transportation,2024-05-13,Monday,20,27,18,9,25,17,8,-7.41,Partly Cloudy,66,No,None,Spring,Low
FC0003700,SD008,Starbucks - San Diego Airport,Airport,transportation,2024-05-13,Monday,21,26,20,6,25,16,9,-3.85,Partly Cloudy,66,No,None,Spring,Low
FC0003701,SD008,Starbucks - San Diego Airport,Airport,transportation,2024-05-20,Monday,6,50,34,16,55,37,18,10.0,Overcast,66,No,None,Spring,Moderate
FC0003702,SD008,Starbucks - San Diego Airport,Airport,transportation,2024-05-20,Monday,7,132,94,38,130,92,38,-1.52,Overcast,66,No,None,Spring,Very High
FC0003703,SD008,Starbucks - San Diego Airport,Airport,transportation,2024-05-20,Monday,8,206,154,52,174,128,46,-15.53,Overcast,66,No,None,Spring,Very High
FC0003704,SD008,Starbucks - San Diego Airport,Airport,transportation,2024-05-20,Monday,9,133,98,35,115,84,31,-13.53,Overcast,66,No,None,Spring,Very High
FC0003705,SD008,Starbucks - San Diego Airport,Airport,transportation,2024-05-20,Monday,10,149,101,48,158,121,37,6.04,Overcast,66,No,None,Spring,Very High
FC0003706,SD008,Starbucks - San Diego Airport,Airport,transportation,2024-05-20,Monday,12,110,83,27,114,77,37,3.64,Overcast,66,No,None,Spring,Very High
FC0003707,SD008,Starbucks - San Diego Airport,Airport,transportation,2024-05-20,Monday,14,125,96,29,125,98,27,0.0,Overcast,66,No,None,Spring,Very High
FC0003708,SD008,Starbucks - San Diego Airport,Airport,transportation,2024-05-20,Monday,15,92,68,24,93,67,26,1.09,Overcast,66,No,None,Spring,High
FC0003709,SD008,Starbucks - San Diego Airport,Airport,transportation,2024-05-20,Monday,17,184,141,43,184,133,51,0.0,Overcast,66,No,None,Spring,Very High
FC0003710,SD008,Starbucks - San Diego Airport,Airport,transportation,2024-05-20,Monday,18,85,61,24,86,58,28,1.18,Overcast,66,No,None,Spring,High
FC0003711,SD008,Starbucks - San Diego Airport,Airport,transportation,2024-05-27,Monday,6,50,37,13,54,41,13,8.0,Partly Cloudy,70,No,None,Spring,Moderate
FC0003712,SD008,Starbucks - San Diego Airport,Airport,transportation,2024-05-27,Monday,7,112,77,35,108,76,32,-3.57,Partly Cloudy,70,No,None,Spring,Very High
FC0003713,SD008,Starbucks - San Diego Airport,Airport,transportation,2024-05-27,Monday,9,90,68,22,90,68,22,0.0,Partly Cloudy,70,No,None,Spring,High
FC0003714,SD008,Starbucks - San Diego Airport,Airport,transportation,2024-05-27,Monday,10,114,88,26,108,84,24,-5.26,Partly Cloudy,70,No,None,Spring,Very High
FC0003715,SD008,Starbucks - San Diego Airport,Airport,transportation,2024-05-27,Monday,12,153,111,42,146,98,48,-4.58,Partly Cloudy,70,No,None,Spring,Very High
FC0003716,SD008,Starbucks - San Diego Airport,Airport,transportation,2024-05-27,Monday,14,98,70,28,98,73,25,0.0,Partly Cloudy,70,No,None,Spring,High
FC0003717,SD008,Starbucks - San Diego Airport,Airport,transportation,2024-05-27,Monday,16,103,70,33,98,71,27,-4.85,Partly Cloudy,70,No,None,Spring,High
FC0003718,SD008,Starbucks - San Diego Airport,Airport,transportation,2024-05-27,Monday,19,63,43,20,67,48,19,6.35,Partly Cloudy,70,No,None,Spring,High
FC0003719,SD008,Starbucks - San Diego Airport,Airport,transportation,2024-05-27,Monday,20,40,30,10,43,29,14,7.5,Partly Cloudy,70,No,None,Spring,Moderate
FC0003720,SD008,Starbucks - San Diego Airport,Airport,transportation,2024-05-27,Monday,21,16,11,5,15,11,4,-6.25,Partly Cloudy,70,No,None,Spring,Low
FC0003721,SD008,Starbucks - San Diego Airport,Airport,transportation,2024-06-03,Monday,7,183,133,50,175,127,48,-4.37,Sunny,75,No,None,Summer,Very High
FC0003722,SD008,Starbucks - San Diego Airport,Airport,transportation,2024-06-03,Monday,9,151,104,47,149,110,39,-1.32,Sunny,75,No,None,Summer,Very High
FC0003723,SD008,Starbucks - San Diego Airport,Airport,transportation,2024-06-03,Monday,11,109,76,33,109,73,36,0.0,Sunny,75,No,None,Summer,Very High
FC0003724,SD008,Starbucks - San Diego Airport,Airport,transportation,2024-06-03,Monday,12,122,91,31,118,87,31,-3.28,Sunny,75,No,None,Summer,Very High
FC0003725,SD008,Starbucks - San Diego Airport,Airport,transportation,2024-06-03,Monday,14,131,91,40,119,83,36,-9.16,Sunny,75,No,None,Summer,Very High
FC0003726,SD008,Starbucks - San Diego Airport,Airport,transportation,2024-06-03,Monday,15,92,66,26,94,66,28,2.17,Sunny,75,No,None,Summer,High
FC0003727,SD008,Starbucks - San Diego Airport,Airport,transportation,2024-06-03,Monday,16,216,156,60,220,154,66,1.85,Sunny,75,No,None,Summer,Very High
FC0003728,SD008,Starbucks - San Diego Airport,Airport,transportation,2024-06-03,Monday,18,71,54,17,63,48,15,-11.27,Sunny,75,No,None,Summer,High
FC0003729,SD008,Starbucks - San Diego Airport,Airport,transportation,2024-06-03,Monday,19,42,31,11,44,34,10,4.76,Sunny,75,No,None,Summer,Moderate
FC0003730,SD008,Starbucks - San Diego Airport,Airport,transportation,2024-06-03,Monday,21,14,9,5,11,7,4,-21.43,Sunny,75,No,None,Summer,Low
FC0003731,SD008,Starbucks - San Diego Airport,Airport,transportation,2024-06-10,Monday,8,212,151,61,201,154,47,-5.19,Sunny,76,No,None,Summer,Very High
FC0003732,SD008,Starbucks - San Diego Airport,Airport,transportation,2024-06-10,Monday,10,73,54,19,66,48,18,-9.59,Sunny,76,No,None,Summer,High
FC0003733,SD008,Starbucks - San Diego Airport,Airport,transportation,2024-06-10,Monday,11,109,81,28,100,72,28,-8.26,Sunny,76,No,None,Summer,Very High
FC0003734,SD008,Starbucks - San Diego Airport,Airport,transportation,2024-06-10,Monday,12,116,88,28,129,99,30,11.21,Sunny,76,No,None,Summer,Very High
FC0003735,SD008,Starbucks - San Diego Airport,Airport,transportation,2024-06-10,Monday,14,126,87,39,114,82,32,-9.52,Sunny,76,No,None,Summer,Very High
FC0003736,SD008,Starbucks - San Diego Airport,Airport,transportation,2024-06-10,Monday,15,62,47,15,75,54,21,20.97,Sunny,76,No,None,Summer,High
FC0003737,SD008,Starbucks - San Diego Airport,Airport,transportation,2024-06-10,Monday,17,147,112,35,133,88,45,-9.52,Sunny,76,No,None,Summer,Very High
FC0003738,SD008,Starbucks - San Diego Airport,Airport,transportation,2024-06-10,Monday,19,31,22,9,31,24,7,0.0,Sunny,76,No,None,Summer,Moderate
FC0003739,SD008,Starbucks - San Diego Airport,Airport,transportation,2024-06-10,Monday,20,31,23,8,32,22,10,3.23,Sunny,76,No,None,Summer,Moderate
FC0003740,SD008,Starbucks - San Diego Airport,Airport,transportation,2024-06-10,Monday,21,21,14,7,20,14,6,-4.76,Sunny,76,No,None,Summer,Low
FC0003741,SD008,Starbucks - San Diego Airport,Airport,transportation,2024-06-17,Monday,7,130,96,34,137,94,43,5.38,Sunny,70,No,None,Summer,Very High
FC0003742,SD008,Starbucks - San Diego Airport,Airport,transportation,2024-06-17,Monday,9,188,131,57,213,161,52,13.3,Sunny,70,No,None,Summer,Very High
FC0003743,SD008,Starbucks - San Diego Airport,Airport,transportation,2024-06-17,Monday,10,84,57,27,90,71,19,7.14,Sunny,70,No,None,Summer,High
FC0003744,SD008,Starbucks - San Diego Airport,Airport,transportation,2024-06-17,Monday,11,108,77,31,102,75,27,-5.56,Sunny,70,No,None,Summer,Very High
FC0003745,SD008,Starbucks - San Diego Airport,Airport,transportation,2024-06-17,Monday,12,91,68,23,87,63,24,-4.4,Sunny,70,No,None,Summer,High
FC0003746,SD008,Starbucks - San Diego Airport,Airport,transportation,2024-06-17,Monday,14,132,93,39,128,100,28,-3.03,Sunny,70,No,None,Summer,Very High
FC0003747,SD008,Starbucks - San Diego Airport,Airport,transportation,2024-06-17,Monday,15,81,56,25,84,63,21,3.7,Sunny,70,No,None,Summer,High
FC0003748,SD008,Starbucks - San Diego Airport,Airport,transportation,2024-06-17,Monday,17,178,130,48,199,155,44,11.8,Sunny,70,No,None,Summer,Very High
FC0003749,SD008,Starbucks - San Diego Airport,Airport,transportation,2024-06-17,Monday,19,43,30,13,44,34,10,2.33,Sunny,70,No,None,Summer,Moderate
FC0003750,SD008,Starbucks - San Diego Airport,Airport,transportation,2024-06-17,Monday,21,19,13,6,21,13,8,10.53,Sunny,70,No,None,Summer,Low
FC0003751,SD008,Starbucks - San Diego Airport,Airport,transportation,2024-06-24,Monday,7,218,166,52,208,140,68,-4.59,Partly Cloudy,75,No,None,Summer,Very High
FC0003752,SD008,Starbucks - San Diego Airport,Airport,transportation,2024-06-24,Monday,9,182,128,54,188,139,49,3.3,Partly Cloudy,75,No,None,Summer,Very High
FC0003753,SD008,Starbucks - San Diego Airport,Airport,transportation,2024-06-24,Monday,10,130,101,29,132,95,37,1.54,Partly Cloudy,75,No,None,Summer,Very High
FC0003754,SD008,Starbucks - San Diego Airport,Airport,transportation,2024-06-24,Monday,12,109,81,28,110,77,33,0.92,Partly Cloudy,75,No,None,Summer,Very High
FC0003755,SD008,Starbucks - San Diego Airport,Airport,transportation,2024-06-24,Monday,13,142,104,38,160,120,40,12.68,Partly Cloudy,75,No,None,Summer,Very High
FC0003756,SD008,Starbucks - San Diego Airport,Airport,transportation,2024-06-24,Monday,14,118,81,37,122,88,34,3.39,Partly Cloudy,75,No,None,Summer,Very High
FC0003757,SD008,Starbucks - San Diego Airport,Airport,transportation,2024-06-24,Monday,15,58,39,19,57,41,16,-1.72,Partly Cloudy,75,No,None,Summer,Moderate
FC0003758,SD008,Starbucks - San Diego Airport,Airport,transportation,2024-06-24,Monday,18,91,62,29,103,75,28,13.19,Partly Cloudy,75,No,None,Summer,Very High
FC0003759,SD008,Starbucks - San Diego Airport,Airport,transportation,2024-06-24,Monday,19,33,22,11,31,21,10,-6.06,Partly Cloudy,75,No,None,Summer,Moderate
FC0003760,SD008,Starbucks - San Diego Airport,Airport,transportation,2024-06-24,Monday,20,33,24,9,31,24,7,-6.06,Partly Cloudy,75,No,None,Summer,Moderate
FC0003761,SD008,Starbucks - San Diego Airport,Airport,transportation,2024-07-01,Monday,6,58,44,14,65,49,16,12.07,Sunny,80,No,None,Summer,High
FC0003762,SD008,Starbucks - San Diego Airport,Airport,transportation,2024-07-01,Monday,7,112,77,35,108,74,34,-3.57,Sunny,80,No,None,Summer,Very High
FC0003763,SD008,Starbucks - San Diego Airport,Airport,transportation,2024-07-01,Monday,8,160,121,39,163,114,49,1.88,Sunny,80,No,None,Summer,Very High
FC0003764,SD008,Starbucks - San Diego Airport,Airport,transportation,2024-07-01,Monday,11,115,86,29,109,81,28,-5.22,Sunny,80,No,None,Summer,Very High
FC0003765,SD008,Starbucks - San Diego Airport,Airport,transportation,2024-07-01,Monday,12,89,63,26,89,59,30,0.0,Sunny,80,No,None,Summer,High
FC0003766,SD008,Starbucks - San Diego Airport,Airport,transportation,2024-07-01,Monday,16,162,125,37,157,120,37,-3.09,Sunny,80,No,None,Summer,Very High
FC0003767,SD008,Starbucks - San Diego Airport,Airport,transportation,2024-07-01,Monday,17,123,93,30,117,91,26,-4.88,Sunny,80,No,None,Summer,Very High
FC0003768,SD008,Starbucks - San Diego Airport,Airport,transportation,2024-07-01,Monday,18,76,52,24,77,59,18,1.32,Sunny,80,No,None,Summer,High
FC0003769,SD008,Starbucks - San Diego Airport,Airport,transportation,2024-07-01,Monday,19,64,46,18,67,48,19,4.69,Sunny,80,No,None,Summer,High
FC0003770,SD008,Starbucks - San Diego Airport,Airport,transportation,2024-07-01,Monday,21,23,15,8,19,14,5,-17.39,Sunny,80,No,None,Summer,Low
FC0003771,SD008,Starbucks - San Diego Airport,Airport,transportation,2024-07-08,Monday,6,34,26,8,34,25,9,0.0,Sunny,79,No,None,Summer,Moderate
FC0003772,SD008,Starbucks - San Diego Airport,Airport,transportation,2024-07-08,Monday,7,206,154,52,200,151,49,-2.91,Sunny,79,No,None,Summer,Very High
FC0003773,SD008,Starbucks - San Diego Airport,Airport,transportation,2024-07-08,Monday,8,189,138,51,158,107,51,-16.4,Sunny,79,No,None,Summer,Very High
FC0003774,SD008,Starbucks - San Diego Airport,Airport,transportation,2024-07-08,Monday,9,105,76,29,104,82,22,-0.95,Sunny,79,No,None,Summer,Very High
FC0003775,SD008,Starbucks - San Diego Airport,Airport,transportation,2024-07-08,Monday,11,68,47,21,75,51,24,10.29,Sunny,79,No,None,Summer,High
FC0003776,SD008,Starbucks - San Diego Airport,Airport,transportation,2024-07-08,Monday,13,137,95,42,106,70,36,-22.63,Sunny,79,No,None,Summer,Very High
FC0003777,SD008,Starbucks - San Diego Airport,Airport,transportation,2024-07-08,Monday,16,173,118,55,190,136,54,9.83,Sunny,79,No,None,Summer,Very High
FC0003778,SD008,Starbucks - San Diego Airport,Airport,transportation,2024-07-08,Monday,17,106,74,32,112,87,25,5.66,Sunny,79,No,None,Summer,Very High
FC0003779,SD008,Starbucks - San Diego Airport,Airport,transportation,2024-07-08,Monday,18,81,60,21,83,60,23,2.47,Sunny,79,No,None,Summer,High
FC0003780,SD008,Starbucks - San Diego Airport,Airport,transportation,2024-07-08,Monday,20,34,26,8,36,25,11,5.88,Sunny,79,No,None,Summer,Moderate
FC0003781,SD008,Starbucks - San Diego Airport,Airport,transportation,2024-07-15,Monday,6,58,40,18,53,36,17,-8.62,Marine Layer,73,No,None,Summer,Moderate
FC0003782,SD008,Starbucks - San Diego Airport,Airport,transportation,2024-07-15,Monday,10,139,100,39,148,98,50,6.47,Marine Layer,73,No,None,Summer,Very High
FC0003783,SD008,Starbucks - San Diego Airport,Airport,transportation,2024-07-15,Monday,11,119,81,38,118,81,37,-0.84,Marine Layer,73,No,None,Summer,Very High
FC0003784,SD008,Starbucks - San Diego Airport,Airport,transportation,2024-07-15,Monday,12,99,71,28,113,75,38,14.14,Marine Layer,73,No,None,Summer,Very High
FC0003785,SD008,Starbucks - San Diego Airport,Airport,transportation,2024-07-15,Monday,15,72,52,20,74,51,23,2.78,Marine Layer,73,No,None,Summer,High
FC0003786,SD008,Starbucks - San Diego Airport,Airport,transportation,2024-07-15,Monday,16,217,160,57,242,173,69,11.52,Marine Layer,73,No,None,Summer,Very High
FC0003787,SD008,Starbucks - San Diego Airport,Airport,transportation,2024-07-15,Monday,17,154,113,41,128,95,33,-16.88,Marine Layer,73,No,None,Summer,Very High
FC0003788,SD008,Starbucks - San Diego Airport,Airport,transportation,2024-07-15,Monday,19,50,34,16,44,33,11,-12.0,Marine Layer,73,No,None,Summer,Moderate
FC0003789,SD008,Starbucks - San Diego Airport,Airport,transportation,2024-07-15,Monday,20,41,29,12,36,24,12,-12.2,Marine Layer,73,No,None,Summer,Moderate
FC0003790,SD008,Starbucks - San Diego Airport,Airport,transportation,2024-07-15,Monday,21,15,10,5,16,11,5,6.67,Marine Layer,73,No,None,Summer,Low
FC0003791,SD008,Starbucks - San Diego Airport,Airport,transportation,2024-07-22,Monday,10,73,54,19,79,54,25,8.22,Sunny,81,No,None,Summer,High
FC0003792,SD008,Starbucks - San Diego Airport,Airport,transportation,2024-07-22,Monday,11,117,88,29,100,76,24,-14.53,Sunny,81,No,None,Summer,Very High
FC0003793,SD008,Starbucks - San Diego Airport,Airport,transportation,2024-07-22,Monday,12,117,85,32,117,91,26,0.0,Sunny,81,No,None,Summer,Very High
FC0003794,SD008,Starbucks - San Diego Airport,Airport,transportation,2024-07-22,Monday,13,132,101,31,137,99,38,3.79,Sunny,81,No,None,Summer,Very High
FC0003795,SD008,Starbucks - San Diego Airport,Airport,transportation,2024-07-22,Monday,14,82,63,19,77,58,19,-6.1,Sunny,81,No,None,Summer,High
FC0003796,SD008,Starbucks - San Diego Airport,Airport,transportation,2024-07-22,Monday,16,113,83,30,114,78,36,0.88,Sunny,81,No,None,Summer,Very High
FC0003797,SD008,Starbucks - San Diego Airport,Airport,transportation,2024-07-22,Monday,17,152,110,42,156,117,39,2.63,Sunny,81,No,None,Summer,Very High
FC0003798,SD008,Starbucks - San Diego Airport,Airport,transportation,2024-07-22,Monday,18,75,57,18,79,57,22,5.33,Sunny,81,No,None,Summer,High
FC0003799,SD008,Starbucks - San Diego Airport,Airport,transportation,2024-07-22,Monday,19,61,45,16,60,47,13,-1.64,Sunny,81,No,None,Summer,High
FC0003800,SD008,Starbucks - San Diego Airport,Airport,transportation,2024-07-22,Monday,20,28,20,8,28,20,8,0.0,Sunny,81,No,None,Summer,Low
FC0003801,SD008,Starbucks - San Diego Airport,Airport,transportation,2024-07-29,Monday,6,65,44,21,66,46,20,1.54,Sunny,74,Yes,Comic-Con,Summer,High
FC0003802,SD008,Starbucks - San Diego Airport,Airport,transportation,2024-07-29,Monday,7,161,114,47,155,109,46,-3.73,Sunny,74,Yes,Comic-Con,Summer,Very High
FC0003803,SD008,Starbucks - San Diego Airport,Airport,transportation,2024-07-29,Monday,8,266,192,74,282,221,61,6.02,Sunny,74,Yes,Comic-Con,Summer,Very High
FC0003804,SD008,Starbucks - San Diego Airport,Airport,transportation,2024-07-29,Monday,9,226,166,60,199,147,52,-11.95,Sunny,74,Yes,Comic-Con,Summer,Very High
FC0003805,SD008,Starbucks - San Diego Airport,Airport,transportation,2024-07-29,Monday,10,187,130,57,183,121,62,-2.14,Sunny,74,Yes,Comic-Con,Summer,Very High
FC0003806,SD008,Starbucks - San Diego Airport,Airport,transportation,2024-07-29,Monday,14,171,126,45,172,132,40,0.58,Sunny,74,Yes,Comic-Con,Summer,Very High
FC0003807,SD008,Starbucks - San Diego Airport,Airport,transportation,2024-07-29,Monday,15,123,92,31,116,86,30,-5.69,Sunny,74,Yes,Comic-Con,Summer,Very High
FC0003808,SD008,Starbucks - San Diego Airport,Airport,transportation,2024-07-29,Monday,16,276,190,86,268,212,56,-2.9,Sunny,74,Yes,Comic-Con,Summer,Very High
FC0003809,SD008,Starbucks - San Diego Airport,Airport,transportation,2024-07-29,Monday,17,244,169,75,259,178,81,6.15,Sunny,74,Yes,Comic-Con,Summer,Very High
FC0003810,SD008,Starbucks - San Diego Airport,Airport,transportation,2024-07-29,Monday,21,23,16,7,22,15,7,-4.35,Sunny,74,Yes,Comic-Con,Summer,Low
FC0003811,SD008,Starbucks - San Diego Airport,Airport,transportation,2024-08-05,Monday,7,147,106,41,170,131,39,15.65,Partly Cloudy,76,No,None,Summer,Very High
FC0003812,SD008,Starbucks - San Diego Airport,Airport,transportation,2024-08-05,Monday,8,289,203,86,220,166,54,-23.88,Partly Cloudy,76,No,None,Summer,Very High
FC0003813,SD008,Starbucks - San Diego Airport,Airport,transportation,2024-08-05,Monday,10,86,63,23,90,61,29,4.65,Partly Cloudy,76,No,None,Summer,High
FC0003814,SD008,Starbucks - San Diego Airport,Airport,transportation,2024-08-05,Monday,11,102,73,29,88,60,28,-13.73,Partly Cloudy,76,No,None,Summer,High
FC0003815,SD008,Starbucks - San Diego Airport,Airport,transportation,2024-08-05,Monday,13,118,85,33,105,70,35,-11.02,Partly Cloudy,76,No,None,Summer,Very High
FC0003816,SD008,Starbucks - San Diego Airport,Airport,transportation,2024-08-05,Monday,14,105,73,32,111,77,34,5.71,Partly Cloudy,76,No,None,Summer,Very High
FC0003817,SD008,Starbucks - San Diego Airport,Airport,transportation,2024-08-05,Monday,15,110,74,36,108,77,31,-1.82,Partly Cloudy,76,No,None,Summer,Very High
FC0003818,SD008,Starbucks - San Diego Airport,Airport,transportation,2024-08-05,Monday,18,83,58,25,85,60,25,2.41,Partly Cloudy,76,No,None,Summer,High
FC0003819,SD008,Starbucks - San Diego Airport,Airport,transportation,2024-08-05,Monday,20,42,32,10,42,32,10,0.0,Partly Cloudy,76,No,None,Summer,Moderate
FC0003820,SD008,Starbucks - San Diego Airport,Airport,transportation,2024-08-05,Monday,21,18,13,5,19,14,5,5.56,Partly Cloudy,76,No,None,Summer,Low
FC0003821,SD008,Starbucks - San Diego Airport,Airport,transportation,2024-08-12,Monday,6,54,41,13,59,44,15,9.26,Partly Cloudy,77,No,None,Summer,Moderate
FC0003822,SD008,Starbucks - San Diego Airport,Airport,transportation,2024-08-12,Monday,10,146,108,38,132,103,29,-9.59,Partly Cloudy,77,No,None,Summer,Very High
FC0003823,SD008,Starbucks - San Diego Airport,Airport,transportation,2024-08-12,Monday,11,119,83,36,111,88,23,-6.72,Partly Cloudy,77,No,None,Summer,Very High
FC0003824,SD008,Starbucks - San Diego Airport,Airport,transportation,2024-08-12,Monday,12,142,105,37,155,111,44,9.15,Partly Cloudy,77,No,None,Summer,Very High
FC0003825,SD008,Starbucks - San Diego Airport,Airport,transportation,2024-08-12,Monday,13,98,66,32,93,69,24,-5.1,Partly Cloudy,77,No,None,Summer,High
FC0003826,SD008,Starbucks - San Diego Airport,Airport,transportation,2024-08-12,Monday,14,114,80,34,114,79,35,0.0,Partly Cloudy,77,No,None,Summer,Very High
FC0003827,SD008,Starbucks - San Diego Airport,Airport,transportation,2024-08-12,Monday,17,142,109,33,140,104,36,-1.41,Partly Cloudy,77,No,None,Summer,Very High
FC0003828,SD008,Starbucks - San Diego Airport,Airport,transportation,2024-08-12,Monday,18,50,38,12,50,37,13,0.0,Partly Cloudy,77,No,None,Summer,Moderate
FC0003829,SD008,Starbucks - San Diego Airport,Airport,transportation,2024-08-12,Monday,20,29,22,7,27,18,9,-6.9,Partly Cloudy,77,No,None,Summer,Low
FC0003830,SD008,Starbucks - San Diego Airport,Airport,transportation,2024-08-12,Monday,21,14,10,4,15,10,5,7.14,Partly Cloudy,77,No,None,Summer,Low
FC0003831,SD008,Starbucks - San Diego Airport,Airport,transportation,2024-08-19,Monday,6,45,34,11,43,29,14,-4.44,Sunny,82,No,None,Summer,Moderate
FC0003832,SD008,Starbucks - San Diego Airport,Airport,transportation,2024-08-19,Monday,7,163,123,40,131,94,37,-19.63,Sunny,82,No,None,Summer,Very High
FC0003833,SD008,Starbucks - San Diego Airport,Airport,transportation,2024-08-19,Monday,8,199,154,45,197,153,44,-1.01,Sunny,82,No,None,Summer,Very High
FC0003834,SD008,Starbucks - San Diego Airport,Airport,transportation,2024-08-19,Monday,9,115,88,27,107,74,33,-6.96,Sunny,82,No,None,Summer,Very High
FC0003835,SD008,Starbucks - San Diego Airport,Airport,transportation,2024-08-19,Monday,10,74,52,22,74,58,16,0.0,Sunny,82,No,None,Summer,High
FC0003836,SD008,Starbucks - San Diego Airport,Airport,transportation,2024-08-19,Monday,13,141,105,36,122,92,30,-13.48,Sunny,82,No,None,Summer,Very High
FC0003837,SD008,Starbucks - San Diego Airport,Airport,transportation,2024-08-19,Monday,16,148,102,46,164,111,53,10.81,Sunny,82,No,None,Summer,Very High
FC0003838,SD008,Starbucks - San Diego Airport,Airport,transportation,2024-08-19,Monday,18,65,50,15,68,47,21,4.62,Sunny,82,No,None,Summer,High
FC0003839,SD008,Starbucks - San Diego Airport,Airport,transportation,2024-08-19,Monday,19,32,24,8,32,22,10,0.0,Sunny,82,No,None,Summer,Moderate
FC0003840,SD008,Starbucks - San Diego Airport,Airport,transportation,2024-08-19,Monday,20,21,15,6,22,16,6,4.76,Sunny,82,No,None,Summer,Low
FC0003841,SD008,Starbucks - San Diego Airport,Airport,transportation,2024-08-26,Monday,8,237,180,57,279,194,85,17.72,Sunny,81,No,None,Summer,Very High
FC0003842,SD008,Starbucks - San Diego Airport,Airport,transportation,2024-08-26,Monday,9,160,113,47,159,125,34,-0.62,Sunny,81,No,None,Summer,Very High
FC0003843,SD008,Starbucks - San Diego Airport,Airport,transportation,2024-08-26,Monday,10,111,86,25,118,87,31,6.31,Sunny,81,No,None,Summer,Very High
FC0003844,SD008,Starbucks - San Diego Airport,Airport,transportation,2024-08-26,Monday,12,155,113,42,149,114,35,-3.87,Sunny,81,No,None,Summer,Very High
FC0003845,SD008,Starbucks - San Diego Airport,Airport,transportation,2024-08-26,Monday,13,76,56,20,76,50,26,0.0,Sunny,81,No,None,Summer,High
FC0003846,SD008,Starbucks - San Diego Airport,Airport,transportation,2024-08-26,Monday,14,80,61,19,85,61,24,6.25,Sunny,81,No,None,Summer,High
FC0003847,SD008,Starbucks - San Diego Airport,Airport,transportation,2024-08-26,Monday,15,72,50,22,64,43,21,-11.11,Sunny,81,No,None,Summer,High
FC0003848,SD008,Starbucks - San Diego Airport,Airport,transportation,2024-08-26,Monday,18,46,34,12,40,30,10,-13.04,Sunny,81,No,None,Summer,Moderate
FC0003849,SD008,Starbucks - San Diego Airport,Airport,transportation,2024-08-26,Monday,19,37,27,10,35,27,8,-5.41,Sunny,81,No,None,Summer,Moderate
FC0003850,SD008,Starbucks - San Diego Airport,Airport,transportation,2024-08-26,Monday,21,14,9,5,14,9,5,0.0,Sunny,81,No,None,Summer,Low
FC0003851,SD008,Starbucks - San Diego Airport,Airport,transportation,2024-09-02,Monday,6,64,46,18,58,45,13,-9.38,Overcast,73,No,None,Fall,Moderate
FC0003852,SD008,Starbucks - San Diego Airport,Airport,transportation,2024-09-02,Monday,7,116,86,30,112,89,23,-3.45,Overcast,73,No,None,Fall,Very High
FC0003853,SD008,Starbucks - San Diego Airport,Airport,transportation,2024-09-02,Monday,9,114,88,26,116,77,39,1.75,Overcast,73,No,None,Fall,Very High
FC0003854,SD008,Starbucks - San Diego Airport,Airport,transportation,2024-09-02,Monday,11,74,52,22,73,50,23,-1.35,Overcast,73,No,None,Fall,High
FC0003855,SD008,Starbucks - San Diego Airport,Airport,transportation,2024-09-02,Monday,12,82,63,19,83,62,21,1.22,Overcast,73,No,None,Fall,High
FC0003856,SD008,Starbucks - San Diego Airport,Airport,transportation,2024-09-02,Monday,13,138,106,32,139,95,44,0.72,Overcast,73,No,None,Fall,Very High
FC0003857,SD008,Starbucks - San Diego Airport,Airport,transportation,2024-09-02,Monday,14,83,63,20,91,62,29,9.64,Overcast,73,No,None,Fall,High
FC0003858,SD008,Starbucks - San Diego Airport,Airport,transportation,2024-09-02,Monday,18,72,54,18,73,53,20,1.39,Overcast,73,No,None,Fall,High
FC0003859,SD008,Starbucks - San Diego Airport,Airport,transportation,2024-09-02,Monday,19,43,29,14,44,30,14,2.33,Overcast,73,No,None,Fall,Moderate
FC0003860,SD008,Starbucks - San Diego Airport,Airport,transportation,2024-09-02,Monday,20,24,17,7,22,16,6,-8.33,Overcast,73,No,None,Fall,Low
FC0003861,SD008,Starbucks - San Diego Airport,Airport,transportation,2024-09-09,Monday,9,115,82,33,121,90,31,5.22,Sunny,80,No,None,Fall,Very High
FC0003862,SD008,Starbucks - San Diego Airport,Airport,transportation,2024-09-09,Monday,10,87,60,27,84,65,19,-3.45,Sunny,80,No,None,Fall,High
FC0003863,SD008,Starbucks - San Diego Airport,Airport,transportation,2024-09-09,Monday,14,124,92,32,109,86,23,-12.1,Sunny,80,No,None,Fall,Very High
FC0003864,SD008,Starbucks - San Diego Airport,Airport,transportation,2024-09-09,Monday,15,123,91,32,129,86,43,4.88,Sunny,80,No,None,Fall,Very High
FC0003865,SD008,Starbucks - San Diego Airport,Airport,transportation,2024-09-09,Monday,16,219,161,58,245,167,78,11.87,Sunny,80,No,None,Fall,Very High
FC0003866,SD008,Starbucks - San Diego Airport,Airport,transportation,2024-09-09,Monday,17,155,111,44,142,96,46,-8.39,Sunny,80,No,None,Fall,Very High
FC0003867,SD008,Starbucks - San Diego Airport,Airport,transportation,2024-09-09,Monday,18,52,36,16,55,41,14,5.77,Sunny,80,No,None,Fall,Moderate
FC0003868,SD008,Starbucks - San Diego Airport,Airport,transportation,2024-09-09,Monday,19,46,31,15,48,32,16,4.35,Sunny,80,No,None,Fall,Moderate
FC0003869,SD008,Starbucks - San Diego Airport,Airport,transportation,2024-09-09,Monday,20,25,18,7,23,15,8,-8.0,Sunny,80,No,None,Fall,Low
FC0003870,SD008,Starbucks - San Diego Airport,Airport,transportation,2024-09-09,Monday,21,14,10,4,14,11,3,0.0,Sunny,80,No,None,Fall,Low
FC0003871,SD008,Starbucks - San Diego Airport,Airport,transportation,2024-09-16,Monday,6,35,26,9,31,20,11,-11.43,Partly Cloudy,76,No,None,Fall,Moderate
FC0003872,SD008,Starbucks - San Diego Airport,Airport,transportation,2024-09-16,Monday,7,136,96,40,141,106,35,3.68,Partly Cloudy,76,No,None,Fall,Very High
FC0003873,SD008,Starbucks - San Diego Airport,Airport,transportation,2024-09-16,Monday,10,103,76,27,95,64,31,-7.77,Partly Cloudy,76,No,None,Fall,High
FC0003874,SD008,Starbucks - San Diego Airport,Airport,transportation,2024-09-16,Monday,11,119,84,35,127,88,39,6.72,Partly Cloudy,76,No,None,Fall,Very High
FC0003875,SD008,Starbucks - San Diego Airport,Airport,transportation,2024-09-16,Monday,12,92,71,21,81,55,26,-11.96,Partly Cloudy,76,No,None,Fall,High
FC0003876,SD008,Starbucks - San Diego Airport,Airport,transportation,2024-09-16,Monday,15,79,58,21,88,69,19,11.39,Partly Cloudy,76,No,None,Fall,High
FC0003877,SD008,Starbucks - San Diego Airport,Airport,transportation,2024-09-16,Monday,16,219,161,58,205,157,48,-6.39,Partly Cloudy,76,No,None,Fall,Very High
FC0003878,SD008,Starbucks - San Diego Airport,Airport,transportation,2024-09-16,Monday,17,189,143,46,179,121,58,-5.29,Partly Cloudy,76,No,None,Fall,Very High
FC0003879,SD008,Starbucks - San Diego Airport,Airport,transportation,2024-09-16,Monday,20,43,33,10,47,33,14,9.3,Partly Cloudy,76,No,None,Fall,Moderate
FC0003880,SD008,Starbucks - San Diego Airport,Airport,transportation,2024-09-16,Monday,21,27,18,9,26,17,9,-3.7,Partly Cloudy,76,No,None,Fall,Low
FC0003881,SD008,Starbucks - San Diego Airport,Airport,transportation,2024-09-23,Monday,6,63,43,20,72,53,19,14.29,Overcast,81,No,None,Fall,High
FC0003882,SD008,Starbucks - San Diego Airport,Airport,transportation,2024-09-23,Monday,7,145,110,35,145,104,41,0.0,Overcast,81,No,None,Fall,Very High
FC0003883,SD008,Starbucks - San Diego Airport,Airport,transportation,2024-09-23,Monday,11,64,46,18,51,40,11,-20.31,Overcast,81,No,None,Fall,Moderate
FC0003884,SD008,Starbucks - San Diego Airport,Airport,transportation,2024-09-23,Monday,13,116,80,36,126,92,34,8.62,Overcast,81,No,None,Fall,Very High
FC0003885,SD008,Starbucks - San Diego Airport,Airport,transportation,2024-09-23,Monday,14,109,81,28,105,82,23,-3.67,Overcast,81,No,None,Fall,Very High
FC0003886,SD008,Starbucks - San Diego Airport,Airport,transportation,2024-09-23,Monday,15,120,87,33,120,95,25,0.0,Overcast,81,No,None,Fall,Very High
FC0003887,SD008,Starbucks - San Diego Airport,Airport,transportation,2024-09-23,Monday,16,132,101,31,134,94,40,1.52,Overcast,81,No,None,Fall,Very High
FC0003888,SD008,Starbucks - San Diego Airport,Airport,transportation,2024-09-23,Monday,17,127,94,33,126,89,37,-0.79,Overcast,81,No,None,Fall,Very High
FC0003889,SD008,Starbucks - San Diego Airport,Airport,transportation,2024-09-23,Monday,20,27,19,8,22,14,8,-18.52,Overcast,81,No,None,Fall,Low
FC0003890,SD008,Starbucks - San Diego Airport,Airport,transportation,2024-09-23,Monday,21,24,16,8,23,16,7,-4.17,Overcast,81,No,None,Fall,Low
FC0003891,SD008,Starbucks - San Diego Airport,Airport,transportation,2024-09-30,Monday,7,200,142,58,215,156,59,7.5,Light Rain,73,No,None,Fall,Very High
FC0003892,SD008,Starbucks - San Diego Airport,Airport,transportation,2024-09-30,Monday,8,345,262,83,355,254,101,2.9,Light Rain,73,No,None,Fall,Very High
FC0003893,SD008,Starbucks - San Diego Airport,Airport,transportation,2024-09-30,Monday,10,126,97,29,135,102,33,7.14,Light Rain,73,No,None,Fall,Very High
FC0003894,SD008,Starbucks - San Diego Airport,Airport,transportation,2024-09-30,Monday,11,73,52,21,80,52,28,9.59,Light Rain,73,No,None,Fall,High
FC0003895,SD008,Starbucks - San Diego Airport,Airport,transportation,2024-09-30,Monday,13,105,73,32,92,72,20,-12.38,Light Rain,73,No,None,Fall,High
FC0003896,SD008,Starbucks - San Diego Airport,Airport,transportation,2024-09-30,Monday,16,140,101,39,134,92,42,-4.29,Light Rain,73,No,None,Fall,Very High
FC0003897,SD008,Starbucks - San Diego Airport,Airport,transportation,2024-09-30,Monday,17,145,104,41,150,109,41,3.45,Light Rain,73,No,None,Fall,Very High
FC0003898,SD008,Starbucks - San Diego Airport,Airport,transportation,2024-09-30,Monday,18,54,37,17,61,46,15,12.96,Light Rain,73,No,None,Fall,High
FC0003899,SD008,Starbucks - San Diego Airport,Airport,transportation,2024-09-30,Monday,20,36,27,9,32,22,10,-11.11,Light Rain,73,No,None,Fall,Moderate
FC0003900,SD008,Starbucks - San Diego Airport,Airport,transportation,2024-09-30,Monday,21,20,13,7,23,15,8,15.0,Light Rain,73,No,None,Fall,Low
FC0003901,SD008,Starbucks - San Diego Airport,Airport,transportation,2024-10-07,Monday,6,56,41,15,56,42,14,0.0,Partly Cloudy,78,No,None,Fall,Moderate
FC0003902,SD008,Starbucks - San Diego Airport,Airport,transportation,2024-10-07,Monday,7,218,150,68,220,163,57,0.92,Partly Cloudy,78,No,None,Fall,Very High
FC0003903,SD008,Starbucks - San Diego Airport,Airport,transportation,2024-10-07,Monday,8,196,152,44,201,147,54,2.55,Partly Cloudy,78,No,None,Fall,Very High
FC0003904,SD008,Starbucks - San Diego Airport,Airport,transportation,2024-10-07,Monday,9,123,86,37,122,81,41,-0.81,Partly Cloudy,78,No,None,Fall,Very High
FC0003905,SD008,Starbucks - San Diego Airport,Airport,transportation,2024-10-07,Monday,12,105,81,24,92,62,30,-12.38,Partly Cloudy,78,No,None,Fall,High
FC0003906,SD008,Starbucks - San Diego Airport,Airport,transportation,2024-10-07,Monday,14,95,73,22,80,58,22,-15.79,Partly Cloudy,78,No,None,Fall,High
FC0003907,SD008,Starbucks - San Diego Airport,Airport,transportation,2024-10-07,Monday,15,63,44,19,64,42,22,1.59,Partly Cloudy,78,No,None,Fall,High
FC0003908,SD008,Starbucks - San Diego Airport,Airport,transportation,2024-10-07,Monday,16,108,83,25,99,74,25,-8.33,Partly Cloudy,78,No,None,Fall,High
FC0003909,SD008,Starbucks - San Diego Airport,Airport,transportation,2024-10-07,Monday,19,61,44,17,70,52,18,14.75,Partly Cloudy,78,No,None,Fall,High
FC0003910,SD008,Starbucks - San Diego Airport,Airport,transportation,2024-10-07,Monday,21,14,10,4,12,9,3,-14.29,Partly Cloudy,78,No,None,Fall,Low
FC0003911,SD008,Starbucks - San Diego Airport,Airport,transportation,2024-10-14,Monday,6,52,37,15,54,38,16,3.85,Sunny,71,No,None,Fall,Moderate
FC0003912,SD008,Starbucks - San Diego Airport,Airport,transportation,2024-10-14,Monday,7,116,89,27,118,82,36,1.72,Sunny,71,No,None,Fall,Very High
FC0003913,SD008,Starbucks - San Diego Airport,Airport,transportation,2024-10-14,Monday,10,149,115,34,122,86,36,-18.12,Sunny,71,No,None,Fall,Very High
FC0003914,SD008,Starbucks - San Diego Airport,Airport,transportation,2024-10-14,Monday,11,84,61,23,86,61,25,2.38,Sunny,71,No,None,Fall,High
FC0003915,SD008,Starbucks - San Diego Airport,Airport,transportation,2024-10-14,Monday,12,86,61,25,91,65,26,5.81,Sunny,71,No,None,Fall,High
FC0003916,SD008,Starbucks - San Diego Airport,Airport,transportation,2024-10-14,Monday,13,80,59,21,78,58,20,-2.5,Sunny,71,No,None,Fall,High
FC0003917,SD008,Starbucks - San Diego Airport,Airport,transportation,2024-10-14,Monday,15,86,58,28,94,71,23,9.3,Sunny,71,No,None,Fall,High
FC0003918,SD008,Starbucks - San Diego Airport,Airport,transportation,2024-10-14,Monday,16,219,152,67,192,130,62,-12.33,Sunny,71,No,None,Fall,Very High
FC0003919,SD008,Starbucks - San Diego Airport,Airport,transportation,2024-10-14,Monday,17,133,92,41,127,87,40,-4.51,Sunny,71,No,None,Fall,Very High
FC0003920,SD008,Starbucks - San Diego Airport,Airport,transportation,2024-10-14,Monday,21,27,20,7,23,17,6,-14.81,Sunny,71,No,None,Fall,Low
FC0003921,SD008,Starbucks - San Diego Airport,Airport,transportation,2024-10-21,Monday,6,38,28,10,41,27,14,7.89,Light Rain,72,No,None,Fall,Moderate
FC0003922,SD008,Starbucks - San Diego Airport,Airport,transportation,2024-10-21,Monday,7,113,79,34,117,90,27,3.54,Light Rain,72,No,None,Fall,Very High
FC0003923,SD008,Starbucks - San Diego Airport,Airport,transportation,2024-10-21,Monday,8,259,176,83,249,184,65,-3.86,Light Rain,72,No,None,Fall,Very High
FC0003924,SD008,Starbucks - San Diego Airport,Airport,transportation,2024-10-21,Monday,9,87,60,27,86,63,23,-1.15,Light Rain,72,No,None,Fall,High
FC0003925,SD008,Starbucks - San Diego Airport,Airport,transportation,2024-10-21,Monday,12,121,91,30,133,103,30,9.92,Light Rain,72,No,None,Fall,Very High
FC0003926,SD008,Starbucks - San Diego Airport,Airport,transportation,2024-10-21,Monday,13,107,74,33,106,75,31,-0.93,Light Rain,72,No,None,Fall,Very High
FC0003927,SD008,Starbucks - San Diego Airport,Airport,transportation,2024-10-21,Monday,15,124,94,30,131,102,29,5.65,Light Rain,72,No,None,Fall,Very High
FC0003928,SD008,Starbucks - San Diego Airport,Airport,transportation,2024-10-21,Monday,16,201,152,49,167,116,51,-16.92,Light Rain,72,No,None,Fall,Very High
FC0003929,SD008,Starbucks - San Diego Airport,Airport,transportation,2024-10-21,Monday,19,45,31,14,51,34,17,13.33,Light Rain,72,No,None,Fall,Moderate
FC0003930,SD008,Starbucks - San Diego Airport,Airport,transportation,2024-10-21,Monday,21,14,10,4,12,8,4,-14.29,Light Rain,72,No,None,Fall,Low
FC0003931,SD008,Starbucks - San Diego Airport,Airport,transportation,2024-10-28,Monday,6,39,29,10,42,29,13,7.69,Sunny,73,No,None,Fall,Moderate
FC0003932,SD008,Starbucks - San Diego Airport,Airport,transportation,2024-10-28,Monday,7,187,132,55,211,160,51,12.83,Sunny,73,No,None,Fall,Very High
FC0003933,SD008,Starbucks - San Diego Airport,Airport,transportation,2024-10-28,Monday,8,333,246,87,355,257,98,6.61,Sunny,73,No,None,Fall,Very High
FC0003934,SD008,Starbucks - San Diego Airport,Airport,transportation,2024-10-28,Monday,9,136,104,32,158,118,40,16.18,Sunny,73,No,None,Fall,Very High
FC0003935,SD008,Starbucks - San Diego Airport,Airport,transportation,2024-10-28,Monday,10,85,58,27,77,56,21,-9.41,Sunny,73,No,None,Fall,High
FC0003936,SD008,Starbucks - San Diego Airport,Airport,transportation,2024-10-28,Monday,12,76,56,20,79,58,21,3.95,Sunny,73,No,None,Fall,High
FC0003937,SD008,Starbucks - San Diego Airport,Airport,transportation,2024-10-28,Monday,13,122,90,32,129,91,38,5.74,Sunny,73,No,None,Fall,Very High
FC0003938,SD008,Starbucks - San Diego Airport,Airport,transportation,2024-10-28,Monday,15,67,46,21,72,57,15,7.46,Sunny,73,No,None,Fall,High
FC0003939,SD008,Starbucks - San Diego Airport,Airport,transportation,2024-10-28,Monday,16,106,74,32,94,74,20,-11.32,Sunny,73,No,None,Fall,High
FC0003940,SD008,Starbucks - San Diego Airport,Airport,transportation,2024-10-28,Monday,19,43,29,14,42,27,15,-2.33,Sunny,73,No,None,Fall,Moderate
FC0003941,SD008,Starbucks - San Diego Airport,Airport,transportation,2024-11-04,Monday,6,53,40,13,53,35,18,0.0,Sunny,71,No,None,Fall,Moderate
FC0003942,SD008,Starbucks - San Diego Airport,Airport,transportation,2024-11-04,Monday,9,107,78,29,114,86,28,6.54,Sunny,71,No,None,Fall,Very High
FC0003943,SD008,Starbucks - San Diego Airport,Airport,transportation,2024-11-04,Monday,10,114,81,33,104,77,27,-8.77,Sunny,71,No,None,Fall,Very High
FC0003944,SD008,Starbucks - San Diego Airport,Airport,transportation,2024-11-04,Monday,11,89,62,27,96,70,26,7.87,Sunny,71,No,None,Fall,High
FC0003945,SD008,Starbucks - San Diego Airport,Airport,transportation,2024-11-04,Monday,13,106,78,28,100,71,29,-5.66,Sunny,71,No,None,Fall,Very High
FC0003946,SD008,Starbucks - San Diego Airport,Airport,transportation,2024-11-04,Monday,15,99,73,26,93,72,21,-6.06,Sunny,71,No,None,Fall,High
FC0003947,SD008,Starbucks - San Diego Airport,Airport,transportation,2024-11-04,Monday,16,100,73,27,92,70,22,-8.0,Sunny,71,No,None,Fall,High
FC0003948,SD008,Starbucks - San Diego Airport,Airport,transportation,2024-11-04,Monday,17,157,112,45,156,106,50,-0.64,Sunny,71,No,None,Fall,Very High
FC0003949,SD008,Starbucks - San Diego Airport,Airport,transportation,2024-11-04,Monday,19,47,36,11,45,34,11,-4.26,Sunny,71,No,None,Fall,Moderate
FC0003950,SD008,Starbucks - San Diego Airport,Airport,transportation,2024-11-04,Monday,20,34,25,9,36,24,12,5.88,Sunny,71,No,None,Fall,Moderate
FC0003951,SD008,Starbucks - San Diego Airport,Airport,transportation,2024-11-11,Monday,7,100,70,30,101,68,33,1.0,Sunny,63,No,None,Fall,Very High
FC0003952,SD008,Starbucks - San Diego Airport,Airport,transportation,2024-11-11,Monday,8,270,202,68,247,164,83,-8.52,Sunny,63,No,None,Fall,Very High
FC0003953,SD008,Starbucks - San Diego Airport,Airport,transportation,2024-11-11,Monday,9,96,66,30,90,68,22,-6.25,Sunny,63,No,None,Fall,High
FC0003954,SD008,Starbucks - San Diego Airport,Airport,transportation,2024-11-11,Monday,11,67,51,16,69,53,16,2.99,Sunny,63,No,None,Fall,High
FC0003955,SD008,Starbucks - San Diego Airport,Airport,transportation,2024-11-11,Monday,14,110,76,34,110,82,28,0.0,Sunny,63,No,None,Fall,Very High
FC0003956,SD008,Starbucks - San Diego Airport,Airport,transportation,2024-11-11,Monday,16,102,74,28,115,80,35,12.75,Sunny,63,No,None,Fall,Very High
FC0003957,SD008,Starbucks - San Diego Airport,Airport,transportation,2024-11-11,Monday,17,185,134,51,209,142,67,12.97,Sunny,63,No,None,Fall,Very High
FC0003958,SD008,Starbucks - San Diego Airport,Airport,transportation,2024-11-11,Monday,18,88,66,22,78,58,20,-11.36,Sunny,63,No,None,Fall,High
FC0003959,SD008,Starbucks - San Diego Airport,Airport,transportation,2024-11-11,Monday,20,43,29,14,42,27,15,-2.33,Sunny,63,No,None,Fall,Moderate
FC0003960,SD008,Starbucks - San Diego Airport,Airport,transportation,2024-11-11,Monday,21,13,9,4,12,8,4,-7.69,Sunny,63,No,None,Fall,Low
FC0003961,SD008,Starbucks - San Diego Airport,Airport,transportation,2024-11-18,Monday,8,218,161,57,234,176,58,7.34,Sunny,65,Yes,Padres Home Game,Fall,Very High
FC0003962,SD008,Starbucks - San Diego Airport,Airport,transportation,2024-11-18,Monday,11,149,109,40,125,98,27,-16.11,Sunny,65,Yes,Padres Home Game,Fall,Very High
FC0003963,SD008,Starbucks - San Diego Airport,Airport,transportation,2024-11-18,Monday,12,111,77,34,131,100,31,18.02,Sunny,65,Yes,Padres Home Game,Fall,Very High
FC0003964,SD008,Starbucks - San Diego Airport,Airport,transportation,2024-11-18,Monday,14,170,121,49,157,124,33,-7.65,Sunny,65,Yes,Padres Home Game,Fall,Very High
FC0003965,SD008,Starbucks - San Diego Airport,Airport,transportation,2024-11-18,Monday,15,104,72,32,103,69,34,-0.96,Sunny,65,Yes,Padres Home Game,Fall,Very High
FC0003966,SD008,Starbucks - San Diego Airport,Airport,transportation,2024-11-18,Monday,16,185,138,47,196,129,67,5.95,Sunny,65,Yes,Padres Home Game,Fall,Very High
FC0003967,SD008,Starbucks - San Diego Airport,Airport,transportation,2024-11-18,Monday,17,157,122,35,162,125,37,3.18,Sunny,65,Yes,Padres Home Game,Fall,Very High
FC0003968,SD008,Starbucks - San Diego Airport,Airport,transportation,2024-11-18,Monday,18,75,56,19,75,51,24,0.0,Sunny,65,Yes,Padres Home Game,Fall,High
FC0003969,SD008,Starbucks - San Diego Airport,Airport,transportation,2024-11-18,Monday,19,41,29,12,46,34,12,12.2,Sunny,65,Yes,Padres Home Game,Fall,Moderate
FC0003970,SD008,Starbucks - San Diego Airport,Airport,transportation,2024-11-18,Monday,20,37,25,12,36,28,8,-2.7,Sunny,65,Yes,Padres Home Game,Fall,Moderate
FC0003971,SD008,Starbucks - San Diego Airport,Airport,transportation,2024-11-25,Monday,6,55,40,15,58,42,16,5.45,Partly Cloudy,66,No,None,Fall,Moderate
FC0003972,SD008,Starbucks - San Diego Airport,Airport,transportation,2024-11-25,Monday,8,255,197,58,295,214,81,15.69,Partly Cloudy,66,No,None,Fall,Very High
FC0003973,SD008,Starbucks - San Diego Airport,Airport,transportation,2024-11-25,Monday,11,119,82,37,119,85,34,0.0,Partly Cloudy,66,No,None,Fall,Very High
FC0003974,SD008,Starbucks - San Diego Airport,Airport,transportation,2024-11-25,Monday,14,76,56,20,77,54,23,1.32,Partly Cloudy,66,No,None,Fall,High
FC0003975,SD008,Starbucks - San Diego Airport,Airport,transportation,2024-11-25,Monday,15,68,49,19,63,44,19,-7.35,Partly Cloudy,66,No,None,Fall,High
FC0003976,SD008,Starbucks - San Diego Airport,Airport,transportation,2024-11-25,Monday,16,212,150,62,186,132,54,-12.26,Partly Cloudy,66,No,None,Fall,Very High
FC0003977,SD008,Starbucks - San Diego Airport,Airport,transportation,2024-11-25,Monday,17,156,115,41,150,107,43,-3.85,Partly Cloudy,66,No,None,Fall,Very High
FC0003978,SD008,Starbucks - San Diego Airport,Airport,transportation,2024-11-25,Monday,19,33,23,10,35,24,11,6.06,Partly Cloudy,66,No,None,Fall,Moderate
FC0003979,SD008,Starbucks - San Diego Airport,Airport,transportation,2024-11-25,Monday,20,43,32,11,39,27,12,-9.3,Partly Cloudy,66,No,None,Fall,Moderate
FC0003980,SD008,Starbucks - San Diego Airport,Airport,transportation,2024-11-25,Monday,21,20,15,5,19,12,7,-5.0,Partly Cloudy,66,No,None,Fall,Low
FC0003981,SD008,Starbucks - San Diego Airport,Airport,transportation,2024-12-02,Monday,6,48,34,14,46,34,12,-4.17,Overcast,60,Yes,Comic-Con,Winter,Moderate
FC0003982,SD008,Starbucks - San Diego Airport,Airport,transportation,2024-12-02,Monday,8,340,236,104,342,226,116,0.59,Overcast,60,Yes,Comic-Con,Winter,Very High
FC0003983,SD008,Starbucks - San Diego Airport,Airport,transportation,2024-12-02,Monday,11,92,65,27,95,72,23,3.26,Overcast,60,Yes,Comic-Con,Winter,High
FC0003984,SD008,Starbucks - San Diego Airport,Airport,transportation,2024-12-02,Monday,13,192,149,43,178,130,48,-7.29,Overcast,60,Yes,Comic-Con,Winter,Very High
FC0003985,SD008,Starbucks - San Diego Airport,Airport,transportation,2024-12-02,Monday,14,166,125,41,166,119,47,0.0,Overcast,60,Yes,Comic-Con,Winter,Very High
FC0003986,SD008,Starbucks - San Diego Airport,Airport,transportation,2024-12-02,Monday,15,119,91,28,123,86,37,3.36,Overcast,60,Yes,Comic-Con,Winter,Very High
FC0003987,SD008,Starbucks - San Diego Airport,Airport,transportation,2024-12-02,Monday,16,159,109,50,152,107,45,-4.4,Overcast,60,Yes,Comic-Con,Winter,Very High
FC0003988,SD008,Starbucks - San Diego Airport,Airport,transportation,2024-12-02,Monday,17,249,177,72,236,160,76,-5.22,Overcast,60,Yes,Comic-Con,Winter,Very High
FC0003989,SD008,Starbucks - San Diego Airport,Airport,transportation,2024-12-02,Monday,18,104,78,26,114,81,33,9.62,Overcast,60,Yes,Comic-Con,Winter,Very High
FC0003990,SD008,Starbucks - San Diego Airport,Airport,transportation,2024-12-02,Monday,20,36,26,10,36,26,10,0.0,Overcast,60,Yes,Comic-Con,Winter,Moderate
FC0003991,SD008,Starbucks - San Diego Airport,Airport,transportation,2024-12-09,Monday,7,163,125,38,183,135,48,12.27,Partly Cloudy,65,No,None,Winter,Very High
FC0003992,SD008,Starbucks - San Diego Airport,Airport,transportation,2024-12-09,Monday,8,166,122,44,168,113,55,1.2,Partly Cloudy,65,No,None,Winter,Very High
FC0003993,SD008,Starbucks - San Diego Airport,Airport,transportation,2024-12-09,Monday,9,103,79,24,102,80,22,-0.97,Partly Cloudy,65,No,None,Winter,Very High
FC0003994,SD008,Starbucks - San Diego Airport,Airport,transportation,2024-12-09,Monday,10,139,96,43,137,109,28,-1.44,Partly Cloudy,65,No,None,Winter,Very High
FC0003995,SD008,Starbucks - San Diego Airport,Airport,transportation,2024-12-09,Monday,12,157,106,51,162,122,40,3.18,Partly Cloudy,65,No,None,Winter,Very High
FC0003996,SD008,Starbucks - San Diego Airport,Airport,transportation,2024-12-09,Monday,14,131,101,30,118,80,38,-9.92,Partly Cloudy,65,No,None,Winter,Very High
FC0003997,SD008,Starbucks - San Diego Airport,Airport,transportation,2024-12-09,Monday,16,165,127,38,171,114,57,3.64,Partly Cloudy,65,No,None,Winter,Very High
FC0003998,SD008,Starbucks - San Diego Airport,Airport,transportation,2024-12-09,Monday,18,67,51,16,60,45,15,-10.45,Partly Cloudy,65,No,None,Winter,High
FC0003999,SD008,Starbucks - San Diego Airport,Airport,transportation,2024-12-09,Monday,19,42,31,11,44,30,14,4.76,Partly Cloudy,65,No,None,Winter,Moderate
FC0004000,SD008,Starbucks - San Diego Airport,Airport,transportation,2024-12-09,Monday,21,13,8,5,13,9,4,0.0,Partly Cloudy,65,No,None,Winter,Low
FC0004001,SD009,Starbucks - Del Mar Plaza,Del Mar,suburban,2024-01-01,Monday,6,28,21,7,30,22,8,7.14,Partly Cloudy,57,No,None,Winter,Moderate
FC0004002,SD009,Starbucks - Del Mar Plaza,Del Mar,suburban,2024-01-01,Monday,9,137,99,38,151,112,39,10.22,Partly Cloudy,57,No,None,Winter,Very High
FC0004003,SD009,Starbucks - Del Mar Plaza,Del Mar,suburban,2024-01-01,Monday,10,104,78,26,103,80,23,-0.96,Partly Cloudy,57,No,None,Winter,Very High
FC0004004,SD009,Starbucks - Del Mar Plaza,Del Mar,suburban,2024-01-01,Monday,11,124,95,29,111,82,29,-10.48,Partly Cloudy,57,No,None,Winter,Very High
FC0004005,SD009,Starbucks - Del Mar Plaza,Del Mar,suburban,2024-01-01,Monday,12,102,72,30,103,78,25,0.98,Partly Cloudy,57,No,None,Winter,Very High
FC0004006,SD009,Starbucks - Del Mar Plaza,Del Mar,suburban,2024-01-01,Monday,15,104,74,30,91,64,27,-12.5,Partly Cloudy,57,No,None,Winter,High
FC0004007,SD009,Starbucks - Del Mar Plaza,Del Mar,suburban,2024-01-01,Monday,16,77,57,20,71,52,19,-7.79,Partly Cloudy,57,No,None,Winter,High
FC0004008,SD009,Starbucks - Del Mar Plaza,Del Mar,suburban,2024-01-01,Monday,17,91,64,27,88,69,19,-3.3,Partly Cloudy,57,No,None,Winter,High
FC0004009,SD009,Starbucks - Del Mar Plaza,Del Mar,suburban,2024-01-01,Monday,18,57,39,18,59,46,13,3.51,Partly Cloudy,57,No,None,Winter,Moderate
FC0004010,SD009,Starbucks - Del Mar Plaza,Del Mar,suburban,2024-01-01,Monday,19,48,33,15,41,29,12,-14.58,Partly Cloudy,57,No,None,Winter,Moderate
FC0004011,SD009,Starbucks - Del Mar Plaza,Del Mar,suburban,2024-01-08,Monday,8,117,80,37,114,81,33,-2.56,Marine Layer,57,No,None,Winter,Very High
FC0004012,SD009,Starbucks - Del Mar Plaza,Del Mar,suburban,2024-01-08,Monday,11,127,95,32,125,94,31,-1.57,Marine Layer,57,No,None,Winter,Very High
FC0004013,SD009,Starbucks - Del Mar Plaza,Del Mar,suburban,2024-01-08,Monday,12,116,80,36,122,93,29,5.17,Marine Layer,57,No,None,Winter,Very High
FC0004014,SD009,Starbucks - Del Mar Plaza,Del Mar,suburban,2024-01-08,Monday,14,118,88,30,123,92,31,4.24,Marine Layer,57,No,None,Winter,Very High
FC0004015,SD009,Starbucks - Del Mar Plaza,Del Mar,suburban,2024-01-08,Monday,15,86,66,20,84,63,21,-2.33,Marine Layer,57,No,None,Winter,High
FC0004016,SD009,Starbucks - Del Mar Plaza,Del Mar,suburban,2024-01-08,Monday,16,93,66,27,92,72,20,-1.08,Marine Layer,57,No,None,Winter,High
FC0004017,SD009,Starbucks - Del Mar Plaza,Del Mar,suburban,2024-01-08,Monday,17,105,75,30,102,77,25,-2.86,Marine Layer,57,No,None,Winter,Very High
FC0004018,SD009,Starbucks - Del Mar Plaza,Del Mar,suburban,2024-01-08,Monday,18,81,60,21,86,67,19,6.17,Marine Layer,57,No,None,Winter,High
FC0004019,SD009,Starbucks - Del Mar Plaza,Del Mar,suburban,2024-01-08,Monday,19,31,23,8,29,22,7,-6.45,Marine Layer,57,No,None,Winter,Low
FC0004020,SD009,Starbucks - Del Mar Plaza,Del Mar,suburban,2024-01-08,Monday,20,20,14,6,17,13,4,-15.0,Marine Layer,57,No,None,Winter,Low
FC0004021,SD009,Starbucks - Del Mar Plaza,Del Mar,suburban,2024-01-15,Monday,6,36,26,10,34,24,10,-5.56,Partly Cloudy,66,No,None,Winter,Moderate
FC0004022,SD009,Starbucks - Del Mar Plaza,Del Mar,suburban,2024-01-15,Monday,8,156,119,37,167,131,36,7.05,Partly Cloudy,66,No,None,Winter,Very High
FC0004023,SD009,Starbucks - Del Mar Plaza,Del Mar,suburban,2024-01-15,Monday,9,187,135,52,195,145,50,4.28,Partly Cloudy,66,No,None,Winter,Very High
FC0004024,SD009,Starbucks - Del Mar Plaza,Del Mar,suburban,2024-01-15,Monday,11,119,90,29,105,78,27,-11.76,Partly Cloudy,66,No,None,Winter,Very High
FC0004025,SD009,Starbucks - Del Mar Plaza,Del Mar,suburban,2024-01-15,Monday,12,164,125,39,176,130,46,7.32,Partly Cloudy,66,No,None,Winter,Very High
FC0004026,SD009,Starbucks - Del Mar Plaza,Del Mar,suburban,2024-01-15,Monday,14,105,78,27,105,78,27,0.0,Partly Cloudy,66,No,None,Winter,Very High
FC0004027,SD009,Starbucks - Del Mar Plaza,Del Mar,suburban,2024-01-15,Monday,15,71,50,21,75,51,24,5.63,Partly Cloudy,66,No,None,Winter,High
FC0004028,SD009,Starbucks - Del Mar Plaza,Del Mar,suburban,2024-01-15,Monday,16,110,84,26,111,86,25,0.91,Partly Cloudy,66,No,None,Winter,Very High
FC0004029,SD009,Starbucks - Del Mar Plaza,Del Mar,suburban,2024-01-15,Monday,19,32,23,9,32,24,8,0.0,Partly Cloudy,66,No,None,Winter,Moderate
FC0004030,SD009,Starbucks - Del Mar Plaza,Del Mar,suburban,2024-01-15,Monday,20,25,17,8,25,19,6,0.0,Partly Cloudy,66,No,None,Winter,Low
FC0004031,SD009,Starbucks - Del Mar Plaza,Del Mar,suburban,2024-01-22,Monday,6,36,24,12,35,25,10,-2.78,Partly Cloudy,59,No,None,Winter,Moderate
FC0004032,SD009,Starbucks - Del Mar Plaza,Del Mar,suburban,2024-01-22,Monday,7,95,69,26,86,58,28,-9.47,Partly Cloudy,59,No,None,Winter,High
FC0004033,SD009,Starbucks - Del Mar Plaza,Del Mar,suburban,2024-01-22,Monday,8,205,159,46,170,120,50,-17.07,Partly Cloudy,59,No,None,Winter,Very High
FC0004034,SD009,Starbucks - Del Mar Plaza,Del Mar,suburban,2024-01-22,Monday,10,101,76,25,100,78,22,-0.99,Partly Cloudy,59,No,None,Winter,Very High
FC0004035,SD009,Starbucks - Del Mar Plaza,Del Mar,suburban,2024-01-22,Monday,11,77,53,24,75,51,24,-2.6,Partly Cloudy,59,No,None,Winter,High
FC0004036,SD009,Starbucks - Del Mar Plaza,Del Mar,suburban,2024-01-22,Monday,12,115,87,28,124,95,29,7.83,Partly Cloudy,59,No,None,Winter,Very High
FC0004037,SD009,Starbucks - Del Mar Plaza,Del Mar,suburban,2024-01-22,Monday,18,66,51,15,56,41,15,-15.15,Partly Cloudy,59,No,None,Winter,Moderate
FC0004038,SD009,Starbucks - Del Mar Plaza,Del Mar,suburban,2024-01-22,Monday,19,58,41,17,64,49,15,10.34,Partly Cloudy,59,No,None,Winter,High
FC0004039,SD009,Starbucks - Del Mar Plaza,Del Mar,suburban,2024-01-22,Monday,20,28,19,9,27,20,7,-3.57,Partly Cloudy,59,No,None,Winter,Low
FC0004040,SD009,Starbucks - Del Mar Plaza,Del Mar,suburban,2024-01-22,Monday,21,20,14,6,17,12,5,-15.0,Partly Cloudy,59,No,None,Winter,Low
FC0004041,SD009,Starbucks - Del Mar Plaza,Del Mar,suburban,2024-01-29,Monday,6,31,21,10,30,23,7,-3.23,Marine Layer,65,No,None,Winter,Moderate
FC0004042,SD009,Starbucks - Del Mar Plaza,Del Mar,suburban,2024-01-29,Monday,7,75,51,24,82,54,28,9.33,Marine Layer,65,No,None,Winter,High
FC0004043,SD009,Starbucks - Del Mar Plaza,Del Mar,suburban,2024-01-29,Monday,8,136,105,31,136,91,45,0.0,Marine Layer,65,No,None,Winter,Very High
FC0004044,SD009,Starbucks - Del Mar Plaza,Del Mar,suburban,2024-01-29,Monday,11,80,54,26,89,62,27,11.25,Marine Layer,65,No,None,Winter,High
FC0004045,SD009,Starbucks - Del Mar Plaza,Del Mar,suburban,2024-01-29,Monday,12,116,84,32,110,78,32,-5.17,Marine Layer,65,No,None,Winter,Very High
FC0004046,SD009,Starbucks - Del Mar Plaza,Del Mar,suburban,2024-01-29,Monday,13,124,90,34,119,94,25,-4.03,Marine Layer,65,No,None,Winter,Very High
FC0004047,SD009,Starbucks - Del Mar Plaza,Del Mar,suburban,2024-01-29,Monday,14,110,80,30,106,75,31,-3.64,Marine Layer,65,No,None,Winter,Very High
FC0004048,SD009,Starbucks - Del Mar Plaza,Del Mar,suburban,2024-01-29,Monday,16,103,79,24,106,75,31,2.91,Marine Layer,65,No,None,Winter,Very High
FC0004049,SD009,Starbucks - Del Mar Plaza,Del Mar,suburban,2024-01-29,Monday,17,85,58,27,79,54,25,-7.06,Marine Layer,65,No,None,Winter,High
FC0004050,SD009,Starbucks - Del Mar Plaza,Del Mar,suburban,2024-01-29,Monday,20,34,23,11,32,24,8,-5.88,Marine Layer,65,No,None,Winter,Moderate
FC0004051,SD009,Starbucks - Del Mar Plaza,Del Mar,suburban,2024-02-05,Monday,7,114,82,32,110,75,35,-3.51,Marine Layer,60,No,None,Winter,Very High
FC0004052,SD009,Starbucks - Del Mar Plaza,Del Mar,suburban,2024-02-05,Monday,9,113,87,26,124,93,31,9.73,Marine Layer,60,No,None,Winter,Very High
FC0004053,SD009,Starbucks - Del Mar Plaza,Del Mar,suburban,2024-02-05,Monday,13,106,72,34,108,74,34,1.89,Marine Layer,60,No,None,Winter,Very High
FC0004054,SD009,Starbucks - Del Mar Plaza,Del Mar,suburban,2024-02-05,Monday,14,93,63,30,96,68,28,3.23,Marine Layer,60,No,None,Winter,High
FC0004055,SD009,Starbucks - Del Mar Plaza,Del Mar,suburban,2024-02-05,Monday,15,84,61,23,86,57,29,2.38,Marine Layer,60,No,None,Winter,High
FC0004056,SD009,Starbucks - Del Mar Plaza,Del Mar,suburban,2024-02-05,Monday,17,73,50,23,78,56,22,6.85,Marine Layer,60,No,None,Winter,High
FC0004057,SD009,Starbucks - Del Mar Plaza,Del Mar,suburban,2024-02-05,Monday,18,94,66,28,93,73,20,-1.06,Marine Layer,60,No,None,Winter,High
FC0004058,SD009,Starbucks - Del Mar Plaza,Del Mar,suburban,2024-02-05,Monday,19,41,30,11,39,30,9,-4.88,Marine Layer,60,No,None,Winter,Moderate
FC0004059,SD009,Starbucks - Del Mar Plaza,Del Mar,suburban,2024-02-05,Monday,20,32,22,10,32,23,9,0.0,Marine Layer,60,No,None,Winter,Moderate
FC0004060,SD009,Starbucks - Del Mar Plaza,Del Mar,suburban,2024-02-05,Monday,21,25,18,7,24,16,8,-4.0,Marine Layer,60,No,None,Winter,Low
FC0004061,SD009,Starbucks - Del Mar Plaza,Del Mar,suburban,2024-02-12,Monday,6,34,25,9,32,21,11,-5.88,Overcast,62,No,None,Winter,Moderate
FC0004062,SD009,Starbucks - Del Mar Plaza,Del Mar,suburban,2024-02-12,Monday,8,183,125,58,150,103,47,-18.03,Overcast,62,No,None,Winter,Very High
FC0004063,SD009,Starbucks - Del Mar Plaza,Del Mar,suburban,2024-02-12,Monday,9,100,75,25,98,74,24,-2.0,Overcast,62,No,None,Winter,High
FC0004064,SD009,Starbucks - Del Mar Plaza,Del Mar,suburban,2024-02-12,Monday,12,105,81,24,108,81,27,2.86,Overcast,62,No,None,Winter,Very High
FC0004065,SD009,Starbucks - Del Mar Plaza,Del Mar,suburban,2024-02-12,Monday,13,115,84,31,98,69,29,-14.78,Overcast,62,No,None,Winter,High
FC0004066,SD009,Starbucks - Del Mar Plaza,Del Mar,suburban,2024-02-12,Monday,15,61,43,18,63,48,15,3.28,Overcast,62,No,None,Winter,High
FC0004067,SD009,Starbucks - Del Mar Plaza,Del Mar,suburban,2024-02-12,Monday,17,84,65,19,83,57,26,-1.19,Overcast,62,No,None,Winter,High
FC0004068,SD009,Starbucks - Del Mar Plaza,Del Mar,suburban,2024-02-12,Monday,19,37,26,11,35,26,9,-5.41,Overcast,62,No,None,Winter,Moderate
FC0004069,SD009,Starbucks - Del Mar Plaza,Del Mar,suburban,2024-02-12,Monday,20,29,21,8,25,18,7,-13.79,Overcast,62,No,None,Winter,Low
FC0004070,SD009,Starbucks - Del Mar Plaza,Del Mar,suburban,2024-02-12,Monday,21,17,11,6,18,12,6,5.88,Overcast,62,No,None,Winter,Low
FC0004071,SD009,Starbucks - Del Mar Plaza,Del Mar,suburban,2024-02-19,Monday,7,100,69,31,110,81,29,10.0,Partly Cloudy,61,No,None,Winter,Very High
FC0004072,SD009,Starbucks - Del Mar Plaza,Del Mar,suburban,2024-02-19,Monday,8,196,151,45,207,152,55,5.61,Partly Cloudy,61,No,None,Winter,Very High
FC0004073,SD009,Starbucks - Del Mar Plaza,Del Mar,suburban,2024-02-19,Monday,11,111,82,29,97,66,31,-12.61,Partly Cloudy,61,No,None,Winter,High
FC0004074,SD009,Starbucks - Del Mar Plaza,Del Mar,suburban,2024-02-19,Monday,12,156,113,43,166,109,57,6.41,Partly Cloudy,61,No,None,Winter,Very High
FC0004075,SD009,Starbucks - Del Mar Plaza,Del Mar,suburban,2024-02-19,Monday,14,89,67,22,91,64,27,2.25,Partly Cloudy,61,No,None,Winter,High
FC0004076,SD009,Starbucks - Del Mar Plaza,Del Mar,suburban,2024-02-19,Monday,15,78,54,24,64,50,14,-17.95,Partly Cloudy,61,No,None,Winter,High
FC0004077,SD009,Starbucks - Del Mar Plaza,Del Mar,suburban,2024-02-19,Monday,16,137,102,35,120,80,40,-12.41,Partly Cloudy,61,No,None,Winter,Very High
FC0004078,SD009,Starbucks - Del Mar Plaza,Del Mar,suburban,2024-02-19,Monday,18,92,63,29,91,64,27,-1.09,Partly Cloudy,61,No,None,Winter,High
FC0004079,SD009,Starbucks - Del Mar Plaza,Del Mar,suburban,2024-02-19,Monday,20,42,32,10,41,32,9,-2.38,Partly Cloudy,61,No,None,Winter,Moderate
FC0004080,SD009,Starbucks - Del Mar Plaza,Del Mar,suburban,2024-02-19,Monday,21,15,10,5,15,10,5,0.0,Partly Cloudy,61,No,None,Winter,Low
FC0004081,SD009,Starbucks - Del Mar Plaza,Del Mar,suburban,2024-02-26,Monday,7,131,91,40,131,101,30,0.0,Overcast,68,No,None,Winter,Very High
FC0004082,SD009,Starbucks - Del Mar Plaza,Del Mar,suburban,2024-02-26,Monday,9,92,63,29,89,62,27,-3.26,Overcast,68,No,None,Winter,High
FC0004083,SD009,Starbucks - Del Mar Plaza,Del Mar,suburban,2024-02-26,Monday,13,98,72,26,97,74,23,-1.02,Overcast,68,No,None,Winter,High
FC0004084,SD009,Starbucks - Del Mar Plaza,Del Mar,suburban,2024-02-26,Monday,14,117,81,36,141,103,38,20.51,Overcast,68,No,None,Winter,Very High
FC0004085,SD009,Starbucks - Del Mar Plaza,Del Mar,suburban,2024-02-26,Monday,15,118,80,38,106,71,35,-10.17,Overcast,68,No,None,Winter,Very High
FC0004086,SD009,Starbucks - Del Mar Plaza,Del Mar,suburban,2024-02-26,Monday,17,90,67,23,91,62,29,1.11,Overcast,68,No,None,Winter,High
FC0004087,SD009,Starbucks - Del Mar Plaza,Del Mar,suburban,2024-02-26,Monday,18,96,69,27,108,84,24,12.5,Overcast,68,No,None,Winter,Very High
FC0004088,SD009,Starbucks - Del Mar Plaza,Del Mar,suburban,2024-02-26,Monday,19,52,37,15,58,38,20,11.54,Overcast,68,No,None,Winter,Moderate
FC0004089,SD009,Starbucks - Del Mar Plaza,Del Mar,suburban,2024-02-26,Monday,20,28,19,9,29,20,9,3.57,Overcast,68,No,None,Winter,Low
FC0004090,SD009,Starbucks - Del Mar Plaza,Del Mar,suburban,2024-02-26,Monday,21,24,18,6,21,16,5,-12.5,Overcast,68,No,None,Winter,Low
FC0004091,SD009,Starbucks - Del Mar Plaza,Del Mar,suburban,2024-03-04,Monday,6,22,16,6,24,17,7,9.09,Marine Layer,63,No,None,Spring,Low
FC0004092,SD009,Starbucks - Del Mar Plaza,Del Mar,suburban,2024-03-04,Monday,8,181,139,42,172,126,46,-4.97,Marine Layer,63,No,None,Spring,Very High
FC0004093,SD009,Starbucks - Del Mar Plaza,Del Mar,suburban,2024-03-04,Monday,10,106,73,33,112,81,31,5.66,Marine Layer,63,No,None,Spring,Very High
FC0004094,SD009,Starbucks - Del Mar Plaza,Del Mar,suburban,2024-03-04,Monday,11,105,80,25,108,78,30,2.86,Marine Layer,63,No,None,Spring,Very High
FC0004095,SD009,Starbucks - Del Mar Plaza,Del Mar,suburban,2024-03-04,Monday,14,71,49,22,66,44,22,-7.04,Marine Layer,63,No,None,Spring,High
FC0004096,SD009,Starbucks - Del Mar Plaza,Del Mar,suburban,2024-03-04,Monday,16,77,56,21,71,48,23,-7.79,Marine Layer,63,No,None,Spring,High
FC0004097,SD009,Starbucks - Del Mar Plaza,Del Mar,suburban,2024-03-04,Monday,17,106,77,29,100,78,22,-5.66,Marine Layer,63,No,None,Spring,Very High
FC0004098,SD009,Starbucks - Del Mar Plaza,Del Mar,suburban,2024-03-04,Monday,18,72,55,17,75,54,21,4.17,Marine Layer,63,No,None,Spring,High
FC0004099,SD009,Starbucks - Del Mar Plaza,Del Mar,suburban,2024-03-04,Monday,19,41,28,13,37,24,13,-9.76,Marine Layer,63,No,None,Spring,Moderate
FC0004100,SD009,Starbucks - Del Mar Plaza,Del Mar,suburban,2024-03-04,Monday,20,38,27,11,37,27,10,-2.63,Marine Layer,63,No,None,Spring,Moderate
FC0004101,SD009,Starbucks - Del Mar Plaza,Del Mar,suburban,2024-03-11,Monday,7,133,91,42,125,86,39,-6.02,Partly Cloudy,63,No,None,Spring,Very High
FC0004102,SD009,Starbucks - Del Mar Plaza,Del Mar,suburban,2024-03-11,Monday,8,143,106,37,149,107,42,4.2,Partly Cloudy,63,No,None,Spring,Very High
FC0004103,SD009,Starbucks - Del Mar Plaza,Del Mar,suburban,2024-03-11,Monday,10,106,78,28,105,78,27,-0.94,Partly Cloudy,63,No,None,Spring,Very High
FC0004104,SD009,Starbucks - Del Mar Plaza,Del Mar,suburban,2024-03-11,Monday,11,128,97,31,136,96,40,6.25,Partly Cloudy,63,No,None,Spring,Very High
FC0004105,SD009,Starbucks - Del Mar Plaza,Del Mar,suburban,2024-03-11,Monday,12,159,109,50,155,120,35,-2.52,Partly Cloudy,63,No,None,Spring,Very High
FC0004106,SD009,Starbucks - Del Mar Plaza,Del Mar,suburban,2024-03-11,Monday,14,95,68,27,103,81,22,8.42,Partly Cloudy,63,No,None,Spring,Very High
FC0004107,SD009,Starbucks - Del Mar Plaza,Del Mar,suburban,2024-03-11,Monday,15,102,79,23,102,71,31,0.0,Partly Cloudy,63,No,None,Spring,Very High
FC0004108,SD009,Starbucks - Del Mar Plaza,Del Mar,suburban,2024-03-11,Monday,16,111,79,32,104,70,34,-6.31,Partly Cloudy,63,No,None,Spring,Very High
FC0004109,SD009,Starbucks - Del Mar Plaza,Del Mar,suburban,2024-03-11,Monday,17,60,46,14,68,46,22,13.33,Partly Cloudy,63,No,None,Spring,High
FC0004110,SD009,Starbucks - Del Mar Plaza,Del Mar,suburban,2024-03-11,Monday,18,74,54,20,67,46,21,-9.46,Partly Cloudy,63,No,None,Spring,High
FC0004111,SD009,Starbucks - Del Mar Plaza,Del Mar,suburban,2024-03-18,Monday,7,71,49,22,70,46,24,-1.41,Marine Layer,65,No,None,Spring,High
FC0004112,SD009,Starbucks - Del Mar Plaza,Del Mar,suburban,2024-03-18,Monday,9,102,79,23,101,70,31,-0.98,Marine Layer,65,No,None,Spring,Very High
FC0004113,SD009,Starbucks - Del Mar Plaza,Del Mar,suburban,2024-03-18,Monday,10,70,49,21,71,46,25,1.43,Marine Layer,65,No,None,Spring,High
FC0004114,SD009,Starbucks - Del Mar Plaza,Del Mar,suburban,2024-03-18,Monday,12,146,102,44,136,99,37,-6.85,Marine Layer,65,No,None,Spring,Very High
FC0004115,SD009,Starbucks - Del Mar Plaza,Del Mar,suburban,2024-03-18,Monday,13,137,102,35,135,94,41,-1.46,Marine Layer,65,No,None,Spring,Very High
FC0004116,SD009,Starbucks - Del Mar Plaza,Del Mar,suburban,2024-03-18,Monday,14,133,100,33,143,105,38,7.52,Marine Layer,65,No,None,Spring,Very High
FC0004117,SD009,Starbucks - Del Mar Plaza,Del Mar,suburban,2024-03-18,Monday,17,60,44,16,69,46,23,15.0,Marine Layer,65,No,None,Spring,High
FC0004118,SD009,Starbucks - Del Mar Plaza,Del Mar,suburban,2024-03-18,Monday,18,70,51,19,68,45,23,-2.86,Marine Layer,65,No,None,Spring,High
FC0004119,SD009,Starbucks - Del Mar Plaza,Del Mar,suburban,2024-03-18,Monday,20,38,27,11,34,26,8,-10.53,Marine Layer,65,No,None,Spring,Moderate
FC0004120,SD009,Starbucks - Del Mar Plaza,Del Mar,suburban,2024-03-18,Monday,21,14,10,4,12,8,4,-14.29,Marine Layer,65,No,None,Spring,Low
FC0004121,SD009,Starbucks - Del Mar Plaza,Del Mar,suburban,2024-03-25,Monday,7,124,84,40,121,79,42,-2.42,Partly Cloudy,68,No,None,Spring,Very High
FC0004122,SD009,Starbucks - Del Mar Plaza,Del Mar,suburban,2024-03-25,Monday,8,107,74,33,116,78,38,8.41,Partly Cloudy,68,No,None,Spring,Very High
FC0004123,SD009,Starbucks - Del Mar Plaza,Del Mar,suburban,2024-03-25,Monday,11,112,80,32,102,80,22,-8.93,Partly Cloudy,68,No,None,Spring,Very High
FC0004124,SD009,Starbucks - Del Mar Plaza,Del Mar,suburban,2024-03-25,Monday,12,144,103,41,150,105,45,4.17,Partly Cloudy,68,No,None,Spring,Very High
FC0004125,SD009,Starbucks - Del Mar Plaza,Del Mar,suburban,2024-03-25,Monday,13,92,71,21,84,56,28,-8.7,Partly Cloudy,68,No,None,Spring,High
FC0004126,SD009,Starbucks - Del Mar Plaza,Del Mar,suburban,2024-03-25,Monday,14,82,61,21,78,61,17,-4.88,Partly Cloudy,68,No,None,Spring,High
FC0004127,SD009,Starbucks - Del Mar Plaza,Del Mar,suburban,2024-03-25,Monday,15,98,71,27,100,70,30,2.04,Partly Cloudy,68,No,None,Spring,Very High
FC0004128,SD009,Starbucks - Del Mar Plaza,Del Mar,suburban,2024-03-25,Monday,18,97,67,30,96,71,25,-1.03,Partly Cloudy,68,No,None,Spring,High
FC0004129,SD009,Starbucks - Del Mar Plaza,Del Mar,suburban,2024-03-25,Monday,19,50,34,16,45,32,13,-10.0,Partly Cloudy,68,No,None,Spring,Moderate
FC0004130,SD009,Starbucks - Del Mar Plaza,Del Mar,suburban,2024-03-25,Monday,20,28,19,9,26,18,8,-7.14,Partly Cloudy,68,No,None,Spring,Low
FC0004131,SD009,Starbucks - Del Mar Plaza,Del Mar,suburban,2024-04-01,Monday,6,33,25,8,35,24,11,6.06,Light Rain,68,No,None,Spring,Moderate
FC0004132,SD009,Starbucks - Del Mar Plaza,Del Mar,suburban,2024-04-01,Monday,7,92,65,27,88,58,30,-4.35,Light Rain,68,No,None,Spring,High
FC0004133,SD009,Starbucks - Del Mar Plaza,Del Mar,suburban,2024-04-01,Monday,9,178,130,48,160,117,43,-10.11,Light Rain,68,No,None,Spring,Very High
FC0004134,SD009,Starbucks - Del Mar Plaza,Del Mar,suburban,2024-04-01,Monday,10,142,109,33,124,83,41,-12.68,Light Rain,68,No,None,Spring,Very High
FC0004135,SD009,Starbucks - Del Mar Plaza,Del Mar,suburban,2024-04-01,Monday,11,78,58,20,78,52,26,0.0,Light Rain,68,No,None,Spring,High
FC0004136,SD009,Starbucks - Del Mar Plaza,Del Mar,suburban,2024-04-01,Monday,15,110,80,30,102,68,34,-7.27,Light Rain,68,No,None,Spring,Very High
FC0004137,SD009,Starbucks - Del Mar Plaza,Del Mar,suburban,2024-04-01,Monday,16,122,90,32,119,88,31,-2.46,Light Rain,68,No,None,Spring,Very High
FC0004138,SD009,Starbucks - Del Mar Plaza,Del Mar,suburban,2024-04-01,Monday,18,84,59,25,101,73,28,20.24,Light Rain,68,No,None,Spring,Very High
FC0004139,SD009,Starbucks - Del Mar Plaza,Del Mar,suburban,2024-04-01,Monday,19,47,32,15,48,35,13,2.13,Light Rain,68,No,None,Spring,Moderate
FC0004140,SD009,Starbucks - Del Mar Plaza,Del Mar,suburban,2024-04-01,Monday,20,31,21,10,33,25,8,6.45,Light Rain,68,No,None,Spring,Moderate
FC0004141,SD009,Starbucks - Del Mar Plaza,Del Mar,suburban,2024-04-08,Monday,7,134,92,42,134,103,31,0.0,Overcast,70,No,None,Spring,Very High
FC0004142,SD009,Starbucks - Del Mar Plaza,Del Mar,suburban,2024-04-08,Monday,8,129,90,39,119,81,38,-7.75,Overcast,70,No,None,Spring,Very High
FC0004143,SD009,Starbucks - Del Mar Plaza,Del Mar,suburban,2024-04-08,Monday,9,140,104,36,145,103,42,3.57,Overcast,70,No,None,Spring,Very High
FC0004144,SD009,Starbucks - Del Mar Plaza,Del Mar,suburban,2024-04-08,Monday,10,131,99,32,141,99,42,7.63,Overcast,70,No,None,Spring,Very High
FC0004145,SD009,Starbucks - Del Mar Plaza,Del Mar,suburban,2024-04-08,Monday,12,77,56,21,73,51,22,-5.19,Overcast,70,No,None,Spring,High
FC0004146,SD009,Starbucks - Del Mar Plaza,Del Mar,suburban,2024-04-08,Monday,16,91,62,29,89,60,29,-2.2,Overcast,70,No,None,Spring,High
FC0004147,SD009,Starbucks - Del Mar Plaza,Del Mar,suburban,2024-04-08,Monday,17,72,49,23,68,50,18,-5.56,Overcast,70,No,None,Spring,High
FC0004148,SD009,Starbucks - Del Mar Plaza,Del Mar,suburban,2024-04-08,Monday,18,62,42,20,53,38,15,-14.52,Overcast,70,No,None,Spring,Moderate
FC0004149,SD009,Starbucks - Del Mar Plaza,Del Mar,suburban,2024-04-08,Monday,19,63,47,16,62,45,17,-1.59,Overcast,70,No,None,Spring,High
FC0004150,SD009,Starbucks - Del Mar Plaza,Del Mar,suburban,2024-04-08,Monday,20,42,28,14,43,30,13,2.38,Overcast,70,No,None,Spring,Moderate
FC0004151,SD009,Starbucks - Del Mar Plaza,Del Mar,suburban,2024-04-15,Monday,8,102,74,28,103,81,22,0.98,Sunny,72,No,None,Spring,Very High
FC0004152,SD009,Starbucks - Del Mar Plaza,Del Mar,suburban,2024-04-15,Monday,9,91,64,27,66,49,17,-27.47,Sunny,72,No,None,Spring,High
FC0004153,SD009,Starbucks - Del Mar Plaza,Del Mar,suburban,2024-04-15,Monday,10,97,72,25,75,56,19,-22.68,Sunny,72,No,None,Spring,High
FC0004154,SD009,Starbucks - Del Mar Plaza,Del Mar,suburban,2024-04-15,Monday,11,136,97,39,127,98,29,-6.62,Sunny,72,No,None,Spring,Very High
FC0004155,SD009,Starbucks - Del Mar Plaza,Del Mar,suburban,2024-04-15,Monday,12,154,116,38,154,111,43,0.0,Sunny,72,No,None,Spring,Very High
FC0004156,SD009,Starbucks - Del Mar Plaza,Del Mar,suburban,2024-04-15,Monday,13,78,60,18,84,60,24,7.69,Sunny,72,No,None,Spring,High
FC0004157,SD009,Starbucks - Del Mar Plaza,Del Mar,suburban,2024-04-15,Monday,17,84,58,26,75,50,25,-10.71,Sunny,72,No,None,Spring,High
FC0004158,SD009,Starbucks - Del Mar Plaza,Del Mar,suburban,2024-04-15,Monday,18,60,45,15,68,47,21,13.33,Sunny,72,No,None,Spring,High
FC0004159,SD009,Starbucks - Del Mar Plaza,Del Mar,suburban,2024-04-15,Monday,19,51,35,16,50,33,17,-1.96,Sunny,72,No,None,Spring,Moderate
FC0004160,SD009,Starbucks - Del Mar Plaza,Del Mar,suburban,2024-04-15,Monday,20,30,20,10,31,22,9,3.33,Sunny,72,No,None,Spring,Moderate
FC0004161,SD009,Starbucks - Del Mar Plaza,Del Mar,suburban,2024-04-22,Monday,8,101,73,28,109,79,30,7.92,Sunny,69,No,None,Spring,Very High
FC0004162,SD009,Starbucks - Del Mar Plaza,Del Mar,suburban,2024-04-22,Monday,9,142,110,32,138,109,29,-2.82,Sunny,69,No,None,Spring,Very High
FC0004163,SD009,Starbucks - Del Mar Plaza,Del Mar,suburban,2024-04-22,Monday,10,90,68,22,83,55,28,-7.78,Sunny,69,No,None,Spring,High
FC0004164,SD009,Starbucks - Del Mar Plaza,Del Mar,suburban,2024-04-22,Monday,12,142,99,43,153,105,48,7.75,Sunny,69,No,None,Spring,Very High
FC0004165,SD009,Starbucks - Del Mar Plaza,Del Mar,suburban,2024-04-22,Monday,14,98,68,30,93,70,23,-5.1,Sunny,69,No,None,Spring,High
FC0004166,SD009,Starbucks - Del Mar Plaza,Del Mar,suburban,2024-04-22,Monday,15,123,89,34,132,91,41,7.32,Sunny,69,No,None,Spring,Very High
FC0004167,SD009,Starbucks - Del Mar Plaza,Del Mar,suburban,2024-04-22,Monday,16,102,79,23,96,71,25,-5.88,Sunny,69,No,None,Spring,High
FC0004168,SD009,Starbucks - Del Mar Plaza,Del Mar,suburban,2024-04-22,Monday,17,82,57,25,83,57,26,1.22,Sunny,69,No,None,Spring,High
FC0004169,SD009,Starbucks - Del Mar Plaza,Del Mar,suburban,2024-04-22,Monday,19,41,30,11,44,32,12,7.32,Sunny,69,No,None,Spring,Moderate
FC0004170,SD009,Starbucks - Del Mar Plaza,Del Mar,suburban,2024-04-22,Monday,21,12,8,4,13,8,5,8.33,Sunny,69,No,None,Spring,Low
FC0004171,SD009,Starbucks - Del Mar Plaza,Del Mar,suburban,2024-04-29,Monday,7,121,87,34,133,92,41,9.92,Sunny,70,No,None,Spring,Very High
FC0004172,SD009,Starbucks - Del Mar Plaza,Del Mar,suburban,2024-04-29,Monday,8,149,114,35,147,110,37,-1.34,Sunny,70,No,None,Spring,Very High
FC0004173,SD009,Starbucks - Del Mar Plaza,Del Mar,suburban,2024-04-29,Monday,10,109,82,27,95,63,32,-12.84,Sunny,70,No,None,Spring,High
FC0004174,SD009,Starbucks - Del Mar Plaza,Del Mar,suburban,2024-04-29,Monday,11,124,90,34,131,101,30,5.65,Sunny,70,No,None,Spring,Very High
FC0004175,SD009,Starbucks - Del Mar Plaza,Del Mar,suburban,2024-04-29,Monday,12,148,107,41,158,109,49,6.76,Sunny,70,No,None,Spring,Very High
FC0004176,SD009,Starbucks - Del Mar Plaza,Del Mar,suburban,2024-04-29,Monday,15,84,57,27,80,58,22,-4.76,Sunny,70,No,None,Spring,High
FC0004177,SD009,Starbucks - Del Mar Plaza,Del Mar,suburban,2024-04-29,Monday,18,45,33,12,47,33,14,4.44,Sunny,70,No,None,Spring,Moderate
FC0004178,SD009,Starbucks - Del Mar Plaza,Del Mar,suburban,2024-04-29,Monday,19,52,36,16,62,48,14,19.23,Sunny,70,No,None,Spring,High
FC0004179,SD009,Starbucks - Del Mar Plaza,Del Mar,suburban,2024-04-29,Monday,20,31,21,10,32,25,7,3.23,Sunny,70,No,None,Spring,Moderate
FC0004180,SD009,Starbucks - Del Mar Plaza,Del Mar,suburban,2024-04-29,Monday,21,21,15,6,20,13,7,-4.76,Sunny,70,No,None,Spring,Low
FC0004181,SD009,Starbucks - Del Mar Plaza,Del Mar,suburban,2024-05-06,Monday,6,34,25,9,31,23,8,-8.82,Partly Cloudy,66,No,None,Spring,Moderate
FC0004182,SD009,Starbucks - Del Mar Plaza,Del Mar,suburban,2024-05-06,Monday,9,111,83,28,113,75,38,1.8,Partly Cloudy,66,No,None,Spring,Very High
FC0004183,SD009,Starbucks - Del Mar Plaza,Del Mar,suburban,2024-05-06,Monday,10,96,67,29,90,64,26,-6.25,Partly Cloudy,66,No,None,Spring,High
FC0004184,SD009,Starbucks - Del Mar Plaza,Del Mar,suburban,2024-05-06,Monday,13,90,67,23,90,64,26,0.0,Partly Cloudy,66,No,None,Spring,High
FC0004185,SD009,Starbucks - Del Mar Plaza,Del Mar,suburban,2024-05-06,Monday,15,92,68,24,81,60,21,-11.96,Partly Cloudy,66,No,None,Spring,High
FC0004186,SD009,Starbucks - Del Mar Plaza,Del Mar,suburban,2024-05-06,Monday,16,89,61,28,92,61,31,3.37,Partly Cloudy,66,No,None,Spring,High
FC0004187,SD009,Starbucks - Del Mar Plaza,Del Mar,suburban,2024-05-06,Monday,17,116,87,29,110,87,23,-5.17,Partly Cloudy,66,No,None,Spring,Very High
FC0004188,SD009,Starbucks - Del Mar Plaza,Del Mar,suburban,2024-05-06,Monday,18,76,56,20,80,54,26,5.26,Partly Cloudy,66,No,None,Spring,High
FC0004189,SD009,Starbucks - Del Mar Plaza,Del Mar,suburban,2024-05-06,Monday,20,32,23,9,36,26,10,12.5,Partly Cloudy,66,No,None,Spring,Moderate
FC0004190,SD009,Starbucks - Del Mar Plaza,Del Mar,suburban,2024-05-06,Monday,21,21,16,5,23,15,8,9.52,Partly Cloudy,66,No,None,Spring,Low
FC0004191,SD009,Starbucks - Del Mar Plaza,Del Mar,suburban,2024-05-13,Monday,6,40,28,12,33,26,7,-17.5,Partly Cloudy,67,No,None,Spring,Moderate
FC0004192,SD009,Starbucks - Del Mar Plaza,Del Mar,suburban,2024-05-13,Monday,7,98,67,31,84,59,25,-14.29,Partly Cloudy,67,No,None,Spring,High
FC0004193,SD009,Starbucks - Del Mar Plaza,Del Mar,suburban,2024-05-13,Monday,8,159,113,46,161,118,43,1.26,Partly Cloudy,67,No,None,Spring,Very High
FC0004194,SD009,Starbucks - Del Mar Plaza,Del Mar,suburban,2024-05-13,Monday,12,96,73,23,92,63,29,-4.17,Partly Cloudy,67,No,None,Spring,High
FC0004195,SD009,Starbucks - Del Mar Plaza,Del Mar,suburban,2024-05-13,Monday,13,93,66,27,85,61,24,-8.6,Partly Cloudy,67,No,None,Spring,High
FC0004196,SD009,Starbucks - Del Mar Plaza,Del Mar,suburban,2024-05-13,Monday,14,63,44,19,54,40,14,-14.29,Partly Cloudy,67,No,None,Spring,Moderate
FC0004197,SD009,Starbucks - Del Mar Plaza,Del Mar,suburban,2024-05-13,Monday,15,99,74,25,93,64,29,-6.06,Partly Cloudy,67,No,None,Spring,High
FC0004198,SD009,Starbucks - Del Mar Plaza,Del Mar,suburban,2024-05-13,Monday,19,45,34,11,42,29,13,-6.67,Partly Cloudy,67,No,None,Spring,Moderate
FC0004199,SD009,Starbucks - Del Mar Plaza,Del Mar,suburban,2024-05-13,Monday,20,36,26,10,32,21,11,-11.11,Partly Cloudy,67,No,None,Spring,Moderate
FC0004200,SD009,Starbucks - Del Mar Plaza,Del Mar,suburban,2024-05-13,Monday,21,18,12,6,18,12,6,0.0,Partly Cloudy,67,No,None,Spring,Low
FC0004201,SD009,Starbucks - Del Mar Plaza,Del Mar,suburban,2024-05-20,Monday,6,35,23,12,33,23,10,-5.71,Sunny,69,No,None,Spring,Moderate
FC0004202,SD009,Starbucks - Del Mar Plaza,Del Mar,suburban,2024-05-20,Monday,7,132,95,37,123,89,34,-6.82,Sunny,69,No,None,Spring,Very High
FC0004203,SD009,Starbucks - Del Mar Plaza,Del Mar,suburban,2024-05-20,Monday,8,170,122,48,187,145,42,10.0,Sunny,69,No,None,Spring,Very High
FC0004204,SD009,Starbucks - Del Mar Plaza,Del Mar,suburban,2024-05-20,Monday,11,72,53,19,77,55,22,6.94,Sunny,69,No,None,Spring,High
FC0004205,SD009,Starbucks - Del Mar Plaza,Del Mar,suburban,2024-05-20,Monday,14,78,60,18,74,50,24,-5.13,Sunny,69,No,None,Spring,High
FC0004206,SD009,Starbucks - Del Mar Plaza,Del Mar,suburban,2024-05-20,Monday,15,74,53,21,73,51,22,-1.35,Sunny,69,No,None,Spring,High
FC0004207,SD009,Starbucks - Del Mar Plaza,Del Mar,suburban,2024-05-20,Monday,16,108,81,27,97,70,27,-10.19,Sunny,69,No,None,Spring,High
FC0004208,SD009,Starbucks - Del Mar Plaza,Del Mar,suburban,2024-05-20,Monday,17,69,47,22,70,49,21,1.45,Sunny,69,No,None,Spring,High
FC0004209,SD009,Starbucks - Del Mar Plaza,Del Mar,suburban,2024-05-20,Monday,18,93,64,29,88,64,24,-5.38,Sunny,69,No,None,Spring,High
FC0004210,SD009,Starbucks - Del Mar Plaza,Del Mar,suburban,2024-05-20,Monday,21,19,13,6,19,14,5,0.0,Sunny,69,No,None,Spring,Low
FC0004211,SD009,Starbucks - Del Mar Plaza,Del Mar,suburban,2024-05-27,Monday,7,110,84,26,121,96,25,10.0,Overcast,68,Yes,Del Mar Fair,Spring,Very High
FC0004212,SD009,Starbucks - Del Mar Plaza,Del Mar,suburban,2024-05-27,Monday,8,218,157,61,202,158,44,-7.34,Overcast,68,Yes,Del Mar Fair,Spring,Very High
FC0004213,SD009,Starbucks - Del Mar Plaza,Del Mar,suburban,2024-05-27,Monday,9,135,95,40,127,88,39,-5.93,Overcast,68,Yes,Del Mar Fair,Spring,Very High
FC0004214,SD009,Starbucks - Del Mar Plaza,Del Mar,suburban,2024-05-27,Monday,10,152,112,40,166,130,36,9.21,Overcast,68,Yes,Del Mar Fair,Spring,Very High
FC0004215,SD009,Starbucks - Del Mar Plaza,Del Mar,suburban,2024-05-27,Monday,15,84,57,27,72,54,18,-14.29,Overcast,68,Yes,Del Mar Fair,Spring,High
FC0004216,SD009,Starbucks - Del Mar Plaza,Del Mar,suburban,2024-05-27,Monday,16,146,103,43,140,94,46,-4.11,Overcast,68,Yes,Del Mar Fair,Spring,Very High
FC0004217,SD009,Starbucks - Del Mar Plaza,Del Mar,suburban,2024-05-27,Monday,17,80,60,20,75,56,19,-6.25,Overcast,68,Yes,Del Mar Fair,Spring,High
FC0004218,SD009,Starbucks - Del Mar Plaza,Del Mar,suburban,2024-05-27,Monday,18,76,55,21,71,50,21,-6.58,Overcast,68,Yes,Del Mar Fair,Spring,High
FC0004219,SD009,Starbucks - Del Mar Plaza,Del Mar,suburban,2024-05-27,Monday,19,76,57,19,80,56,24,5.26,Overcast,68,Yes,Del Mar Fair,Spring,High
FC0004220,SD009,Starbucks - Del Mar Plaza,Del Mar,suburban,2024-05-27,Monday,20,50,38,12,50,33,17,0.0,Overcast,68,Yes,Del Mar Fair,Spring,Moderate
FC0004221,SD009,Starbucks - Del Mar Plaza,Del Mar,suburban,2024-06-03,Monday,8,206,156,50,245,167,78,18.93,Partly Cloudy,77,No,None,Summer,Very High
FC0004222,SD009,Starbucks - Del Mar Plaza,Del Mar,suburban,2024-06-03,Monday,10,93,72,21,89,60,29,-4.3,Partly Cloudy,77,No,None,Summer,High
FC0004223,SD009,Starbucks - Del Mar Plaza,Del Mar,suburban,2024-06-03,Monday,11,63,47,16,64,48,16,1.59,Partly Cloudy,77,No,None,Summer,High
FC0004224,SD009,Starbucks - Del Mar Plaza,Del Mar,suburban,2024-06-03,Monday,12,114,77,37,106,78,28,-7.02,Partly Cloudy,77,No,None,Summer,Very High
FC0004225,SD009,Starbucks - Del Mar Plaza,Del Mar,suburban,2024-06-03,Monday,13,84,65,19,91,63,28,8.33,Partly Cloudy,77,No,None,Summer,High
FC0004226,SD009,Starbucks - Del Mar Plaza,Del Mar,suburban,2024-06-03,Monday,15,103,70,33,115,91,24,11.65,Partly Cloudy,77,No,None,Summer,Very High
FC0004227,SD009,Starbucks - Del Mar Plaza,Del Mar,suburban,2024-06-03,Monday,16,102,69,33,108,83,25,5.88,Partly Cloudy,77,No,None,Summer,Very High
FC0004228,SD009,Starbucks - Del Mar Plaza,Del Mar,suburban,2024-06-03,Monday,18,72,50,22,66,45,21,-8.33,Partly Cloudy,77,No,None,Summer,High
FC0004229,SD009,Starbucks - Del Mar Plaza,Del Mar,suburban,2024-06-03,Monday,20,23,17,6,21,14,7,-8.7,Partly Cloudy,77,No,None,Summer,Low
FC0004230,SD009,Starbucks - Del Mar Plaza,Del Mar,suburban,2024-06-03,Monday,21,25,18,7,23,17,6,-8.0,Partly Cloudy,77,No,None,Summer,Low
FC0004231,SD009,Starbucks - Del Mar Plaza,Del Mar,suburban,2024-06-10,Monday,6,37,26,11,43,28,15,16.22,Sunny,73,No,None,Summer,Moderate
FC0004232,SD009,Starbucks - Del Mar Plaza,Del Mar,suburban,2024-06-10,Monday,7,64,46,18,68,51,17,6.25,Sunny,73,No,None,Summer,High
FC0004233,SD009,Starbucks - Del Mar Plaza,Del Mar,suburban,2024-06-10,Monday,9,99,67,32,107,76,31,8.08,Sunny,73,No,None,Summer,Very High
FC0004234,SD009,Starbucks - Del Mar Plaza,Del Mar,suburban,2024-06-10,Monday,11,75,55,20,76,53,23,1.33,Sunny,73,No,None,Summer,High
FC0004235,SD009,Starbucks - Del Mar Plaza,Del Mar,suburban,2024-06-10,Monday,12,106,73,33,112,81,31,5.66,Sunny,73,No,None,Summer,Very High
FC0004236,SD009,Starbucks - Del Mar Plaza,Del Mar,suburban,2024-06-10,Monday,14,137,99,38,135,91,44,-1.46,Sunny,73,No,None,Summer,Very High
FC0004237,SD009,Starbucks - Del Mar Plaza,Del Mar,suburban,2024-06-10,Monday,15,63,43,20,53,39,14,-15.87,Sunny,73,No,None,Summer,Moderate
FC0004238,SD009,Starbucks - Del Mar Plaza,Del Mar,suburban,2024-06-10,Monday,17,87,67,20,83,64,19,-4.6,Sunny,73,No,None,Summer,High
FC0004239,SD009,Starbucks - Del Mar Plaza,Del Mar,suburban,2024-06-10,Monday,20,33,23,10,30,19,11,-9.09,Sunny,73,No,None,Summer,Moderate
FC0004240,SD009,Starbucks - Del Mar Plaza,Del Mar,suburban,2024-06-10,Monday,21,13,9,4,12,8,4,-7.69,Sunny,73,No,None,Summer,Low
FC0004241,SD009,Starbucks - Del Mar Plaza,Del Mar,suburban,2024-06-17,Monday,6,49,37,12,46,35,11,-6.12,Sunny,74,Yes,Del Mar Fair,Summer,Moderate
FC0004242,SD009,Starbucks - Del Mar Plaza,Del Mar,suburban,2024-06-17,Monday,8,234,171,63,238,171,67,1.71,Sunny,74,Yes,Del Mar Fair,Summer,Very High
FC0004243,SD009,Starbucks - Del Mar Plaza,Del Mar,suburban,2024-06-17,Monday,9,198,145,53,207,160,47,4.55,Sunny,74,Yes,Del Mar Fair,Summer,Very High
FC0004244,SD009,Starbucks - Del Mar Plaza,Del Mar,suburban,2024-06-17,Monday,10,104,78,26,99,70,29,-4.81,Sunny,74,Yes,Del Mar Fair,Summer,High
FC0004245,SD009,Starbucks - Del Mar Plaza,Del Mar,suburban,2024-06-17,Monday,13,96,65,31,106,73,33,10.42,Sunny,74,Yes,Del Mar Fair,Summer,Very High
FC0004246,SD009,Starbucks - Del Mar Plaza,Del Mar,suburban,2024-06-17,Monday,14,169,121,48,186,134,52,10.06,Sunny,74,Yes,Del Mar Fair,Summer,Very High
FC0004247,SD009,Starbucks - Del Mar Plaza,Del Mar,suburban,2024-06-17,Monday,15,104,78,26,91,62,29,-12.5,Sunny,74,Yes,Del Mar Fair,Summer,High
FC0004248,SD009,Starbucks - Del Mar Plaza,Del Mar,suburban,2024-06-17,Monday,16,161,119,42,143,112,31,-11.18,Sunny,74,Yes,Del Mar Fair,Summer,Very High
FC0004249,SD009,Starbucks - Del Mar Plaza,Del Mar,suburban,2024-06-17,Monday,17,87,65,22,84,65,19,-3.45,Sunny,74,Yes,Del Mar Fair,Summer,High
FC0004250,SD009,Starbucks - Del Mar Plaza,Del Mar,suburban,2024-06-17,Monday,21,18,12,6,17,12,5,-5.56,Sunny,74,Yes,Del Mar Fair,Summer,Low
FC0004251,SD009,Starbucks - Del Mar Plaza,Del Mar,suburban,2024-06-24,Monday,6,29,21,8,26,19,7,-10.34,Light Rain,75,No,None,Summer,Low
FC0004252,SD009,Starbucks - Del Mar Plaza,Del Mar,suburban,2024-06-24,Monday,7,68,49,19,63,50,13,-7.35,Light Rain,75,No,None,Summer,High
FC0004253,SD009,Starbucks - Del Mar Plaza,Del Mar,suburban,2024-06-24,Monday,8,213,153,60,179,126,53,-15.96,Light Rain,75,No,None,Summer,Very High
FC0004254,SD009,Starbucks - Del Mar Plaza,Del Mar,suburban,2024-06-24,Monday,10,84,61,23,79,58,21,-5.95,Light Rain,75,No,None,Summer,High
FC0004255,SD009,Starbucks - Del Mar Plaza,Del Mar,suburban,2024-06-24,Monday,12,90,64,26,96,71,25,6.67,Light Rain,75,No,None,Summer,High
FC0004256,SD009,Starbucks - Del Mar Plaza,Del Mar,suburban,2024-06-24,Monday,13,143,104,39,129,89,40,-9.79,Light Rain,75,No,None,Summer,Very High
FC0004257,SD009,Starbucks - Del Mar Plaza,Del Mar,suburban,2024-06-24,Monday,15,114,84,30,109,80,29,-4.39,Light Rain,75,No,None,Summer,Very High
FC0004258,SD009,Starbucks - Del Mar Plaza,Del Mar,suburban,2024-06-24,Monday,17,116,79,37,110,86,24,-5.17,Light Rain,75,No,None,Summer,Very High
FC0004259,SD009,Starbucks - Del Mar Plaza,Del Mar,suburban,2024-06-24,Monday,20,20,15,5,17,13,4,-15.0,Light Rain,75,No,None,Summer,Low
FC0004260,SD009,Starbucks - Del Mar Plaza,Del Mar,suburban,2024-06-24,Monday,21,26,19,7,25,16,9,-3.85,Light Rain,75,No,None,Summer,Low
FC0004261,SD009,Starbucks - Del Mar Plaza,Del Mar,suburban,2024-07-01,Monday,6,37,25,12,39,25,14,5.41,Partly Cloudy,81,No,None,Summer,Moderate
FC0004262,SD009,Starbucks - Del Mar Plaza,Del Mar,suburban,2024-07-01,Monday,8,157,117,40,139,93,46,-11.46,Partly Cloudy,81,No,None,Summer,Very High
FC0004263,SD009,Starbucks - Del Mar Plaza,Del Mar,suburban,2024-07-01,Monday,9,190,145,45,181,135,46,-4.74,Partly Cloudy,81,No,None,Summer,Very High
FC0004264,SD009,Starbucks - Del Mar Plaza,Del Mar,suburban,2024-07-01,Monday,11,136,99,37,142,93,49,4.41,Partly Cloudy,81,No,None,Summer,Very High
FC0004265,SD009,Starbucks - Del Mar Plaza,Del Mar,suburban,2024-07-01,Monday,13,132,92,40,123,82,41,-6.82,Partly Cloudy,81,No,None,Summer,Very High
FC0004266,SD009,Starbucks - Del Mar Plaza,Del Mar,suburban,2024-07-01,Monday,16,85,58,27,87,66,21,2.35,Partly Cloudy,81,No,None,Summer,High
FC0004267,SD009,Starbucks - Del Mar Plaza,Del Mar,suburban,2024-07-01,Monday,17,79,59,20,76,51,25,-3.8,Partly Cloudy,81,No,None,Summer,High
FC0004268,SD009,Starbucks - Del Mar Plaza,Del Mar,suburban,2024-07-01,Monday,18,65,48,17,54,36,18,-16.92,Partly Cloudy,81,No,None,Summer,Moderate
FC0004269,SD009,Starbucks - Del Mar Plaza,Del Mar,suburban,2024-07-01,Monday,19,55,41,14,52,36,16,-5.45,Partly Cloudy,81,No,None,Summer,Moderate
FC0004270,SD009,Starbucks - Del Mar Plaza,Del Mar,suburban,2024-07-01,Monday,20,36,25,11,32,21,11,-11.11,Partly Cloudy,81,No,None,Summer,Moderate
FC0004271,SD009,Starbucks - Del Mar Plaza,Del Mar,suburban,2024-07-08,Monday,6,41,30,11,38,26,12,-7.32,Partly Cloudy,73,No,None,Summer,Moderate
FC0004272,SD009,Starbucks - Del Mar Plaza,Del Mar,suburban,2024-07-08,Monday,8,141,100,41,146,113,33,3.55,Partly Cloudy,73,No,None,Summer,Very High
FC0004273,SD009,Starbucks - Del Mar Plaza,Del Mar,suburban,2024-07-08,Monday,10,128,95,33,122,88,34,-4.69,Partly Cloudy,73,No,None,Summer,Very High
FC0004274,SD009,Starbucks - Del Mar Plaza,Del Mar,suburban,2024-07-08,Monday,11,122,90,32,130,103,27,6.56,Partly Cloudy,73,No,None,Summer,Very High
FC0004275,SD009,Starbucks - Del Mar Plaza,Del Mar,suburban,2024-07-08,Monday,12,158,117,41,145,107,38,-8.23,Partly Cloudy,73,No,None,Summer,Very High
FC0004276,SD009,Starbucks - Del Mar Plaza,Del Mar,suburban,2024-07-08,Monday,13,110,80,30,102,67,35,-7.27,Partly Cloudy,73,No,None,Summer,Very High
FC0004277,SD009,Starbucks - Del Mar Plaza,Del Mar,suburban,2024-07-08,Monday,14,76,57,19,71,52,19,-6.58,Partly Cloudy,73,No,None,Summer,High
FC0004278,SD009,Starbucks - Del Mar Plaza,Del Mar,suburban,2024-07-08,Monday,17,98,68,30,86,66,20,-12.24,Partly Cloudy,73,No,None,Summer,High
FC0004279,SD009,Starbucks - Del Mar Plaza,Del Mar,suburban,2024-07-08,Monday,18,63,44,19,60,39,21,-4.76,Partly Cloudy,73,No,None,Summer,High
FC0004280,SD009,Starbucks - Del Mar Plaza,Del Mar,suburban,2024-07-08,Monday,19,52,35,17,49,35,14,-5.77,Partly Cloudy,73,No,None,Summer,Moderate
FC0004281,SD009,Starbucks - Del Mar Plaza,Del Mar,suburban,2024-07-15,Monday,6,31,22,9,35,23,12,12.9,Sunny,81,No,None,Summer,Moderate
FC0004282,SD009,Starbucks - Del Mar Plaza,Del Mar,suburban,2024-07-15,Monday,7,78,57,21,74,49,25,-5.13,Sunny,81,No,None,Summer,High
FC0004283,SD009,Starbucks - Del Mar Plaza,Del Mar,suburban,2024-07-15,Monday,8,104,71,33,98,75,23,-5.77,Sunny,81,No,None,Summer,High
FC0004284,SD009,Starbucks - Del Mar Plaza,Del Mar,suburban,2024-07-15,Monday,9,169,118,51,169,114,55,0.0,Sunny,81,No,None,Summer,Very High
FC0004285,SD009,Starbucks - Del Mar Plaza,Del Mar,suburban,2024-07-15,Monday,10,129,95,34,124,94,30,-3.88,Sunny,81,No,None,Summer,Very High
FC0004286,SD009,Starbucks - Del Mar Plaza,Del Mar,suburban,2024-07-15,Monday,11,76,53,23,77,58,19,1.32,Sunny,81,No,None,Summer,High
FC0004287,SD009,Starbucks - Del Mar Plaza,Del Mar,suburban,2024-07-15,Monday,12,91,62,29,97,75,22,6.59,Sunny,81,No,None,Summer,High
FC0004288,SD009,Starbucks - Del Mar Plaza,Del Mar,suburban,2024-07-15,Monday,14,89,62,27,79,55,24,-11.24,Sunny,81,No,None,Summer,High
FC0004289,SD009,Starbucks - Del Mar Plaza,Del Mar,suburban,2024-07-15,Monday,16,94,70,24,85,67,18,-9.57,Sunny,81,No,None,Summer,High
FC0004290,SD009,Starbucks - Del Mar Plaza,Del Mar,suburban,2024-07-15,Monday,20,30,21,9,31,20,11,3.33,Sunny,81,No,None,Summer,Moderate
FC0004291,SD009,Starbucks - Del Mar Plaza,Del Mar,suburban,2024-07-22,Monday,6,26,18,8,26,18,8,0.0,Marine Layer,76,No,None,Summer,Low
FC0004292,SD009,Starbucks - Del Mar Plaza,Del Mar,suburban,2024-07-22,Monday,9,180,137,43,170,121,49,-5.56,Marine Layer,76,No,None,Summer,Very High
FC0004293,SD009,Starbucks - Del Mar Plaza,Del Mar,suburban,2024-07-22,Monday,10,93,68,25,98,65,33,5.38,Marine Layer,76,No,None,Summer,High
FC0004294,SD009,Starbucks - Del Mar Plaza,Del Mar,suburban,2024-07-22,Monday,11,94,66,28,96,74,22,2.13,Marine Layer,76,No,None,Summer,High
FC0004295,SD009,Starbucks - Del Mar Plaza,Del Mar,suburban,2024-07-22,Monday,12,137,98,39,139,94,45,1.46,Marine Layer,76,No,None,Summer,Very High
FC0004296,SD009,Starbucks - Del Mar Plaza,Del Mar,suburban,2024-07-22,Monday,16,83,64,19,79,58,21,-4.82,Marine Layer,76,No,None,Summer,High
FC0004297,SD009,Starbucks - Del Mar Plaza,Del Mar,suburban,2024-07-22,Monday,18,95,69,26,96,71,25,1.05,Marine Layer,76,No,None,Summer,High
FC0004298,SD009,Starbucks - Del Mar Plaza,Del Mar,suburban,2024-07-22,Monday,19,49,37,12,48,32,16,-2.04,Marine Layer,76,No,None,Summer,Moderate
FC0004299,SD009,Starbucks - Del Mar Plaza,Del Mar,suburban,2024-07-22,Monday,20,41,29,12,41,31,10,0.0,Marine Layer,76,No,None,Summer,Moderate
FC0004300,SD009,Starbucks - Del Mar Plaza,Del Mar,suburban,2024-07-22,Monday,21,20,15,5,18,13,5,-10.0,Marine Layer,76,No,None,Summer,Low
FC0004301,SD009,Starbucks - Del Mar Plaza,Del Mar,suburban,2024-07-29,Monday,6,34,23,11,34,25,9,0.0,Marine Layer,82,No,None,Summer,Moderate
FC0004302,SD009,Starbucks - Del Mar Plaza,Del Mar,suburban,2024-07-29,Monday,9,132,95,37,134,97,37,1.52,Marine Layer,82,No,None,Summer,Very High
FC0004303,SD009,Starbucks - Del Mar Plaza,Del Mar,suburban,2024-07-29,Monday,10,124,91,33,130,95,35,4.84,Marine Layer,82,No,None,Summer,Very High
FC0004304,SD009,Starbucks - Del Mar Plaza,Del Mar,suburban,2024-07-29,Monday,11,114,79,35,117,90,27,2.63,Marine Layer,82,No,None,Summer,Very High
FC0004305,SD009,Starbucks - Del Mar Plaza,Del Mar,suburban,2024-07-29,Monday,12,86,64,22,79,60,19,-8.14,Marine Layer,82,No,None,Summer,High
FC0004306,SD009,Starbucks - Del Mar Plaza,Del Mar,suburban,2024-07-29,Monday,13,99,72,27,89,60,29,-10.1,Marine Layer,82,No,None,Summer,High
FC0004307,SD009,Starbucks - Del Mar Plaza,Del Mar,suburban,2024-07-29,Monday,14,129,88,41,147,106,41,13.95,Marine Layer,82,No,None,Summer,Very High
FC0004308,SD009,Starbucks - Del Mar Plaza,Del Mar,suburban,2024-07-29,Monday,17,78,55,23,73,56,17,-6.41,Marine Layer,82,No,None,Summer,High
FC0004309,SD009,Starbucks - Del Mar Plaza,Del Mar,suburban,2024-07-29,Monday,18,82,61,21,78,57,21,-4.88,Marine Layer,82,No,None,Summer,High
FC0004310,SD009,Starbucks - Del Mar Plaza,Del Mar,suburban,2024-07-29,Monday,19,37,25,12,35,26,9,-5.41,Marine Layer,82,No,None,Summer,Moderate
FC0004311,SD009,Starbucks - Del Mar Plaza,Del Mar,suburban,2024-08-05,Monday,6,32,21,11,34,25,9,6.25,Light Rain,75,No,None,Summer,Moderate
FC0004312,SD009,Starbucks - Del Mar Plaza,Del Mar,suburban,2024-08-05,Monday,8,112,86,26,119,92,27,6.25,Light Rain,75,No,None,Summer,Very High
FC0004313,SD009,Starbucks - Del Mar Plaza,Del Mar,suburban,2024-08-05,Monday,10,75,54,21,68,50,18,-9.33,Light Rain,75,No,None,Summer,High
FC0004314,SD009,Starbucks - Del Mar Plaza,Del Mar,suburban,2024-08-05,Monday,11,86,60,26,87,60,27,1.16,Light Rain,75,No,None,Summer,High
FC0004315,SD009,Starbucks - Del Mar Plaza,Del Mar,suburban,2024-08-05,Monday,12,157,108,49,149,108,41,-5.1,Light Rain,75,No,None,Summer,Very High
FC0004316,SD009,Starbucks - Del Mar Plaza,Del Mar,suburban,2024-08-05,Monday,13,125,93,32,128,86,42,2.4,Light Rain,75,No,None,Summer,Very High
FC0004317,SD009,Starbucks - Del Mar Plaza,Del Mar,suburban,2024-08-05,Monday,14,73,55,18,65,48,17,-10.96,Light Rain,75,No,None,Summer,High
FC0004318,SD009,Starbucks - Del Mar Plaza,Del Mar,suburban,2024-08-05,Monday,17,60,44,16,48,34,14,-20.0,Light Rain,75,No,None,Summer,Moderate
FC0004319,SD009,Starbucks - Del Mar Plaza,Del Mar,suburban,2024-08-05,Monday,19,41,30,11,43,32,11,4.88,Light Rain,75,No,None,Summer,Moderate
FC0004320,SD009,Starbucks - Del Mar Plaza,Del Mar,suburban,2024-08-05,Monday,21,21,15,6,20,13,7,-4.76,Light Rain,75,No,None,Summer,Low
FC0004321,SD009,Starbucks - Del Mar Plaza,Del Mar,suburban,2024-08-12,Monday,6,24,16,8,28,21,7,16.67,Partly Cloudy,77,No,None,Summer,Low
FC0004322,SD009,Starbucks - Del Mar Plaza,Del Mar,suburban,2024-08-12,Monday,8,211,155,56,211,164,47,0.0,Partly Cloudy,77,No,None,Summer,Very High
FC0004323,SD009,Starbucks - Del Mar Plaza,Del Mar,suburban,2024-08-12,Monday,9,173,118,55,185,133,52,6.94,Partly Cloudy,77,No,None,Summer,Very High
FC0004324,SD009,Starbucks - Del Mar Plaza,Del Mar,suburban,2024-08-12,Monday,10,74,52,22,82,55,27,10.81,Partly Cloudy,77,No,None,Summer,High
FC0004325,SD009,Starbucks - Del Mar Plaza,Del Mar,suburban,2024-08-12,Monday,12,99,75,24,96,67,29,-3.03,Partly Cloudy,77,No,None,Summer,High
FC0004326,SD009,Starbucks - Del Mar Plaza,Del Mar,suburban,2024-08-12,Monday,16,126,90,36,111,80,31,-11.9,Partly Cloudy,77,No,None,Summer,Very High
FC0004327,SD009,Starbucks - Del Mar Plaza,Del Mar,suburban,2024-08-12,Monday,17,61,45,16,58,43,15,-4.92,Partly Cloudy,77,No,None,Summer,Moderate
FC0004328,SD009,Starbucks - Del Mar Plaza,Del Mar,suburban,2024-08-12,Monday,19,64,46,18,66,46,20,3.12,Partly Cloudy,77,No,None,Summer,High
FC0004329,SD009,Starbucks - Del Mar Plaza,Del Mar,suburban,2024-08-12,Monday,20,30,22,8,31,21,10,3.33,Partly Cloudy,77,No,None,Summer,Moderate
FC0004330,SD009,Starbucks - Del Mar Plaza,Del Mar,suburban,2024-08-12,Monday,21,24,18,6,23,15,8,-4.17,Partly Cloudy,77,No,None,Summer,Low
FC0004331,SD009,Starbucks - Del Mar Plaza,Del Mar,suburban,2024-08-19,Monday,6,37,26,11,37,29,8,0.0,Overcast,75,No,None,Summer,Moderate
FC0004332,SD009,Starbucks - Del Mar Plaza,Del Mar,suburban,2024-08-19,Monday,7,133,90,43,137,90,47,3.01,Overcast,75,No,None,Summer,Very High
FC0004333,SD009,Starbucks - Del Mar Plaza,Del Mar,suburban,2024-08-19,Monday,9,88,60,28,100,68,32,13.64,Overcast,75,No,None,Summer,Very High
FC0004334,SD009,Starbucks - Del Mar Plaza,Del Mar,suburban,2024-08-19,Monday,10,142,100,42,128,87,41,-9.86,Overcast,75,No,None,Summer,Very High
FC0004335,SD009,Starbucks - Del Mar Plaza,Del Mar,suburban,2024-08-19,Monday,11,89,60,29,84,63,21,-5.62,Overcast,75,No,None,Summer,High
FC0004336,SD009,Starbucks - Del Mar Plaza,Del Mar,suburban,2024-08-19,Monday,12,137,100,37,151,114,37,10.22,Overcast,75,No,None,Summer,Very High
FC0004337,SD009,Starbucks - Del Mar Plaza,Del Mar,suburban,2024-08-19,Monday,16,111,85,26,117,88,29,5.41,Overcast,75,No,None,Summer,Very High
FC0004338,SD009,Starbucks - Del Mar Plaza,Del Mar,suburban,2024-08-19,Monday,18,92,66,26,94,69,25,2.17,Overcast,75,No,None,Summer,High
FC0004339,SD009,Starbucks - Del Mar Plaza,Del Mar,suburban,2024-08-19,Monday,19,51,39,12,51,34,17,0.0,Overcast,75,No,None,Summer,Moderate
FC0004340,SD009,Starbucks - Del Mar Plaza,Del Mar,suburban,2024-08-19,Monday,21,15,11,4,13,8,5,-13.33,Overcast,75,No,None,Summer,Low
FC0004341,SD009,Starbucks - Del Mar Plaza,Del Mar,suburban,2024-08-26,Monday,7,75,57,18,73,57,16,-2.67,Sunny,82,No,None,Summer,High
FC0004342,SD009,Starbucks - Del Mar Plaza,Del Mar,suburban,2024-08-26,Monday,8,178,126,52,177,122,55,-0.56,Sunny,82,No,None,Summer,Very High
FC0004343,SD009,Starbucks - Del Mar Plaza,Del Mar,suburban,2024-08-26,Monday,9,109,82,27,109,85,24,0.0,Sunny,82,No,None,Summer,Very High
FC0004344,SD009,Starbucks - Del Mar Plaza,Del Mar,suburban,2024-08-26,Monday,10,133,103,30,120,94,26,-9.77,Sunny,82,No,None,Summer,Very High
FC0004345,SD009,Starbucks - Del Mar Plaza,Del Mar,suburban,2024-08-26,Monday,12,109,83,26,108,85,23,-0.92,Sunny,82,No,None,Summer,Very High
FC0004346,SD009,Starbucks - Del Mar Plaza,Del Mar,suburban,2024-08-26,Monday,13,108,75,33,98,71,27,-9.26,Sunny,82,No,None,Summer,High
FC0004347,SD009,Starbucks - Del Mar Plaza,Del Mar,suburban,2024-08-26,Monday,16,112,85,27,111,74,37,-0.89,Sunny,82,No,None,Summer,Very High
FC0004348,SD009,Starbucks - Del Mar Plaza,Del Mar,suburban,2024-08-26,Monday,17,108,79,29,105,79,26,-2.78,Sunny,82,No,None,Summer,Very High
FC0004349,SD009,Starbucks - Del Mar Plaza,Del Mar,suburban,2024-08-26,Monday,19,44,34,10,49,37,12,11.36,Sunny,82,No,None,Summer,Moderate
FC0004350,SD009,Starbucks - Del Mar Plaza,Del Mar,suburban,2024-08-26,Monday,21,24,17,7,24,18,6,0.0,Sunny,82,No,None,Summer,Low
FC0004351,SD009,Starbucks - Del Mar Plaza,Del Mar,suburban,2024-09-02,Monday,6,41,30,11,42,32,10,2.44,Marine Layer,78,No,None,Fall,Moderate
FC0004352,SD009,Starbucks - Del Mar Plaza,Del Mar,suburban,2024-09-02,Monday,7,69,53,16,66,46,20,-4.35,Marine Layer,78,No,None,Fall,High
FC0004353,SD009,Starbucks - Del Mar Plaza,Del Mar,suburban,2024-09-02,Monday,8,165,126,39,154,121,33,-6.67,Marine Layer,78,No,None,Fall,Very High
FC0004354,SD009,Starbucks - Del Mar Plaza,Del Mar,suburban,2024-09-02,Monday,10,74,53,21,67,48,19,-9.46,Marine Layer,78,No,None,Fall,High
FC0004355,SD009,Starbucks - Del Mar Plaza,Del Mar,suburban,2024-09-02,Monday,11,126,95,31,114,75,39,-9.52,Marine Layer,78,No,None,Fall,Very High
FC0004356,SD009,Starbucks - Del Mar Plaza,Del Mar,suburban,2024-09-02,Monday,13,76,56,20,86,66,20,13.16,Marine Layer,78,No,None,Fall,High
FC0004357,SD009,Starbucks - Del Mar Plaza,Del Mar,suburban,2024-09-02,Monday,14,119,90,29,106,79,27,-10.92,Marine Layer,78,No,None,Fall,Very High
FC0004358,SD009,Starbucks - Del Mar Plaza,Del Mar,suburban,2024-09-02,Monday,15,89,66,23,100,70,30,12.36,Marine Layer,78,No,None,Fall,Very High
FC0004359,SD009,Starbucks - Del Mar Plaza,Del Mar,suburban,2024-09-02,Monday,19,45,31,14,44,32,12,-2.22,Marine Layer,78,No,None,Fall,Moderate
FC0004360,SD009,Starbucks - Del Mar Plaza,Del Mar,suburban,2024-09-02,Monday,20,35,24,11,38,29,9,8.57,Marine Layer,78,No,None,Fall,Moderate
FC0004361,SD009,Starbucks - Del Mar Plaza,Del Mar,suburban,2024-09-09,Monday,6,20,14,6,21,15,6,5.0,Partly Cloudy,76,No,None,Fall,Low
FC0004362,SD009,Starbucks - Del Mar Plaza,Del Mar,suburban,2024-09-09,Monday,7,132,94,38,126,100,26,-4.55,Partly Cloudy,76,No,None,Fall,Very High
FC0004363,SD009,Starbucks - Del Mar Plaza,Del Mar,suburban,2024-09-09,Monday,8,121,94,27,113,90,23,-6.61,Partly Cloudy,76,No,None,Fall,Very High
FC0004364,SD009,Starbucks - Del Mar Plaza,Del Mar,suburban,2024-09-09,Monday,9,124,91,33,122,84,38,-1.61,Partly Cloudy,76,No,None,Fall,Very High
FC0004365,SD009,Starbucks - Del Mar Plaza,Del Mar,suburban,2024-09-09,Monday,10,106,76,30,109,81,28,2.83,Partly Cloudy,76,No,None,Fall,Very High
FC0004366,SD009,Starbucks - Del Mar Plaza,Del Mar,suburban,2024-09-09,Monday,11,111,79,32,103,69,34,-7.21,Partly Cloudy,76,No,None,Fall,Very High
FC0004367,SD009,Starbucks - Del Mar Plaza,Del Mar,suburban,2024-09-09,Monday,12,90,63,27,99,69,30,10.0,Partly Cloudy,76,No,None,Fall,High
FC0004368,SD009,Starbucks - Del Mar Plaza,Del Mar,suburban,2024-09-09,Monday,19,37,27,10,37,28,9,0.0,Partly Cloudy,76,No,None,Fall,Moderate
FC0004369,SD009,Starbucks - Del Mar Plaza,Del Mar,suburban,2024-09-09,Monday,20,38,29,9,32,24,8,-15.79,Partly Cloudy,76,No,None,Fall,Moderate
FC0004370,SD009,Starbucks - Del Mar Plaza,Del Mar,suburban,2024-09-09,Monday,21,17,12,5,15,11,4,-11.76,Partly Cloudy,76,No,None,Fall,Low
FC0004371,SD009,Starbucks - Del Mar Plaza,Del Mar,suburban,2024-09-16,Monday,7,67,49,18,62,42,20,-7.46,Partly Cloudy,73,No,None,Fall,High
FC0004372,SD009,Starbucks - Del Mar Plaza,Del Mar,suburban,2024-09-16,Monday,8,169,118,51,166,113,53,-1.78,Partly Cloudy,73,No,None,Fall,Very High
FC0004373,SD009,Starbucks - Del Mar Plaza,Del Mar,suburban,2024-09-16,Monday,9,138,96,42,125,91,34,-9.42,Partly Cloudy,73,No,None,Fall,Very High
FC0004374,SD009,Starbucks - Del Mar Plaza,Del Mar,suburban,2024-09-16,Monday,13,98,67,31,109,77,32,11.22,Partly Cloudy,73,No,None,Fall,Very High
FC0004375,SD009,Starbucks - Del Mar Plaza,Del Mar,suburban,2024-09-16,Monday,14,81,56,25,86,67,19,6.17,Partly Cloudy,73,No,None,Fall,High
FC0004376,SD009,Starbucks - Del Mar Plaza,Del Mar,suburban,2024-09-16,Monday,15,113,82,31,102,73,29,-9.73,Partly Cloudy,73,No,None,Fall,Very High
FC0004377,SD009,Starbucks - Del Mar Plaza,Del Mar,suburban,2024-09-16,Monday,16,80,60,20,75,59,16,-6.25,Partly Cloudy,73,No,None,Fall,High
FC0004378,SD009,Starbucks - Del Mar Plaza,Del Mar,suburban,2024-09-16,Monday,17,114,87,27,117,80,37,2.63,Partly Cloudy,73,No,None,Fall,Very High
FC0004379,SD009,Starbucks - Del Mar Plaza,Del Mar,suburban,2024-09-16,Monday,18,76,52,24,81,55,26,6.58,Partly Cloudy,73,No,None,Fall,High
FC0004380,SD009,Starbucks - Del Mar Plaza,Del Mar,suburban,2024-09-16,Monday,21,14,10,4,11,7,4,-21.43,Partly Cloudy,73,No,None,Fall,Low
FC0004381,SD009,Starbucks - Del Mar Plaza,Del Mar,suburban,2024-09-23,Monday,9,107,80,27,87,63,24,-18.69,Marine Layer,82,No,None,Fall,High
FC0004382,SD009,Starbucks - Del Mar Plaza,Del Mar,suburban,2024-09-23,Monday,10,73,54,19,74,57,17,1.37,Marine Layer,82,No,None,Fall,High
FC0004383,SD009,Starbucks - Del Mar Plaza,Del Mar,suburban,2024-09-23,Monday,11,92,63,29,83,64,19,-9.78,Marine Layer,82,No,None,Fall,High
FC0004384,SD009,Starbucks - Del Mar Plaza,Del Mar,suburban,2024-09-23,Monday,12,134,104,30,132,96,36,-1.49,Marine Layer,82,No,None,Fall,Very High
FC0004385,SD009,Starbucks - Del Mar Plaza,Del Mar,suburban,2024-09-23,Monday,13,100,70,30,98,66,32,-2.0,Marine Layer,82,No,None,Fall,High
FC0004386,SD009,Starbucks - Del Mar Plaza,Del Mar,suburban,2024-09-23,Monday,14,73,51,22,74,54,20,1.37,Marine Layer,82,No,None,Fall,High
FC0004387,SD009,Starbucks - Del Mar Plaza,Del Mar,suburban,2024-09-23,Monday,17,109,78,31,108,78,30,-0.92,Marine Layer,82,No,None,Fall,Very High
FC0004388,SD009,Starbucks - Del Mar Plaza,Del Mar,suburban,2024-09-23,Monday,18,67,47,20,59,43,16,-11.94,Marine Layer,82,No,None,Fall,Moderate
FC0004389,SD009,Starbucks - Del Mar Plaza,Del Mar,suburban,2024-09-23,Monday,19,58,43,15,62,48,14,6.9,Marine Layer,82,No,None,Fall,High
FC0004390,SD009,Starbucks - Del Mar Plaza,Del Mar,suburban,2024-09-23,Monday,20,38,27,11,40,28,12,5.26,Marine Layer,82,No,None,Fall,Moderate
FC0004391,SD009,Starbucks - Del Mar Plaza,Del Mar,suburban,2024-09-30,Monday,6,29,20,9,26,19,7,-10.34,Overcast,82,No,None,Fall,Low
FC0004392,SD009,Starbucks - Del Mar Plaza,Del Mar,suburban,2024-09-30,Monday,7,109,77,32,103,81,22,-5.5,Overcast,82,No,None,Fall,Very High
FC0004393,SD009,Starbucks - Del Mar Plaza,Del Mar,suburban,2024-09-30,Monday,8,125,87,38,129,98,31,3.2,Overcast,82,No,None,Fall,Very High
FC0004394,SD009,Starbucks - Del Mar Plaza,Del Mar,suburban,2024-09-30,Monday,9,110,82,28,108,84,24,-1.82,Overcast,82,No,None,Fall,Very High
FC0004395,SD009,Starbucks - Del Mar Plaza,Del Mar,suburban,2024-09-30,Monday,10,79,57,22,72,55,17,-8.86,Overcast,82,No,None,Fall,High
FC0004396,SD009,Starbucks - Del Mar Plaza,Del Mar,suburban,2024-09-30,Monday,12,85,66,19,87,60,27,2.35,Overcast,82,No,None,Fall,High
FC0004397,SD009,Starbucks - Del Mar Plaza,Del Mar,suburban,2024-09-30,Monday,15,77,59,18,74,54,20,-3.9,Overcast,82,No,None,Fall,High
FC0004398,SD009,Starbucks - Del Mar Plaza,Del Mar,suburban,2024-09-30,Monday,19,63,48,15,66,52,14,4.76,Overcast,82,No,None,Fall,High
FC0004399,SD009,Starbucks - Del Mar Plaza,Del Mar,suburban,2024-09-30,Monday,20,36,25,11,36,26,10,0.0,Overcast,82,No,None,Fall,Moderate
FC0004400,SD009,Starbucks - Del Mar Plaza,Del Mar,suburban,2024-09-30,Monday,21,17,12,5,18,12,6,5.88,Overcast,82,No,None,Fall,Low
FC0004401,SD009,Starbucks - Del Mar Plaza,Del Mar,suburban,2024-10-07,Monday,7,98,67,31,90,65,25,-8.16,Sunny,78,No,None,Fall,High
FC0004402,SD009,Starbucks - Del Mar Plaza,Del Mar,suburban,2024-10-07,Monday,8,211,153,58,206,138,68,-2.37,Sunny,78,No,None,Fall,Very High
FC0004403,SD009,Starbucks - Del Mar Plaza,Del Mar,suburban,2024-10-07,Monday,10,149,115,34,140,103,37,-6.04,Sunny,78,No,None,Fall,Very High
FC0004404,SD009,Starbucks - Del Mar Plaza,Del Mar,suburban,2024-10-07,Monday,11,121,87,34,124,89,35,2.48,Sunny,78,No,None,Fall,Very High
FC0004405,SD009,Starbucks - Del Mar Plaza,Del Mar,suburban,2024-10-07,Monday,13,92,62,30,91,70,21,-1.09,Sunny,78,No,None,Fall,High
FC0004406,SD009,Starbucks - Del Mar Plaza,Del Mar,suburban,2024-10-07,Monday,14,66,45,21,72,51,21,9.09,Sunny,78,No,None,Fall,High
FC0004407,SD009,Starbucks - Del Mar Plaza,Del Mar,suburban,2024-10-07,Monday,16,134,103,31,142,105,37,5.97,Sunny,78,No,None,Fall,Very High
FC0004408,SD009,Starbucks - Del Mar Plaza,Del Mar,suburban,2024-10-07,Monday,17,118,86,32,127,85,42,7.63,Sunny,78,No,None,Fall,Very High
FC0004409,SD009,Starbucks - Del Mar Plaza,Del Mar,suburban,2024-10-07,Monday,19,51,38,13,54,39,15,5.88,Sunny,78,No,None,Fall,Moderate
FC0004410,SD009,Starbucks - Del Mar Plaza,Del Mar,suburban,2024-10-07,Monday,20,20,15,5,20,13,7,0.0,Sunny,78,No,None,Fall,Low
FC0004411,SD009,Starbucks - Del Mar Plaza,Del Mar,suburban,2024-10-14,Monday,7,132,91,41,127,93,34,-3.79,Partly Cloudy,75,No,None,Fall,Very High
FC0004412,SD009,Starbucks - Del Mar Plaza,Del Mar,suburban,2024-10-14,Monday,8,197,148,49,166,117,49,-15.74,Partly Cloudy,75,No,None,Fall,Very High
FC0004413,SD009,Starbucks - Del Mar Plaza,Del Mar,suburban,2024-10-14,Monday,10,88,62,26,98,64,34,11.36,Partly Cloudy,75,No,None,Fall,High
FC0004414,SD009,Starbucks - Del Mar Plaza,Del Mar,suburban,2024-10-14,Monday,12,109,77,32,96,69,27,-11.93,Partly Cloudy,75,No,None,Fall,High
FC0004415,SD009,Starbucks - Del Mar Plaza,Del Mar,suburban,2024-10-14,Monday,13,103,76,27,111,75,36,7.77,Partly Cloudy,75,No,None,Fall,Very High
FC0004416,SD009,Starbucks - Del Mar Plaza,Del Mar,suburban,2024-10-14,Monday,14,79,60,19,72,54,18,-8.86,Partly Cloudy,75,No,None,Fall,High
FC0004417,SD009,Starbucks - Del Mar Plaza,Del Mar,suburban,2024-10-14,Monday,16,115,79,36,123,81,42,6.96,Partly Cloudy,75,No,None,Fall,Very High
FC0004418,SD009,Starbucks - Del Mar Plaza,Del Mar,suburban,2024-10-14,Monday,17,88,59,29,82,54,28,-6.82,Partly Cloudy,75,No,None,Fall,High
FC0004419,SD009,Starbucks - Del Mar Plaza,Del Mar,suburban,2024-10-14,Monday,19,43,33,10,44,32,12,2.33,Partly Cloudy,75,No,None,Fall,Moderate
FC0004420,SD009,Starbucks - Del Mar Plaza,Del Mar,suburban,2024-10-14,Monday,20,29,20,9,25,18,7,-13.79,Partly Cloudy,75,No,None,Fall,Low
FC0004421,SD009,Starbucks - Del Mar Plaza,Del Mar,suburban,2024-10-21,Monday,7,133,97,36,145,112,33,9.02,Marine Layer,71,No,None,Fall,Very High
FC0004422,SD009,Starbucks - Del Mar Plaza,Del Mar,suburban,2024-10-21,Monday,8,140,95,45,144,104,40,2.86,Marine Layer,71,No,None,Fall,Very High
FC0004423,SD009,Starbucks - Del Mar Plaza,Del Mar,suburban,2024-10-21,Monday,10,77,56,21,75,52,23,-2.6,Marine Layer,71,No,None,Fall,High
FC0004424,SD009,Starbucks - Del Mar Plaza,Del Mar,suburban,2024-10-21,Monday,12,158,112,46,161,111,50,1.9,Marine Layer,71,No,None,Fall,Very High
FC0004425,SD009,Starbucks - Del Mar Plaza,Del Mar,suburban,2024-10-21,Monday,13,140,96,44,115,82,33,-17.86,Marine Layer,71,No,None,Fall,Very High
FC0004426,SD009,Starbucks - Del Mar Plaza,Del Mar,suburban,2024-10-21,Monday,14,77,53,24,67,46,21,-12.99,Marine Layer,71,No,None,Fall,High
FC0004427,SD009,Starbucks - Del Mar Plaza,Del Mar,suburban,2024-10-21,Monday,15,118,80,38,125,87,38,5.93,Marine Layer,71,No,None,Fall,Very High
FC0004428,SD009,Starbucks - Del Mar Plaza,Del Mar,suburban,2024-10-21,Monday,17,69,51,18,70,54,16,1.45,Marine Layer,71,No,None,Fall,High
FC0004429,SD009,Starbucks - Del Mar Plaza,Del Mar,suburban,2024-10-21,Monday,18,51,38,13,55,39,16,7.84,Marine Layer,71,No,None,Fall,Moderate
FC0004430,SD009,Starbucks - Del Mar Plaza,Del Mar,suburban,2024-10-21,Monday,20,36,26,10,36,27,9,0.0,Marine Layer,71,No,None,Fall,Moderate
FC0004431,SD009,Starbucks - Del Mar Plaza,Del Mar,suburban,2024-10-28,Monday,6,36,25,11,34,23,11,-5.56,Overcast,75,No,None,Fall,Moderate
FC0004432,SD009,Starbucks - Del Mar Plaza,Del Mar,suburban,2024-10-28,Monday,8,100,76,24,103,80,23,3.0,Overcast,75,No,None,Fall,Very High
FC0004433,SD009,Starbucks - Del Mar Plaza,Del Mar,suburban,2024-10-28,Monday,9,133,90,43,133,102,31,0.0,Overcast,75,No,None,Fall,Very High
FC0004434,SD009,Starbucks - Del Mar Plaza,Del Mar,suburban,2024-10-28,Monday,11,103,74,29,96,67,29,-6.8,Overcast,75,No,None,Fall,High
FC0004435,SD009,Starbucks - Del Mar Plaza,Del Mar,suburban,2024-10-28,Monday,12,102,78,24,100,67,33,-1.96,Overcast,75,No,None,Fall,Very High
FC0004436,SD009,Starbucks - Del Mar Plaza,Del Mar,suburban,2024-10-28,Monday,14,119,86,33,118,84,34,-0.84,Overcast,75,No,None,Fall,Very High
FC0004437,SD009,Starbucks - Del Mar Plaza,Del Mar,suburban,2024-10-28,Monday,16,109,75,34,102,71,31,-6.42,Overcast,75,No,None,Fall,Very High
FC0004438,SD009,Starbucks - Del Mar Plaza,Del Mar,suburban,2024-10-28,Monday,17,116,86,30,115,84,31,-0.86,Overcast,75,No,None,Fall,Very High
FC0004439,SD009,Starbucks - Del Mar Plaza,Del Mar,suburban,2024-10-28,Monday,18,81,58,23,80,58,22,-1.23,Overcast,75,No,None,Fall,High
FC0004440,SD009,Starbucks - Del Mar Plaza,Del Mar,suburban,2024-10-28,Monday,21,25,18,7,21,14,7,-16.0,Overcast,75,No,None,Fall,Low
FC0004441,SD009,Starbucks - Del Mar Plaza,Del Mar,suburban,2024-11-04,Monday,7,78,55,23,83,64,19,6.41,Overcast,67,No,None,Fall,High
FC0004442,SD009,Starbucks - Del Mar Plaza,Del Mar,suburban,2024-11-04,Monday,9,139,97,42,136,96,40,-2.16,Overcast,67,No,None,Fall,Very High
FC0004443,SD009,Starbucks - Del Mar Plaza,Del Mar,suburban,2024-11-04,Monday,10,84,58,26,76,54,22,-9.52,Overcast,67,No,None,Fall,High
FC0004444,SD009,Starbucks - Del Mar Plaza,Del Mar,suburban,2024-11-04,Monday,14,116,85,31,120,95,25,3.45,Overcast,67,No,None,Fall,Very High
FC0004445,SD009,Starbucks - Del Mar Plaza,Del Mar,suburban,2024-11-04,Monday,15,69,50,19,68,48,20,-1.45,Overcast,67,No,None,Fall,High
FC0004446,SD009,Starbucks - Del Mar Plaza,Del Mar,suburban,2024-11-04,Monday,16,123,88,35,134,88,46,8.94,Overcast,67,No,None,Fall,Very High
FC0004447,SD009,Starbucks - Del Mar Plaza,Del Mar,suburban,2024-11-04,Monday,17,91,70,21,87,66,21,-4.4,Overcast,67,No,None,Fall,High
FC0004448,SD009,Starbucks - Del Mar Plaza,Del Mar,suburban,2024-11-04,Monday,18,90,61,29,85,59,26,-5.56,Overcast,67,No,None,Fall,High
FC0004449,SD009,Starbucks - Del Mar Plaza,Del Mar,suburban,2024-11-04,Monday,20,29,20,9,25,19,6,-13.79,Overcast,67,No,None,Fall,Low
FC0004450,SD009,Starbucks - Del Mar Plaza,Del Mar,suburban,2024-11-04,Monday,21,13,9,4,14,11,3,7.69,Overcast,67,No,None,Fall,Low
FC0004451,SD009,Starbucks - Del Mar Plaza,Del Mar,suburban,2024-11-11,Monday,6,39,29,10,38,29,9,-2.56,Marine Layer,68,No,None,Fall,Moderate
FC0004452,SD009,Starbucks - Del Mar Plaza,Del Mar,suburban,2024-11-11,Monday,7,102,69,33,96,65,31,-5.88,Marine Layer,68,No,None,Fall,High
FC0004453,SD009,Starbucks - Del Mar Plaza,Del Mar,suburban,2024-11-11,Monday,8,165,118,47,180,132,48,9.09,Marine Layer,68,No,None,Fall,Very High
FC0004454,SD009,Starbucks - Del Mar Plaza,Del Mar,suburban,2024-11-11,Monday,9,158,118,40,154,119,35,-2.53,Marine Layer,68,No,None,Fall,Very High
FC0004455,SD009,Starbucks - Del Mar Plaza,Del Mar,suburban,2024-11-11,Monday,10,142,100,42,160,125,35,12.68,Marine Layer,68,No,None,Fall,Very High
FC0004456,SD009,Starbucks - Del Mar Plaza,Del Mar,suburban,2024-11-11,Monday,12,135,92,43,133,105,28,-1.48,Marine Layer,68,No,None,Fall,Very High
FC0004457,SD009,Starbucks - Del Mar Plaza,Del Mar,suburban,2024-11-11,Monday,14,113,78,35,114,81,33,0.88,Marine Layer,68,No,None,Fall,Very High
FC0004458,SD009,Starbucks - Del Mar Plaza,Del Mar,suburban,2024-11-11,Monday,16,88,64,24,92,66,26,4.55,Marine Layer,68,No,None,Fall,High
FC0004459,SD009,Starbucks - Del Mar Plaza,Del Mar,suburban,2024-11-11,Monday,19,32,21,11,29,21,8,-9.38,Marine Layer,68,No,None,Fall,Low
FC0004460,SD009,Starbucks - Del Mar Plaza,Del Mar,suburban,2024-11-11,Monday,21,22,15,7,23,15,8,4.55,Marine Layer,68,No,None,Fall,Low
FC0004461,SD009,Starbucks - Del Mar Plaza,Del Mar,suburban,2024-11-18,Monday,6,43,29,14,43,29,14,0.0,Partly Cloudy,66,No,None,Fall,Moderate
FC0004462,SD009,Starbucks - Del Mar Plaza,Del Mar,suburban,2024-11-18,Monday,7,88,61,27,89,69,20,1.14,Partly Cloudy,66,No,None,Fall,High
FC0004463,SD009,Starbucks - Del Mar Plaza,Del Mar,suburban,2024-11-18,Monday,8,136,93,43,137,91,46,0.74,Partly Cloudy,66,No,None,Fall,Very High
FC0004464,SD009,Starbucks - Del Mar Plaza,Del Mar,suburban,2024-11-18,Monday,9,133,92,41,138,99,39,3.76,Partly Cloudy,66,No,None,Fall,Very High
FC0004465,SD009,Starbucks - Del Mar Plaza,Del Mar,suburban,2024-11-18,Monday,10,84,58,26,77,61,16,-8.33,Partly Cloudy,66,No,None,Fall,High
FC0004466,SD009,Starbucks - Del Mar Plaza,Del Mar,suburban,2024-11-18,Monday,15,111,86,25,111,74,37,0.0,Partly Cloudy,66,No,None,Fall,Very High
FC0004467,SD009,Starbucks - Del Mar Plaza,Del Mar,suburban,2024-11-18,Monday,16,124,93,31,119,79,40,-4.03,Partly Cloudy,66,No,None,Fall,Very High
FC0004468,SD009,Starbucks - Del Mar Plaza,Del Mar,suburban,2024-11-18,Monday,17,100,71,29,117,88,29,17.0,Partly Cloudy,66,No,None,Fall,Very High
FC0004469,SD009,Starbucks - Del Mar Plaza,Del Mar,suburban,2024-11-18,Monday,18,67,49,18,62,45,17,-7.46,Partly Cloudy,66,No,None,Fall,High
FC0004470,SD009,Starbucks - Del Mar Plaza,Del Mar,suburban,2024-11-18,Monday,20,23,16,7,22,15,7,-4.35,Partly Cloudy,66,No,None,Fall,Low
FC0004471,SD009,Starbucks - Del Mar Plaza,Del Mar,suburban,2024-11-25,Monday,6,24,17,7,25,19,6,4.17,Marine Layer,68,No,None,Fall,Low
FC0004472,SD009,Starbucks - Del Mar Plaza,Del Mar,suburban,2024-11-25,Monday,8,159,115,44,170,129,41,6.92,Marine Layer,68,No,None,Fall,Very High
FC0004473,SD009,Starbucks - Del Mar Plaza,Del Mar,suburban,2024-11-25,Monday,9,170,130,40,188,127,61,10.59,Marine Layer,68,No,None,Fall,Very High
FC0004474,SD009,Starbucks - Del Mar Plaza,Del Mar,suburban,2024-11-25,Monday,11,79,59,20,78,52,26,-1.27,Marine Layer,68,No,None,Fall,High
FC0004475,SD009,Starbucks - Del Mar Plaza,Del Mar,suburban,2024-11-25,Monday,12,114,86,28,96,75,21,-15.79,Marine Layer,68,No,None,Fall,High
FC0004476,SD009,Starbucks - Del Mar Plaza,Del Mar,suburban,2024-11-25,Monday,14,87,62,25,79,59,20,-9.2,Marine Layer,68,No,None,Fall,High
FC0004477,SD009,Starbucks - Del Mar Plaza,Del Mar,suburban,2024-11-25,Monday,15,73,54,19,66,46,20,-9.59,Marine Layer,68,No,None,Fall,High
FC0004478,SD009,Starbucks - Del Mar Plaza,Del Mar,suburban,2024-11-25,Monday,17,104,79,25,96,74,22,-7.69,Marine Layer,68,No,None,Fall,High
FC0004479,SD009,Starbucks - Del Mar Plaza,Del Mar,suburban,2024-11-25,Monday,19,48,32,16,48,38,10,0.0,Marine Layer,68,No,None,Fall,Moderate
FC0004480,SD009,Starbucks - Del Mar Plaza,Del Mar,suburban,2024-11-25,Monday,20,25,17,8,22,17,5,-12.0,Marine Layer,68,No,None,Fall,Low
FC0004481,SD009,Starbucks - Del Mar Plaza,Del Mar,suburban,2024-12-02,Monday,7,108,83,25,108,79,29,0.0,Light Rain,59,No,None,Winter,Very High
FC0004482,SD009,Starbucks - Del Mar Plaza,Del Mar,suburban,2024-12-02,Monday,9,132,91,41,122,90,32,-7.58,Light Rain,59,No,None,Winter,Very High
FC0004483,SD009,Starbucks - Del Mar Plaza,Del Mar,suburban,2024-12-02,Monday,11,63,46,17,62,42,20,-1.59,Light Rain,59,No,None,Winter,High
FC0004484,SD009,Starbucks - Del Mar Plaza,Del Mar,suburban,2024-12-02,Monday,13,73,52,21,76,53,23,4.11,Light Rain,59,No,None,Winter,High
FC0004485,SD009,Starbucks - Del Mar Plaza,Del Mar,suburban,2024-12-02,Monday,14,69,48,21,65,44,21,-5.8,Light Rain,59,No,None,Winter,High
FC0004486,SD009,Starbucks - Del Mar Plaza,Del Mar,suburban,2024-12-02,Monday,15,123,95,28,125,92,33,1.63,Light Rain,59,No,None,Winter,Very High
FC0004487,SD009,Starbucks - Del Mar Plaza,Del Mar,suburban,2024-12-02,Monday,16,104,76,28,101,75,26,-2.88,Light Rain,59,No,None,Winter,Very High
FC0004488,SD009,Starbucks - Del Mar Plaza,Del Mar,suburban,2024-12-02,Monday,17,84,63,21,85,67,18,1.19,Light Rain,59,No,None,Winter,High
FC0004489,SD009,Starbucks - Del Mar Plaza,Del Mar,suburban,2024-12-02,Monday,19,54,39,15,57,38,19,5.56,Light Rain,59,No,None,Winter,Moderate
FC0004490,SD009,Starbucks - Del Mar Plaza,Del Mar,suburban,2024-12-02,Monday,20,32,21,11,25,19,6,-21.88,Light Rain,59,No,None,Winter,Low
FC0004491,SD009,Starbucks - Del Mar Plaza,Del Mar,suburban,2024-12-09,Monday,6,32,24,8,27,20,7,-15.62,Marine Layer,66,No,None,Winter,Low
FC0004492,SD009,Starbucks - Del Mar Plaza,Del Mar,suburban,2024-12-09,Monday,7,111,82,29,107,78,29,-3.6,Marine Layer,66,No,None,Winter,Very High
FC0004493,SD009,Starbucks - Del Mar Plaza,Del Mar,suburban,2024-12-09,Monday,9,118,81,37,123,84,39,4.24,Marine Layer,66,No,None,Winter,Very High
FC0004494,SD009,Starbucks - Del Mar Plaza,Del Mar,suburban,2024-12-09,Monday,11,118,88,30,111,75,36,-5.93,Marine Layer,66,No,None,Winter,Very High
FC0004495,SD009,Starbucks - Del Mar Plaza,Del Mar,suburban,2024-12-09,Monday,12,148,105,43,155,119,36,4.73,Marine Layer,66,No,None,Winter,Very High
FC0004496,SD009,Starbucks - Del Mar Plaza,Del Mar,suburban,2024-12-09,Monday,13,138,106,32,155,104,51,12.32,Marine Layer,66,No,None,Winter,Very High
FC0004497,SD009,Starbucks - Del Mar Plaza,Del Mar,suburban,2024-12-09,Monday,14,79,60,19,77,54,23,-2.53,Marine Layer,66,No,None,Winter,High
FC0004498,SD009,Starbucks - Del Mar Plaza,Del Mar,suburban,2024-12-09,Monday,16,112,77,35,96,74,22,-14.29,Marine Layer,66,No,None,Winter,High
FC0004499,SD009,Starbucks - Del Mar Plaza,Del Mar,suburban,2024-12-09,Monday,19,57,43,14,50,33,17,-12.28,Marine Layer,66,No,None,Winter,Moderate
FC0004500,SD009,Starbucks - Del Mar Plaza,Del Mar,suburban,2024-12-09,Monday,21,24,16,8,23,16,7,-4.17,Marine Layer,66,No,None,Winter,Low
FC0004501,SD010,Starbucks - Chula Vista Center,Chula Vista,mall,2024-01-01,Monday,6,20,14,6,20,14,6,0.0,Partly Cloudy,59,No,None,Winter,Low
FC0004502,SD010,Starbucks - Chula Vista Center,Chula Vista,mall,2024-01-01,Monday,8,181,134,47,170,133,37,-6.08,Partly Cloudy,59,No,None,Winter,Very High
FC0004503,SD010,Starbucks - Chula Vista Center,Chula Vista,mall,2024-01-01,Monday,10,93,71,22,81,64,17,-12.9,Partly Cloudy,59,No,None,Winter,High
FC0004504,SD010,Starbucks - Chula Vista Center,Chula Vista,mall,2024-01-01,Monday,11,62,46,16,67,48,19,8.06,Partly Cloudy,59,No,None,Winter,High
FC0004505,SD010,Starbucks - Chula Vista Center,Chula Vista,mall,2024-01-01,Monday,13,111,85,26,103,80,23,-7.21,Partly Cloudy,59,No,None,Winter,Very High
FC0004506,SD010,Starbucks - Chula Vista Center,Chula Vista,mall,2024-01-01,Monday,15,90,64,26,87,60,27,-3.33,Partly Cloudy,59,No,None,Winter,High
FC0004507,SD010,Starbucks - Chula Vista Center,Chula Vista,mall,2024-01-01,Monday,16,75,56,19,69,54,15,-8.0,Partly Cloudy,59,No,None,Winter,High
FC0004508,SD010,Starbucks - Chula Vista Center,Chula Vista,mall,2024-01-01,Monday,17,104,78,26,107,75,32,2.88,Partly Cloudy,59,No,None,Winter,Very High
FC0004509,SD010,Starbucks - Chula Vista Center,Chula Vista,mall,2024-01-01,Monday,18,54,41,13,61,44,17,12.96,Partly Cloudy,59,No,None,Winter,High
FC0004510,SD010,Starbucks - Chula Vista Center,Chula Vista,mall,2024-01-01,Monday,21,20,14,6,19,14,5,-5.0,Partly Cloudy,59,No,None,Winter,Low
FC0004511,SD010,Starbucks - Chula Vista Center,Chula Vista,mall,2024-01-08,Monday,9,121,82,39,114,79,35,-5.79,Overcast,63,No,None,Winter,Very High
FC0004512,SD010,Starbucks - Chula Vista Center,Chula Vista,mall,2024-01-08,Monday,10,123,90,33,116,77,39,-5.69,Overcast,63,No,None,Winter,Very High
FC0004513,SD010,Starbucks - Chula Vista Center,Chula Vista,mall,2024-01-08,Monday,12,98,73,25,97,76,21,-1.02,Overcast,63,No,None,Winter,High
FC0004514,SD010,Starbucks - Chula Vista Center,Chula Vista,mall,2024-01-08,Monday,13,139,95,44,135,102,33,-2.88,Overcast,63,No,None,Winter,Very High
FC0004515,SD010,Starbucks - Chula Vista Center,Chula Vista,mall,2024-01-08,Monday,14,105,72,33,94,62,32,-10.48,Overcast,63,No,None,Winter,High
FC0004516,SD010,Starbucks - Chula Vista Center,Chula Vista,mall,2024-01-08,Monday,15,75,56,19,71,55,16,-5.33,Overcast,63,No,None,Winter,High
FC0004517,SD010,Starbucks - Chula Vista Center,Chula Vista,mall,2024-01-08,Monday,16,76,58,18,80,61,19,5.26,Overcast,63,No,None,Winter,High
FC0004518,SD010,Starbucks - Chula Vista Center,Chula Vista,mall,2024-01-08,Monday,17,116,89,27,115,87,28,-0.86,Overcast,63,No,None,Winter,Very High
FC0004519,SD010,Starbucks - Chula Vista Center,Chula Vista,mall,2024-01-08,Monday,19,30,21,9,27,19,8,-10.0,Overcast,63,No,None,Winter,Low
FC0004520,SD010,Starbucks - Chula Vista Center,Chula Vista,mall,2024-01-08,Monday,21,13,9,4,11,8,3,-15.38,Overcast,63,No,None,Winter,Low
FC0004521,SD010,Starbucks - Chula Vista Center,Chula Vista,mall,2024-01-15,Monday,6,21,15,6,18,13,5,-14.29,Partly Cloudy,63,No,None,Winter,Low
FC0004522,SD010,Starbucks - Chula Vista Center,Chula Vista,mall,2024-01-15,Monday,7,97,66,31,91,64,27,-6.19,Partly Cloudy,63,No,None,Winter,High
FC0004523,SD010,Starbucks - Chula Vista Center,Chula Vista,mall,2024-01-15,Monday,8,149,113,36,139,106,33,-6.71,Partly Cloudy,63,No,None,Winter,Very High
FC0004524,SD010,Starbucks - Chula Vista Center,Chula Vista,mall,2024-01-15,Monday,10,70,53,17,63,49,14,-10.0,Partly Cloudy,63,No,None,Winter,High
FC0004525,SD010,Starbucks - Chula Vista Center,Chula Vista,mall,2024-01-15,Monday,13,114,82,32,98,77,21,-14.04,Partly Cloudy,63,No,None,Winter,High
FC0004526,SD010,Starbucks - Chula Vista Center,Chula Vista,mall,2024-01-15,Monday,15,125,87,38,126,87,39,0.8,Partly Cloudy,63,No,None,Winter,Very High
FC0004527,SD010,Starbucks - Chula Vista Center,Chula Vista,mall,2024-01-15,Monday,16,122,87,35,127,85,42,4.1,Partly Cloudy,63,No,None,Winter,Very High
FC0004528,SD010,Starbucks - Chula Vista Center,Chula Vista,mall,2024-01-15,Monday,18,46,34,12,42,30,12,-8.7,Partly Cloudy,63,No,None,Winter,Moderate
FC0004529,SD010,Starbucks - Chula Vista Center,Chula Vista,mall,2024-01-15,Monday,20,29,22,7,31,22,9,6.9,Partly Cloudy,63,No,None,Winter,Moderate
FC0004530,SD010,Starbucks - Chula Vista Center,Chula Vista,mall,2024-01-15,Monday,21,21,15,6,21,15,6,0.0,Partly Cloudy,63,No,None,Winter,Low
FC0004531,SD010,Starbucks - Chula Vista Center,Chula Vista,mall,2024-01-22,Monday,6,38,28,10,39,27,12,2.63,Marine Layer,65,No,None,Winter,Moderate
FC0004532,SD010,Starbucks - Chula Vista Center,Chula Vista,mall,2024-01-22,Monday,7,65,49,16,63,48,15,-3.08,Marine Layer,65,No,None,Winter,High
FC0004533,SD010,Starbucks - Chula Vista Center,Chula Vista,mall,2024-01-22,Monday,8,169,131,38,171,118,53,1.18,Marine Layer,65,No,None,Winter,Very High
FC0004534,SD010,Starbucks - Chula Vista Center,Chula Vista,mall,2024-01-22,Monday,10,143,110,33,168,134,34,17.48,Marine Layer,65,No,None,Winter,Very High
FC0004535,SD010,Starbucks - Chula Vista Center,Chula Vista,mall,2024-01-22,Monday,13,150,108,42,149,117,32,-0.67,Marine Layer,65,No,None,Winter,Very High
FC0004536,SD010,Starbucks - Chula Vista Center,Chula Vista,mall,2024-01-22,Monday,15,73,55,18,80,63,17,9.59,Marine Layer,65,No,None,Winter,High
FC0004537,SD010,Starbucks - Chula Vista Center,Chula Vista,mall,2024-01-22,Monday,17,120,86,34,125,90,35,4.17,Marine Layer,65,No,None,Winter,Very High
FC0004538,SD010,Starbucks - Chula Vista Center,Chula Vista,mall,2024-01-22,Monday,18,52,38,14,49,33,16,-5.77,Marine Layer,65,No,None,Winter,Moderate
FC0004539,SD010,Starbucks - Chula Vista Center,Chula Vista,mall,2024-01-22,Monday,20,37,26,11,36,23,13,-2.7,Marine Layer,65,No,None,Winter,Moderate
FC0004540,SD010,Starbucks - Chula Vista Center,Chula Vista,mall,2024-01-22,Monday,21,14,10,4,14,9,5,0.0,Marine Layer,65,No,None,Winter,Low
FC0004541,SD010,Starbucks - Chula Vista Center,Chula Vista,mall,2024-01-29,Monday,6,36,27,9,32,21,11,-11.11,Partly Cloudy,57,No,None,Winter,Moderate
FC0004542,SD010,Starbucks - Chula Vista Center,Chula Vista,mall,2024-01-29,Monday,7,98,73,25,109,76,33,11.22,Partly Cloudy,57,No,None,Winter,Very High
FC0004543,SD010,Starbucks - Chula Vista Center,Chula Vista,mall,2024-01-29,Monday,9,116,80,36,103,81,22,-11.21,Partly Cloudy,57,No,None,Winter,Very High
FC0004544,SD010,Starbucks - Chula Vista Center,Chula Vista,mall,2024-01-29,Monday,10,139,96,43,127,90,37,-8.63,Partly Cloudy,57,No,None,Winter,Very High
FC0004545,SD010,Starbucks - Chula Vista Center,Chula Vista,mall,2024-01-29,Monday,12,163,110,53,168,122,46,3.07,Partly Cloudy,57,No,None,Winter,Very High
FC0004546,SD010,Starbucks - Chula Vista Center,Chula Vista,mall,2024-01-29,Monday,14,127,96,31,133,93,40,4.72,Partly Cloudy,57,No,None,Winter,Very High
FC0004547,SD010,Starbucks - Chula Vista Center,Chula Vista,mall,2024-01-29,Monday,15,108,80,28,105,80,25,-2.78,Partly Cloudy,57,No,None,Winter,Very High
FC0004548,SD010,Starbucks - Chula Vista Center,Chula Vista,mall,2024-01-29,Monday,17,73,52,21,74,58,16,1.37,Partly Cloudy,57,No,None,Winter,High
FC0004549,SD010,Starbucks - Chula Vista Center,Chula Vista,mall,2024-01-29,Monday,19,46,31,15,44,29,15,-4.35,Partly Cloudy,57,No,None,Winter,Moderate
FC0004550,SD010,Starbucks - Chula Vista Center,Chula Vista,mall,2024-01-29,Monday,20,43,29,14,33,23,10,-23.26,Partly Cloudy,57,No,None,Winter,Moderate
FC0004551,SD010,Starbucks - Chula Vista Center,Chula Vista,mall,2024-02-05,Monday,6,25,18,7,26,18,8,4.0,Marine Layer,63,No,None,Winter,Low
FC0004552,SD010,Starbucks - Chula Vista Center,Chula Vista,mall,2024-02-05,Monday,7,102,75,27,103,79,24,0.98,Marine Layer,63,No,None,Winter,Very High
FC0004553,SD010,Starbucks - Chula Vista Center,Chula Vista,mall,2024-02-05,Monday,8,124,90,34,107,83,24,-13.71,Marine Layer,63,No,None,Winter,Very High
FC0004554,SD010,Starbucks - Chula Vista Center,Chula Vista,mall,2024-02-05,Monday,9,140,99,41,131,101,30,-6.43,Marine Layer,63,No,None,Winter,Very High
FC0004555,SD010,Starbucks - Chula Vista Center,Chula Vista,mall,2024-02-05,Monday,12,112,86,26,109,75,34,-2.68,Marine Layer,63,No,None,Winter,Very High
FC0004556,SD010,Starbucks - Chula Vista Center,Chula Vista,mall,2024-02-05,Monday,15,103,71,32,101,75,26,-1.94,Marine Layer,63,No,None,Winter,Very High
FC0004557,SD010,Starbucks - Chula Vista Center,Chula Vista,mall,2024-02-05,Monday,16,128,91,37,127,101,26,-0.78,Marine Layer,63,No,None,Winter,Very High
FC0004558,SD010,Starbucks - Chula Vista Center,Chula Vista,mall,2024-02-05,Monday,17,82,59,23,69,49,20,-15.85,Marine Layer,63,No,None,Winter,High
FC0004559,SD010,Starbucks - Chula Vista Center,Chula Vista,mall,2024-02-05,Monday,19,62,44,18,55,39,16,-11.29,Marine Layer,63,No,None,Winter,Moderate
FC0004560,SD010,Starbucks - Chula Vista Center,Chula Vista,mall,2024-02-05,Monday,21,20,14,6,22,17,5,10.0,Marine Layer,63,No,None,Winter,Low
FC0004561,SD010,Starbucks - Chula Vista Center,Chula Vista,mall,2024-02-12,Monday,7,72,51,21,78,55,23,8.33,Sunny,60,No,None,Winter,High
FC0004562,SD010,Starbucks - Chula Vista Center,Chula Vista,mall,2024-02-12,Monday,9,166,125,41,166,117,49,0.0,Sunny,60,No,None,Winter,Very High
FC0004563,SD010,Starbucks - Chula Vista Center,Chula Vista,mall,2024-02-12,Monday,11,68,47,21,75,59,16,10.29,Sunny,60,No,None,Winter,High
FC0004564,SD010,Starbucks - Chula Vista Center,Chula Vista,mall,2024-02-12,Monday,12,158,108,50,158,111,47,0.0,Sunny,60,No,None,Winter,Very High
FC0004565,SD010,Starbucks - Chula Vista Center,Chula Vista,mall,2024-02-12,Monday,13,106,76,30,113,75,38,6.6,Sunny,60,No,None,Winter,Very High
FC0004566,SD010,Starbucks - Chula Vista Center,Chula Vista,mall,2024-02-12,Monday,15,105,77,28,112,88,24,6.67,Sunny,60,No,None,Winter,Very High
FC0004567,SD010,Starbucks - Chula Vista Center,Chula Vista,mall,2024-02-12,Monday,16,134,104,30,134,98,36,0.0,Sunny,60,No,None,Winter,Very High
FC0004568,SD010,Starbucks - Chula Vista Center,Chula Vista,mall,2024-02-12,Monday,17,90,68,22,87,69,18,-3.33,Sunny,60,No,None,Winter,High
FC0004569,SD010,Starbucks - Chula Vista Center,Chula Vista,mall,2024-02-12,Monday,19,34,26,8,32,22,10,-5.88,Sunny,60,No,None,Winter,Moderate
FC0004570,SD010,Starbucks - Chula Vista Center,Chula Vista,mall,2024-02-12,Monday,20,21,14,7,23,17,6,9.52,Sunny,60,No,None,Winter,Low
FC0004571,SD010,Starbucks - Chula Vista Center,Chula Vista,mall,2024-02-19,Monday,9,184,131,53,185,129,56,0.54,Partly Cloudy,61,No,None,Winter,Very High
FC0004572,SD010,Starbucks - Chula Vista Center,Chula Vista,mall,2024-02-19,Monday,11,135,96,39,135,104,31,0.0,Partly Cloudy,61,No,None,Winter,Very High
FC0004573,SD010,Starbucks - Chula Vista Center,Chula Vista,mall,2024-02-19,Monday,12,160,124,36,181,136,45,13.12,Partly Cloudy,61,No,None,Winter,Very High
FC0004574,SD010,Starbucks - Chula Vista Center,Chula Vista,mall,2024-02-19,Monday,15,63,43,20,59,42,17,-6.35,Partly Cloudy,61,No,None,Winter,Moderate
FC0004575,SD010,Starbucks - Chula Vista Center,Chula Vista,mall,2024-02-19,Monday,16,115,84,31,110,86,24,-4.35,Partly Cloudy,61,No,None,Winter,Very High
FC0004576,SD010,Starbucks - Chula Vista Center,Chula Vista,mall,2024-02-19,Monday,17,113,83,30,103,69,34,-8.85,Partly Cloudy,61,No,None,Winter,Very High
FC0004577,SD010,Starbucks - Chula Vista Center,Chula Vista,mall,2024-02-19,Monday,18,70,51,19,72,49,23,2.86,Partly Cloudy,61,No,None,Winter,High
FC0004578,SD010,Starbucks - Chula Vista Center,Chula Vista,mall,2024-02-19,Monday,19,49,33,16,54,39,15,10.2,Partly Cloudy,61,No,None,Winter,Moderate
FC0004579,SD010,Starbucks - Chula Vista Center,Chula Vista,mall,2024-02-19,Monday,20,20,13,7,20,14,6,0.0,Partly Cloudy,61,No,None,Winter,Low
FC0004580,SD010,Starbucks - Chula Vista Center,Chula Vista,mall,2024-02-19,Monday,21,24,16,8,25,18,7,4.17,Partly Cloudy,61,No,None,Winter,Low
FC0004581,SD010,Starbucks - Chula Vista Center,Chula Vista,mall,2024-02-26,Monday,6,20,15,5,19,14,5,-5.0,Marine Layer,61,No,None,Winter,Low
FC0004582,SD010,Starbucks - Chula Vista Center,Chula Vista,mall,2024-02-26,Monday,8,158,117,41,162,128,34,2.53,Marine Layer,61,No,None,Winter,Very High
FC0004583,SD010,Starbucks - Chula Vista Center,Chula Vista,mall,2024-02-26,Monday,10,100,71,29,113,75,38,13.0,Marine Layer,61,No,None,Winter,Very High
FC0004584,SD010,Starbucks - Chula Vista Center,Chula Vista,mall,2024-02-26,Monday,11,97,67,30,99,71,28,2.06,Marine Layer,61,No,None,Winter,High
FC0004585,SD010,Starbucks - Chula Vista Center,Chula Vista,mall,2024-02-26,Monday,14,86,61,25,79,53,26,-8.14,Marine Layer,61,No,None,Winter,High
FC0004586,SD010,Starbucks - Chula Vista Center,Chula Vista,mall,2024-02-26,Monday,16,104,79,25,104,75,29,0.0,Marine Layer,61,No,None,Winter,Very High
FC0004587,SD010,Starbucks - Chula Vista Center,Chula Vista,mall,2024-02-26,Monday,17,94,68,26,95,74,21,1.06,Marine Layer,61,No,None,Winter,High
FC0004588,SD010,Starbucks - Chula Vista Center,Chula Vista,mall,2024-02-26,Monday,18,86,59,27,83,65,18,-3.49,Marine Layer,61,No,None,Winter,High
FC0004589,SD010,Starbucks - Chula Vista Center,Chula Vista,mall,2024-02-26,Monday,19,40,29,11,40,27,13,0.0,Marine Layer,61,No,None,Winter,Moderate
FC0004590,SD010,Starbucks - Chula Vista Center,Chula Vista,mall,2024-02-26,Monday,20,39,27,12,35,25,10,-10.26,Marine Layer,61,No,None,Winter,Moderate
FC0004591,SD010,Starbucks - Chula Vista Center,Chula Vista,mall,2024-03-04,Monday,6,54,41,13,50,36,14,-7.41,Partly Cloudy,64,Yes,SDSU Graduation,Spring,Moderate
FC0004592,SD010,Starbucks - Chula Vista Center,Chula Vista,mall,2024-03-04,Monday,9,143,107,36,157,124,33,9.79,Partly Cloudy,64,Yes,SDSU Graduation,Spring,Very High
FC0004593,SD010,Starbucks - Chula Vista Center,Chula Vista,mall,2024-03-04,Monday,10,185,127,58,192,131,61,3.78,Partly Cloudy,64,Yes,SDSU Graduation,Spring,Very High
FC0004594,SD010,Starbucks - Chula Vista Center,Chula Vista,mall,2024-03-04,Monday,11,93,71,22,93,71,22,0.0,Partly Cloudy,64,Yes,SDSU Graduation,Spring,High
FC0004595,SD010,Starbucks - Chula Vista Center,Chula Vista,mall,2024-03-04,Monday,12,169,115,54,186,143,43,10.06,Partly Cloudy,64,Yes,SDSU Graduation,Spring,Very High
FC0004596,SD010,Starbucks - Chula Vista Center,Chula Vista,mall,2024-03-04,Monday,13,162,112,50,161,115,46,-0.62,Partly Cloudy,64,Yes,SDSU Graduation,Spring,Very High
FC0004597,SD010,Starbucks - Chula Vista Center,Chula Vista,mall,2024-03-04,Monday,16,110,83,27,113,75,38,2.73,Partly Cloudy,64,Yes,SDSU Graduation,Spring,Very High
FC0004598,SD010,Starbucks - Chula Vista Center,Chula Vista,mall,2024-03-04,Monday,19,76,53,23,61,47,14,-19.74,Partly Cloudy,64,Yes,SDSU Graduation,Spring,High
FC0004599,SD010,Starbucks - Chula Vista Center,Chula Vista,mall,2024-03-04,Monday,20,36,26,10,35,26,9,-2.78,Partly Cloudy,64,Yes,SDSU Graduation,Spring,Moderate
FC0004600,SD010,Starbucks - Chula Vista Center,Chula Vista,mall,2024-03-04,Monday,21,32,23,9,34,25,9,6.25,Partly Cloudy,64,Yes,SDSU Graduation,Spring,Moderate
FC0004601,SD010,Starbucks - Chula Vista Center,Chula Vista,mall,2024-03-11,Monday,6,29,22,7,28,21,7,-3.45,Sunny,69,No,None,Spring,Low
FC0004602,SD010,Starbucks - Chula Vista Center,Chula Vista,mall,2024-03-11,Monday,7,128,94,34,134,98,36,4.69,Sunny,69,No,None,Spring,Very High
FC0004603,SD010,Starbucks - Chula Vista Center,Chula Vista,mall,2024-03-11,Monday,9,138,103,35,151,116,35,9.42,Sunny,69,No,None,Spring,Very High
FC0004604,SD010,Starbucks - Chula Vista Center,Chula Vista,mall,2024-03-11,Monday,10,96,66,30,103,80,23,7.29,Sunny,69,No,None,Spring,Very High
FC0004605,SD010,Starbucks - Chula Vista Center,Chula Vista,mall,2024-03-11,Monday,12,109,83,26,122,86,36,11.93,Sunny,69,No,None,Spring,Very High
FC0004606,SD010,Starbucks - Chula Vista Center,Chula Vista,mall,2024-03-11,Monday,14,105,75,30,99,69,30,-5.71,Sunny,69,No,None,Spring,High
FC0004607,SD010,Starbucks - Chula Vista Center,Chula Vista,mall,2024-03-11,Monday,15,119,83,36,105,82,23,-11.76,Sunny,69,No,None,Spring,Very High
FC0004608,SD010,Starbucks - Chula Vista Center,Chula Vista,mall,2024-03-11,Monday,17,58,44,14,55,38,17,-5.17,Sunny,69,No,None,Spring,Moderate
FC0004609,SD010,Starbucks - Chula Vista Center,Chula Vista,mall,2024-03-11,Monday,18,65,48,17,71,48,23,9.23,Sunny,69,No,None,Spring,High
FC0004610,SD010,Starbucks - Chula Vista Center,Chula Vista,mall,2024-03-11,Monday,20,39,26,13,38,26,12,-2.56,Sunny,69,No,None,Spring,Moderate
FC0004611,SD010,Starbucks - Chula Vista Center,Chula Vista,mall,2024-03-18,Monday,6,23,17,6,25,19,6,8.7,Partly Cloudy,65,No,None,Spring,Low
FC0004612,SD010,Starbucks - Chula Vista Center,Chula Vista,mall,2024-03-18,Monday,7,71,53,18,73,55,18,2.82,Partly Cloudy,65,No,None,Spring,High
FC0004613,SD010,Starbucks - Chula Vista Center,Chula Vista,mall,2024-03-18,Monday,8,204,150,54,205,136,69,0.49,Partly Cloudy,65,No,None,Spring,Very High
FC0004614,SD010,Starbucks - Chula Vista Center,Chula Vista,mall,2024-03-18,Monday,9,179,131,48,171,117,54,-4.47,Partly Cloudy,65,No,None,Spring,Very High
FC0004615,SD010,Starbucks - Chula Vista Center,Chula Vista,mall,2024-03-18,Monday,12,129,95,34,124,83,41,-3.88,Partly Cloudy,65,No,None,Spring,Very High
FC0004616,SD010,Starbucks - Chula Vista Center,Chula Vista,mall,2024-03-18,Monday,15,78,56,22,86,57,29,10.26,Partly Cloudy,65,No,None,Spring,High
FC0004617,SD010,Starbucks - Chula Vista Center,Chula Vista,mall,2024-03-18,Monday,16,127,98,29,122,92,30,-3.94,Partly Cloudy,65,No,None,Spring,Very High
FC0004618,SD010,Starbucks - Chula Vista Center,Chula Vista,mall,2024-03-18,Monday,17,101,77,24,106,79,27,4.95,Partly Cloudy,65,No,None,Spring,Very High
FC0004619,SD010,Starbucks - Chula Vista Center,Chula Vista,mall,2024-03-18,Monday,20,23,16,7,22,15,7,-4.35,Partly Cloudy,65,No,None,Spring,Low
FC0004620,SD010,Starbucks - Chula Vista Center,Chula Vista,mall,2024-03-18,Monday,21,20,15,5,16,11,5,-20.0,Partly Cloudy,65,No,None,Spring,Low
FC0004621,SD010,Starbucks - Chula Vista Center,Chula Vista,mall,2024-03-25,Monday,6,43,33,10,40,31,9,-6.98,Light Rain,65,No,None,Spring,Moderate
FC0004622,SD010,Starbucks - Chula Vista Center,Chula Vista,mall,2024-03-25,Monday,7,73,55,18,65,45,20,-10.96,Light Rain,65,No,None,Spring,High
FC0004623,SD010,Starbucks - Chula Vista Center,Chula Vista,mall,2024-03-25,Monday,9,177,120,57,184,144,40,3.95,Light Rain,65,No,None,Spring,Very High
FC0004624,SD010,Starbucks - Chula Vista Center,Chula Vista,mall,2024-03-25,Monday,10,74,50,24,66,49,17,-10.81,Light Rain,65,No,None,Spring,High
FC0004625,SD010,Starbucks - Chula Vista Center,Chula Vista,mall,2024-03-25,Monday,13,107,82,25,121,96,25,13.08,Light Rain,65,No,None,Spring,Very High
FC0004626,SD010,Starbucks - Chula Vista Center,Chula Vista,mall,2024-03-25,Monday,14,91,68,23,101,72,29,10.99,Light Rain,65,No,None,Spring,Very High
FC0004627,SD010,Starbucks - Chula Vista Center,Chula Vista,mall,2024-03-25,Monday,16,123,88,35,117,86,31,-4.88,Light Rain,65,No,None,Spring,Very High
FC0004628,SD010,Starbucks - Chula Vista Center,Chula Vista,mall,2024-03-25,Monday,17,117,80,37,127,89,38,8.55,Light Rain,65,No,None,Spring,Very High
FC0004629,SD010,Starbucks - Chula Vista Center,Chula Vista,mall,2024-03-25,Monday,18,46,35,11,50,37,13,8.7,Light Rain,65,No,None,Spring,Moderate
FC0004630,SD010,Starbucks - Chula Vista Center,Chula Vista,mall,2024-03-25,Monday,19,31,24,7,35,27,8,12.9,Light Rain,65,No,None,Spring,Moderate
FC0004631,SD010,Starbucks - Chula Vista Center,Chula Vista,mall,2024-04-01,Monday,6,29,22,7,27,20,7,-6.9,Sunny,73,No,None,Spring,Low
FC0004632,SD010,Starbucks - Chula Vista Center,Chula Vista,mall,2024-04-01,Monday,7,80,61,19,67,50,17,-16.25,Sunny,73,No,None,Spring,High
FC0004633,SD010,Starbucks - Chula Vista Center,Chula Vista,mall,2024-04-01,Monday,8,207,159,48,191,146,45,-7.73,Sunny,73,No,None,Spring,Very High
FC0004634,SD010,Starbucks - Chula Vista Center,Chula Vista,mall,2024-04-01,Monday,10,141,106,35,117,89,28,-17.02,Sunny,73,No,None,Spring,Very High
FC0004635,SD010,Starbucks - Chula Vista Center,Chula Vista,mall,2024-04-01,Monday,11,101,74,27,91,66,25,-9.9,Sunny,73,No,None,Spring,High
FC0004636,SD010,Starbucks - Chula Vista Center,Chula Vista,mall,2024-04-01,Monday,12,95,73,22,96,71,25,1.05,Sunny,73,No,None,Spring,High
FC0004637,SD010,Starbucks - Chula Vista Center,Chula Vista,mall,2024-04-01,Monday,16,86,61,25,84,59,25,-2.33,Sunny,73,No,None,Spring,High
FC0004638,SD010,Starbucks - Chula Vista Center,Chula Vista,mall,2024-04-01,Monday,18,65,48,17,63,46,17,-3.08,Sunny,73,No,None,Spring,High
FC0004639,SD010,Starbucks - Chula Vista Center,Chula Vista,mall,2024-04-01,Monday,20,30,22,8,30,23,7,0.0,Sunny,73,No,None,Spring,Moderate
FC0004640,SD010,Starbucks - Chula Vista Center,Chula Vista,mall,2024-04-01,Monday,21,26,19,7,25,17,8,-3.85,Sunny,73,No,None,Spring,Low
FC0004641,SD010,Starbucks - Chula Vista Center,Chula Vista,mall,2024-04-08,Monday,7,161,124,37,171,118,53,6.21,Light Rain,70,Yes,SDSU Graduation,Spring,Very High
FC0004642,SD010,Starbucks - Chula Vista Center,Chula Vista,mall,2024-04-08,Monday,8,235,174,61,223,172,51,-5.11,Light Rain,70,Yes,SDSU Graduation,Spring,Very High
FC0004643,SD010,Starbucks - Chula Vista Center,Chula Vista,mall,2024-04-08,Monday,9,241,185,56,265,210,55,9.96,Light Rain,70,Yes,SDSU Graduation,Spring,Very High
FC0004644,SD010,Starbucks - Chula Vista Center,Chula Vista,mall,2024-04-08,Monday,10,159,121,38,145,104,41,-8.81,Light Rain,70,Yes,SDSU Graduation,Spring,Very High
FC0004645,SD010,Starbucks - Chula Vista Center,Chula Vista,mall,2024-04-08,Monday,11,98,69,29,95,75,20,-3.06,Light Rain,70,Yes,SDSU Graduation,Spring,High
FC0004646,SD010,Starbucks - Chula Vista Center,Chula Vista,mall,2024-04-08,Monday,14,156,120,36,148,110,38,-5.13,Light Rain,70,Yes,SDSU Graduation,Spring,Very High
FC0004647,SD010,Starbucks - Chula Vista Center,Chula Vista,mall,2024-04-08,Monday,15,98,69,29,109,73,36,11.22,Light Rain,70,Yes,SDSU Graduation,Spring,Very High
FC0004648,SD010,Starbucks - Chula Vista Center,Chula Vista,mall,2024-04-08,Monday,18,85,60,25,85,59,26,0.0,Light Rain,70,Yes,SDSU Graduation,Spring,High
FC0004649,SD010,Starbucks - Chula Vista Center,Chula Vista,mall,2024-04-08,Monday,19,55,38,17,54,36,18,-1.82,Light Rain,70,Yes,SDSU Graduation,Spring,Moderate
FC0004650,SD010,Starbucks - Chula Vista Center,Chula Vista,mall,2024-04-08,Monday,21,23,16,7,18,13,5,-21.74,Light Rain,70,Yes,SDSU Graduation,Spring,Low
FC0004651,SD010,Starbucks - Chula Vista Center,Chula Vista,mall,2024-04-15,Monday,7,97,71,26,112,83,29,15.46,Marine Layer,69,Yes,SDSU Graduation,Spring,Very High
FC0004652,SD010,Starbucks - Chula Vista Center,Chula Vista,mall,2024-04-15,Monday,8,159,110,49,161,113,48,1.26,Marine Layer,69,Yes,SDSU Graduation,Spring,Very High
FC0004653,SD010,Starbucks - Chula Vista Center,Chula Vista,mall,2024-04-15,Monday,10,178,138,40,177,118,59,-0.56,Marine Layer,69,Yes,SDSU Graduation,Spring,Very High
FC0004654,SD010,Starbucks - Chula Vista Center,Chula Vista,mall,2024-04-15,Monday,13,196,151,45,194,129,65,-1.02,Marine Layer,69,Yes,SDSU Graduation,Spring,Very High
FC0004655,SD010,Starbucks - Chula Vista Center,Chula Vista,mall,2024-04-15,Monday,14,135,99,36,160,114,46,18.52,Marine Layer,69,Yes,SDSU Graduation,Spring,Very High
FC0004656,SD010,Starbucks - Chula Vista Center,Chula Vista,mall,2024-04-15,Monday,15,118,86,32,104,74,30,-11.86,Marine Layer,69,Yes,SDSU Graduation,Spring,Very High
FC0004657,SD010,Starbucks - Chula Vista Center,Chula Vista,mall,2024-04-15,Monday,16,100,74,26,96,65,31,-4.0,Marine Layer,69,Yes,SDSU Graduation,Spring,High
FC0004658,SD010,Starbucks - Chula Vista Center,Chula Vista,mall,2024-04-15,Monday,17,111,76,35,104,73,31,-6.31,Marine Layer,69,Yes,SDSU Graduation,Spring,Very High
FC0004659,SD010,Starbucks - Chula Vista Center,Chula Vista,mall,2024-04-15,Monday,18,75,56,19,65,50,15,-13.33,Marine Layer,69,Yes,SDSU Graduation,Spring,High
FC0004660,SD010,Starbucks - Chula Vista Center,Chula Vista,mall,2024-04-15,Monday,21,35,26,9,34,25,9,-2.86,Marine Layer,69,Yes,SDSU Graduation,Spring,Moderate
FC0004661,SD010,Starbucks - Chula Vista Center,Chula Vista,mall,2024-04-22,Monday,6,26,18,8,25,18,7,-3.85,Partly Cloudy,72,No,None,Spring,Low
FC0004662,SD010,Starbucks - Chula Vista Center,Chula Vista,mall,2024-04-22,Monday,7,88,62,26,97,67,30,10.23,Partly Cloudy,72,No,None,Spring,High
FC0004663,SD010,Starbucks - Chula Vista Center,Chula Vista,mall,2024-04-22,Monday,8,123,87,36,136,105,31,10.57,Partly Cloudy,72,No,None,Spring,Very High
FC0004664,SD010,Starbucks - Chula Vista Center,Chula Vista,mall,2024-04-22,Monday,9,143,103,40,152,104,48,6.29,Partly Cloudy,72,No,None,Spring,Very High
FC0004665,SD010,Starbucks - Chula Vista Center,Chula Vista,mall,2024-04-22,Monday,10,139,95,44,161,110,51,15.83,Partly Cloudy,72,No,None,Spring,Very High
FC0004666,SD010,Starbucks - Chula Vista Center,Chula Vista,mall,2024-04-22,Monday,12,101,77,24,102,75,27,0.99,Partly Cloudy,72,No,None,Spring,Very High
FC0004667,SD010,Starbucks - Chula Vista Center,Chula Vista,mall,2024-04-22,Monday,13,128,95,33,125,99,26,-2.34,Partly Cloudy,72,No,None,Spring,Very High
FC0004668,SD010,Starbucks - Chula Vista Center,Chula Vista,mall,2024-04-22,Monday,15,98,74,24,107,76,31,9.18,Partly Cloudy,72,No,None,Spring,Very High
FC0004669,SD010,Starbucks - Chula Vista Center,Chula Vista,mall,2024-04-22,Monday,18,55,38,17,54,39,15,-1.82,Partly Cloudy,72,No,None,Spring,Moderate
FC0004670,SD010,Starbucks - Chula Vista Center,Chula Vista,mall,2024-04-22,Monday,19,57,42,15,63,45,18,10.53,Partly Cloudy,72,No,None,Spring,High
FC0004671,SD010,Starbucks - Chula Vista Center,Chula Vista,mall,2024-04-29,Monday,7,130,101,29,133,95,38,2.31,Marine Layer,66,No,None,Spring,Very High
FC0004672,SD010,Starbucks - Chula Vista Center,Chula Vista,mall,2024-04-29,Monday,8,117,80,37,111,75,36,-5.13,Marine Layer,66,No,None,Spring,Very High
FC0004673,SD010,Starbucks - Chula Vista Center,Chula Vista,mall,2024-04-29,Monday,11,91,66,25,101,79,22,10.99,Marine Layer,66,No,None,Spring,Very High
FC0004674,SD010,Starbucks - Chula Vista Center,Chula Vista,mall,2024-04-29,Monday,12,80,59,21,73,48,25,-8.75,Marine Layer,66,No,None,Spring,High
FC0004675,SD010,Starbucks - Chula Vista Center,Chula Vista,mall,2024-04-29,Monday,13,121,82,39,124,98,26,2.48,Marine Layer,66,No,None,Spring,Very High
FC0004676,SD010,Starbucks - Chula Vista Center,Chula Vista,mall,2024-04-29,Monday,15,90,69,21,83,57,26,-7.78,Marine Layer,66,No,None,Spring,High
FC0004677,SD010,Starbucks - Chula Vista Center,Chula Vista,mall,2024-04-29,Monday,16,128,87,41,120,93,27,-6.25,Marine Layer,66,No,None,Spring,Very High
FC0004678,SD010,Starbucks - Chula Vista Center,Chula Vista,mall,2024-04-29,Monday,17,97,73,24,89,68,21,-8.25,Marine Layer,66,No,None,Spring,High
FC0004679,SD010,Starbucks - Chula Vista Center,Chula Vista,mall,2024-04-29,Monday,19,48,36,12,47,36,11,-2.08,Marine Layer,66,No,None,Spring,Moderate
FC0004680,SD010,Starbucks - Chula Vista Center,Chula Vista,mall,2024-04-29,Monday,21,25,18,7,26,17,9,4.0,Marine Layer,66,No,None,Spring,Low
FC0004681,SD010,Starbucks - Chula Vista Center,Chula Vista,mall,2024-05-06,Monday,6,42,31,11,42,29,13,0.0,Sunny,75,No,None,Spring,Moderate
FC0004682,SD010,Starbucks - Chula Vista Center,Chula Vista,mall,2024-05-06,Monday,9,114,86,28,126,85,41,10.53,Sunny,75,No,None,Spring,Very High
FC0004683,SD010,Starbucks - Chula Vista Center,Chula Vista,mall,2024-05-06,Monday,10,83,60,23,66,51,15,-20.48,Sunny,75,No,None,Spring,High
FC0004684,SD010,Starbucks - Chula Vista Center,Chula Vista,mall,2024-05-06,Monday,11,94,72,22,93,68,25,-1.06,Sunny,75,No,None,Spring,High
FC0004685,SD010,Starbucks - Chula Vista Center,Chula Vista,mall,2024-05-06,Monday,12,87,61,26,78,58,20,-10.34,Sunny,75,No,None,Spring,High
FC0004686,SD010,Starbucks - Chula Vista Center,Chula Vista,mall,2024-05-06,Monday,14,66,45,21,78,55,23,18.18,Sunny,75,No,None,Spring,High
FC0004687,SD010,Starbucks - Chula Vista Center,Chula Vista,mall,2024-05-06,Monday,15,83,56,27,93,67,26,12.05,Sunny,75,No,None,Spring,High
FC0004688,SD010,Starbucks - Chula Vista Center,Chula Vista,mall,2024-05-06,Monday,18,93,71,22,94,65,29,1.08,Sunny,75,No,None,Spring,High
FC0004689,SD010,Starbucks - Chula Vista Center,Chula Vista,mall,2024-05-06,Monday,19,43,32,11,42,31,11,-2.33,Sunny,75,No,None,Spring,Moderate
FC0004690,SD010,Starbucks - Chula Vista Center,Chula Vista,mall,2024-05-06,Monday,20,24,17,7,21,15,6,-12.5,Sunny,75,No,None,Spring,Low
FC0004691,SD010,Starbucks - Chula Vista Center,Chula Vista,mall,2024-05-13,Monday,6,39,28,11,44,32,12,12.82,Sunny,67,No,None,Spring,Moderate
FC0004692,SD010,Starbucks - Chula Vista Center,Chula Vista,mall,2024-05-13,Monday,11,80,59,21,74,54,20,-7.5,Sunny,67,No,None,Spring,High
FC0004693,SD010,Starbucks - Chula Vista Center,Chula Vista,mall,2024-05-13,Monday,12,114,87,27,103,82,21,-9.65,Sunny,67,No,None,Spring,Very High
FC0004694,SD010,Starbucks - Chula Vista Center,Chula Vista,mall,2024-05-13,Monday,14,65,47,18,61,43,18,-6.15,Sunny,67,No,None,Spring,High
FC0004695,SD010,Starbucks - Chula Vista Center,Chula Vista,mall,2024-05-13,Monday,15,111,86,25,86,61,25,-22.52,Sunny,67,No,None,Spring,High
FC0004696,SD010,Starbucks - Chula Vista Center,Chula Vista,mall,2024-05-13,Monday,16,109,76,33,111,84,27,1.83,Sunny,67,No,None,Spring,Very High
FC0004697,SD010,Starbucks - Chula Vista Center,Chula Vista,mall,2024-05-13,Monday,17,74,55,19,70,49,21,-5.41,Sunny,67,No,None,Spring,High
FC0004698,SD010,Starbucks - Chula Vista Center,Chula Vista,mall,2024-05-13,Monday,19,63,48,15,69,47,22,9.52,Sunny,67,No,None,Spring,High
FC0004699,SD010,Starbucks - Chula Vista Center,Chula Vista,mall,2024-05-13,Monday,20,36,25,11,34,25,9,-5.56,Sunny,67,No,None,Spring,Moderate
FC0004700,SD010,Starbucks - Chula Vista Center,Chula Vista,mall,2024-05-13,Monday,21,16,11,5,16,12,4,0.0,Sunny,67,No,None,Spring,Low
FC0004701,SD010,Starbucks - Chula Vista Center,Chula Vista,mall,2024-05-20,Monday,6,40,28,12,41,27,14,2.5,Marine Layer,67,No,None,Spring,Moderate
FC0004702,SD010,Starbucks - Chula Vista Center,Chula Vista,mall,2024-05-20,Monday,7,119,87,32,112,86,26,-5.88,Marine Layer,67,No,None,Spring,Very High
FC0004703,SD010,Starbucks - Chula Vista Center,Chula Vista,mall,2024-05-20,Monday,8,129,95,34,145,111,34,12.4,Marine Layer,67,No,None,Spring,Very High
FC0004704,SD010,Starbucks - Chula Vista Center,Chula Vista,mall,2024-05-20,Monday,9,161,125,36,160,110,50,-0.62,Marine Layer,67,No,None,Spring,Very High
FC0004705,SD010,Starbucks - Chula Vista Center,Chula Vista,mall,2024-05-20,Monday,14,82,58,24,78,60,18,-4.88,Marine Layer,67,No,None,Spring,High
FC0004706,SD010,Starbucks - Chula Vista Center,Chula Vista,mall,2024-05-20,Monday,15,114,78,36,123,92,31,7.89,Marine Layer,67,No,None,Spring,Very High
FC0004707,SD010,Starbucks - Chula Vista Center,Chula Vista,mall,2024-05-20,Monday,16,121,94,27,132,103,29,9.09,Marine Layer,67,No,None,Spring,Very High
FC0004708,SD010,Starbucks - Chula Vista Center,Chula Vista,mall,2024-05-20,Monday,18,67,48,19,75,51,24,11.94,Marine Layer,67,No,None,Spring,High
FC0004709,SD010,Starbucks - Chula Vista Center,Chula Vista,mall,2024-05-20,Monday,20,34,23,11,34,24,10,0.0,Marine Layer,67,No,None,Spring,Moderate
FC0004710,SD010,Starbucks - Chula Vista Center,Chula Vista,mall,2024-05-20,Monday,21,26,18,8,24,18,6,-7.69,Marine Layer,67,No,None,Spring,Low
FC0004711,SD010,Starbucks - Chula Vista Center,Chula Vista,mall,2024-05-27,Monday,6,21,15,6,21,16,5,0.0,Partly Cloudy,72,No,None,Spring,Low
FC0004712,SD010,Starbucks - Chula Vista Center,Chula Vista,mall,2024-05-27,Monday,7,111,82,29,114,84,30,2.7,Partly Cloudy,72,No,None,Spring,Very High
FC0004713,SD010,Starbucks - Chula Vista Center,Chula Vista,mall,2024-05-27,Monday,11,88,65,23,88,60,28,0.0,Partly Cloudy,72,No,None,Spring,High
FC0004714,SD010,Starbucks - Chula Vista Center,Chula Vista,mall,2024-05-27,Monday,13,128,97,31,133,90,43,3.91,Partly Cloudy,72,No,None,Spring,Very High
FC0004715,SD010,Starbucks - Chula Vista Center,Chula Vista,mall,2024-05-27,Monday,14,115,87,28,99,76,23,-13.91,Partly Cloudy,72,No,None,Spring,High
FC0004716,SD010,Starbucks - Chula Vista Center,Chula Vista,mall,2024-05-27,Monday,16,79,53,26,77,52,25,-2.53,Partly Cloudy,72,No,None,Spring,High
FC0004717,SD010,Starbucks - Chula Vista Center,Chula Vista,mall,2024-05-27,Monday,17,75,53,22,74,54,20,-1.33,Partly Cloudy,72,No,None,Spring,High
FC0004718,SD010,Starbucks - Chula Vista Center,Chula Vista,mall,2024-05-27,Monday,19,35,26,9,34,24,10,-2.86,Partly Cloudy,72,No,None,Spring,Moderate
FC0004719,SD010,Starbucks - Chula Vista Center,Chula Vista,mall,2024-05-27,Monday,20,34,23,11,36,24,12,5.88,Partly Cloudy,72,No,None,Spring,Moderate
FC0004720,SD010,Starbucks - Chula Vista Center,Chula Vista,mall,2024-05-27,Monday,21,23,17,6,23,16,7,0.0,Partly Cloudy,72,No,None,Spring,Low
FC0004721,SD010,Starbucks - Chula Vista Center,Chula Vista,mall,2024-06-03,Monday,6,23,15,8,23,17,6,0.0,Sunny,69,No,None,Summer,Low
FC0004722,SD010,Starbucks - Chula Vista Center,Chula Vista,mall,2024-06-03,Monday,7,83,57,26,84,60,24,1.2,Sunny,69,No,None,Summer,High
FC0004723,SD010,Starbucks - Chula Vista Center,Chula Vista,mall,2024-06-03,Monday,9,98,72,26,86,67,19,-12.24,Sunny,69,No,None,Summer,High
FC0004724,SD010,Starbucks - Chula Vista Center,Chula Vista,mall,2024-06-03,Monday,11,125,95,30,146,110,36,16.8,Sunny,69,No,None,Summer,Very High
FC0004725,SD010,Starbucks - Chula Vista Center,Chula Vista,mall,2024-06-03,Monday,13,148,104,44,145,101,44,-2.03,Sunny,69,No,None,Summer,Very High
FC0004726,SD010,Starbucks - Chula Vista Center,Chula Vista,mall,2024-06-03,Monday,16,122,90,32,121,92,29,-0.82,Sunny,69,No,None,Summer,Very High
FC0004727,SD010,Starbucks - Chula Vista Center,Chula Vista,mall,2024-06-03,Monday,17,103,72,31,94,72,22,-8.74,Sunny,69,No,None,Summer,High
FC0004728,SD010,Starbucks - Chula Vista Center,Chula Vista,mall,2024-06-03,Monday,18,47,36,11,43,34,9,-8.51,Sunny,69,No,None,Summer,Moderate
FC0004729,SD010,Starbucks - Chula Vista Center,Chula Vista,mall,2024-06-03,Monday,20,41,29,12,45,30,15,9.76,Sunny,69,No,None,Summer,Moderate
FC0004730,SD010,Starbucks - Chula Vista Center,Chula Vista,mall,2024-06-03,Monday,21,26,17,9,23,17,6,-11.54,Sunny,69,No,None,Summer,Low
FC0004731,SD010,Starbucks - Chula Vista Center,Chula Vista,mall,2024-06-10,Monday,6,38,29,9,36,25,11,-5.26,Partly Cloudy,69,No,None,Summer,Moderate
FC0004732,SD010,Starbucks - Chula Vista Center,Chula Vista,mall,2024-06-10,Monday,7,98,67,31,107,78,29,9.18,Partly Cloudy,69,No,None,Summer,Very High
FC0004733,SD010,Starbucks - Chula Vista Center,Chula Vista,mall,2024-06-10,Monday,8,202,155,47,215,157,58,6.44,Partly Cloudy,69,No,None,Summer,Very High
FC0004734,SD010,Starbucks - Chula Vista Center,Chula Vista,mall,2024-06-10,Monday,9,187,143,44,186,140,46,-0.53,Partly Cloudy,69,No,None,Summer,Very High
FC0004735,SD010,Starbucks - Chula Vista Center,Chula Vista,mall,2024-06-10,Monday,11,72,53,19,70,47,23,-2.78,Partly Cloudy,69,No,None,Summer,High
FC0004736,SD010,Starbucks - Chula Vista Center,Chula Vista,mall,2024-06-10,Monday,15,123,89,34,123,93,30,0.0,Partly Cloudy,69,No,None,Summer,Very High
FC0004737,SD010,Starbucks - Chula Vista Center,Chula Vista,mall,2024-06-10,Monday,18,54,36,18,54,40,14,0.0,Partly Cloudy,69,No,None,Summer,Moderate
FC0004738,SD010,Starbucks - Chula Vista Center,Chula Vista,mall,2024-06-10,Monday,19,52,37,15,50,38,12,-3.85,Partly Cloudy,69,No,None,Summer,Moderate
FC0004739,SD010,Starbucks - Chula Vista Center,Chula Vista,mall,2024-06-10,Monday,20,21,16,5,22,15,7,4.76,Partly Cloudy,69,No,None,Summer,Low
FC0004740,SD010,Starbucks - Chula Vista Center,Chula Vista,mall,2024-06-10,Monday,21,23,17,6,22,16,6,-4.35,Partly Cloudy,69,No,None,Summer,Low
FC0004741,SD010,Starbucks - Chula Vista Center,Chula Vista,mall,2024-06-17,Monday,6,25,18,7,25,19,6,0.0,Sunny,76,No,None,Summer,Low
FC0004742,SD010,Starbucks - Chula Vista Center,Chula Vista,mall,2024-06-17,Monday,7,95,70,25,95,72,23,0.0,Sunny,76,No,None,Summer,High
FC0004743,SD010,Starbucks - Chula Vista Center,Chula Vista,mall,2024-06-17,Monday,9,176,124,52,146,102,44,-17.05,Sunny,76,No,None,Summer,Very High
FC0004744,SD010,Starbucks - Chula Vista Center,Chula Vista,mall,2024-06-17,Monday,11,91,67,24,84,61,23,-7.69,Sunny,76,No,None,Summer,High
FC0004745,SD010,Starbucks - Chula Vista Center,Chula Vista,mall,2024-06-17,Monday,12,103,78,25,117,80,37,13.59,Sunny,76,No,None,Summer,Very High
FC0004746,SD010,Starbucks - Chula Vista Center,Chula Vista,mall,2024-06-17,Monday,13,130,93,37,153,103,50,17.69,Sunny,76,No,None,Summer,Very High
FC0004747,SD010,Starbucks - Chula Vista Center,Chula Vista,mall,2024-06-17,Monday,15,79,54,25,78,61,17,-1.27,Sunny,76,No,None,Summer,High
FC0004748,SD010,Starbucks - Chula Vista Center,Chula Vista,mall,2024-06-17,Monday,17,104,78,26,102,75,27,-1.92,Sunny,76,No,None,Summer,Very High
FC0004749,SD010,Starbucks - Chula Vista Center,Chula Vista,mall,2024-06-17,Monday,20,23,15,8,23,16,7,0.0,Sunny,76,No,None,Summer,Low
FC0004750,SD010,Starbucks - Chula Vista Center,Chula Vista,mall,2024-06-17,Monday,21,17,12,5,16,11,5,-5.88,Sunny,76,No,None,Summer,Low
FC0004751,SD010,Starbucks - Chula Vista Center,Chula Vista,mall,2024-06-24,Monday,6,30,21,9,32,23,9,6.67,Sunny,73,No,None,Summer,Moderate
FC0004752,SD010,Starbucks - Chula Vista Center,Chula Vista,mall,2024-06-24,Monday,7,136,100,36,140,107,33,2.94,Sunny,73,No,None,Summer,Very High
FC0004753,SD010,Starbucks - Chula Vista Center,Chula Vista,mall,2024-06-24,Monday,8,129,94,35,127,95,32,-1.55,Sunny,73,No,None,Summer,Very High
FC0004754,SD010,Starbucks - Chula Vista Center,Chula Vista,mall,2024-06-24,Monday,11,132,98,34,138,99,39,4.55,Sunny,73,No,None,Summer,Very High
FC0004755,SD010,Starbucks - Chula Vista Center,Chula Vista,mall,2024-06-24,Monday,16,118,85,33,104,70,34,-11.86,Sunny,73,No,None,Summer,Very High
FC0004756,SD010,Starbucks - Chula Vista Center,Chula Vista,mall,2024-06-24,Monday,17,104,75,29,116,82,34,11.54,Sunny,73,No,None,Summer,Very High
FC0004757,SD010,Starbucks - Chula Vista Center,Chula Vista,mall,2024-06-24,Monday,18,64,47,17,52,40,12,-18.75,Sunny,73,No,None,Summer,Moderate
FC0004758,SD010,Starbucks - Chula Vista Center,Chula Vista,mall,2024-06-24,Monday,19,58,40,18,48,32,16,-17.24,Sunny,73,No,None,Summer,Moderate
FC0004759,SD010,Starbucks - Chula Vista Center,Chula Vista,mall,2024-06-24,Monday,20,42,31,11,43,29,14,2.38,Sunny,73,No,None,Summer,Moderate
FC0004760,SD010,Starbucks - Chula Vista Center,Chula Vista,mall,2024-06-24,Monday,21,18,12,6,17,12,5,-5.56,Sunny,73,No,None,Summer,Low
FC0004761,SD010,Starbucks - Chula Vista Center,Chula Vista,mall,2024-07-01,Monday,7,64,49,15,67,44,23,4.69,Light Rain,78,No,None,Summer,High
FC0004762,SD010,Starbucks - Chula Vista Center,Chula Vista,mall,2024-07-01,Monday,8,195,138,57,213,147,66,9.23,Light Rain,78,No,None,Summer,Very High
FC0004763,SD010,Starbucks - Chula Vista Center,Chula Vista,mall,2024-07-01,Monday,9,120,84,36,103,76,27,-14.17,Light Rain,78,No,None,Summer,Very High
FC0004764,SD010,Starbucks - Chula Vista Center,Chula Vista,mall,2024-07-01,Monday,11,71,54,17,70,54,16,-1.41,Light Rain,78,No,None,Summer,High
FC0004765,SD010,Starbucks - Chula Vista Center,Chula Vista,mall,2024-07-01,Monday,12,143,110,33,150,113,37,4.9,Light Rain,78,No,None,Summer,Very High
FC0004766,SD010,Starbucks - Chula Vista Center,Chula Vista,mall,2024-07-01,Monday,13,82,58,24,65,51,14,-20.73,Light Rain,78,No,None,Summer,High
FC0004767,SD010,Starbucks - Chula Vista Center,Chula Vista,mall,2024-07-01,Monday,14,63,43,20,73,50,23,15.87,Light Rain,78,No,None,Summer,High
FC0004768,SD010,Starbucks - Chula Vista Center,Chula Vista,mall,2024-07-01,Monday,16,98,67,31,104,72,32,6.12,Light Rain,78,No,None,Summer,Very High
FC0004769,SD010,Starbucks - Chula Vista Center,Chula Vista,mall,2024-07-01,Monday,19,34,26,8,35,23,12,2.94,Light Rain,78,No,None,Summer,Moderate
FC0004770,SD010,Starbucks - Chula Vista Center,Chula Vista,mall,2024-07-01,Monday,21,15,10,5,15,10,5,0.0,Light Rain,78,No,None,Summer,Low
FC0004771,SD010,Starbucks - Chula Vista Center,Chula Vista,mall,2024-07-08,Monday,6,37,28,9,32,23,9,-13.51,Sunny,82,No,None,Summer,Moderate
FC0004772,SD010,Starbucks - Chula Vista Center,Chula Vista,mall,2024-07-08,Monday,9,149,111,38,144,97,47,-3.36,Sunny,82,No,None,Summer,Very High
FC0004773,SD010,Starbucks - Chula Vista Center,Chula Vista,mall,2024-07-08,Monday,13,146,100,46,160,125,35,9.59,Sunny,82,No,None,Summer,Very High
FC0004774,SD010,Starbucks - Chula Vista Center,Chula Vista,mall,2024-07-08,Monday,14,93,66,27,89,60,29,-4.3,Sunny,82,No,None,Summer,High
FC0004775,SD010,Starbucks - Chula Vista Center,Chula Vista,mall,2024-07-08,Monday,15,76,55,21,70,50,20,-7.89,Sunny,82,No,None,Summer,High
FC0004776,SD010,Starbucks - Chula Vista Center,Chula Vista,mall,2024-07-08,Monday,16,122,94,28,126,95,31,3.28,Sunny,82,No,None,Summer,Very High
FC0004777,SD010,Starbucks - Chula Vista Center,Chula Vista,mall,2024-07-08,Monday,17,120,90,30,116,92,24,-3.33,Sunny,82,No,None,Summer,Very High
FC0004778,SD010,Starbucks - Chula Vista Center,Chula Vista,mall,2024-07-08,Monday,18,87,62,25,89,68,21,2.3,Sunny,82,No,None,Summer,High
FC0004779,SD010,Starbucks - Chula Vista Center,Chula Vista,mall,2024-07-08,Monday,19,52,40,12,60,47,13,15.38,Sunny,82,No,None,Summer,High
FC0004780,SD010,Starbucks - Chula Vista Center,Chula Vista,mall,2024-07-08,Monday,20,22,15,7,17,11,6,-22.73,Sunny,82,No,None,Summer,Low
FC0004781,SD010,Starbucks - Chula Vista Center,Chula Vista,mall,2024-07-15,Monday,6,29,22,7,27,21,6,-6.9,Partly Cloudy,81,No,None,Summer,Low
FC0004782,SD010,Starbucks - Chula Vista Center,Chula Vista,mall,2024-07-15,Monday,8,163,116,47,176,129,47,7.98,Partly Cloudy,81,No,None,Summer,Very High
FC0004783,SD010,Starbucks - Chula Vista Center,Chula Vista,mall,2024-07-15,Monday,11,91,63,28,92,63,29,1.1,Partly Cloudy,81,No,None,Summer,High
FC0004784,SD010,Starbucks - Chula Vista Center,Chula Vista,mall,2024-07-15,Monday,12,158,114,44,126,91,35,-20.25,Partly Cloudy,81,No,None,Summer,Very High
FC0004785,SD010,Starbucks - Chula Vista Center,Chula Vista,mall,2024-07-15,Monday,13,86,61,25,98,71,27,13.95,Partly Cloudy,81,No,None,Summer,High
FC0004786,SD010,Starbucks - Chula Vista Center,Chula Vista,mall,2024-07-15,Monday,14,135,104,31,140,94,46,3.7,Partly Cloudy,81,No,None,Summer,Very High
FC0004787,SD010,Starbucks - Chula Vista Center,Chula Vista,mall,2024-07-15,Monday,15,121,82,39,118,78,40,-2.48,Partly Cloudy,81,No,None,Summer,Very High
FC0004788,SD010,Starbucks - Chula Vista Center,Chula Vista,mall,2024-07-15,Monday,16,126,95,31,137,108,29,8.73,Partly Cloudy,81,No,None,Summer,Very High
FC0004789,SD010,Starbucks - Chula Vista Center,Chula Vista,mall,2024-07-15,Monday,17,88,64,24,92,72,20,4.55,Partly Cloudy,81,No,None,Summer,High
FC0004790,SD010,Starbucks - Chula Vista Center,Chula Vista,mall,2024-07-15,Monday,20,35,24,11,35,26,9,0.0,Partly Cloudy,81,No,None,Summer,Moderate
FC0004791,SD010,Starbucks - Chula Vista Center,Chula Vista,mall,2024-07-22,Monday,6,21,16,5,23,17,6,9.52,Sunny,73,No,None,Summer,Low
FC0004792,SD010,Starbucks - Chula Vista Center,Chula Vista,mall,2024-07-22,Monday,7,115,83,32,114,89,25,-0.87,Sunny,73,No,None,Summer,Very High
FC0004793,SD010,Starbucks - Chula Vista Center,Chula Vista,mall,2024-07-22,Monday,8,159,109,50,166,129,37,4.4,Sunny,73,No,None,Summer,Very High
FC0004794,SD010,Starbucks - Chula Vista Center,Chula Vista,mall,2024-07-22,Monday,10,79,56,23,72,48,24,-8.86,Sunny,73,No,None,Summer,High
FC0004795,SD010,Starbucks - Chula Vista Center,Chula Vista,mall,2024-07-22,Monday,11,89,64,25,91,70,21,2.25,Sunny,73,No,None,Summer,High
FC0004796,SD010,Starbucks - Chula Vista Center,Chula Vista,mall,2024-07-22,Monday,14,134,94,40,126,93,33,-5.97,Sunny,73,No,None,Summer,Very High
FC0004797,SD010,Starbucks - Chula Vista Center,Chula Vista,mall,2024-07-22,Monday,15,102,72,30,80,59,21,-21.57,Sunny,73,No,None,Summer,High
FC0004798,SD010,Starbucks - Chula Vista Center,Chula Vista,mall,2024-07-22,Monday,17,113,83,30,129,95,34,14.16,Sunny,73,No,None,Summer,Very High
FC0004799,SD010,Starbucks - Chula Vista Center,Chula Vista,mall,2024-07-22,Monday,20,40,27,13,42,31,11,5.0,Sunny,73,No,None,Summer,Moderate
FC0004800,SD010,Starbucks - Chula Vista Center,Chula Vista,mall,2024-07-22,Monday,21,13,9,4,13,8,5,0.0,Sunny,73,No,None,Summer,Low
FC0004801,SD010,Starbucks - Chula Vista Center,Chula Vista,mall,2024-07-29,Monday,6,23,17,6,20,14,6,-13.04,Sunny,76,No,None,Summer,Low
FC0004802,SD010,Starbucks - Chula Vista Center,Chula Vista,mall,2024-07-29,Monday,7,66,47,19,55,41,14,-16.67,Sunny,76,No,None,Summer,Moderate
FC0004803,SD010,Starbucks - Chula Vista Center,Chula Vista,mall,2024-07-29,Monday,8,142,102,40,143,107,36,0.7,Sunny,76,No,None,Summer,Very High
FC0004804,SD010,Starbucks - Chula Vista Center,Chula Vista,mall,2024-07-29,Monday,9,121,87,34,122,93,29,0.83,Sunny,76,No,None,Summer,Very High
FC0004805,SD010,Starbucks - Chula Vista Center,Chula Vista,mall,2024-07-29,Monday,11,77,52,25,72,49,23,-6.49,Sunny,76,No,None,Summer,High
FC0004806,SD010,Starbucks - Chula Vista Center,Chula Vista,mall,2024-07-29,Monday,13,77,54,23,82,57,25,6.49,Sunny,76,No,None,Summer,High
FC0004807,SD010,Starbucks - Chula Vista Center,Chula Vista,mall,2024-07-29,Monday,16,112,83,29,111,77,34,-0.89,Sunny,76,No,None,Summer,Very High
FC0004808,SD010,Starbucks - Chula Vista Center,Chula Vista,mall,2024-07-29,Monday,18,97,69,28,101,71,30,4.12,Sunny,76,No,None,Summer,Very High
FC0004809,SD010,Starbucks - Chula Vista Center,Chula Vista,mall,2024-07-29,Monday,19,59,40,19,58,45,13,-1.69,Sunny,76,No,None,Summer,Moderate
FC0004810,SD010,Starbucks - Chula Vista Center,Chula Vista,mall,2024-07-29,Monday,21,13,9,4,13,9,4,0.0,Sunny,76,No,None,Summer,Low
FC0004811,SD010,Starbucks - Chula Vista Center,Chula Vista,mall,2024-08-05,Monday,6,20,14,6,20,14,6,0.0,Light Rain,78,No,None,Summer,Low
FC0004812,SD010,Starbucks - Chula Vista Center,Chula Vista,mall,2024-08-05,Monday,10,110,78,32,110,79,31,0.0,Light Rain,78,No,None,Summer,Very High
FC0004813,SD010,Starbucks - Chula Vista Center,Chula Vista,mall,2024-08-05,Monday,11,133,95,38,130,103,27,-2.26,Light Rain,78,No,None,Summer,Very High
FC0004814,SD010,Starbucks - Chula Vista Center,Chula Vista,mall,2024-08-05,Monday,12,145,107,38,146,114,32,0.69,Light Rain,78,No,None,Summer,Very High
FC0004815,SD010,Starbucks - Chula Vista Center,Chula Vista,mall,2024-08-05,Monday,13,70,47,23,72,56,16,2.86,Light Rain,78,No,None,Summer,High
FC0004816,SD010,Starbucks - Chula Vista Center,Chula Vista,mall,2024-08-05,Monday,15,88,62,26,74,52,22,-15.91,Light Rain,78,No,None,Summer,High
FC0004817,SD010,Starbucks - Chula Vista Center,Chula Vista,mall,2024-08-05,Monday,16,116,87,29,105,83,22,-9.48,Light Rain,78,No,None,Summer,Very High
FC0004818,SD010,Starbucks - Chula Vista Center,Chula Vista,mall,2024-08-05,Monday,18,47,33,14,49,36,13,4.26,Light Rain,78,No,None,Summer,Moderate
FC0004819,SD010,Starbucks - Chula Vista Center,Chula Vista,mall,2024-08-05,Monday,19,46,31,15,41,27,14,-10.87,Light Rain,78,No,None,Summer,Moderate
FC0004820,SD010,Starbucks - Chula Vista Center,Chula Vista,mall,2024-08-05,Monday,21,20,15,5,18,12,6,-10.0,Light Rain,78,No,None,Summer,Low
FC0004821,SD010,Starbucks - Chula Vista Center,Chula Vista,mall,2024-08-12,Monday,6,23,17,6,22,16,6,-4.35,Marine Layer,82,No,None,Summer,Low
FC0004822,SD010,Starbucks - Chula Vista Center,Chula Vista,mall,2024-08-12,Monday,7,97,70,27,100,70,30,3.09,Marine Layer,82,No,None,Summer,Very High
FC0004823,SD010,Starbucks - Chula Vista Center,Chula Vista,mall,2024-08-12,Monday,8,148,113,35,122,96,26,-17.57,Marine Layer,82,No,None,Summer,Very High
FC0004824,SD010,Starbucks - Chula Vista Center,Chula Vista,mall,2024-08-12,Monday,9,183,138,45,187,144,43,2.19,Marine Layer,82,No,None,Summer,Very High
FC0004825,SD010,Starbucks - Chula Vista Center,Chula Vista,mall,2024-08-12,Monday,11,88,67,21,88,68,20,0.0,Marine Layer,82,No,None,Summer,High
FC0004826,SD010,Starbucks - Chula Vista Center,Chula Vista,mall,2024-08-12,Monday,14,84,64,20,81,61,20,-3.57,Marine Layer,82,No,None,Summer,High
FC0004827,SD010,Starbucks - Chula Vista Center,Chula Vista,mall,2024-08-12,Monday,15,110,82,28,106,71,35,-3.64,Marine Layer,82,No,None,Summer,Very High
FC0004828,SD010,Starbucks - Chula Vista Center,Chula Vista,mall,2024-08-12,Monday,17,120,90,30,127,95,32,5.83,Marine Layer,82,No,None,Summer,Very High
FC0004829,SD010,Starbucks - Chula Vista Center,Chula Vista,mall,2024-08-12,Monday,19,31,22,9,34,25,9,9.68,Marine Layer,82,No,None,Summer,Moderate
FC0004830,SD010,Starbucks - Chula Vista Center,Chula Vista,mall,2024-08-12,Monday,21,19,13,6,21,15,6,10.53,Marine Layer,82,No,None,Summer,Low
FC0004831,SD010,Starbucks - Chula Vista Center,Chula Vista,mall,2024-08-19,Monday,7,87,67,20,87,69,18,0.0,Sunny,79,No,None,Summer,High
FC0004832,SD010,Starbucks - Chula Vista Center,Chula Vista,mall,2024-08-19,Monday,9,143,106,37,143,102,41,0.0,Sunny,79,No,None,Summer,Very High
FC0004833,SD010,Starbucks - Chula Vista Center,Chula Vista,mall,2024-08-19,Monday,10,92,70,22,101,75,26,9.78,Sunny,79,No,None,Summer,Very High
FC0004834,SD010,Starbucks - Chula Vista Center,Chula Vista,mall,2024-08-19,Monday,11,66,49,17,70,55,15,6.06,Sunny,79,No,None,Summer,High
FC0004835,SD010,Starbucks - Chula Vista Center,Chula Vista,mall,2024-08-19,Monday,12,119,88,31,122,84,38,2.52,Sunny,79,No,None,Summer,Very High
FC0004836,SD010,Starbucks - Chula Vista Center,Chula Vista,mall,2024-08-19,Monday,14,79,58,21,86,58,28,8.86,Sunny,79,No,None,Summer,High
FC0004837,SD010,Starbucks - Chula Vista Center,Chula Vista,mall,2024-08-19,Monday,16,68,50,18,69,48,21,1.47,Sunny,79,No,None,Summer,High
FC0004838,SD010,Starbucks - Chula Vista Center,Chula Vista,mall,2024-08-19,Monday,18,53,38,15,48,32,16,-9.43,Sunny,79,No,None,Summer,Moderate
FC0004839,SD010,Starbucks - Chula Vista Center,Chula Vista,mall,2024-08-19,Monday,19,65,44,21,59,44,15,-9.23,Sunny,79,No,None,Summer,Moderate
FC0004840,SD010,Starbucks - Chula Vista Center,Chula Vista,mall,2024-08-19,Monday,21,15,10,5,16,11,5,6.67,Sunny,79,No,None,Summer,Low
FC0004841,SD010,Starbucks - Chula Vista Center,Chula Vista,mall,2024-08-26,Monday,6,49,37,12,52,34,18,6.12,Partly Cloudy,79,Yes,SDSU Graduation,Summer,Moderate
FC0004842,SD010,Starbucks - Chula Vista Center,Chula Vista,mall,2024-08-26,Monday,8,256,182,74,255,175,80,-0.39,Partly Cloudy,79,Yes,SDSU Graduation,Summer,Very High
FC0004843,SD010,Starbucks - Chula Vista Center,Chula Vista,mall,2024-08-26,Monday,10,174,119,55,170,125,45,-2.3,Partly Cloudy,79,Yes,SDSU Graduation,Summer,Very High
FC0004844,SD010,Starbucks - Chula Vista Center,Chula Vista,mall,2024-08-26,Monday,12,159,123,36,144,102,42,-9.43,Partly Cloudy,79,Yes,SDSU Graduation,Summer,Very High
FC0004845,SD010,Starbucks - Chula Vista Center,Chula Vista,mall,2024-08-26,Monday,14,154,111,43,161,122,39,4.55,Partly Cloudy,79,Yes,SDSU Graduation,Summer,Very High
FC0004846,SD010,Starbucks - Chula Vista Center,Chula Vista,mall,2024-08-26,Monday,15,144,109,35,135,107,28,-6.25,Partly Cloudy,79,Yes,SDSU Graduation,Summer,Very High
FC0004847,SD010,Starbucks - Chula Vista Center,Chula Vista,mall,2024-08-26,Monday,16,153,106,47,142,106,36,-7.19,Partly Cloudy,79,Yes,SDSU Graduation,Summer,Very High
FC0004848,SD010,Starbucks - Chula Vista Center,Chula Vista,mall,2024-08-26,Monday,17,91,68,23,96,73,23,5.49,Partly Cloudy,79,Yes,SDSU Graduation,Summer,High
FC0004849,SD010,Starbucks - Chula Vista Center,Chula Vista,mall,2024-08-26,Monday,18,123,87,36,125,83,42,1.63,Partly Cloudy,79,Yes,SDSU Graduation,Summer,Very High
FC0004850,SD010,Starbucks - Chula Vista Center,Chula Vista,mall,2024-08-26,Monday,21,31,23,8,34,23,11,9.68,Partly Cloudy,79,Yes,SDSU Graduation,Summer,Moderate
FC0004851,SD010,Starbucks - Chula Vista Center,Chula Vista,mall,2024-09-02,Monday,7,122,92,30,128,95,33,4.92,Overcast,74,No,None,Fall,Very High
FC0004852,SD010,Starbucks - Chula Vista Center,Chula Vista,mall,2024-09-02,Monday,9,156,114,42,161,111,50,3.21,Overcast,74,No,None,Fall,Very High
FC0004853,SD010,Starbucks - Chula Vista Center,Chula Vista,mall,2024-09-02,Monday,10,128,87,41,132,94,38,3.12,Overcast,74,No,None,Fall,Very High
FC0004854,SD010,Starbucks - Chula Vista Center,Chula Vista,mall,2024-09-02,Monday,12,127,86,41,118,78,40,-7.09,Overcast,74,No,None,Fall,Very High
FC0004855,SD010,Starbucks - Chula Vista Center,Chula Vista,mall,2024-09-02,Monday,13,76,52,24,83,66,17,9.21,Overcast,74,No,None,Fall,High
FC0004856,SD010,Starbucks - Chula Vista Center,Chula Vista,mall,2024-09-02,Monday,14,65,47,18,68,53,15,4.62,Overcast,74,No,None,Fall,High
FC0004857,SD010,Starbucks - Chula Vista Center,Chula Vista,mall,2024-09-02,Monday,15,84,60,24,82,59,23,-2.38,Overcast,74,No,None,Fall,High
FC0004858,SD010,Starbucks - Chula Vista Center,Chula Vista,mall,2024-09-02,Monday,16,97,72,25,85,67,18,-12.37,Overcast,74,No,None,Fall,High
FC0004859,SD010,Starbucks - Chula Vista Center,Chula Vista,mall,2024-09-02,Monday,18,69,49,20,75,50,25,8.7,Overcast,74,No,None,Fall,High
FC0004860,SD010,Starbucks - Chula Vista Center,Chula Vista,mall,2024-09-02,Monday,19,40,28,12,39,28,11,-2.5,Overcast,74,No,None,Fall,Moderate
FC0004861,SD010,Starbucks - Chula Vista Center,Chula Vista,mall,2024-09-09,Monday,6,28,21,7,27,18,9,-3.57,Marine Layer,76,No,None,Fall,Low
FC0004862,SD010,Starbucks - Chula Vista Center,Chula Vista,mall,2024-09-09,Monday,7,71,54,17,59,44,15,-16.9,Marine Layer,76,No,None,Fall,Moderate
FC0004863,SD010,Starbucks - Chula Vista Center,Chula Vista,mall,2024-09-09,Monday,8,165,122,43,149,109,40,-9.7,Marine Layer,76,No,None,Fall,Very High
FC0004864,SD010,Starbucks - Chula Vista Center,Chula Vista,mall,2024-09-09,Monday,10,112,84,28,99,76,23,-11.61,Marine Layer,76,No,None,Fall,High
FC0004865,SD010,Starbucks - Chula Vista Center,Chula Vista,mall,2024-09-09,Monday,13,84,60,24,85,64,21,1.19,Marine Layer,76,No,None,Fall,High
FC0004866,SD010,Starbucks - Chula Vista Center,Chula Vista,mall,2024-09-09,Monday,14,127,90,37,134,99,35,5.51,Marine Layer,76,No,None,Fall,Very High
FC0004867,SD010,Starbucks - Chula Vista Center,Chula Vista,mall,2024-09-09,Monday,16,94,71,23,96,67,29,2.13,Marine Layer,76,No,None,Fall,High
FC0004868,SD010,Starbucks - Chula Vista Center,Chula Vista,mall,2024-09-09,Monday,18,67,50,17,58,41,17,-13.43,Marine Layer,76,No,None,Fall,Moderate
FC0004869,SD010,Starbucks - Chula Vista Center,Chula Vista,mall,2024-09-09,Monday,19,58,44,14,48,35,13,-17.24,Marine Layer,76,No,None,Fall,Moderate
FC0004870,SD010,Starbucks - Chula Vista Center,Chula Vista,mall,2024-09-09,Monday,20,26,18,8,26,19,7,0.0,Marine Layer,76,No,None,Fall,Low
FC0004871,SD010,Starbucks - Chula Vista Center,Chula Vista,mall,2024-09-16,Monday,7,85,65,20,95,66,29,11.76,Sunny,78,No,None,Fall,High
FC0004872,SD010,Starbucks - Chula Vista Center,Chula Vista,mall,2024-09-16,Monday,8,168,117,51,186,132,54,10.71,Sunny,78,No,None,Fall,Very High
FC0004873,SD010,Starbucks - Chula Vista Center,Chula Vista,mall,2024-09-16,Monday,10,135,97,38,142,98,44,5.19,Sunny,78,No,None,Fall,Very High
FC0004874,SD010,Starbucks - Chula Vista Center,Chula Vista,mall,2024-09-16,Monday,12,118,89,29,127,91,36,7.63,Sunny,78,No,None,Fall,Very High
FC0004875,SD010,Starbucks - Chula Vista Center,Chula Vista,mall,2024-09-16,Monday,13,151,104,47,152,105,47,0.66,Sunny,78,No,None,Fall,Very High
FC0004876,SD010,Starbucks - Chula Vista Center,Chula Vista,mall,2024-09-16,Monday,15,113,85,28,106,78,28,-6.19,Sunny,78,No,None,Fall,Very High
FC0004877,SD010,Starbucks - Chula Vista Center,Chula Vista,mall,2024-09-16,Monday,16,131,101,30,145,114,31,10.69,Sunny,78,No,None,Fall,Very High
FC0004878,SD010,Starbucks - Chula Vista Center,Chula Vista,mall,2024-09-16,Monday,18,72,51,21,65,46,19,-9.72,Sunny,78,No,None,Fall,High
FC0004879,SD010,Starbucks - Chula Vista Center,Chula Vista,mall,2024-09-16,Monday,19,56,40,16,60,40,20,7.14,Sunny,78,No,None,Fall,High
FC0004880,SD010,Starbucks - Chula Vista Center,Chula Vista,mall,2024-09-16,Monday,21,18,13,5,17,12,5,-5.56,Sunny,78,No,None,Fall,Low
FC0004881,SD010,Starbucks - Chula Vista Center,Chula Vista,mall,2024-09-23,Monday,6,48,36,12,44,32,12,-8.33,Sunny,80,Yes,SDSU Graduation,Fall,Moderate
FC0004882,SD010,Starbucks - Chula Vista Center,Chula Vista,mall,2024-09-23,Monday,7,148,113,35,144,107,37,-2.7,Sunny,80,Yes,SDSU Graduation,Fall,Very High
FC0004883,SD010,Starbucks - Chula Vista Center,Chula Vista,mall,2024-09-23,Monday,10,115,78,37,116,78,38,0.87,Sunny,80,Yes,SDSU Graduation,Fall,Very High
FC0004884,SD010,Starbucks - Chula Vista Center,Chula Vista,mall,2024-09-23,Monday,12,115,80,35,119,89,30,3.48,Sunny,80,Yes,SDSU Graduation,Fall,Very High
FC0004885,SD010,Starbucks - Chula Vista Center,Chula Vista,mall,2024-09-23,Monday,14,175,133,42,164,124,40,-6.29,Sunny,80,Yes,SDSU Graduation,Fall,Very High
FC0004886,SD010,Starbucks - Chula Vista Center,Chula Vista,mall,2024-09-23,Monday,15,132,102,30,133,91,42,0.76,Sunny,80,Yes,SDSU Graduation,Fall,Very High
FC0004887,SD010,Starbucks - Chula Vista Center,Chula Vista,mall,2024-09-23,Monday,16,131,97,34,145,105,40,10.69,Sunny,80,Yes,SDSU Graduation,Fall,Very High
FC0004888,SD010,Starbucks - Chula Vista Center,Chula Vista,mall,2024-09-23,Monday,17,78,59,19,77,52,25,-1.28,Sunny,80,Yes,SDSU Graduation,Fall,High
FC0004889,SD010,Starbucks - Chula Vista Center,Chula Vista,mall,2024-09-23,Monday,18,61,41,20,59,39,20,-3.28,Sunny,80,Yes,SDSU Graduation,Fall,Moderate
FC0004890,SD010,Starbucks - Chula Vista Center,Chula Vista,mall,2024-09-23,Monday,19,53,37,16,48,37,11,-9.43,Sunny,80,Yes,SDSU Graduation,Fall,Moderate
FC0004891,SD010,Starbucks - Chula Vista Center,Chula Vista,mall,2024-09-30,Monday,7,130,88,42,131,102,29,0.77,Light Rain,82,No,None,Fall,Very High
FC0004892,SD010,Starbucks - Chula Vista Center,Chula Vista,mall,2024-09-30,Monday,8,195,132,63,171,119,52,-12.31,Light Rain,82,No,None,Fall,Very High
FC0004893,SD010,Starbucks - Chula Vista Center,Chula Vista,mall,2024-09-30,Monday,9,150,102,48,157,113,44,4.67,Light Rain,82,No,None,Fall,Very High
FC0004894,SD010,Starbucks - Chula Vista Center,Chula Vista,mall,2024-09-30,Monday,11,84,62,22,83,59,24,-1.19,Light Rain,82,No,None,Fall,High
FC0004895,SD010,Starbucks - Chula Vista Center,Chula Vista,mall,2024-09-30,Monday,12,131,95,36,153,115,38,16.79,Light Rain,82,No,None,Fall,Very High
FC0004896,SD010,Starbucks - Chula Vista Center,Chula Vista,mall,2024-09-30,Monday,13,82,62,20,84,58,26,2.44,Light Rain,82,No,None,Fall,High
FC0004897,SD010,Starbucks - Chula Vista Center,Chula Vista,mall,2024-09-30,Monday,14,70,54,16,79,55,24,12.86,Light Rain,82,No,None,Fall,High
FC0004898,SD010,Starbucks - Chula Vista Center,Chula Vista,mall,2024-09-30,Monday,16,67,47,20,72,54,18,7.46,Light Rain,82,No,None,Fall,High
FC0004899,SD010,Starbucks - Chula Vista Center,Chula Vista,mall,2024-09-30,Monday,18,77,59,18,78,55,23,1.3,Light Rain,82,No,None,Fall,High
FC0004900,SD010,Starbucks - Chula Vista Center,Chula Vista,mall,2024-09-30,Monday,19,46,34,12,39,27,12,-15.22,Light Rain,82,No,None,Fall,Moderate
FC0004901,SD010,Starbucks - Chula Vista Center,Chula Vista,mall,2024-10-07,Monday,7,170,119,51,169,114,55,-0.59,Partly Cloudy,75,Yes,SDSU Graduation,Fall,Very High
FC0004902,SD010,Starbucks - Chula Vista Center,Chula Vista,mall,2024-10-07,Monday,8,195,143,52,196,146,50,0.51,Partly Cloudy,75,Yes,SDSU Graduation,Fall,Very High
FC0004903,SD010,Starbucks - Chula Vista Center,Chula Vista,mall,2024-10-07,Monday,9,126,94,32,154,120,34,22.22,Partly Cloudy,75,Yes,SDSU Graduation,Fall,Very High
FC0004904,SD010,Starbucks - Chula Vista Center,Chula Vista,mall,2024-10-07,Monday,11,171,117,54,151,107,44,-11.7,Partly Cloudy,75,Yes,SDSU Graduation,Fall,Very High
FC0004905,SD010,Starbucks - Chula Vista Center,Chula Vista,mall,2024-10-07,Monday,12,184,128,56,195,130,65,5.98,Partly Cloudy,75,Yes,SDSU Graduation,Fall,Very High
FC0004906,SD010,Starbucks - Chula Vista Center,Chula Vista,mall,2024-10-07,Monday,13,183,124,59,177,122,55,-3.28,Partly Cloudy,75,Yes,SDSU Graduation,Fall,Very High
FC0004907,SD010,Starbucks - Chula Vista Center,Chula Vista,mall,2024-10-07,Monday,14,131,94,37,111,87,24,-15.27,Partly Cloudy,75,Yes,SDSU Graduation,Fall,Very High
FC0004908,SD010,Starbucks - Chula Vista Center,Chula Vista,mall,2024-10-07,Monday,17,107,81,26,108,81,27,0.93,Partly Cloudy,75,Yes,SDSU Graduation,Fall,Very High
FC0004909,SD010,Starbucks - Chula Vista Center,Chula Vista,mall,2024-10-07,Monday,18,85,65,20,98,72,26,15.29,Partly Cloudy,75,Yes,SDSU Graduation,Fall,High
FC0004910,SD010,Starbucks - Chula Vista Center,Chula Vista,mall,2024-10-07,Monday,20,54,37,17,50,38,12,-7.41,Partly Cloudy,75,Yes,SDSU Graduation,Fall,Moderate
FC0004911,SD010,Starbucks - Chula Vista Center,Chula Vista,mall,2024-10-14,Monday,8,156,118,38,131,93,38,-16.03,Partly Cloudy,74,No,None,Fall,Very High
FC0004912,SD010,Starbucks - Chula Vista Center,Chula Vista,mall,2024-10-14,Monday,9,132,98,34,124,92,32,-6.06,Partly Cloudy,74,No,None,Fall,Very High
FC0004913,SD010,Starbucks - Chula Vista Center,Chula Vista,mall,2024-10-14,Monday,11,127,88,39,129,102,27,1.57,Partly Cloudy,74,No,None,Fall,Very High
FC0004914,SD010,Starbucks - Chula Vista Center,Chula Vista,mall,2024-10-14,Monday,12,138,95,43,151,110,41,9.42,Partly Cloudy,74,No,None,Fall,Very High
FC0004915,SD010,Starbucks - Chula Vista Center,Chula Vista,mall,2024-10-14,Monday,14,96,67,29,99,68,31,3.12,Partly Cloudy,74,No,None,Fall,High
FC0004916,SD010,Starbucks - Chula Vista Center,Chula Vista,mall,2024-10-14,Monday,17,64,43,21,59,42,17,-7.81,Partly Cloudy,74,No,None,Fall,Moderate
FC0004917,SD010,Starbucks - Chula Vista Center,Chula Vista,mall,2024-10-14,Monday,18,74,51,23,77,54,23,4.05,Partly Cloudy,74,No,None,Fall,High
FC0004918,SD010,Starbucks - Chula Vista Center,Chula Vista,mall,2024-10-14,Monday,19,63,44,19,64,42,22,1.59,Partly Cloudy,74,No,None,Fall,High
FC0004919,SD010,Starbucks - Chula Vista Center,Chula Vista,mall,2024-10-14,Monday,20,32,21,11,36,24,12,12.5,Partly Cloudy,74,No,None,Fall,Moderate
FC0004920,SD010,Starbucks - Chula Vista Center,Chula Vista,mall,2024-10-14,Monday,21,17,12,5,15,11,4,-11.76,Partly Cloudy,74,No,None,Fall,Low
FC0004921,SD010,Starbucks - Chula Vista Center,Chula Vista,mall,2024-10-21,Monday,7,120,89,31,114,84,30,-5.0,Overcast,78,No,None,Fall,Very High
FC0004922,SD010,Starbucks - Chula Vista Center,Chula Vista,mall,2024-10-21,Monday,8,120,87,33,106,82,24,-11.67,Overcast,78,No,None,Fall,Very High
FC0004923,SD010,Starbucks - Chula Vista Center,Chula Vista,mall,2024-10-21,Monday,9,129,98,31,149,119,30,15.5,Overcast,78,No,None,Fall,Very High
FC0004924,SD010,Starbucks - Chula Vista Center,Chula Vista,mall,2024-10-21,Monday,10,84,63,21,79,55,24,-5.95,Overcast,78,No,None,Fall,High
FC0004925,SD010,Starbucks - Chula Vista Center,Chula Vista,mall,2024-10-21,Monday,11,77,56,21,67,46,21,-12.99,Overcast,78,No,None,Fall,High
FC0004926,SD010,Starbucks - Chula Vista Center,Chula Vista,mall,2024-10-21,Monday,14,121,87,34,110,73,37,-9.09,Overcast,78,No,None,Fall,Very High
FC0004927,SD010,Starbucks - Chula Vista Center,Chula Vista,mall,2024-10-21,Monday,15,93,68,25,83,60,23,-10.75,Overcast,78,No,None,Fall,High
FC0004928,SD010,Starbucks - Chula Vista Center,Chula Vista,mall,2024-10-21,Monday,16,81,59,22,79,56,23,-2.47,Overcast,78,No,None,Fall,High
FC0004929,SD010,Starbucks - Chula Vista Center,Chula Vista,mall,2024-10-21,Monday,18,76,54,22,86,64,22,13.16,Overcast,78,No,None,Fall,High
FC0004930,SD010,Starbucks - Chula Vista Center,Chula Vista,mall,2024-10-21,Monday,20,39,29,10,38,25,13,-2.56,Overcast,78,No,None,Fall,Moderate
FC0004931,SD010,Starbucks - Chula Vista Center,Chula Vista,mall,2024-10-28,Monday,6,25,17,8,24,16,8,-4.0,Sunny,70,No,None,Fall,Low
FC0004932,SD010,Starbucks - Chula Vista Center,Chula Vista,mall,2024-10-28,Monday,7,83,57,26,79,59,20,-4.82,Sunny,70,No,None,Fall,High
FC0004933,SD010,Starbucks - Chula Vista Center,Chula Vista,mall,2024-10-28,Monday,8,219,155,64,224,154,70,2.28,Sunny,70,No,None,Fall,Very High
FC0004934,SD010,Starbucks - Chula Vista Center,Chula Vista,mall,2024-10-28,Monday,11,137,105,32,121,95,26,-11.68,Sunny,70,No,None,Fall,Very High
FC0004935,SD010,Starbucks - Chula Vista Center,Chula Vista,mall,2024-10-28,Monday,14,88,60,28,96,69,27,9.09,Sunny,70,No,None,Fall,High
FC0004936,SD010,Starbucks - Chula Vista Center,Chula Vista,mall,2024-10-28,Monday,15,115,81,34,122,81,41,6.09,Sunny,70,No,None,Fall,Very High
FC0004937,SD010,Starbucks - Chula Vista Center,Chula Vista,mall,2024-10-28,Monday,16,95,65,30,109,82,27,14.74,Sunny,70,No,None,Fall,Very High
FC0004938,SD010,Starbucks - Chula Vista Center,Chula Vista,mall,2024-10-28,Monday,17,94,70,24,78,57,21,-17.02,Sunny,70,No,None,Fall,High
FC0004939,SD010,Starbucks - Chula Vista Center,Chula Vista,mall,2024-10-28,Monday,18,50,34,16,45,32,13,-10.0,Sunny,70,No,None,Fall,Moderate
FC0004940,SD010,Starbucks - Chula Vista Center,Chula Vista,mall,2024-10-28,Monday,21,16,11,5,15,11,4,-6.25,Sunny,70,No,None,Fall,Low
FC0004941,SD010,Starbucks - Chula Vista Center,Chula Vista,mall,2024-11-04,Monday,6,32,23,9,32,22,10,0.0,Overcast,63,No,None,Fall,Moderate
FC0004942,SD010,Starbucks - Chula Vista Center,Chula Vista,mall,2024-11-04,Monday,7,78,57,21,75,50,25,-3.85,Overcast,63,No,None,Fall,High
FC0004943,SD010,Starbucks - Chula Vista Center,Chula Vista,mall,2024-11-04,Monday,9,119,91,28,102,72,30,-14.29,Overcast,63,No,None,Fall,Very High
FC0004944,SD010,Starbucks - Chula Vista Center,Chula Vista,mall,2024-11-04,Monday,10,71,48,23,75,53,22,5.63,Overcast,63,No,None,Fall,High
FC0004945,SD010,Starbucks - Chula Vista Center,Chula Vista,mall,2024-11-04,Monday,12,93,69,24,90,62,28,-3.23,Overcast,63,No,None,Fall,High
FC0004946,SD010,Starbucks - Chula Vista Center,Chula Vista,mall,2024-11-04,Monday,14,62,46,16,56,38,18,-9.68,Overcast,63,No,None,Fall,Moderate
FC0004947,SD010,Starbucks - Chula Vista Center,Chula Vista,mall,2024-11-04,Monday,17,67,46,21,67,47,20,0.0,Overcast,63,No,None,Fall,High
FC0004948,SD010,Starbucks - Chula Vista Center,Chula Vista,mall,2024-11-04,Monday,19,49,35,14,50,37,13,2.04,Overcast,63,No,None,Fall,Moderate
FC0004949,SD010,Starbucks - Chula Vista Center,Chula Vista,mall,2024-11-04,Monday,20,22,15,7,21,15,6,-4.55,Overcast,63,No,None,Fall,Low
FC0004950,SD010,Starbucks - Chula Vista Center,Chula Vista,mall,2024-11-04,Monday,21,13,9,4,13,10,3,0.0,Overcast,63,No,None,Fall,Low
FC0004951,SD010,Starbucks - Chula Vista Center,Chula Vista,mall,2024-11-11,Monday,7,77,55,22,80,62,18,3.9,Sunny,68,No,None,Fall,High
FC0004952,SD010,Starbucks - Chula Vista Center,Chula Vista,mall,2024-11-11,Monday,10,116,84,32,112,82,30,-3.45,Sunny,68,No,None,Fall,Very High
FC0004953,SD010,Starbucks - Chula Vista Center,Chula Vista,mall,2024-11-11,Monday,11,79,56,23,72,50,22,-8.86,Sunny,68,No,None,Fall,High
FC0004954,SD010,Starbucks - Chula Vista Center,Chula Vista,mall,2024-11-11,Monday,13,145,109,36,159,109,50,9.66,Sunny,68,No,None,Fall,Very High
FC0004955,SD010,Starbucks - Chula Vista Center,Chula Vista,mall,2024-11-11,Monday,14,115,83,32,115,83,32,0.0,Sunny,68,No,None,Fall,Very High
FC0004956,SD010,Starbucks - Chula Vista Center,Chula Vista,mall,2024-11-11,Monday,16,122,83,39,127,90,37,4.1,Sunny,68,No,None,Fall,Very High
FC0004957,SD010,Starbucks - Chula Vista Center,Chula Vista,mall,2024-11-11,Monday,17,112,78,34,113,86,27,0.89,Sunny,68,No,None,Fall,Very High
FC0004958,SD010,Starbucks - Chula Vista Center,Chula Vista,mall,2024-11-11,Monday,19,36,25,11,31,24,7,-13.89,Sunny,68,No,None,Fall,Moderate
FC0004959,SD010,Starbucks - Chula Vista Center,Chula Vista,mall,2024-11-11,Monday,20,42,29,13,44,30,14,4.76,Sunny,68,No,None,Fall,Moderate
FC0004960,SD010,Starbucks - Chula Vista Center,Chula Vista,mall,2024-11-11,Monday,21,18,12,6,17,11,6,-5.56,Sunny,68,No,None,Fall,Low
FC0004961,SD010,Starbucks - Chula Vista Center,Chula Vista,mall,2024-11-18,Monday,6,21,16,5,19,13,6,-9.52,Sunny,64,No,None,Fall,Low
FC0004962,SD010,Starbucks - Chula Vista Center,Chula Vista,mall,2024-11-18,Monday,7,70,51,19,70,49,21,0.0,Sunny,64,No,None,Fall,High
FC0004963,SD010,Starbucks - Chula Vista Center,Chula Vista,mall,2024-11-18,Monday,8,156,107,49,158,106,52,1.28,Sunny,64,No,None,Fall,Very High
FC0004964,SD010,Starbucks - Chula Vista Center,Chula Vista,mall,2024-11-18,Monday,9,169,123,46,188,149,39,11.24,Sunny,64,No,None,Fall,Very High
FC0004965,SD010,Starbucks - Chula Vista Center,Chula Vista,mall,2024-11-18,Monday,12,118,81,37,116,83,33,-1.69,Sunny,64,No,None,Fall,Very High
FC0004966,SD010,Starbucks - Chula Vista Center,Chula Vista,mall,2024-11-18,Monday,15,106,81,25,118,79,39,11.32,Sunny,64,No,None,Fall,Very High
FC0004967,SD010,Starbucks - Chula Vista Center,Chula Vista,mall,2024-11-18,Monday,16,67,50,17,65,49,16,-2.99,Sunny,64,No,None,Fall,High
FC0004968,SD010,Starbucks - Chula Vista Center,Chula Vista,mall,2024-11-18,Monday,17,59,42,17,55,41,14,-6.78,Sunny,64,No,None,Fall,Moderate
FC0004969,SD010,Starbucks - Chula Vista Center,Chula Vista,mall,2024-11-18,Monday,19,52,35,17,51,34,17,-1.92,Sunny,64,No,None,Fall,Moderate
FC0004970,SD010,Starbucks - Chula Vista Center,Chula Vista,mall,2024-11-18,Monday,21,25,19,6,24,16,8,-4.0,Sunny,64,No,None,Fall,Low
FC0004971,SD010,Starbucks - Chula Vista Center,Chula Vista,mall,2024-11-25,Monday,9,98,70,28,98,71,27,0.0,Marine Layer,72,No,None,Fall,High
FC0004972,SD010,Starbucks - Chula Vista Center,Chula Vista,mall,2024-11-25,Monday,10,146,101,45,146,108,38,0.0,Marine Layer,72,No,None,Fall,Very High
FC0004973,SD010,Starbucks - Chula Vista Center,Chula Vista,mall,2024-11-25,Monday,11,129,91,38,133,98,35,3.1,Marine Layer,72,No,None,Fall,Very High
FC0004974,SD010,Starbucks - Chula Vista Center,Chula Vista,mall,2024-11-25,Monday,12,117,90,27,122,92,30,4.27,Marine Layer,72,No,None,Fall,Very High
FC0004975,SD010,Starbucks - Chula Vista Center,Chula Vista,mall,2024-11-25,Monday,13,152,117,35,153,108,45,0.66,Marine Layer,72,No,None,Fall,Very High
FC0004976,SD010,Starbucks - Chula Vista Center,Chula Vista,mall,2024-11-25,Monday,15,109,78,31,100,67,33,-8.26,Marine Layer,72,No,None,Fall,Very High
FC0004977,SD010,Starbucks - Chula Vista Center,Chula Vista,mall,2024-11-25,Monday,16,71,50,21,77,52,25,8.45,Marine Layer,72,No,None,Fall,High
FC0004978,SD010,Starbucks - Chula Vista Center,Chula Vista,mall,2024-11-25,Monday,18,93,67,26,98,66,32,5.38,Marine Layer,72,No,None,Fall,High
FC0004979,SD010,Starbucks - Chula Vista Center,Chula Vista,mall,2024-11-25,Monday,20,30,21,9,31,23,8,3.33,Marine Layer,72,No,None,Fall,Moderate
FC0004980,SD010,Starbucks - Chula Vista Center,Chula Vista,mall,2024-11-25,Monday,21,17,12,5,18,12,6,5.88,Marine Layer,72,No,None,Fall,Low
FC0004981,SD010,Starbucks - Chula Vista Center,Chula Vista,mall,2024-12-02,Monday,6,20,14,6,18,12,6,-10.0,Marine Layer,65,No,None,Winter,Low
FC0004982,SD010,Starbucks - Chula Vista Center,Chula Vista,mall,2024-12-02,Monday,8,165,125,40,163,129,34,-1.21,Marine Layer,65,No,None,Winter,Very High
FC0004983,SD010,Starbucks - Chula Vista Center,Chula Vista,mall,2024-12-02,Monday,9,137,104,33,146,110,36,6.57,Marine Layer,65,No,None,Winter,Very High
FC0004984,SD010,Starbucks - Chula Vista Center,Chula Vista,mall,2024-12-02,Monday,10,142,102,40,109,79,30,-23.24,Marine Layer,65,No,None,Winter,Very High
FC0004985,SD010,Starbucks - Chula Vista Center,Chula Vista,mall,2024-12-02,Monday,11,92,70,22,95,74,21,3.26,Marine Layer,65,No,None,Winter,High
FC0004986,SD010,Starbucks - Chula Vista Center,Chula Vista,mall,2024-12-02,Monday,12,98,68,30,104,69,35,6.12,Marine Layer,65,No,None,Winter,Very High
FC0004987,SD010,Starbucks - Chula Vista Center,Chula Vista,mall,2024-12-02,Monday,14,78,56,22,83,57,26,6.41,Marine Layer,65,No,None,Winter,High
FC0004988,SD010,Starbucks - Chula Vista Center,Chula Vista,mall,2024-12-02,Monday,18,77,53,24,76,59,17,-1.3,Marine Layer,65,No,None,Winter,High
FC0004989,SD010,Starbucks - Chula Vista Center,Chula Vista,mall,2024-12-02,Monday,19,51,37,14,49,33,16,-3.92,Marine Layer,65,No,None,Winter,Moderate
FC0004990,SD010,Starbucks - Chula Vista Center,Chula Vista,mall,2024-12-02,Monday,21,14,9,5,14,10,4,0.0,Marine Layer,65,No,None,Winter,Low
FC0004991,SD010,Starbucks - Chula Vista Center,Chula Vista,mall,2024-12-09,Monday,8,190,131,59,167,131,36,-12.11,Overcast,64,No,None,Winter,Very High
FC0004992,SD010,Starbucks - Chula Vista Center,Chula Vista,mall,2024-12-09,Monday,9,110,77,33,99,77,22,-10.0,Overcast,64,No,None,Winter,High
FC0004993,SD010,Starbucks - Chula Vista Center,Chula Vista,mall,2024-12-09,Monday,10,104,73,31,97,76,21,-6.73,Overcast,64,No,None,Winter,High
FC0004994,SD010,Starbucks - Chula Vista Center,Chula Vista,mall,2024-12-09,Monday,11,133,90,43,117,79,38,-12.03,Overcast,64,No,None,Winter,Very High
FC0004995,SD010,Starbucks - Chula Vista Center,Chula Vista,mall,2024-12-09,Monday,13,78,54,24,73,57,16,-6.41,Overcast,64,No,None,Winter,High
FC0004996,SD010,Starbucks - Chula Vista Center,Chula Vista,mall,2024-12-09,Monday,15,120,88,32,112,76,36,-6.67,Overcast,64,No,None,Winter,Very High
FC0004997,SD010,Starbucks - Chula Vista Center,Chula Vista,mall,2024-12-09,Monday,16,114,79,35,113,79,34,-0.88,Overcast,64,No,None,Winter,Very High
FC0004998,SD010,Starbucks - Chula Vista Center,Chula Vista,mall,2024-12-09,Monday,17,76,53,23,78,56,22,2.63,Overcast,64,No,None,Winter,High
FC0004999,SD010,Starbucks - Chula Vista Center,Chula Vista,mall,2024-12-09,Monday,18,79,60,19,84,61,23,6.33,Overcast,64,No,None,Winter,High
FC0005000,SD010,Starbucks - Chula Vista Center,Chula Vista,mall,2024-12-09,Monday,21,16,12,4,17,12,5,6.25,Overcast,64,No,None,Winter,Low
