shift_id,store_id,store_name,neighborhood,date,day_of_week,shift_start,shift_end,employee_id,employee_role,skill_level,scheduled_hours,availability_status,callout_flag,expected_orders_per_hour,required_staff,scheduled_staff,staffing_gap,staffing_status
SHF0000001,SD001,Starbucks - Gaslamp Quarter,Downtown,2024-01-01,Monday,10:00,14:00,EMP00109,Barista,Entry,4,Available,No,43,2,2,0,Balanced
SHF0000002,SD001,Starbucks - Gaslamp Quarter,Downtown,2024-01-01,Monday,07:00,11:00,EMP00030,Lead Barista,Intermediate,4,Available,No,106,5,3,-2,Understaffed
SHF0000003,SD001,Starbucks - Gaslamp Quarter,Downtown,2024-01-01,Monday,09:00,13:00,EMP00164,Barista,Entry,4,Available,No,92,4,4,0,Balanced
SHF0000004,SD001,Starbucks - Gaslamp Quarter,Downtown,2024-01-01,Monday,05:00,09:00,EMP00479,Barista,Entry,4,Available,No,44,2,4,2,Overstaffed
SHF0000005,SD001,Starbucks - Gaslamp Quarter,Downtown,2024-01-01,Monday,11:00,15:00,EMP00360,Shift Supervisor,Intermediate,4,Available,No,62,3,3,0,Balanced
SHF0000006,SD001,Starbucks - Gaslamp Quarter,Downtown,2024-01-01,Monday,06:00,10:00,EMP00108,Shift Supervisor,Intermediate,4,Available,No,21,2,2,0,Balanced
SHF0000007,SD001,Starbucks - Gaslamp Quarter,Downtown,2024-01-01,Monday,15:00,19:00,EMP00213,Barista,Intermediate,4,Available,No,20,2,4,2,Overstaffed
SHF0000008,SD001,Starbucks - Gaslamp Quarter,Downtown,2024-01-01,Monday,18:00,22:00,EMP00197,Barista,Entry,4,Available,No,38,2,2,0,Balanced
SHF0000009,SD001,Starbucks - Gaslamp Quarter,Downtown,2024-01-01,Monday,17:00,21:00,EMP00323,Barista,Intermediate,4,Available,No,20,2,2,0,Balanced
SHF0000010,SD001,Starbucks - Gaslamp Quarter,Downtown,2024-01-01,Monday,14:00,18:00,EMP00026,Barista,Entry,4,Available,No,29,2,1,-1,Understaffed
SHF0000011,SD001,Starbucks - Gaslamp Quarter,Downtown,2024-01-08,Monday,18:00,22:00,EMP00135,Shift Supervisor,Intermediate,4,Available,No,24,2,2,0,Balanced
SHF0000012,SD001,Starbucks - Gaslamp Quarter,Downtown,2024-01-08,Monday,06:00,10:00,EMP00034,Barista,Entry,4,Available,No,39,2,3,1,Overstaffed
SHF0000013,SD001,Starbucks - Gaslamp Quarter,Downtown,2024-01-08,Monday,13:00,17:00,EMP00357,Shift Supervisor,Senior,4,Available,No,60,3,3,0,Balanced
SHF0000014,SD001,Starbucks - Gaslamp Quarter,Downtown,2024-01-08,Monday,13:00,17:00,EMP00427,Shift Supervisor,Intermediate,4,Available,No,62,3,3,0,Balanced
SHF0000015,SD001,Starbucks - Gaslamp Quarter,Downtown,2024-01-08,Monday,09:00,13:00,EMP00303,Barista,Intermediate,4,Available,No,102,5,4,-1,Understaffed
SHF0000016,SD001,Starbucks - Gaslamp Quarter,Downtown,2024-01-08,Monday,09:00,13:00,EMP00295,Shift Supervisor,Senior,4,Available,No,105,5,7,2,Overstaffed
SHF0000017,SD001,Starbucks - Gaslamp Quarter,Downtown,2024-01-08,Monday,10:00,14:00,EMP00001,Barista,Senior,4,Available,No,47,2,2,0,Balanced
SHF0000018,SD001,Starbucks - Gaslamp Quarter,Downtown,2024-01-08,Monday,09:00,13:00,EMP00030,Shift Supervisor,Intermediate,4,Available,No,109,5,5,0,Balanced
SHF0000019,SD001,Starbucks - Gaslamp Quarter,Downtown,2024-01-08,Monday,18:00,22:00,EMP00190,Barista,Intermediate,4,Available,No,27,2,1,-1,Understaffed
SHF0000020,SD001,Starbucks - Gaslamp Quarter,Downtown,2024-01-08,Monday,14:00,18:00,EMP00430,Barista,Entry,4,Available,No,30,2,2,0,Balanced
SHF0000021,SD001,Starbucks - Gaslamp Quarter,Downtown,2024-01-08,Monday,11:00,15:00,EMP00238,Shift Supervisor,Intermediate,4,Called Out,Yes,57,2,2,0,Balanced
SHF0000022,SD001,Starbucks - Gaslamp Quarter,Downtown,2024-01-15,Monday,13:00,17:00,EMP00312,Shift Supervisor,Intermediate,4,Available,No,53,2,2,0,Balanced
SHF0000023,SD001,Starbucks - Gaslamp Quarter,Downtown,2024-01-15,Monday,10:00,14:00,EMP00386,Barista,Entry,4,Available,No,56,2,2,0,Balanced
SHF0000024,SD001,Starbucks - Gaslamp Quarter,Downtown,2024-01-15,Monday,17:00,21:00,EMP00143,Barista,Senior,4,Available,No,43,2,1,-1,Understaffed
SHF0000025,SD001,Starbucks - Gaslamp Quarter,Downtown,2024-01-15,Monday,05:00,09:00,EMP00290,Shift Supervisor,Senior,4,Available,No,37,2,2,0,Balanced
SHF0000026,SD001,Starbucks - Gaslamp Quarter,Downtown,2024-01-15,Monday,09:00,13:00,EMP00063,Shift Supervisor,Entry,4,Available,No,92,4,4,0,Balanced
SHF0000027,SD001,Starbucks - Gaslamp Quarter,Downtown,2024-01-15,Monday,14:00,18:00,EMP00170,Barista,Entry,4,Available,No,35,2,1,-1,Understaffed
SHF0000028,SD001,Starbucks - Gaslamp Quarter,Downtown,2024-01-15,Monday,05:00,09:00,EMP00415,Barista,Intermediate,4,Available,No,36,2,4,2,Overstaffed
SHF0000029,SD001,Starbucks - Gaslamp Quarter,Downtown,2024-01-15,Monday,13:00,17:00,EMP00050,Barista,Entry,4,Available,No,50,2,2,0,Balanced
SHF0000030,SD001,Starbucks - Gaslamp Quarter,Downtown,2024-01-15,Monday,10:00,14:00,EMP00435,Barista,Entry,4,Available,No,54,2,2,0,Balanced
SHF0000031,SD001,Starbucks - Gaslamp Quarter,Downtown,2024-01-15,Monday,07:00,11:00,EMP00215,Barista,Senior,4,Available,No,78,3,3,0,Balanced
SHF0000032,SD001,Starbucks - Gaslamp Quarter,Downtown,2024-01-15,Monday,10:00,14:00,EMP00073,Barista,Senior,4,Available,No,45,2,2,0,Balanced
SHF0000033,SD001,Starbucks - Gaslamp Quarter,Downtown,2024-01-22,Monday,06:00,10:00,EMP00227,Barista,Intermediate,4,Available,No,43,2,2,0,Balanced
SHF0000034,SD001,Starbucks - Gaslamp Quarter,Downtown,2024-01-22,Monday,18:00,22:00,EMP00097,Barista,Entry,4,Available,No,30,2,2,0,Balanced
SHF0000035,SD001,Starbucks - Gaslamp Quarter,Downtown,2024-01-22,Monday,11:00,15:00,EMP00327,Barista,Intermediate,4,Available,No,36,2,4,2,Overstaffed
SHF0000036,SD001,Starbucks - Gaslamp Quarter,Downtown,2024-01-22,Monday,13:00,17:00,EMP00319,Barista,Intermediate,4,Available,No,60,3,3,0,Balanced
SHF0000037,SD001,Starbucks - Gaslamp Quarter,Downtown,2024-01-22,Monday,14:00,18:00,EMP00202,Barista,Entry,4,Available,No,25,2,2,0,Balanced
SHF0000038,SD001,Starbucks - Gaslamp Quarter,Downtown,2024-01-22,Monday,10:00,14:00,EMP00475,Barista,Senior,4,Available,No,64,3,4,1,Overstaffed
SHF0000039,SD001,Starbucks - Gaslamp Quarter,Downtown,2024-01-22,Monday,10:00,14:00,EMP00196,Barista,Entry,4,Available,No,59,2,1,-1,Understaffed
SHF0000040,SD001,Starbucks - Gaslamp Quarter,Downtown,2024-01-22,Monday,17:00,21:00,EMP00254,Shift Supervisor,Senior,4,Available,No,42,2,2,0,Balanced
SHF0000041,SD001,Starbucks - Gaslamp Quarter,Downtown,2024-01-22,Monday,13:00,17:00,EMP00078,Barista,Entry,4,Available,No,65,3,1,-2,Understaffed
SHF0000042,SD001,Starbucks - Gaslamp Quarter,Downtown,2024-01-22,Monday,05:00,09:00,EMP00010,Barista,Senior,4,Available,No,25,2,2,0,Balanced
SHF0000043,SD001,Starbucks - Gaslamp Quarter,Downtown,2024-01-22,Monday,05:00,09:00,EMP00306,Barista,Entry,4,Available,No,43,2,1,-1,Understaffed
SHF0000044,SD001,Starbucks - Gaslamp Quarter,Downtown,2024-01-29,Monday,07:00,11:00,EMP00175,Barista,Entry,4,Available,No,84,4,4,0,Balanced
SHF0000045,SD001,Starbucks - Gaslamp Quarter,Downtown,2024-01-29,Monday,18:00,22:00,EMP00417,Barista,Senior,4,Available,No,26,2,3,1,Overstaffed
SHF0000046,SD001,Starbucks - Gaslamp Quarter,Downtown,2024-01-29,Monday,18:00,22:00,EMP00397,Barista,Intermediate,4,Available,No,43,2,1,-1,Understaffed
SHF0000047,SD001,Starbucks - Gaslamp Quarter,Downtown,2024-01-29,Monday,11:00,15:00,EMP00443,Shift Supervisor,Entry,4,Available,No,56,2,2,0,Balanced
SHF0000048,SD001,Starbucks - Gaslamp Quarter,Downtown,2024-01-29,Monday,09:00,13:00,EMP00171,Barista,Entry,4,Available,No,88,4,4,0,Balanced
SHF0000049,SD001,Starbucks - Gaslamp Quarter,Downtown,2024-01-29,Monday,11:00,15:00,EMP00262,Shift Supervisor,Intermediate,4,Available,No,42,2,1,-1,Understaffed
SHF0000050,SD001,Starbucks - Gaslamp Quarter,Downtown,2024-01-29,Monday,14:00,18:00,EMP00153,Barista,Entry,4,Available,No,45,2,2,0,Balanced
SHF0000051,SD001,Starbucks - Gaslamp Quarter,Downtown,2024-01-29,Monday,09:00,13:00,EMP00010,Barista,Senior,4,Available,No,71,3,3,0,Balanced
SHF0000052,SD001,Starbucks - Gaslamp Quarter,Downtown,2024-01-29,Monday,17:00,21:00,EMP00134,Barista,Intermediate,4,Available,No,20,2,4,2,Overstaffed
SHF0000053,SD001,Starbucks - Gaslamp Quarter,Downtown,2024-01-29,Monday,10:00,14:00,EMP00447,Barista,Senior,4,Available,No,50,2,4,2,Overstaffed
SHF0000054,SD001,Starbucks - Gaslamp Quarter,Downtown,2024-01-29,Monday,18:00,22:00,EMP00082,Barista,Intermediate,4,Available,No,27,2,2,0,Balanced
SHF0000055,SD001,Starbucks - Gaslamp Quarter,Downtown,2024-02-05,Monday,06:00,10:00,EMP00244,Barista,Entry,4,Available,No,34,2,2,0,Balanced
SHF0000056,SD001,Starbucks - Gaslamp Quarter,Downtown,2024-02-05,Monday,13:00,17:00,EMP00473,Shift Supervisor,Senior,4,Available,No,42,2,4,2,Overstaffed
SHF0000057,SD001,Starbucks - Gaslamp Quarter,Downtown,2024-02-05,Monday,06:00,10:00,EMP00487,Barista,Entry,4,Available,No,30,2,2,0,Balanced
SHF0000058,SD001,Starbucks - Gaslamp Quarter,Downtown,2024-02-05,Monday,15:00,19:00,EMP00015,Shift Supervisor,Entry,4,Available,No,27,2,2,0,Balanced
SHF0000059,SD001,Starbucks - Gaslamp Quarter,Downtown,2024-02-05,Monday,13:00,17:00,EMP00400,Barista,Intermediate,4,Available,No,54,2,1,-1,Understaffed
SHF0000060,SD001,Starbucks - Gaslamp Quarter,Downtown,2024-02-05,Monday,11:00,15:00,EMP00346,Barista,Intermediate,4,Available,No,61,3,3,0,Balanced
SHF0000061,SD001,Starbucks - Gaslamp Quarter,Downtown,2024-02-05,Monday,10:00,14:00,EMP00115,Barista,Senior,4,Available,No,41,2,1,-1,Understaffed
SHF0000062,SD001,Starbucks - Gaslamp Quarter,Downtown,2024-02-05,Monday,18:00,22:00,EMP00065,Barista,Entry,4,Available,No,30,2,1,-1,Understaffed
SHF0000063,SD001,Starbucks - Gaslamp Quarter,Downtown,2024-02-05,Monday,09:00,13:00,EMP00433,Barista,Intermediate,4,Available,No,111,5,5,0,Balanced
SHF0000064,SD001,Starbucks - Gaslamp Quarter,Downtown,2024-02-05,Monday,13:00,17:00,EMP00123,Barista,Intermediate,4,Available,No,42,2,1,-1,Understaffed
SHF0000065,SD001,Starbucks - Gaslamp Quarter,Downtown,2024-02-05,Monday,10:00,14:00,EMP00371,Barista,Entry,4,Available,No,47,2,3,1,Overstaffed
SHF0000066,SD001,Starbucks - Gaslamp Quarter,Downtown,2024-02-05,Monday,18:00,22:00,EMP00196,Barista,Intermediate,4,Available,No,25,2,2,0,Balanced
SHF0000067,SD001,Starbucks - Gaslamp Quarter,Downtown,2024-02-12,Monday,18:00,22:00,EMP00426,Barista,Intermediate,4,Available,No,40,2,1,-1,Understaffed
SHF0000068,SD001,Starbucks - Gaslamp Quarter,Downtown,2024-02-12,Monday,14:00,18:00,EMP00089,Barista,Intermediate,4,Available,No,37,2,2,0,Balanced
SHF0000069,SD001,Starbucks - Gaslamp Quarter,Downtown,2024-02-12,Monday,17:00,21:00,EMP00101,Barista,Intermediate,4,Available,No,29,2,4,2,Overstaffed
SHF0000070,SD001,Starbucks - Gaslamp Quarter,Downtown,2024-02-12,Monday,15:00,19:00,EMP00430,Barista,Entry,4,Available,No,34,2,2,0,Balanced
SHF0000071,SD001,Starbucks - Gaslamp Quarter,Downtown,2024-02-12,Monday,15:00,19:00,EMP00460,Barista,Entry,4,Available,No,23,2,4,2,Overstaffed
SHF0000072,SD001,Starbucks - Gaslamp Quarter,Downtown,2024-02-12,Monday,10:00,14:00,EMP00019,Barista,Intermediate,4,Available,No,61,3,3,0,Balanced
SHF0000073,SD001,Starbucks - Gaslamp Quarter,Downtown,2024-02-12,Monday,15:00,19:00,EMP00110,Barista,Intermediate,4,Available,No,20,2,2,0,Balanced
SHF0000074,SD001,Starbucks - Gaslamp Quarter,Downtown,2024-02-12,Monday,13:00,17:00,EMP00301,Barista,Intermediate,4,Available,No,38,2,2,0,Balanced
SHF0000075,SD001,Starbucks - Gaslamp Quarter,Downtown,2024-02-19,Monday,13:00,17:00,EMP00101,Barista,Intermediate,4,Available,No,56,2,2,0,Balanced
SHF0000076,SD001,Starbucks - Gaslamp Quarter,Downtown,2024-02-19,Monday,05:00,09:00,EMP00099,Shift Supervisor,Intermediate,4,Available,No,27,2,2,0,Balanced
SHF0000077,SD001,Starbucks - Gaslamp Quarter,Downtown,2024-02-19,Monday,11:00,15:00,EMP00405,Barista,Entry,4,Available,No,55,2,2,0,Balanced
SHF0000078,SD001,Starbucks - Gaslamp Quarter,Downtown,2024-02-19,Monday,06:00,10:00,EMP00241,Shift Supervisor,Entry,4,Available,No,41,2,2,0,Balanced
SHF0000079,SD001,Starbucks - Gaslamp Quarter,Downtown,2024-02-19,Monday,09:00,13:00,EMP00340,Barista,Intermediate,4,Available,No,107,5,5,0,Balanced
SHF0000080,SD001,Starbucks - Gaslamp Quarter,Downtown,2024-02-19,Monday,14:00,18:00,EMP00072,Barista,Entry,4,Available,No,43,2,2,0,Balanced
SHF0000081,SD001,Starbucks - Gaslamp Quarter,Downtown,2024-02-19,Monday,05:00,09:00,EMP00033,Barista,Entry,4,Available,No,34,2,1,-1,Understaffed
SHF0000082,SD001,Starbucks - Gaslamp Quarter,Downtown,2024-02-19,Monday,17:00,21:00,EMP00301,Barista,Entry,4,Available,No,20,2,1,-1,Understaffed
SHF0000083,SD001,Starbucks - Gaslamp Quarter,Downtown,2024-02-19,Monday,14:00,18:00,EMP00115,Barista,Intermediate,4,Available,No,26,2,4,2,Overstaffed
SHF0000084,SD001,Starbucks - Gaslamp Quarter,Downtown,2024-02-19,Monday,14:00,18:00,EMP00296,Lead Barista,Intermediate,4,Available,No,25,2,4,2,Overstaffed
SHF0000085,SD001,Starbucks - Gaslamp Quarter,Downtown,2024-02-19,Monday,09:00,13:00,EMP00292,Barista,Entry,4,Available,No,92,4,4,0,Balanced
SHF0000086,SD001,Starbucks - Gaslamp Quarter,Downtown,2024-02-26,Monday,11:00,15:00,EMP00170,Barista,Entry,4,Available,No,49,2,3,1,Overstaffed
SHF0000087,SD001,Starbucks - Gaslamp Quarter,Downtown,2024-02-26,Monday,05:00,09:00,EMP00046,Barista,Intermediate,4,Available,No,25,2,2,0,Balanced
SHF0000088,SD001,Starbucks - Gaslamp Quarter,Downtown,2024-02-26,Monday,07:00,11:00,EMP00177,Barista,Intermediate,4,Available,No,91,4,4,0,Balanced
SHF0000089,SD001,Starbucks - Gaslamp Quarter,Downtown,2024-02-26,Monday,06:00,10:00,EMP00155,Shift Supervisor,Senior,4,Available,No,42,2,1,-1,Understaffed
SHF0000090,SD001,Starbucks - Gaslamp Quarter,Downtown,2024-02-26,Monday,05:00,09:00,EMP00028,Barista,Intermediate,4,Available,No,39,2,1,-1,Understaffed
SHF0000091,SD001,Starbucks - Gaslamp Quarter,Downtown,2024-02-26,Monday,10:00,14:00,EMP00462,Barista,Intermediate,4,Called Out,Yes,39,2,1,-1,Understaffed
SHF0000092,SD001,Starbucks - Gaslamp Quarter,Downtown,2024-02-26,Monday,07:00,11:00,EMP00124,Barista,Intermediate,4,Available,No,106,5,5,0,Balanced
SHF0000093,SD001,Starbucks - Gaslamp Quarter,Downtown,2024-02-26,Monday,07:00,11:00,EMP00062,Barista,Entry,4,Available,No,97,4,4,0,Balanced
SHF0000094,SD001,Starbucks - Gaslamp Quarter,Downtown,2024-03-04,Monday,06:00,10:00,EMP00102,Barista,Senior,4,Available,No,23,2,2,0,Balanced
SHF0000095,SD001,Starbucks - Gaslamp Quarter,Downtown,2024-03-04,Monday,15:00,19:00,EMP00010,Barista,Senior,4,Available,No,26,2,2,0,Balanced
SHF0000096,SD001,Starbucks - Gaslamp Quarter,Downtown,2024-03-04,Monday,17:00,21:00,EMP00214,Barista,Intermediate,4,Available,No,31,2,2,0,Balanced
SHF0000097,SD001,Starbucks - Gaslamp Quarter,Downtown,2024-03-04,Monday,15:00,19:00,EMP00215,Barista,Senior,4,Available,No,24,2,2,0,Balanced
SHF0000098,SD001,Starbucks - Gaslamp Quarter,Downtown,2024-03-04,Monday,09:00,13:00,EMP00470,Barista,Entry,4,Available,No,72,3,3,0,Balanced
SHF0000099,SD001,Starbucks - Gaslamp Quarter,Downtown,2024-03-04,Monday,11:00,15:00,EMP00106,Barista,Entry,4,Available,No,60,3,3,0,Balanced
SHF0000100,SD001,Starbucks - Gaslamp Quarter,Downtown,2024-03-04,Monday,17:00,21:00,EMP00242,Barista,Intermediate,4,Available,No,37,2,1,-1,Understaffed
SHF0000101,SD001,Starbucks - Gaslamp Quarter,Downtown,2024-03-04,Monday,18:00,22:00,EMP00126,Barista,Entry,4,Available,No,27,2,2,0,Balanced
SHF0000102,SD001,Starbucks - Gaslamp Quarter,Downtown,2024-03-04,Monday,10:00,14:00,EMP00319,Barista,Entry,4,Available,No,51,2,2,0,Balanced
SHF0000103,SD001,Starbucks - Gaslamp Quarter,Downtown,2024-03-04,Monday,13:00,17:00,EMP00252,Barista,Intermediate,4,Available,No,62,3,3,0,Balanced
SHF0000104,SD001,Starbucks - Gaslamp Quarter,Downtown,2024-03-11,Monday,09:00,13:00,EMP00499,Barista,Entry,4,Available,No,81,4,4,0,Balanced
SHF0000105,SD001,Starbucks - Gaslamp Quarter,Downtown,2024-03-11,Monday,13:00,17:00,EMP00499,Barista,Entry,4,Available,No,47,2,2,0,Balanced
SHF0000106,SD001,Starbucks - Gaslamp Quarter,Downtown,2024-03-11,Monday,11:00,15:00,EMP00316,Barista,Intermediate,4,Available,No,53,2,4,2,Overstaffed
SHF0000107,SD001,Starbucks - Gaslamp Quarter,Downtown,2024-03-11,Monday,17:00,21:00,EMP00391,Barista,Entry,4,Available,No,25,2,3,1,Overstaffed
SHF0000108,SD001,Starbucks - Gaslamp Quarter,Downtown,2024-03-11,Monday,15:00,19:00,EMP00259,Barista,Entry,4,Available,No,43,2,2,0,Balanced
SHF0000109,SD001,Starbucks - Gaslamp Quarter,Downtown,2024-03-11,Monday,10:00,14:00,EMP00108,Barista,Intermediate,4,Called Out,Yes,57,2,3,1,Overstaffed
SHF0000110,SD001,Starbucks - Gaslamp Quarter,Downtown,2024-03-11,Monday,13:00,17:00,EMP00369,Barista,Intermediate,4,Available,No,57,2,2,0,Balanced
SHF0000111,SD001,Starbucks - Gaslamp Quarter,Downtown,2024-03-11,Monday,10:00,14:00,EMP00262,Barista,Intermediate,4,Available,No,37,2,2,0,Balanced
SHF0000112,SD001,Starbucks - Gaslamp Quarter,Downtown,2024-03-11,Monday,13:00,17:00,EMP00474,Barista,Intermediate,4,Available,No,39,2,1,-1,Understaffed
SHF0000113,SD001,Starbucks - Gaslamp Quarter,Downtown,2024-03-11,Monday,07:00,11:00,EMP00339,Barista,Entry,4,Available,No,87,4,4,0,Balanced
SHF0000114,SD001,Starbucks - Gaslamp Quarter,Downtown,2024-03-11,Monday,09:00,13:00,EMP00174,Lead Barista,Entry,4,Available,No,79,3,3,0,Balanced
SHF0000115,SD001,Starbucks - Gaslamp Quarter,Downtown,2024-03-18,Monday,13:00,17:00,EMP00210,Barista,Senior,4,Available,No,51,2,2,0,Balanced
SHF0000116,SD001,Starbucks - Gaslamp Quarter,Downtown,2024-03-18,Monday,05:00,09:00,EMP00234,Barista,Entry,4,Available,No,42,2,1,-1,Understaffed
SHF0000117,SD001,Starbucks - Gaslamp Quarter,Downtown,2024-03-18,Monday,17:00,21:00,EMP00020,Shift Supervisor,Entry,4,Available,No,39,2,2,0,Balanced
SHF0000118,SD001,Starbucks - Gaslamp Quarter,Downtown,2024-03-18,Monday,06:00,10:00,EMP00294,Barista,Intermediate,4,Available,No,38,2,2,0,Balanced
SHF0000119,SD001,Starbucks - Gaslamp Quarter,Downtown,2024-03-18,Monday,13:00,17:00,EMP00009,Barista,Entry,4,Available,No,50,2,2,0,Balanced
SHF0000120,SD001,Starbucks - Gaslamp Quarter,Downtown,2024-03-18,Monday,18:00,22:00,EMP00006,Barista,Intermediate,4,Available,No,30,2,2,0,Balanced
SHF0000121,SD001,Starbucks - Gaslamp Quarter,Downtown,2024-03-18,Monday,15:00,19:00,EMP00054,Barista,Intermediate,4,Available,No,26,2,3,1,Overstaffed
SHF0000122,SD001,Starbucks - Gaslamp Quarter,Downtown,2024-03-18,Monday,06:00,10:00,EMP00210,Shift Supervisor,Senior,4,Available,No,38,2,3,1,Overstaffed
SHF0000123,SD001,Starbucks - Gaslamp Quarter,Downtown,2024-03-25,Monday,10:00,14:00,EMP00126,Barista,Intermediate,4,Available,No,45,2,3,1,Overstaffed
SHF0000124,SD001,Starbucks - Gaslamp Quarter,Downtown,2024-03-25,Monday,09:00,13:00,EMP00157,Barista,Senior,4,Available,No,72,3,3,0,Balanced
SHF0000125,SD001,Starbucks - Gaslamp Quarter,Downtown,2024-03-25,Monday,06:00,10:00,EMP00373,Barista,Entry,4,Available,No,34,2,4,2,Overstaffed
SHF0000126,SD001,Starbucks - Gaslamp Quarter,Downtown,2024-03-25,Monday,17:00,21:00,EMP00477,Barista,Intermediate,4,Available,No,38,2,3,1,Overstaffed
SHF0000127,SD001,Starbucks - Gaslamp Quarter,Downtown,2024-03-25,Monday,10:00,14:00,EMP00250,Barista,Entry,4,Available,No,43,2,2,0,Balanced
SHF0000128,SD001,Starbucks - Gaslamp Quarter,Downtown,2024-03-25,Monday,06:00,10:00,EMP00207,Barista,Intermediate,4,Available,No,35,2,2,0,Balanced
SHF0000129,SD001,Starbucks - Gaslamp Quarter,Downtown,2024-03-25,Monday,05:00,09:00,EMP00337,Barista,Entry,4,Available,No,33,2,3,1,Overstaffed
SHF0000130,SD001,Starbucks - Gaslamp Quarter,Downtown,2024-03-25,Monday,06:00,10:00,EMP00008,Barista,Senior,4,Available,No,41,2,1,-1,Understaffed
SHF0000131,SD001,Starbucks - Gaslamp Quarter,Downtown,2024-03-25,Monday,17:00,21:00,EMP00395,Barista,Intermediate,4,Available,No,32,2,1,-1,Understaffed
SHF0000132,SD001,Starbucks - Gaslamp Quarter,Downtown,2024-03-25,Monday,15:00,19:00,EMP00179,Barista,Intermediate,4,Available,No,41,2,2,0,Balanced
SHF0000133,SD001,Starbucks - Gaslamp Quarter,Downtown,2024-03-25,Monday,17:00,21:00,EMP00218,Barista,Intermediate,4,Available,No,31,2,2,0,Balanced
SHF0000134,SD001,Starbucks - Gaslamp Quarter,Downtown,2024-03-25,Monday,11:00,15:00,EMP00019,Barista,Intermediate,4,Available,No,46,2,1,-1,Understaffed
SHF0000135,SD001,Starbucks - Gaslamp Quarter,Downtown,2024-04-01,Monday,07:00,11:00,EMP00400,Lead Barista,Entry,4,Available,No,72,3,2,-1,Understaffed
SHF0000136,SD001,Starbucks - Gaslamp Quarter,Downtown,2024-04-01,Monday,14:00,18:00,EMP00267,Lead Barista,Senior,4,Available,No,25,2,4,2,Overstaffed
SHF0000137,SD001,Starbucks - Gaslamp Quarter,Downtown,2024-04-01,Monday,09:00,13:00,EMP00338,Barista,Entry,4,Available,No,110,5,5,0,Balanced
SHF0000138,SD001,Starbucks - Gaslamp Quarter,Downtown,2024-04-01,Monday,13:00,17:00,EMP00083,Barista,Entry,4,Available,No,48,2,2,0,Balanced
SHF0000139,SD001,Starbucks - Gaslamp Quarter,Downtown,2024-04-01,Monday,05:00,09:00,EMP00427,Lead Barista,Intermediate,4,Available,No,36,2,1,-1,Understaffed
SHF0000140,SD001,Starbucks - Gaslamp Quarter,Downtown,2024-04-01,Monday,11:00,15:00,EMP00104,Barista,Entry,4,Available,No,51,2,2,0,Balanced
SHF0000141,SD001,Starbucks - Gaslamp Quarter,Downtown,2024-04-01,Monday,07:00,11:00,EMP00204,Shift Supervisor,Intermediate,4,Available,No,83,4,5,1,Overstaffed
SHF0000142,SD001,Starbucks - Gaslamp Quarter,Downtown,2024-04-01,Monday,13:00,17:00,EMP00164,Barista,Entry,4,Available,No,53,2,2,0,Balanced
SHF0000143,SD001,Starbucks - Gaslamp Quarter,Downtown,2024-04-01,Monday,09:00,13:00,EMP00467,Barista,Senior,4,Available,No,91,4,4,0,Balanced
SHF0000144,SD001,Starbucks - Gaslamp Quarter,Downtown,2024-04-08,Monday,06:00,10:00,EMP00463,Barista,Senior,4,Available,No,26,2,3,1,Overstaffed
SHF0000145,SD001,Starbucks - Gaslamp Quarter,Downtown,2024-04-08,Monday,06:00,10:00,EMP00458,Barista,Senior,4,Available,No,34,2,1,-1,Understaffed
SHF0000146,SD001,Starbucks - Gaslamp Quarter,Downtown,2024-04-08,Monday,11:00,15:00,EMP00054,Barista,Entry,4,Available,No,38,2,2,0,Balanced
SHF0000147,SD001,Starbucks - Gaslamp Quarter,Downtown,2024-04-08,Monday,14:00,18:00,EMP00378,Lead Barista,Entry,4,Available,No,39,2,3,1,Overstaffed
SHF0000148,SD001,Starbucks - Gaslamp Quarter,Downtown,2024-04-08,Monday,05:00,09:00,EMP00280,Shift Supervisor,Senior,4,Available,No,22,2,2,0,Balanced
SHF0000149,SD001,Starbucks - Gaslamp Quarter,Downtown,2024-04-08,Monday,14:00,18:00,EMP00270,Barista,Entry,4,Available,No,34,2,4,2,Overstaffed
SHF0000150,SD001,Starbucks - Gaslamp Quarter,Downtown,2024-04-08,Monday,06:00,10:00,EMP00210,Shift Supervisor,Intermediate,4,Available,No,44,2,3,1,Overstaffed
SHF0000151,SD001,Starbucks - Gaslamp Quarter,Downtown,2024-04-08,Monday,18:00,22:00,EMP00048,Barista,Entry,4,Available,No,25,2,2,0,Balanced
SHF0000152,SD001,Starbucks - Gaslamp Quarter,Downtown,2024-04-08,Monday,10:00,14:00,EMP00500,Barista,Entry,4,Available,No,36,2,2,0,Balanced
SHF0000153,SD001,Starbucks - Gaslamp Quarter,Downtown,2024-04-08,Monday,14:00,18:00,EMP00394,Barista,Entry,4,Available,No,20,2,2,0,Balanced
SHF0000154,SD001,Starbucks - Gaslamp Quarter,Downtown,2024-04-08,Monday,17:00,21:00,EMP00172,Barista,Intermediate,4,Available,No,27,2,2,0,Balanced
SHF0000155,SD001,Starbucks - Gaslamp Quarter,Downtown,2024-04-08,Monday,17:00,21:00,EMP00156,Barista,Intermediate,4,Available,No,23,2,3,1,Overstaffed
SHF0000156,SD001,Starbucks - Gaslamp Quarter,Downtown,2024-04-15,Monday,18:00,22:00,EMP00420,Barista,Entry,4,Available,No,24,2,2,0,Balanced
SHF0000157,SD001,Starbucks - Gaslamp Quarter,Downtown,2024-04-15,Monday,06:00,10:00,EMP00464,Barista,Intermediate,4,Available,No,42,2,2,0,Balanced
SHF0000158,SD001,Starbucks - Gaslamp Quarter,Downtown,2024-04-15,Monday,17:00,21:00,EMP00249,Barista,Entry,4,Available,No,37,2,1,-1,Understaffed
SHF0000159,SD001,Starbucks - Gaslamp Quarter,Downtown,2024-04-15,Monday,18:00,22:00,EMP00085,Shift Supervisor,Senior,4,Available,No,45,2,4,2,Overstaffed
SHF0000160,SD001,Starbucks - Gaslamp Quarter,Downtown,2024-04-15,Monday,07:00,11:00,EMP00404,Shift Supervisor,Intermediate,4,Available,No,71,3,3,0,Balanced
SHF0000161,SD001,Starbucks - Gaslamp Quarter,Downtown,2024-04-15,Monday,13:00,17:00,EMP00305,Barista,Entry,4,Available,No,40,2,2,0,Balanced
SHF0000162,SD001,Starbucks - Gaslamp Quarter,Downtown,2024-04-15,Monday,13:00,17:00,EMP00133,Shift Supervisor,Entry,4,Available,No,64,3,3,0,Balanced
SHF0000163,SD001,Starbucks - Gaslamp Quarter,Downtown,2024-04-15,Monday,10:00,14:00,EMP00259,Barista,Entry,4,Available,No,55,2,2,0,Balanced
SHF0000164,SD001,Starbucks - Gaslamp Quarter,Downtown,2024-04-22,Monday,18:00,22:00,EMP00076,Shift Supervisor,Intermediate,4,Available,No,22,2,2,0,Balanced
SHF0000165,SD001,Starbucks - Gaslamp Quarter,Downtown,2024-04-22,Monday,07:00,11:00,EMP00442,Barista,Entry,4,Available,No,106,5,5,0,Balanced
SHF0000166,SD001,Starbucks - Gaslamp Quarter,Downtown,2024-04-22,Monday,07:00,11:00,EMP00467,Shift Supervisor,Intermediate,4,Available,No,113,5,6,1,Overstaffed
SHF0000167,SD001,Starbucks - Gaslamp Quarter,Downtown,2024-04-22,Monday,10:00,14:00,EMP00219,Shift Supervisor,Intermediate,4,Available,No,61,3,3,0,Balanced
SHF0000168,SD001,Starbucks - Gaslamp Quarter,Downtown,2024-04-22,Monday,05:00,09:00,EMP00107,Barista,Entry,4,Available,No,33,2,3,1,Overstaffed
SHF0000169,SD001,Starbucks - Gaslamp Quarter,Downtown,2024-04-22,Monday,10:00,14:00,EMP00494,Barista,Senior,4,Available,No,44,2,2,0,Balanced
SHF0000170,SD001,Starbucks - Gaslamp Quarter,Downtown,2024-04-22,Monday,11:00,15:00,EMP00146,Shift Supervisor,Entry,4,Available,No,52,2,2,0,Balanced
SHF0000171,SD001,Starbucks - Gaslamp Quarter,Downtown,2024-04-22,Monday,18:00,22:00,EMP00167,Barista,Senior,4,Available,No,20,2,4,2,Overstaffed
SHF0000172,SD001,Starbucks - Gaslamp Quarter,Downtown,2024-04-22,Monday,05:00,09:00,EMP00098,Barista,Senior,4,Called Out,Yes,24,2,2,0,Balanced
SHF0000173,SD001,Starbucks - Gaslamp Quarter,Downtown,2024-04-22,Monday,11:00,15:00,EMP00174,Barista,Entry,4,Available,No,42,2,4,2,Overstaffed
SHF0000174,SD001,Starbucks - Gaslamp Quarter,Downtown,2024-04-22,Monday,17:00,21:00,EMP00176,Barista,Entry,4,Available,No,27,2,2,0,Balanced
SHF0000175,SD001,Starbucks - Gaslamp Quarter,Downtown,2024-04-22,Monday,17:00,21:00,EMP00148,Barista,Entry,4,Available,No,40,2,2,0,Balanced
SHF0000176,SD001,Starbucks - Gaslamp Quarter,Downtown,2024-04-29,Monday,11:00,15:00,EMP00333,Barista,Entry,4,Available,No,36,2,2,0,Balanced
SHF0000177,SD001,Starbucks - Gaslamp Quarter,Downtown,2024-04-29,Monday,10:00,14:00,EMP00169,Barista,Senior,4,Called Out,Yes,37,2,2,0,Balanced
SHF0000178,SD001,Starbucks - Gaslamp Quarter,Downtown,2024-04-29,Monday,07:00,11:00,EMP00095,Barista,Senior,4,Called Out,Yes,72,3,2,-1,Understaffed
SHF0000179,SD001,Starbucks - Gaslamp Quarter,Downtown,2024-04-29,Monday,07:00,11:00,EMP00010,Shift Supervisor,Intermediate,4,Available,No,71,3,3,0,Balanced
SHF0000180,SD001,Starbucks - Gaslamp Quarter,Downtown,2024-04-29,Monday,11:00,15:00,EMP00402,Shift Supervisor,Entry,4,Available,No,44,2,4,2,Overstaffed
SHF0000181,SD001,Starbucks - Gaslamp Quarter,Downtown,2024-04-29,Monday,06:00,10:00,EMP00001,Barista,Entry,4,Available,No,33,2,2,0,Balanced
SHF0000182,SD001,Starbucks - Gaslamp Quarter,Downtown,2024-04-29,Monday,11:00,15:00,EMP00031,Barista,Intermediate,4,Available,No,50,2,2,0,Balanced
SHF0000183,SD001,Starbucks - Gaslamp Quarter,Downtown,2024-04-29,Monday,15:00,19:00,EMP00200,Barista,Intermediate,4,Available,No,29,2,2,0,Balanced
SHF0000184,SD001,Starbucks - Gaslamp Quarter,Downtown,2024-04-29,Monday,17:00,21:00,EMP00458,Barista,Intermediate,4,Available,No,30,2,2,0,Balanced
SHF0000185,SD001,Starbucks - Gaslamp Quarter,Downtown,2024-04-29,Monday,05:00,09:00,EMP00317,Barista,Intermediate,4,Available,No,23,2,2,0,Balanced
SHF0000186,SD001,Starbucks - Gaslamp Quarter,Downtown,2024-05-06,Monday,14:00,18:00,EMP00171,Barista,Entry,4,Available,No,45,2,2,0,Balanced
SHF0000187,SD001,Starbucks - Gaslamp Quarter,Downtown,2024-05-06,Monday,06:00,10:00,EMP00133,Barista,Intermediate,4,Available,No,39,2,2,0,Balanced
SHF0000188,SD001,Starbucks - Gaslamp Quarter,Downtown,2024-05-06,Monday,15:00,19:00,EMP00408,Barista,Entry,4,Available,No,36,2,2,0,Balanced
SHF0000189,SD001,Starbucks - Gaslamp Quarter,Downtown,2024-05-06,Monday,05:00,09:00,EMP00147,Shift Supervisor,Senior,4,Available,No,38,2,2,0,Balanced
SHF0000190,SD001,Starbucks - Gaslamp Quarter,Downtown,2024-05-06,Monday,14:00,18:00,EMP00339,Barista,Intermediate,4,Available,No,22,2,3,1,Overstaffed
SHF0000191,SD001,Starbucks - Gaslamp Quarter,Downtown,2024-05-06,Monday,17:00,21:00,EMP00375,Barista,Intermediate,4,Available,No,20,2,2,0,Balanced
SHF0000192,SD001,Starbucks - Gaslamp Quarter,Downtown,2024-05-06,Monday,09:00,13:00,EMP00340,Barista,Intermediate,4,Available,No,100,5,5,0,Balanced
SHF0000193,SD001,Starbucks - Gaslamp Quarter,Downtown,2024-05-06,Monday,06:00,10:00,EMP00082,Barista,Entry,4,Available,No,28,2,2,0,Balanced
SHF0000194,SD001,Starbucks - Gaslamp Quarter,Downtown,2024-05-13,Monday,05:00,09:00,EMP00072,Shift Supervisor,Intermediate,4,Available,No,41,2,2,0,Balanced
SHF0000195,SD001,Starbucks - Gaslamp Quarter,Downtown,2024-05-13,Monday,17:00,21:00,EMP00204,Barista,Entry,4,Available,No,26,2,1,-1,Understaffed
SHF0000196,SD001,Starbucks - Gaslamp Quarter,Downtown,2024-05-13,Monday,14:00,18:00,EMP00247,Barista,Entry,4,Available,No,34,2,2,0,Balanced
SHF0000197,SD001,Starbucks - Gaslamp Quarter,Downtown,2024-05-13,Monday,05:00,09:00,EMP00311,Barista,Senior,4,Available,No,37,2,2,0,Balanced
SHF0000198,SD001,Starbucks - Gaslamp Quarter,Downtown,2024-05-13,Monday,18:00,22:00,EMP00429,Shift Supervisor,Intermediate,4,Available,No,36,2,2,0,Balanced
SHF0000199,SD001,Starbucks - Gaslamp Quarter,Downtown,2024-05-13,Monday,15:00,19:00,EMP00114,Shift Supervisor,Entry,4,Available,No,29,2,2,0,Balanced
SHF0000200,SD001,Starbucks - Gaslamp Quarter,Downtown,2024-05-13,Monday,15:00,19:00,EMP00307,Lead Barista,Senior,4,Available,No,27,2,2,0,Balanced
SHF0000201,SD001,Starbucks - Gaslamp Quarter,Downtown,2024-05-13,Monday,14:00,18:00,EMP00223,Barista,Senior,4,Available,No,38,2,2,0,Balanced
SHF0000202,SD001,Starbucks - Gaslamp Quarter,Downtown,2024-05-13,Monday,07:00,11:00,EMP00495,Shift Supervisor,Senior,4,Available,No,78,3,2,-1,Understaffed
SHF0000203,SD001,Starbucks - Gaslamp Quarter,Downtown,2024-05-13,Monday,07:00,11:00,EMP00144,Barista,Entry,4,Available,No,97,4,5,1,Overstaffed
SHF0000204,SD001,Starbucks - Gaslamp Quarter,Downtown,2024-05-13,Monday,15:00,19:00,EMP00295,Lead Barista,Intermediate,4,Available,No,31,2,2,0,Balanced
SHF0000205,SD001,Starbucks - Gaslamp Quarter,Downtown,2024-05-20,Monday,14:00,18:00,EMP00146,Shift Supervisor,Intermediate,4,Available,No,36,2,1,-1,Understaffed
SHF0000206,SD001,Starbucks - Gaslamp Quarter,Downtown,2024-05-20,Monday,06:00,10:00,EMP00045,Barista,Entry,4,Available,No,23,2,2,0,Balanced
SHF0000207,SD001,Starbucks - Gaslamp Quarter,Downtown,2024-05-20,Monday,05:00,09:00,EMP00109,Barista,Senior,4,Available,No,43,2,1,-1,Understaffed
SHF0000208,SD001,Starbucks - Gaslamp Quarter,Downtown,2024-05-20,Monday,05:00,09:00,EMP00407,Barista,Intermediate,4,Available,No,22,2,2,0,Balanced
SHF0000209,SD001,Starbucks - Gaslamp Quarter,Downtown,2024-05-20,Monday,11:00,15:00,EMP00432,Barista,Entry,4,Available,No,63,3,5,2,Overstaffed
SHF0000210,SD001,Starbucks - Gaslamp Quarter,Downtown,2024-05-20,Monday,14:00,18:00,EMP00272,Lead Barista,Senior,4,Available,No,36,2,2,0,Balanced
SHF0000211,SD001,Starbucks - Gaslamp Quarter,Downtown,2024-05-20,Monday,13:00,17:00,EMP00021,Barista,Intermediate,4,Available,No,43,2,2,0,Balanced
SHF0000212,SD001,Starbucks - Gaslamp Quarter,Downtown,2024-05-20,Monday,10:00,14:00,EMP00081,Barista,Intermediate,4,Available,No,41,2,1,-1,Understaffed
SHF0000213,SD001,Starbucks - Gaslamp Quarter,Downtown,2024-05-20,Monday,10:00,14:00,EMP00054,Barista,Entry,4,Called Out,Yes,55,2,2,0,Balanced
SHF0000214,SD001,Starbucks - Gaslamp Quarter,Downtown,2024-05-20,Monday,07:00,11:00,EMP00308,Shift Supervisor,Intermediate,4,Available,No,110,5,5,0,Balanced
SHF0000215,SD001,Starbucks - Gaslamp Quarter,Downtown,2024-05-20,Monday,14:00,18:00,EMP00259,Shift Supervisor,Senior,4,Available,No,20,2,2,0,Balanced
SHF0000216,SD001,Starbucks - Gaslamp Quarter,Downtown,2024-05-27,Monday,18:00,22:00,EMP00181,Shift Supervisor,Entry,4,Available,No,29,2,3,1,Overstaffed
SHF0000217,SD001,Starbucks - Gaslamp Quarter,Downtown,2024-05-27,Monday,13:00,17:00,EMP00335,Shift Supervisor,Intermediate,4,Available,No,61,3,1,-2,Understaffed
SHF0000218,SD001,Starbucks - Gaslamp Quarter,Downtown,2024-05-27,Monday,06:00,10:00,EMP00157,Barista,Entry,4,Available,No,33,2,2,0,Balanced
SHF0000219,SD001,Starbucks - Gaslamp Quarter,Downtown,2024-05-27,Monday,05:00,09:00,EMP00325,Shift Supervisor,Senior,4,Available,No,44,2,4,2,Overstaffed
SHF0000220,SD001,Starbucks - Gaslamp Quarter,Downtown,2024-05-27,Monday,09:00,13:00,EMP00011,Shift Supervisor,Intermediate,4,Available,No,87,4,4,0,Balanced
SHF0000221,SD001,Starbucks - Gaslamp Quarter,Downtown,2024-05-27,Monday,11:00,15:00,EMP00411,Barista,Intermediate,4,Available,No,37,2,2,0,Balanced
SHF0000222,SD001,Starbucks - Gaslamp Quarter,Downtown,2024-05-27,Monday,09:00,13:00,EMP00283,Barista,Intermediate,4,Available,No,109,5,5,0,Balanced
SHF0000223,SD001,Starbucks - Gaslamp Quarter,Downtown,2024-05-27,Monday,18:00,22:00,EMP00286,Barista,Entry,4,Available,No,40,2,2,0,Balanced
SHF0000224,SD001,Starbucks - Gaslamp Quarter,Downtown,2024-05-27,Monday,18:00,22:00,EMP00414,Barista,Intermediate,4,Available,No,31,2,2,0,Balanced
SHF0000225,SD001,Starbucks - Gaslamp Quarter,Downtown,2024-05-27,Monday,17:00,21:00,EMP00111,Barista,Intermediate,4,Available,No,33,2,1,-1,Understaffed
SHF0000226,SD001,Starbucks - Gaslamp Quarter,Downtown,2024-06-03,Monday,09:00,13:00,EMP00114,Shift Supervisor,Entry,4,Available,No,79,3,3,0,Balanced
SHF0000227,SD001,Starbucks - Gaslamp Quarter,Downtown,2024-06-03,Monday,06:00,10:00,EMP00091,Barista,Intermediate,4,Available,No,26,2,2,0,Balanced
SHF0000228,SD001,Starbucks - Gaslamp Quarter,Downtown,2024-06-03,Monday,05:00,09:00,EMP00358,Barista,Entry,4,Available,No,35,2,2,0,Balanced
SHF0000229,SD001,Starbucks - Gaslamp Quarter,Downtown,2024-06-03,Monday,18:00,22:00,EMP00445,Barista,Entry,4,Available,No,32,2,1,-1,Understaffed
SHF0000230,SD001,Starbucks - Gaslamp Quarter,Downtown,2024-06-03,Monday,05:00,09:00,EMP00278,Barista,Intermediate,4,Available,No,44,2,2,0,Balanced
SHF0000231,SD001,Starbucks - Gaslamp Quarter,Downtown,2024-06-03,Monday,10:00,14:00,EMP00059,Shift Supervisor,Entry,4,Available,No,58,2,2,0,Balanced
SHF0000232,SD001,Starbucks - Gaslamp Quarter,Downtown,2024-06-03,Monday,14:00,18:00,EMP00382,Barista,Intermediate,4,Available,No,30,2,2,0,Balanced
SHF0000233,SD001,Starbucks - Gaslamp Quarter,Downtown,2024-06-03,Monday,14:00,18:00,EMP00159,Barista,Senior,4,Available,No,27,2,2,0,Balanced
SHF0000234,SD001,Starbucks - Gaslamp Quarter,Downtown,2024-06-03,Monday,13:00,17:00,EMP00093,Barista,Senior,4,Available,No,43,2,4,2,Overstaffed
SHF0000235,SD001,Starbucks - Gaslamp Quarter,Downtown,2024-06-03,Monday,14:00,18:00,EMP00345,Barista,Entry,4,Available,No,43,2,2,0,Balanced
SHF0000236,SD001,Starbucks - Gaslamp Quarter,Downtown,2024-06-10,Monday,06:00,10:00,EMP00482,Barista,Senior,4,Available,No,35,2,1,-1,Understaffed
SHF0000237,SD001,Starbucks - Gaslamp Quarter,Downtown,2024-06-10,Monday,09:00,13:00,EMP00255,Barista,Entry,4,Available,No,71,3,3,0,Balanced
SHF0000238,SD001,Starbucks - Gaslamp Quarter,Downtown,2024-06-10,Monday,07:00,11:00,EMP00360,Barista,Intermediate,4,Available,No,115,5,5,0,Balanced
SHF0000239,SD001,Starbucks - Gaslamp Quarter,Downtown,2024-06-10,Monday,06:00,10:00,EMP00401,Barista,Entry,4,Available,No,37,2,1,-1,Understaffed
SHF0000240,SD001,Starbucks - Gaslamp Quarter,Downtown,2024-06-10,Monday,09:00,13:00,EMP00086,Shift Supervisor,Senior,4,Available,No,80,4,4,0,Balanced
SHF0000241,SD001,Starbucks - Gaslamp Quarter,Downtown,2024-06-10,Monday,09:00,13:00,EMP00178,Barista,Senior,4,Available,No,81,4,6,2,Overstaffed
SHF0000242,SD001,Starbucks - Gaslamp Quarter,Downtown,2024-06-10,Monday,06:00,10:00,EMP00308,Barista,Senior,4,Available,No,28,2,1,-1,Understaffed
SHF0000243,SD001,Starbucks - Gaslamp Quarter,Downtown,2024-06-10,Monday,07:00,11:00,EMP00240,Barista,Intermediate,4,Available,No,87,4,2,-2,Understaffed
SHF0000244,SD001,Starbucks - Gaslamp Quarter,Downtown,2024-06-10,Monday,05:00,09:00,EMP00201,Lead Barista,Senior,4,Available,No,29,2,1,-1,Understaffed
SHF0000245,SD001,Starbucks - Gaslamp Quarter,Downtown,2024-06-10,Monday,17:00,21:00,EMP00444,Barista,Senior,4,Available,No,33,2,3,1,Overstaffed
SHF0000246,SD001,Starbucks - Gaslamp Quarter,Downtown,2024-06-17,Monday,06:00,10:00,EMP00420,Barista,Senior,4,Available,No,38,2,2,0,Balanced
SHF0000247,SD001,Starbucks - Gaslamp Quarter,Downtown,2024-06-17,Monday,06:00,10:00,EMP00242,Barista,Entry,4,Available,No,20,2,1,-1,Understaffed
SHF0000248,SD001,Starbucks - Gaslamp Quarter,Downtown,2024-06-17,Monday,15:00,19:00,EMP00482,Barista,Intermediate,4,Available,No,24,2,3,1,Overstaffed
SHF0000249,SD001,Starbucks - Gaslamp Quarter,Downtown,2024-06-17,Monday,09:00,13:00,EMP00090,Barista,Intermediate,4,Available,No,92,4,2,-2,Understaffed
SHF0000250,SD001,Starbucks - Gaslamp Quarter,Downtown,2024-06-17,Monday,18:00,22:00,EMP00209,Barista,Intermediate,4,Available,No,29,2,2,0,Balanced
SHF0000251,SD001,Starbucks - Gaslamp Quarter,Downtown,2024-06-17,Monday,13:00,17:00,EMP00126,Shift Supervisor,Senior,4,Available,No,64,3,3,0,Balanced
SHF0000252,SD001,Starbucks - Gaslamp Quarter,Downtown,2024-06-17,Monday,05:00,09:00,EMP00234,Barista,Entry,4,Available,No,25,2,1,-1,Understaffed
SHF0000253,SD001,Starbucks - Gaslamp Quarter,Downtown,2024-06-17,Monday,13:00,17:00,EMP00205,Barista,Entry,4,Available,No,56,2,2,0,Balanced
SHF0000254,SD001,Starbucks - Gaslamp Quarter,Downtown,2024-06-17,Monday,07:00,11:00,EMP00133,Barista,Entry,4,Available,No,74,3,3,0,Balanced
SHF0000255,SD001,Starbucks - Gaslamp Quarter,Downtown,2024-06-17,Monday,09:00,13:00,EMP00138,Barista,Intermediate,4,Available,No,83,4,4,0,Balanced
SHF0000256,SD001,Starbucks - Gaslamp Quarter,Downtown,2024-06-17,Monday,10:00,14:00,EMP00141,Barista,Intermediate,4,Available,No,37,2,2,0,Balanced
SHF0000257,SD001,Starbucks - Gaslamp Quarter,Downtown,2024-06-24,Monday,15:00,19:00,EMP00466,Barista,Entry,4,Available,No,29,2,2,0,Balanced
SHF0000258,SD001,Starbucks - Gaslamp Quarter,Downtown,2024-06-24,Monday,07:00,11:00,EMP00499,Barista,Senior,4,Available,No,91,4,4,0,Balanced
SHF0000259,SD001,Starbucks - Gaslamp Quarter,Downtown,2024-06-24,Monday,06:00,10:00,EMP00102,Shift Supervisor,Entry,4,Available,No,45,2,2,0,Balanced
SHF0000260,SD001,Starbucks - Gaslamp Quarter,Downtown,2024-06-24,Monday,14:00,18:00,EMP00461,Barista,Entry,4,Available,No,34,2,2,0,Balanced
SHF0000261,SD001,Starbucks - Gaslamp Quarter,Downtown,2024-06-24,Monday,10:00,14:00,EMP00100,Shift Supervisor,Senior,4,Available,No,60,3,3,0,Balanced
SHF0000262,SD001,Starbucks - Gaslamp Quarter,Downtown,2024-06-24,Monday,05:00,09:00,EMP00256,Barista,Intermediate,4,Available,No,28,2,1,-1,Understaffed
SHF0000263,SD001,Starbucks - Gaslamp Quarter,Downtown,2024-06-24,Monday,07:00,11:00,EMP00142,Barista,Entry,4,Available,No,117,5,7,2,Overstaffed
SHF0000264,SD001,Starbucks - Gaslamp Quarter,Downtown,2024-06-24,Monday,15:00,19:00,EMP00045,Barista,Intermediate,4,Available,No,42,2,1,-1,Understaffed
SHF0000265,SD001,Starbucks - Gaslamp Quarter,Downtown,2024-06-24,Monday,14:00,18:00,EMP00330,Shift Supervisor,Entry,4,Available,No,37,2,2,0,Balanced
SHF0000266,SD001,Starbucks - Gaslamp Quarter,Downtown,2024-06-24,Monday,15:00,19:00,EMP00061,Barista,Intermediate,4,Available,No,34,2,1,-1,Understaffed
SHF0000267,SD001,Starbucks - Gaslamp Quarter,Downtown,2024-06-24,Monday,17:00,21:00,EMP00302,Barista,Entry,4,Available,No,33,2,4,2,Overstaffed
SHF0000268,SD001,Starbucks - Gaslamp Quarter,Downtown,2024-07-01,Monday,17:00,21:00,EMP00023,Barista,Senior,4,Available,No,25,2,1,-1,Understaffed
SHF0000269,SD001,Starbucks - Gaslamp Quarter,Downtown,2024-07-01,Monday,06:00,10:00,EMP00294,Barista,Intermediate,4,Available,No,42,2,2,0,Balanced
SHF0000270,SD001,Starbucks - Gaslamp Quarter,Downtown,2024-07-01,Monday,18:00,22:00,EMP00322,Barista,Intermediate,4,Available,No,23,2,1,-1,Understaffed
SHF0000271,SD001,Starbucks - Gaslamp Quarter,Downtown,2024-07-01,Monday,15:00,19:00,EMP00039,Barista,Intermediate,4,Available,No,25,2,1,-1,Understaffed
SHF0000272,SD001,Starbucks - Gaslamp Quarter,Downtown,2024-07-01,Monday,06:00,10:00,EMP00077,Barista,Intermediate,4,Available,No,43,2,1,-1,Understaffed
SHF0000273,SD001,Starbucks - Gaslamp Quarter,Downtown,2024-07-01,Monday,06:00,10:00,EMP00227,Barista,Intermediate,4,Available,No,22,2,4,2,Overstaffed
SHF0000274,SD001,Starbucks - Gaslamp Quarter,Downtown,2024-07-01,Monday,14:00,18:00,EMP00087,Barista,Intermediate,4,Available,No,25,2,2,0,Balanced
SHF0000275,SD001,Starbucks - Gaslamp Quarter,Downtown,2024-07-01,Monday,17:00,21:00,EMP00305,Shift Supervisor,Intermediate,4,Available,No,35,2,2,0,Balanced
SHF0000276,SD001,Starbucks - Gaslamp Quarter,Downtown,2024-07-01,Monday,05:00,09:00,EMP00259,Shift Supervisor,Intermediate,4,Available,No,41,2,4,2,Overstaffed
SHF0000277,SD001,Starbucks - Gaslamp Quarter,Downtown,2024-07-08,Monday,05:00,09:00,EMP00381,Barista,Intermediate,4,Available,No,35,2,2,0,Balanced
SHF0000278,SD001,Starbucks - Gaslamp Quarter,Downtown,2024-07-08,Monday,11:00,15:00,EMP00289,Barista,Entry,4,Available,No,53,2,1,-1,Understaffed
SHF0000279,SD001,Starbucks - Gaslamp Quarter,Downtown,2024-07-08,Monday,06:00,10:00,EMP00257,Barista,Intermediate,4,Available,No,41,2,2,0,Balanced
SHF0000280,SD001,Starbucks - Gaslamp Quarter,Downtown,2024-07-08,Monday,09:00,13:00,EMP00013,Barista,Intermediate,4,Available,No,113,5,5,0,Balanced
SHF0000281,SD001,Starbucks - Gaslamp Quarter,Downtown,2024-07-08,Monday,17:00,21:00,EMP00153,Lead Barista,Entry,4,Available,No,38,2,2,0,Balanced
SHF0000282,SD001,Starbucks - Gaslamp Quarter,Downtown,2024-07-08,Monday,14:00,18:00,EMP00425,Barista,Entry,4,Available,No,22,2,2,0,Balanced
SHF0000283,SD001,Starbucks - Gaslamp Quarter,Downtown,2024-07-08,Monday,10:00,14:00,EMP00015,Barista,Intermediate,4,Available,No,56,2,4,2,Overstaffed
SHF0000284,SD001,Starbucks - Gaslamp Quarter,Downtown,2024-07-08,Monday,06:00,10:00,EMP00266,Shift Supervisor,Intermediate,4,Available,No,42,2,2,0,Balanced
SHF0000285,SD001,Starbucks - Gaslamp Quarter,Downtown,2024-07-08,Monday,07:00,11:00,EMP00481,Barista,Intermediate,4,Available,No,84,4,4,0,Balanced
SHF0000286,SD001,Starbucks - Gaslamp Quarter,Downtown,2024-07-08,Monday,05:00,09:00,EMP00392,Barista,Entry,4,Available,No,25,2,1,-1,Understaffed
SHF0000287,SD001,Starbucks - Gaslamp Quarter,Downtown,2024-07-08,Monday,18:00,22:00,EMP00081,Shift Supervisor,Intermediate,4,Available,No,33,2,4,2,Overstaffed
SHF0000288,SD001,Starbucks - Gaslamp Quarter,Downtown,2024-07-15,Monday,11:00,15:00,EMP00467,Shift Supervisor,Senior,4,Available,No,62,3,3,0,Balanced
SHF0000289,SD001,Starbucks - Gaslamp Quarter,Downtown,2024-07-15,Monday,09:00,13:00,EMP00207,Barista,Intermediate,4,Available,No,84,4,6,2,Overstaffed
SHF0000290,SD001,Starbucks - Gaslamp Quarter,Downtown,2024-07-15,Monday,07:00,11:00,EMP00382,Shift Supervisor,Entry,4,Available,No,80,4,4,0,Balanced
SHF0000291,SD001,Starbucks - Gaslamp Quarter,Downtown,2024-07-15,Monday,09:00,13:00,EMP00176,Barista,Senior,4,Available,No,76,3,3,0,Balanced
SHF0000292,SD001,Starbucks - Gaslamp Quarter,Downtown,2024-07-15,Monday,17:00,21:00,EMP00362,Lead Barista,Intermediate,4,Available,No,28,2,2,0,Balanced
SHF0000293,SD001,Starbucks - Gaslamp Quarter,Downtown,2024-07-15,Monday,14:00,18:00,EMP00280,Barista,Entry,4,Available,No,38,2,2,0,Balanced
SHF0000294,SD001,Starbucks - Gaslamp Quarter,Downtown,2024-07-15,Monday,11:00,15:00,EMP00121,Barista,Entry,4,Available,No,58,2,1,-1,Understaffed
SHF0000295,SD001,Starbucks - Gaslamp Quarter,Downtown,2024-07-15,Monday,09:00,13:00,EMP00088,Barista,Intermediate,4,Available,No,105,5,5,0,Balanced
SHF0000296,SD001,Starbucks - Gaslamp Quarter,Downtown,2024-07-15,Monday,15:00,19:00,EMP00464,Barista,Senior,4,Available,No,39,2,2,0,Balanced
SHF0000297,SD001,Starbucks - Gaslamp Quarter,Downtown,2024-07-22,Monday,18:00,22:00,EMP00135,Barista,Entry,4,Available,No,27,2,2,0,Balanced
SHF0000298,SD001,Starbucks - Gaslamp Quarter,Downtown,2024-07-22,Monday,06:00,10:00,EMP00160,Shift Supervisor,Senior,4,Available,No,38,2,1,-1,Understaffed
SHF0000299,SD001,Starbucks - Gaslamp Quarter,Downtown,2024-07-22,Monday,10:00,14:00,EMP00438,Barista,Senior,4,Available,No,43,2,2,0,Balanced
SHF0000300,SD001,Starbucks - Gaslamp Quarter,Downtown,2024-07-22,Monday,11:00,15:00,EMP00333,Shift Supervisor,Entry,4,Available,No,50,2,2,0,Balanced
SHF0000301,SD001,Starbucks - Gaslamp Quarter,Downtown,2024-07-22,Monday,17:00,21:00,EMP00483,Barista,Senior,4,Available,No,33,2,2,0,Balanced
SHF0000302,SD001,Starbucks - Gaslamp Quarter,Downtown,2024-07-22,Monday,18:00,22:00,EMP00348,Barista,Intermediate,4,Available,No,33,2,1,-1,Understaffed
SHF0000303,SD001,Starbucks - Gaslamp Quarter,Downtown,2024-07-22,Monday,17:00,21:00,EMP00019,Barista,Intermediate,4,Available,No,21,2,1,-1,Understaffed
SHF0000304,SD001,Starbucks - Gaslamp Quarter,Downtown,2024-07-22,Monday,06:00,10:00,EMP00342,Barista,Intermediate,4,Available,No,40,2,2,0,Balanced
SHF0000305,SD002,Starbucks - Pacific Beach Boardwalk,Pacific Beach,2024-01-01,Monday,09:00,13:00,EMP00185,Barista,Senior,4,Available,No,85,4,3,-1,Understaffed
SHF0000306,SD002,Starbucks - Pacific Beach Boardwalk,Pacific Beach,2024-01-01,Monday,18:00,22:00,EMP00163,Barista,Entry,4,Available,No,34,2,2,0,Balanced
SHF0000307,SD002,Starbucks - Pacific Beach Boardwalk,Pacific Beach,2024-01-01,Monday,13:00,17:00,EMP00160,Shift Supervisor,Intermediate,4,Available,No,56,2,4,2,Overstaffed
SHF0000308,SD002,Starbucks - Pacific Beach Boardwalk,Pacific Beach,2024-01-01,Monday,06:00,10:00,EMP00335,Barista,Intermediate,4,Available,No,30,2,2,0,Balanced
SHF0000309,SD002,Starbucks - Pacific Beach Boardwalk,Pacific Beach,2024-01-01,Monday,07:00,11:00,EMP00370,Barista,Intermediate,4,Available,No,86,4,4,0,Balanced
SHF0000310,SD002,Starbucks - Pacific Beach Boardwalk,Pacific Beach,2024-01-01,Monday,15:00,19:00,EMP00477,Barista,Senior,4,Available,No,35,2,2,0,Balanced
SHF0000311,SD002,Starbucks - Pacific Beach Boardwalk,Pacific Beach,2024-01-01,Monday,09:00,13:00,EMP00144,Barista,Intermediate,4,Available,No,77,3,3,0,Balanced
SHF0000312,SD002,Starbucks - Pacific Beach Boardwalk,Pacific Beach,2024-01-01,Monday,10:00,14:00,EMP00288,Barista,Intermediate,4,Available,No,61,3,3,0,Balanced
SHF0000313,SD002,Starbucks - Pacific Beach Boardwalk,Pacific Beach,2024-01-01,Monday,18:00,22:00,EMP00268,Barista,Intermediate,4,Available,No,26,2,4,2,Overstaffed
SHF0000314,SD002,Starbucks - Pacific Beach Boardwalk,Pacific Beach,2024-01-01,Monday,07:00,11:00,EMP00082,Barista,Entry,4,Available,No,74,3,1,-2,Understaffed
SHF0000315,SD002,Starbucks - Pacific Beach Boardwalk,Pacific Beach,2024-01-08,Monday,10:00,14:00,EMP00399,Barista,Entry,4,Available,No,64,3,2,-1,Understaffed
SHF0000316,SD002,Starbucks - Pacific Beach Boardwalk,Pacific Beach,2024-01-08,Monday,07:00,11:00,EMP00493,Lead Barista,Entry,4,Available,No,75,3,3,0,Balanced
SHF0000317,SD002,Starbucks - Pacific Beach Boardwalk,Pacific Beach,2024-01-08,Monday,06:00,10:00,EMP00143,Barista,Senior,4,Available,No,34,2,2,0,Balanced
SHF0000318,SD002,Starbucks - Pacific Beach Boardwalk,Pacific Beach,2024-01-08,Monday,05:00,09:00,EMP00095,Barista,Intermediate,4,Available,No,42,2,4,2,Overstaffed
SHF0000319,SD002,Starbucks - Pacific Beach Boardwalk,Pacific Beach,2024-01-08,Monday,10:00,14:00,EMP00445,Shift Supervisor,Intermediate,4,Available,No,46,2,2,0,Balanced
SHF0000320,SD002,Starbucks - Pacific Beach Boardwalk,Pacific Beach,2024-01-08,Monday,09:00,13:00,EMP00388,Barista,Intermediate,4,Available,No,75,3,5,2,Overstaffed
SHF0000321,SD002,Starbucks - Pacific Beach Boardwalk,Pacific Beach,2024-01-08,Monday,13:00,17:00,EMP00091,Barista,Intermediate,4,Available,No,45,2,1,-1,Understaffed
SHF0000322,SD002,Starbucks - Pacific Beach Boardwalk,Pacific Beach,2024-01-08,Monday,09:00,13:00,EMP00024,Barista,Intermediate,4,Available,No,72,3,5,2,Overstaffed
SHF0000323,SD002,Starbucks - Pacific Beach Boardwalk,Pacific Beach,2024-01-08,Monday,14:00,18:00,EMP00338,Barista,Intermediate,4,Available,No,37,2,2,0,Balanced
SHF0000324,SD002,Starbucks - Pacific Beach Boardwalk,Pacific Beach,2024-01-08,Monday,11:00,15:00,EMP00166,Barista,Entry,4,Available,No,40,2,2,0,Balanced
SHF0000325,SD002,Starbucks - Pacific Beach Boardwalk,Pacific Beach,2024-01-08,Monday,09:00,13:00,EMP00171,Barista,Intermediate,4,Available,No,78,3,3,0,Balanced
SHF0000326,SD002,Starbucks - Pacific Beach Boardwalk,Pacific Beach,2024-01-15,Monday,18:00,22:00,EMP00146,Barista,Senior,4,Available,No,39,2,1,-1,Understaffed
SHF0000327,SD002,Starbucks - Pacific Beach Boardwalk,Pacific Beach,2024-01-15,Monday,14:00,18:00,EMP00079,Barista,Senior,4,Available,No,28,2,2,0,Balanced
SHF0000328,SD002,Starbucks - Pacific Beach Boardwalk,Pacific Beach,2024-01-15,Monday,14:00,18:00,EMP00129,Barista,Entry,4,Available,No,41,2,2,0,Balanced
SHF0000329,SD002,Starbucks - Pacific Beach Boardwalk,Pacific Beach,2024-01-15,Monday,05:00,09:00,EMP00220,Barista,Intermediate,4,Available,No,30,2,2,0,Balanced
SHF0000330,SD002,Starbucks - Pacific Beach Boardwalk,Pacific Beach,2024-01-15,Monday,15:00,19:00,EMP00200,Barista,Intermediate,4,Available,No,43,2,1,-1,Understaffed
SHF0000331,SD002,Starbucks - Pacific Beach Boardwalk,Pacific Beach,2024-01-15,Monday,18:00,22:00,EMP00494,Barista,Entry,4,Available,No,42,2,1,-1,Understaffed
SHF0000332,SD002,Starbucks - Pacific Beach Boardwalk,Pacific Beach,2024-01-15,Monday,18:00,22:00,EMP00067,Barista,Entry,4,Available,No,44,2,1,-1,Understaffed
SHF0000333,SD002,Starbucks - Pacific Beach Boardwalk,Pacific Beach,2024-01-15,Monday,07:00,11:00,EMP00043,Barista,Intermediate,4,Available,No,59,2,2,0,Balanced
SHF0000334,SD002,Starbucks - Pacific Beach Boardwalk,Pacific Beach,2024-01-15,Monday,14:00,18:00,EMP00363,Barista,Entry,4,Available,No,26,2,2,0,Balanced
SHF0000335,SD002,Starbucks - Pacific Beach Boardwalk,Pacific Beach,2024-01-22,Monday,13:00,17:00,EMP00200,Barista,Intermediate,4,Available,No,64,3,3,0,Balanced
SHF0000336,SD002,Starbucks - Pacific Beach Boardwalk,Pacific Beach,2024-01-22,Monday,14:00,18:00,EMP00479,Barista,Entry,4,Available,No,25,2,2,0,Balanced
SHF0000337,SD002,Starbucks - Pacific Beach Boardwalk,Pacific Beach,2024-01-22,Monday,18:00,22:00,EMP00061,Barista,Entry,4,Available,No,26,2,2,0,Balanced
SHF0000338,SD002,Starbucks - Pacific Beach Boardwalk,Pacific Beach,2024-01-22,Monday,06:00,10:00,EMP00300,Barista,Entry,4,Available,No,25,2,2,0,Balanced
SHF0000339,SD002,Starbucks - Pacific Beach Boardwalk,Pacific Beach,2024-01-22,Monday,11:00,15:00,EMP00453,Barista,Intermediate,4,Available,No,40,2,2,0,Balanced
SHF0000340,SD002,Starbucks - Pacific Beach Boardwalk,Pacific Beach,2024-01-22,Monday,05:00,09:00,EMP00449,Lead Barista,Entry,4,Available,No,27,2,3,1,Overstaffed
SHF0000341,SD002,Starbucks - Pacific Beach Boardwalk,Pacific Beach,2024-01-22,Monday,06:00,10:00,EMP00495,Barista,Entry,4,Available,No,34,2,1,-1,Understaffed
SHF0000342,SD002,Starbucks - Pacific Beach Boardwalk,Pacific Beach,2024-01-22,Monday,07:00,11:00,EMP00244,Barista,Intermediate,4,Available,No,85,4,4,0,Balanced
SHF0000343,SD002,Starbucks - Pacific Beach Boardwalk,Pacific Beach,2024-01-22,Monday,15:00,19:00,EMP00451,Barista,Intermediate,4,Available,No,38,2,2,0,Balanced
SHF0000344,SD002,Starbucks - Pacific Beach Boardwalk,Pacific Beach,2024-01-22,Monday,07:00,11:00,EMP00245,Barista,Intermediate,4,Available,No,82,4,4,0,Balanced
SHF0000345,SD002,Starbucks - Pacific Beach Boardwalk,Pacific Beach,2024-01-29,Monday,18:00,22:00,EMP00320,Shift Supervisor,Entry,4,Available,No,29,2,1,-1,Understaffed
SHF0000346,SD002,Starbucks - Pacific Beach Boardwalk,Pacific Beach,2024-01-29,Monday,17:00,21:00,EMP00101,Barista,Senior,4,Available,No,34,2,2,0,Balanced
SHF0000347,SD002,Starbucks - Pacific Beach Boardwalk,Pacific Beach,2024-01-29,Monday,17:00,21:00,EMP00378,Barista,Senior,4,Available,No,33,2,2,0,Balanced
SHF0000348,SD002,Starbucks - Pacific Beach Boardwalk,Pacific Beach,2024-01-29,Monday,15:00,19:00,EMP00075,Shift Supervisor,Entry,4,Available,No,23,2,2,0,Balanced
SHF0000349,SD002,Starbucks - Pacific Beach Boardwalk,Pacific Beach,2024-01-29,Monday,18:00,22:00,EMP00395,Barista,Intermediate,4,Available,No,41,2,1,-1,Understaffed
SHF0000350,SD002,Starbucks - Pacific Beach Boardwalk,Pacific Beach,2024-01-29,Monday,10:00,14:00,EMP00376,Barista,Intermediate,4,Available,No,62,3,3,0,Balanced
SHF0000351,SD002,Starbucks - Pacific Beach Boardwalk,Pacific Beach,2024-01-29,Monday,15:00,19:00,EMP00107,Barista,Intermediate,4,Available,No,34,2,2,0,Balanced
SHF0000352,SD002,Starbucks - Pacific Beach Boardwalk,Pacific Beach,2024-01-29,Monday,18:00,22:00,EMP00377,Shift Supervisor,Entry,4,Available,No,25,2,2,0,Balanced
SHF0000353,SD002,Starbucks - Pacific Beach Boardwalk,Pacific Beach,2024-01-29,Monday,15:00,19:00,EMP00219,Barista,Entry,4,Available,No,25,2,2,0,Balanced
SHF0000354,SD002,Starbucks - Pacific Beach Boardwalk,Pacific Beach,2024-02-05,Monday,07:00,11:00,EMP00279,Shift Supervisor,Intermediate,4,Available,No,83,4,3,-1,Understaffed
SHF0000355,SD002,Starbucks - Pacific Beach Boardwalk,Pacific Beach,2024-02-05,Monday,05:00,09:00,EMP00291,Barista,Entry,4,Available,No,26,2,2,0,Balanced
SHF0000356,SD002,Starbucks - Pacific Beach Boardwalk,Pacific Beach,2024-02-05,Monday,07:00,11:00,EMP00471,Barista,Entry,4,Available,No,86,4,2,-2,Understaffed
SHF0000357,SD002,Starbucks - Pacific Beach Boardwalk,Pacific Beach,2024-02-05,Monday,10:00,14:00,EMP00361,Lead Barista,Intermediate,4,Available,No,38,2,2,0,Balanced
SHF0000358,SD002,Starbucks - Pacific Beach Boardwalk,Pacific Beach,2024-02-05,Monday,11:00,15:00,EMP00025,Shift Supervisor,Entry,4,Available,No,45,2,4,2,Overstaffed
SHF0000359,SD002,Starbucks - Pacific Beach Boardwalk,Pacific Beach,2024-02-05,Monday,07:00,11:00,EMP00464,Shift Supervisor,Intermediate,4,Available,No,67,3,3,0,Balanced
SHF0000360,SD002,Starbucks - Pacific Beach Boardwalk,Pacific Beach,2024-02-05,Monday,15:00,19:00,EMP00032,Barista,Intermediate,4,Available,No,40,2,2,0,Balanced
SHF0000361,SD002,Starbucks - Pacific Beach Boardwalk,Pacific Beach,2024-02-05,Monday,17:00,21:00,EMP00409,Barista,Intermediate,4,Available,No,21,2,2,0,Balanced
SHF0000362,SD002,Starbucks - Pacific Beach Boardwalk,Pacific Beach,2024-02-05,Monday,07:00,11:00,EMP00398,Barista,Entry,4,Available,No,87,4,4,0,Balanced
SHF0000363,SD002,Starbucks - Pacific Beach Boardwalk,Pacific Beach,2024-02-05,Monday,13:00,17:00,EMP00253,Barista,Entry,4,Available,No,52,2,2,0,Balanced
SHF0000364,SD002,Starbucks - Pacific Beach Boardwalk,Pacific Beach,2024-02-05,Monday,14:00,18:00,EMP00245,Barista,Intermediate,4,Available,No,28,2,2,0,Balanced
SHF0000365,SD002,Starbucks - Pacific Beach Boardwalk,Pacific Beach,2024-02-05,Monday,13:00,17:00,EMP00097,Barista,Entry,4,Available,No,39,2,2,0,Balanced
SHF0000366,SD002,Starbucks - Pacific Beach Boardwalk,Pacific Beach,2024-02-12,Monday,05:00,09:00,EMP00448,Shift Supervisor,Entry,4,Available,No,29,2,2,0,Balanced
SHF0000367,SD002,Starbucks - Pacific Beach Boardwalk,Pacific Beach,2024-02-12,Monday,06:00,10:00,EMP00240,Barista,Entry,4,Available,No,25,2,2,0,Balanced
SHF0000368,SD002,Starbucks - Pacific Beach Boardwalk,Pacific Beach,2024-02-12,Monday,13:00,17:00,EMP00409,Barista,Intermediate,4,Available,No,56,2,1,-1,Understaffed
SHF0000369,SD002,Starbucks - Pacific Beach Boardwalk,Pacific Beach,2024-02-12,Monday,17:00,21:00,EMP00220,Barista,Entry,4,Available,No,33,2,2,0,Balanced
SHF0000370,SD002,Starbucks - Pacific Beach Boardwalk,Pacific Beach,2024-02-12,Monday,09:00,13:00,EMP00261,Barista,Intermediate,4,Available,No,64,3,3,0,Balanced
SHF0000371,SD002,Starbucks - Pacific Beach Boardwalk,Pacific Beach,2024-02-12,Monday,15:00,19:00,EMP00251,Lead Barista,Intermediate,4,Available,No,29,2,1,-1,Understaffed
SHF0000372,SD002,Starbucks - Pacific Beach Boardwalk,Pacific Beach,2024-02-12,Monday,11:00,15:00,EMP00093,Barista,Entry,4,Available,No,62,3,2,-1,Understaffed
SHF0000373,SD002,Starbucks - Pacific Beach Boardwalk,Pacific Beach,2024-02-12,Monday,17:00,21:00,EMP00410,Barista,Entry,4,Available,No,28,2,2,0,Balanced
SHF0000374,SD002,Starbucks - Pacific Beach Boardwalk,Pacific Beach,2024-02-12,Monday,15:00,19:00,EMP00124,Barista,Entry,4,Available,No,24,2,2,0,Balanced
SHF0000375,SD002,Starbucks - Pacific Beach Boardwalk,Pacific Beach,2024-02-12,Monday,09:00,13:00,EMP00184,Barista,Intermediate,4,Called Out,Yes,75,3,3,0,Balanced
SHF0000376,SD002,Starbucks - Pacific Beach Boardwalk,Pacific Beach,2024-02-12,Monday,09:00,13:00,EMP00194,Lead Barista,Intermediate,4,Available,No,61,3,1,-2,Understaffed
SHF0000377,SD002,Starbucks - Pacific Beach Boardwalk,Pacific Beach,2024-02-19,Monday,15:00,19:00,EMP00475,Barista,Intermediate,4,Available,No,38,2,2,0,Balanced
SHF0000378,SD002,Starbucks - Pacific Beach Boardwalk,Pacific Beach,2024-02-19,Monday,17:00,21:00,EMP00354,Barista,Entry,4,Available,No,23,2,1,-1,Understaffed
SHF0000379,SD002,Starbucks - Pacific Beach Boardwalk,Pacific Beach,2024-02-19,Monday,07:00,11:00,EMP00275,Barista,Senior,4,Available,No,63,3,3,0,Balanced
SHF0000380,SD002,Starbucks - Pacific Beach Boardwalk,Pacific Beach,2024-02-19,Monday,13:00,17:00,EMP00343,Barista,Entry,4,Available,No,37,2,2,0,Balanced
SHF0000381,SD002,Starbucks - Pacific Beach Boardwalk,Pacific Beach,2024-02-19,Monday,06:00,10:00,EMP00079,Barista,Intermediate,4,Available,No,31,2,2,0,Balanced
SHF0000382,SD002,Starbucks - Pacific Beach Boardwalk,Pacific Beach,2024-02-19,Monday,07:00,11:00,EMP00196,Barista,Intermediate,4,Available,No,64,3,3,0,Balanced
SHF0000383,SD002,Starbucks - Pacific Beach Boardwalk,Pacific Beach,2024-02-19,Monday,07:00,11:00,EMP00425,Barista,Intermediate,4,Available,No,71,3,5,2,Overstaffed
SHF0000384,SD002,Starbucks - Pacific Beach Boardwalk,Pacific Beach,2024-02-19,Monday,06:00,10:00,EMP00069,Shift Supervisor,Senior,4,Available,No,41,2,2,0,Balanced
SHF0000385,SD002,Starbucks - Pacific Beach Boardwalk,Pacific Beach,2024-02-19,Monday,10:00,14:00,EMP00015,Barista,Senior,4,Available,No,58,2,4,2,Overstaffed
SHF0000386,SD002,Starbucks - Pacific Beach Boardwalk,Pacific Beach,2024-02-19,Monday,09:00,13:00,EMP00387,Barista,Senior,4,Available,No,62,3,3,0,Balanced
SHF0000387,SD002,Starbucks - Pacific Beach Boardwalk,Pacific Beach,2024-02-26,Monday,05:00,09:00,EMP00423,Shift Supervisor,Entry,4,Available,No,45,2,2,0,Balanced
SHF0000388,SD002,Starbucks - Pacific Beach Boardwalk,Pacific Beach,2024-02-26,Monday,06:00,10:00,EMP00120,Barista,Entry,4,Available,No,45,2,1,-1,Understaffed
SHF0000389,SD002,Starbucks - Pacific Beach Boardwalk,Pacific Beach,2024-02-26,Monday,17:00,21:00,EMP00126,Barista,Entry,4,Available,No,25,2,2,0,Balanced
SHF0000390,SD002,Starbucks - Pacific Beach Boardwalk,Pacific Beach,2024-02-26,Monday,13:00,17:00,EMP00085,Shift Supervisor,Entry,4,Available,No,60,3,4,1,Overstaffed
SHF0000391,SD002,Starbucks - Pacific Beach Boardwalk,Pacific Beach,2024-02-26,Monday,07:00,11:00,EMP00323,Barista,Intermediate,4,Available,No,77,3,3,0,Balanced
SHF0000392,SD002,Starbucks - Pacific Beach Boardwalk,Pacific Beach,2024-02-26,Monday,13:00,17:00,EMP00299,Barista,Entry,4,Available,No,61,3,3,0,Balanced
SHF0000393,SD002,Starbucks - Pacific Beach Boardwalk,Pacific Beach,2024-02-26,Monday,18:00,22:00,EMP00084,Barista,Entry,4,Available,No,43,2,2,0,Balanced
SHF0000394,SD002,Starbucks - Pacific Beach Boardwalk,Pacific Beach,2024-02-26,Monday,07:00,11:00,EMP00370,Barista,Intermediate,4,Available,No,73,3,3,0,Balanced
SHF0000395,SD002,Starbucks - Pacific Beach Boardwalk,Pacific Beach,2024-02-26,Monday,13:00,17:00,EMP00244,Barista,Entry,4,Available,No,38,2,2,0,Balanced
SHF0000396,SD002,Starbucks - Pacific Beach Boardwalk,Pacific Beach,2024-02-26,Monday,09:00,13:00,EMP00108,Barista,Intermediate,4,Available,No,64,3,3,0,Balanced
SHF0000397,SD002,Starbucks - Pacific Beach Boardwalk,Pacific Beach,2024-02-26,Monday,17:00,21:00,EMP00036,Barista,Entry,4,Available,No,25,2,2,0,Balanced
SHF0000398,SD002,Starbucks - Pacific Beach Boardwalk,Pacific Beach,2024-02-26,Monday,15:00,19:00,EMP00229,Barista,Intermediate,4,Available,No,35,2,2,0,Balanced
SHF0000399,SD002,Starbucks - Pacific Beach Boardwalk,Pacific Beach,2024-03-04,Monday,17:00,21:00,EMP00477,Shift Supervisor,Intermediate,4,Available,No,28,2,2,0,Balanced
SHF0000400,SD002,Starbucks - Pacific Beach Boardwalk,Pacific Beach,2024-03-04,Monday,11:00,15:00,EMP00469,Barista,Senior,4,Available,No,49,2,2,0,Balanced
SHF0000401,SD002,Starbucks - Pacific Beach Boardwalk,Pacific Beach,2024-03-04,Monday,10:00,14:00,EMP00174,Barista,Intermediate,4,Available,No,56,2,2,0,Balanced
SHF0000402,SD002,Starbucks - Pacific Beach Boardwalk,Pacific Beach,2024-03-04,Monday,05:00,09:00,EMP00492,Barista,Entry,4,Available,No,42,2,2,0,Balanced
SHF0000403,SD002,Starbucks - Pacific Beach Boardwalk,Pacific Beach,2024-03-04,Monday,18:00,22:00,EMP00279,Barista,Entry,4,Available,No,31,2,4,2,Overstaffed
SHF0000404,SD002,Starbucks - Pacific Beach Boardwalk,Pacific Beach,2024-03-04,Monday,05:00,09:00,EMP00292,Barista,Senior,4,Available,No,43,2,2,0,Balanced
SHF0000405,SD002,Starbucks - Pacific Beach Boardwalk,Pacific Beach,2024-03-04,Monday,17:00,21:00,EMP00239,Barista,Entry,4,Available,No,31,2,1,-1,Understaffed
SHF0000406,SD002,Starbucks - Pacific Beach Boardwalk,Pacific Beach,2024-03-04,Monday,13:00,17:00,EMP00160,Shift Supervisor,Intermediate,4,Available,No,55,2,1,-1,Understaffed
SHF0000407,SD002,Starbucks - Pacific Beach Boardwalk,Pacific Beach,2024-03-04,Monday,06:00,10:00,EMP00157,Barista,Entry,4,Available,No,25,2,2,0,Balanced
SHF0000408,SD002,Starbucks - Pacific Beach Boardwalk,Pacific Beach,2024-03-04,Monday,14:00,18:00,EMP00257,Barista,Intermediate,4,Available,No,28,2,2,0,Balanced
SHF0000409,SD002,Starbucks - Pacific Beach Boardwalk,Pacific Beach,2024-03-04,Monday,15:00,19:00,EMP00181,Barista,Intermediate,4,Available,No,28,2,2,0,Balanced
SHF0000410,SD002,Starbucks - Pacific Beach Boardwalk,Pacific Beach,2024-03-11,Monday,13:00,17:00,EMP00268,Barista,Senior,4,Available,No,37,2,2,0,Balanced
SHF0000411,SD002,Starbucks - Pacific Beach Boardwalk,Pacific Beach,2024-03-11,Monday,05:00,09:00,EMP00485,Barista,Entry,4,Available,No,24,2,2,0,Balanced
SHF0000412,SD002,Starbucks - Pacific Beach Boardwalk,Pacific Beach,2024-03-11,Monday,18:00,22:00,EMP00307,Shift Supervisor,Senior,4,Available,No,26,2,2,0,Balanced
SHF0000413,SD002,Starbucks - Pacific Beach Boardwalk,Pacific Beach,2024-03-11,Monday,09:00,13:00,EMP00390,Barista,Senior,4,Available,No,80,4,4,0,Balanced
SHF0000414,SD002,Starbucks - Pacific Beach Boardwalk,Pacific Beach,2024-03-11,Monday,11:00,15:00,EMP00367,Barista,Intermediate,4,Available,No,48,2,1,-1,Understaffed
SHF0000415,SD002,Starbucks - Pacific Beach Boardwalk,Pacific Beach,2024-03-11,Monday,14:00,18:00,EMP00058,Barista,Senior,4,Available,No,32,2,2,0,Balanced
SHF0000416,SD002,Starbucks - Pacific Beach Boardwalk,Pacific Beach,2024-03-11,Monday,13:00,17:00,EMP00036,Barista,Senior,4,Available,No,44,2,2,0,Balanced
SHF0000417,SD002,Starbucks - Pacific Beach Boardwalk,Pacific Beach,2024-03-11,Monday,07:00,11:00,EMP00194,Barista,Entry,4,Available,No,67,3,1,-2,Understaffed
SHF0000418,SD002,Starbucks - Pacific Beach Boardwalk,Pacific Beach,2024-03-11,Monday,17:00,21:00,EMP00222,Barista,Entry,4,Available,No,36,2,2,0,Balanced
SHF0000419,SD002,Starbucks - Pacific Beach Boardwalk,Pacific Beach,2024-03-11,Monday,17:00,21:00,EMP00124,Barista,Intermediate,4,Available,No,32,2,2,0,Balanced
SHF0000420,SD002,Starbucks - Pacific Beach Boardwalk,Pacific Beach,2024-03-11,Monday,10:00,14:00,EMP00451,Barista,Entry,4,Available,No,42,2,2,0,Balanced
SHF0000421,SD002,Starbucks - Pacific Beach Boardwalk,Pacific Beach,2024-03-18,Monday,10:00,14:00,EMP00133,Barista,Intermediate,4,Available,No,49,2,2,0,Balanced
SHF0000422,SD002,Starbucks - Pacific Beach Boardwalk,Pacific Beach,2024-03-18,Monday,06:00,10:00,EMP00094,Barista,Senior,4,Available,No,35,2,1,-1,Understaffed
SHF0000423,SD002,Starbucks - Pacific Beach Boardwalk,Pacific Beach,2024-03-18,Monday,05:00,09:00,EMP00055,Barista,Intermediate,4,Available,No,44,2,2,0,Balanced
SHF0000424,SD002,Starbucks - Pacific Beach Boardwalk,Pacific Beach,2024-03-18,Monday,07:00,11:00,EMP00439,Barista,Entry,4,Available,No,79,3,5,2,Overstaffed
SHF0000425,SD002,Starbucks - Pacific Beach Boardwalk,Pacific Beach,2024-03-18,Monday,18:00,22:00,EMP00015,Barista,Entry,4,Available,No,36,2,2,0,Balanced
SHF0000426,SD002,Starbucks - Pacific Beach Boardwalk,Pacific Beach,2024-03-18,Monday,06:00,10:00,EMP00492,Lead Barista,Entry,4,Available,No,22,2,1,-1,Understaffed
SHF0000427,SD002,Starbucks - Pacific Beach Boardwalk,Pacific Beach,2024-03-18,Monday,06:00,10:00,EMP00225,Barista,Intermediate,4,Available,No,37,2,3,1,Overstaffed
SHF0000428,SD002,Starbucks - Pacific Beach Boardwalk,Pacific Beach,2024-03-18,Monday,17:00,21:00,EMP00098,Barista,Entry,4,Available,No,33,2,4,2,Overstaffed
SHF0000429,SD002,Starbucks - Pacific Beach Boardwalk,Pacific Beach,2024-03-25,Monday,17:00,21:00,EMP00375,Barista,Intermediate,4,Available,No,27,2,1,-1,Understaffed
SHF0000430,SD002,Starbucks - Pacific Beach Boardwalk,Pacific Beach,2024-03-25,Monday,09:00,13:00,EMP00298,Barista,Intermediate,4,Available,No,86,4,4,0,Balanced
SHF0000431,SD002,Starbucks - Pacific Beach Boardwalk,Pacific Beach,2024-03-25,Monday,15:00,19:00,EMP00011,Barista,Intermediate,4,Available,No,40,2,2,0,Balanced
SHF0000432,SD002,Starbucks - Pacific Beach Boardwalk,Pacific Beach,2024-03-25,Monday,07:00,11:00,EMP00409,Barista,Intermediate,4,Available,No,69,3,3,0,Balanced
SHF0000433,SD002,Starbucks - Pacific Beach Boardwalk,Pacific Beach,2024-03-25,Monday,10:00,14:00,EMP00264,Barista,Entry,4,Available,No,52,2,2,0,Balanced
SHF0000434,SD002,Starbucks - Pacific Beach Boardwalk,Pacific Beach,2024-03-25,Monday,18:00,22:00,EMP00247,Barista,Senior,4,Available,No,43,2,2,0,Balanced
SHF0000435,SD002,Starbucks - Pacific Beach Boardwalk,Pacific Beach,2024-03-25,Monday,09:00,13:00,EMP00401,Barista,Intermediate,4,Available,No,71,3,5,2,Overstaffed
SHF0000436,SD002,Starbucks - Pacific Beach Boardwalk,Pacific Beach,2024-03-25,Monday,05:00,09:00,EMP00182,Barista,Senior,4,Available,No,30,2,2,0,Balanced
SHF0000437,SD002,Starbucks - Pacific Beach Boardwalk,Pacific Beach,2024-03-25,Monday,14:00,18:00,EMP00256,Barista,Intermediate,4,Available,No,23,2,2,0,Balanced
SHF0000438,SD002,Starbucks - Pacific Beach Boardwalk,Pacific Beach,2024-03-25,Monday,14:00,18:00,EMP00163,Shift Supervisor,Intermediate,4,Available,No,34,2,2,0,Balanced
SHF0000439,SD002,Starbucks - Pacific Beach Boardwalk,Pacific Beach,2024-03-25,Monday,07:00,11:00,EMP00092,Barista,Entry,4,Available,No,61,3,3,0,Balanced
SHF0000440,SD002,Starbucks - Pacific Beach Boardwalk,Pacific Beach,2024-03-25,Monday,13:00,17:00,EMP00437,Barista,Senior,4,Available,No,51,2,2,0,Balanced
SHF0000441,SD002,Starbucks - Pacific Beach Boardwalk,Pacific Beach,2024-04-01,Monday,18:00,22:00,EMP00329,Barista,Entry,4,Available,No,40,2,2,0,Balanced
SHF0000442,SD002,Starbucks - Pacific Beach Boardwalk,Pacific Beach,2024-04-01,Monday,09:00,13:00,EMP00380,Barista,Entry,4,Available,No,64,3,3,0,Balanced
SHF0000443,SD002,Starbucks - Pacific Beach Boardwalk,Pacific Beach,2024-04-01,Monday,14:00,18:00,EMP00338,Barista,Entry,4,Available,No,22,2,1,-1,Understaffed
SHF0000444,SD002,Starbucks - Pacific Beach Boardwalk,Pacific Beach,2024-04-01,Monday,06:00,10:00,EMP00032,Barista,Intermediate,4,Available,No,29,2,2,0,Balanced
SHF0000445,SD002,Starbucks - Pacific Beach Boardwalk,Pacific Beach,2024-04-01,Monday,14:00,18:00,EMP00201,Barista,Intermediate,4,Available,No,24,2,1,-1,Understaffed
SHF0000446,SD002,Starbucks - Pacific Beach Boardwalk,Pacific Beach,2024-04-01,Monday,17:00,21:00,EMP00281,Barista,Intermediate,4,Available,No,37,2,1,-1,Understaffed
SHF0000447,SD002,Starbucks - Pacific Beach Boardwalk,Pacific Beach,2024-04-01,Monday,15:00,19:00,EMP00367,Barista,Intermediate,4,Called Out,Yes,38,2,2,0,Balanced
SHF0000448,SD002,Starbucks - Pacific Beach Boardwalk,Pacific Beach,2024-04-01,Monday,10:00,14:00,EMP00086,Shift Supervisor,Entry,4,Available,No,38,2,3,1,Overstaffed
SHF0000449,SD002,Starbucks - Pacific Beach Boardwalk,Pacific Beach,2024-04-08,Monday,07:00,11:00,EMP00262,Barista,Entry,4,Available,No,55,2,2,0,Balanced
SHF0000450,SD002,Starbucks - Pacific Beach Boardwalk,Pacific Beach,2024-04-08,Monday,09:00,13:00,EMP00080,Barista,Entry,4,Available,No,77,3,3,0,Balanced
SHF0000451,SD002,Starbucks - Pacific Beach Boardwalk,Pacific Beach,2024-04-08,Monday,05:00,09:00,EMP00274,Barista,Senior,4,Available,No,36,2,4,2,Overstaffed
SHF0000452,SD002,Starbucks - Pacific Beach Boardwalk,Pacific Beach,2024-04-08,Monday,09:00,13:00,EMP00074,Barista,Entry,4,Available,No,90,4,5,1,Overstaffed
SHF0000453,SD002,Starbucks - Pacific Beach Boardwalk,Pacific Beach,2024-04-08,Monday,05:00,09:00,EMP00012,Barista,Entry,4,Available,No,36,2,2,0,Balanced
SHF0000454,SD002,Starbucks - Pacific Beach Boardwalk,Pacific Beach,2024-04-08,Monday,07:00,11:00,EMP00132,Barista,Intermediate,4,Available,No,85,4,5,1,Overstaffed
SHF0000455,SD002,Starbucks - Pacific Beach Boardwalk,Pacific Beach,2024-04-08,Monday,10:00,14:00,EMP00318,Barista,Entry,4,Available,No,39,2,4,2,Overstaffed
SHF0000456,SD002,Starbucks - Pacific Beach Boardwalk,Pacific Beach,2024-04-08,Monday,14:00,18:00,EMP00443,Barista,Intermediate,4,Available,No,23,2,3,1,Overstaffed
SHF0000457,SD002,Starbucks - Pacific Beach Boardwalk,Pacific Beach,2024-04-08,Monday,18:00,22:00,EMP00397,Barista,Entry,4,Available,No,28,2,1,-1,Understaffed
SHF0000458,SD002,Starbucks - Pacific Beach Boardwalk,Pacific Beach,2024-04-08,Monday,05:00,09:00,EMP00243,Barista,Entry,4,Available,No,20,2,2,0,Balanced
SHF0000459,SD002,Starbucks - Pacific Beach Boardwalk,Pacific Beach,2024-04-08,Monday,14:00,18:00,EMP00416,Barista,Intermediate,4,Available,No,36,2,2,0,Balanced
SHF0000460,SD002,Starbucks - Pacific Beach Boardwalk,Pacific Beach,2024-04-15,Monday,06:00,10:00,EMP00279,Barista,Entry,4,Available,No,39,2,2,0,Balanced
SHF0000461,SD002,Starbucks - Pacific Beach Boardwalk,Pacific Beach,2024-04-15,Monday,14:00,18:00,EMP00132,Shift Supervisor,Intermediate,4,Available,No,45,2,2,0,Balanced
SHF0000462,SD002,Starbucks - Pacific Beach Boardwalk,Pacific Beach,2024-04-15,Monday,07:00,11:00,EMP00030,Barista,Entry,4,Available,No,88,4,4,0,Balanced
SHF0000463,SD002,Starbucks - Pacific Beach Boardwalk,Pacific Beach,2024-04-15,Monday,15:00,19:00,EMP00052,Barista,Intermediate,4,Available,No,33,2,1,-1,Understaffed
SHF0000464,SD002,Starbucks - Pacific Beach Boardwalk,Pacific Beach,2024-04-15,Monday,14:00,18:00,EMP00020,Barista,Entry,4,Available,No,23,2,2,0,Balanced
SHF0000465,SD002,Starbucks - Pacific Beach Boardwalk,Pacific Beach,2024-04-15,Monday,15:00,19:00,EMP00125,Barista,Entry,4,Available,No,29,2,1,-1,Understaffed
SHF0000466,SD002,Starbucks - Pacific Beach Boardwalk,Pacific Beach,2024-04-15,Monday,14:00,18:00,EMP00167,Barista,Entry,4,Available,No,29,2,2,0,Balanced
SHF0000467,SD002,Starbucks - Pacific Beach Boardwalk,Pacific Beach,2024-04-15,Monday,17:00,21:00,EMP00028,Barista,Entry,4,Available,No,41,2,2,0,Balanced
SHF0000468,SD002,Starbucks - Pacific Beach Boardwalk,Pacific Beach,2024-04-15,Monday,09:00,13:00,EMP00367,Barista,Intermediate,4,Available,No,83,4,5,1,Overstaffed
SHF0000469,SD002,Starbucks - Pacific Beach Boardwalk,Pacific Beach,2024-04-15,Monday,14:00,18:00,EMP00364,Barista,Entry,4,Available,No,39,2,2,0,Balanced
SHF0000470,SD002,Starbucks - Pacific Beach Boardwalk,Pacific Beach,2024-04-15,Monday,06:00,10:00,EMP00130,Lead Barista,Intermediate,4,Available,No,38,2,2,0,Balanced
SHF0000471,SD002,Starbucks - Pacific Beach Boardwalk,Pacific Beach,2024-04-15,Monday,06:00,10:00,EMP00040,Shift Supervisor,Senior,4,Available,No,44,2,2,0,Balanced
SHF0000472,SD002,Starbucks - Pacific Beach Boardwalk,Pacific Beach,2024-04-22,Monday,09:00,13:00,EMP00145,Barista,Senior,4,Available,No,88,4,6,2,Overstaffed
SHF0000473,SD002,Starbucks - Pacific Beach Boardwalk,Pacific Beach,2024-04-22,Monday,05:00,09:00,EMP00117,Barista,Entry,4,Available,No,42,2,2,0,Balanced
SHF0000474,SD002,Starbucks - Pacific Beach Boardwalk,Pacific Beach,2024-04-22,Monday,05:00,09:00,EMP00042,Shift Supervisor,Entry,4,Available,No,39,2,2,0,Balanced
SHF0000475,SD002,Starbucks - Pacific Beach Boardwalk,Pacific Beach,2024-04-22,Monday,10:00,14:00,EMP00222,Barista,Intermediate,4,Available,No,50,2,2,0,Balanced
SHF0000476,SD002,Starbucks - Pacific Beach Boardwalk,Pacific Beach,2024-04-22,Monday,06:00,10:00,EMP00187,Shift Supervisor,Senior,4,Available,No,39,2,2,0,Balanced
SHF0000477,SD002,Starbucks - Pacific Beach Boardwalk,Pacific Beach,2024-04-22,Monday,06:00,10:00,EMP00042,Barista,Intermediate,4,Available,No,28,2,4,2,Overstaffed
SHF0000478,SD002,Starbucks - Pacific Beach Boardwalk,Pacific Beach,2024-04-22,Monday,13:00,17:00,EMP00400,Shift Supervisor,Entry,4,Available,No,36,2,3,1,Overstaffed
SHF0000479,SD002,Starbucks - Pacific Beach Boardwalk,Pacific Beach,2024-04-22,Monday,15:00,19:00,EMP00053,Barista,Entry,4,Available,No,32,2,1,-1,Understaffed
SHF0000480,SD002,Starbucks - Pacific Beach Boardwalk,Pacific Beach,2024-04-22,Monday,07:00,11:00,EMP00314,Barista,Senior,4,Available,No,75,3,2,-1,Understaffed
SHF0000481,SD002,Starbucks - Pacific Beach Boardwalk,Pacific Beach,2024-04-22,Monday,11:00,15:00,EMP00030,Barista,Entry,4,Available,No,47,2,1,-1,Understaffed
SHF0000482,SD002,Starbucks - Pacific Beach Boardwalk,Pacific Beach,2024-04-22,Monday,13:00,17:00,EMP00160,Barista,Entry,4,Available,No,42,2,2,0,Balanced
SHF0000483,SD002,Starbucks - Pacific Beach Boardwalk,Pacific Beach,2024-04-29,Monday,06:00,10:00,EMP00164,Barista,Intermediate,4,Available,No,44,2,2,0,Balanced
SHF0000484,SD002,Starbucks - Pacific Beach Boardwalk,Pacific Beach,2024-04-29,Monday,10:00,14:00,EMP00321,Barista,Intermediate,4,Available,No,58,2,4,2,Overstaffed
SHF0000485,SD002,Starbucks - Pacific Beach Boardwalk,Pacific Beach,2024-04-29,Monday,06:00,10:00,EMP00321,Barista,Intermediate,4,Available,No,30,2,1,-1,Understaffed
SHF0000486,SD002,Starbucks - Pacific Beach Boardwalk,Pacific Beach,2024-04-29,Monday,15:00,19:00,EMP00328,Barista,Entry,4,Available,No,28,2,2,0,Balanced
SHF0000487,SD002,Starbucks - Pacific Beach Boardwalk,Pacific Beach,2024-04-29,Monday,18:00,22:00,EMP00500,Barista,Entry,4,Available,No,44,2,4,2,Overstaffed
SHF0000488,SD002,Starbucks - Pacific Beach Boardwalk,Pacific Beach,2024-04-29,Monday,05:00,09:00,EMP00359,Barista,Intermediate,4,Available,No,40,2,2,0,Balanced
SHF0000489,SD002,Starbucks - Pacific Beach Boardwalk,Pacific Beach,2024-04-29,Monday,06:00,10:00,EMP00440,Shift Supervisor,Entry,4,Available,No,20,2,2,0,Balanced
SHF0000490,SD002,Starbucks - Pacific Beach Boardwalk,Pacific Beach,2024-04-29,Monday,15:00,19:00,EMP00450,Barista,Intermediate,4,Available,No,45,2,1,-1,Understaffed
SHF0000491,SD002,Starbucks - Pacific Beach Boardwalk,Pacific Beach,2024-04-29,Monday,09:00,13:00,EMP00335,Barista,Entry,4,Available,No,67,3,4,1,Overstaffed
SHF0000492,SD002,Starbucks - Pacific Beach Boardwalk,Pacific Beach,2024-05-06,Monday,09:00,13:00,EMP00382,Lead Barista,Entry,4,Available,No,56,2,1,-1,Understaffed
SHF0000493,SD002,Starbucks - Pacific Beach Boardwalk,Pacific Beach,2024-05-06,Monday,05:00,09:00,EMP00107,Shift Supervisor,Entry,4,Available,No,40,2,2,0,Balanced
SHF0000494,SD002,Starbucks - Pacific Beach Boardwalk,Pacific Beach,2024-05-06,Monday,13:00,17:00,EMP00402,Barista,Senior,4,Available,No,50,2,2,0,Balanced
SHF0000495,SD002,Starbucks - Pacific Beach Boardwalk,Pacific Beach,2024-05-06,Monday,09:00,13:00,EMP00139,Shift Supervisor,Entry,4,Available,No,78,3,5,2,Overstaffed
SHF0000496,SD002,Starbucks - Pacific Beach Boardwalk,Pacific Beach,2024-05-06,Monday,18:00,22:00,EMP00136,Barista,Intermediate,4,Available,No,31,2,2,0,Balanced
SHF0000497,SD002,Starbucks - Pacific Beach Boardwalk,Pacific Beach,2024-05-06,Monday,09:00,13:00,EMP00406,Barista,Entry,4,Available,No,76,3,1,-2,Understaffed
SHF0000498,SD002,Starbucks - Pacific Beach Boardwalk,Pacific Beach,2024-05-06,Monday,13:00,17:00,EMP00323,Barista,Intermediate,4,Available,No,35,2,2,0,Balanced
SHF0000499,SD002,Starbucks - Pacific Beach Boardwalk,Pacific Beach,2024-05-06,Monday,09:00,13:00,EMP00391,Shift Supervisor,Intermediate,4,Available,No,65,3,3,0,Balanced
SHF0000500,SD002,Starbucks - Pacific Beach Boardwalk,Pacific Beach,2024-05-06,Monday,09:00,13:00,EMP00233,Barista,Entry,4,Available,No,64,3,3,0,Balanced
SHF0000501,SD002,Starbucks - Pacific Beach Boardwalk,Pacific Beach,2024-05-06,Monday,14:00,18:00,EMP00289,Shift Supervisor,Senior,4,Available,No,40,2,2,0,Balanced
SHF0000502,SD002,Starbucks - Pacific Beach Boardwalk,Pacific Beach,2024-05-13,Monday,15:00,19:00,EMP00221,Barista,Intermediate,4,Available,No,45,2,2,0,Balanced
SHF0000503,SD002,Starbucks - Pacific Beach Boardwalk,Pacific Beach,2024-05-13,Monday,07:00,11:00,EMP00265,Barista,Entry,4,Available,No,84,4,4,0,Balanced
SHF0000504,SD002,Starbucks - Pacific Beach Boardwalk,Pacific Beach,2024-05-13,Monday,10:00,14:00,EMP00010,Barista,Intermediate,4,Available,No,63,3,3,0,Balanced
SHF0000505,SD002,Starbucks - Pacific Beach Boardwalk,Pacific Beach,2024-05-13,Monday,09:00,13:00,EMP00383,Barista,Entry,4,Available,No,86,4,6,2,Overstaffed
SHF0000506,SD002,Starbucks - Pacific Beach Boardwalk,Pacific Beach,2024-05-13,Monday,14:00,18:00,EMP00298,Barista,Entry,4,Available,No,35,2,2,0,Balanced
SHF0000507,SD002,Starbucks - Pacific Beach Boardwalk,Pacific Beach,2024-05-13,Monday,13:00,17:00,EMP00068,Barista,Senior,4,Available,No,58,2,3,1,Overstaffed
SHF0000508,SD002,Starbucks - Pacific Beach Boardwalk,Pacific Beach,2024-05-13,Monday,07:00,11:00,EMP00399,Shift Supervisor,Entry,4,Available,No,84,4,4,0,Balanced
SHF0000509,SD002,Starbucks - Pacific Beach Boardwalk,Pacific Beach,2024-05-13,Monday,17:00,21:00,EMP00311,Barista,Senior,4,Available,No,39,2,1,-1,Understaffed
SHF0000510,SD002,Starbucks - Pacific Beach Boardwalk,Pacific Beach,2024-05-13,Monday,09:00,13:00,EMP00081,Barista,Intermediate,4,Available,No,80,4,2,-2,Understaffed
SHF0000511,SD002,Starbucks - Pacific Beach Boardwalk,Pacific Beach,2024-05-13,Monday,15:00,19:00,EMP00178,Barista,Intermediate,4,Available,No,36,2,2,0,Balanced
SHF0000512,SD002,Starbucks - Pacific Beach Boardwalk,Pacific Beach,2024-05-20,Monday,14:00,18:00,EMP00321,Barista,Intermediate,4,Available,No,32,2,2,0,Balanced
SHF0000513,SD002,Starbucks - Pacific Beach Boardwalk,Pacific Beach,2024-05-20,Monday,06:00,10:00,EMP00227,Barista,Entry,4,Available,No,20,2,4,2,Overstaffed
SHF0000514,SD002,Starbucks - Pacific Beach Boardwalk,Pacific Beach,2024-05-20,Monday,09:00,13:00,EMP00482,Barista,Entry,4,Available,No,68,3,1,-2,Understaffed
SHF0000515,SD002,Starbucks - Pacific Beach Boardwalk,Pacific Beach,2024-05-20,Monday,10:00,14:00,EMP00487,Shift Supervisor,Intermediate,4,Available,No,51,2,2,0,Balanced
SHF0000516,SD002,Starbucks - Pacific Beach Boardwalk,Pacific Beach,2024-05-20,Monday,06:00,10:00,EMP00492,Barista,Intermediate,4,Available,No,28,2,2,0,Balanced
SHF0000517,SD002,Starbucks - Pacific Beach Boardwalk,Pacific Beach,2024-05-20,Monday,06:00,10:00,EMP00216,Barista,Intermediate,4,Available,No,43,2,2,0,Balanced
SHF0000518,SD002,Starbucks - Pacific Beach Boardwalk,Pacific Beach,2024-05-20,Monday,15:00,19:00,EMP00467,Barista,Entry,4,Available,No,42,2,2,0,Balanced
SHF0000519,SD002,Starbucks - Pacific Beach Boardwalk,Pacific Beach,2024-05-20,Monday,11:00,15:00,EMP00106,Barista,Intermediate,4,Available,No,57,2,4,2,Overstaffed
SHF0000520,SD002,Starbucks - Pacific Beach Boardwalk,Pacific Beach,2024-05-27,Monday,06:00,10:00,EMP00016,Barista,Entry,4,Available,No,23,2,2,0,Balanced
SHF0000521,SD002,Starbucks - Pacific Beach Boardwalk,Pacific Beach,2024-05-27,Monday,06:00,10:00,EMP00089,Barista,Entry,4,Available,No,25,2,2,0,Balanced
SHF0000522,SD002,Starbucks - Pacific Beach Boardwalk,Pacific Beach,2024-05-27,Monday,05:00,09:00,EMP00429,Barista,Senior,4,Available,No,37,2,2,0,Balanced
SHF0000523,SD002,Starbucks - Pacific Beach Boardwalk,Pacific Beach,2024-05-27,Monday,13:00,17:00,EMP00174,Barista,Senior,4,Available,No,60,3,2,-1,Understaffed
SHF0000524,SD002,Starbucks - Pacific Beach Boardwalk,Pacific Beach,2024-05-27,Monday,13:00,17:00,EMP00179,Barista,Entry,4,Available,No,52,2,1,-1,Understaffed
SHF0000525,SD002,Starbucks - Pacific Beach Boardwalk,Pacific Beach,2024-05-27,Monday,10:00,14:00,EMP00049,Barista,Intermediate,4,Available,No,54,2,3,1,Overstaffed
SHF0000526,SD002,Starbucks - Pacific Beach Boardwalk,Pacific Beach,2024-05-27,Monday,10:00,14:00,EMP00145,Barista,Senior,4,Available,No,42,2,1,-1,Understaffed
SHF0000527,SD002,Starbucks - Pacific Beach Boardwalk,Pacific Beach,2024-05-27,Monday,17:00,21:00,EMP00425,Barista,Intermediate,4,Available,No,22,2,2,0,Balanced
SHF0000528,SD002,Starbucks - Pacific Beach Boardwalk,Pacific Beach,2024-05-27,Monday,11:00,15:00,EMP00378,Barista,Intermediate,4,Available,No,62,3,3,0,Balanced
SHF0000529,SD002,Starbucks - Pacific Beach Boardwalk,Pacific Beach,2024-05-27,Monday,09:00,13:00,EMP00464,Shift Supervisor,Entry,4,Available,No,60,3,3,0,Balanced
SHF0000530,SD002,Starbucks - Pacific Beach Boardwalk,Pacific Beach,2024-05-27,Monday,17:00,21:00,EMP00194,Barista,Intermediate,4,Available,No,40,2,2,0,Balanced
SHF0000531,SD002,Starbucks - Pacific Beach Boardwalk,Pacific Beach,2024-05-27,Monday,10:00,14:00,EMP00299,Shift Supervisor,Entry,4,Available,No,51,2,3,1,Overstaffed
SHF0000532,SD002,Starbucks - Pacific Beach Boardwalk,Pacific Beach,2024-06-03,Monday,17:00,21:00,EMP00421,Barista,Senior,4,Available,No,24,2,4,2,Overstaffed
SHF0000533,SD002,Starbucks - Pacific Beach Boardwalk,Pacific Beach,2024-06-03,Monday,05:00,09:00,EMP00147,Barista,Intermediate,4,Available,No,20,2,2,0,Balanced
SHF0000534,SD002,Starbucks - Pacific Beach Boardwalk,Pacific Beach,2024-06-03,Monday,13:00,17:00,EMP00389,Shift Supervisor,Intermediate,4,Available,No,38,2,4,2,Overstaffed
SHF0000535,SD002,Starbucks - Pacific Beach Boardwalk,Pacific Beach,2024-06-03,Monday,18:00,22:00,EMP00198,Barista,Senior,4,Available,No,24,2,2,0,Balanced
SHF0000536,SD002,Starbucks - Pacific Beach Boardwalk,Pacific Beach,2024-06-03,Monday,05:00,09:00,EMP00075,Barista,Entry,4,Available,No,41,2,1,-1,Understaffed
SHF0000537,SD002,Starbucks - Pacific Beach Boardwalk,Pacific Beach,2024-06-03,Monday,09:00,13:00,EMP00204,Barista,Entry,4,Available,No,65,3,5,2,Overstaffed
SHF0000538,SD002,Starbucks - Pacific Beach Boardwalk,Pacific Beach,2024-06-03,Monday,05:00,09:00,EMP00119,Barista,Intermediate,4,Available,No,33,2,2,0,Balanced
SHF0000539,SD002,Starbucks - Pacific Beach Boardwalk,Pacific Beach,2024-06-03,Monday,05:00,09:00,EMP00278,Barista,Intermediate,4,Available,No,28,2,2,0,Balanced
SHF0000540,SD002,Starbucks - Pacific Beach Boardwalk,Pacific Beach,2024-06-03,Monday,14:00,18:00,EMP00011,Barista,Entry,4,Available,No,28,2,2,0,Balanced
SHF0000541,SD002,Starbucks - Pacific Beach Boardwalk,Pacific Beach,2024-06-10,Monday,10:00,14:00,EMP00085,Barista,Intermediate,4,Available,No,41,2,1,-1,Understaffed
SHF0000542,SD002,Starbucks - Pacific Beach Boardwalk,Pacific Beach,2024-06-10,Monday,06:00,10:00,EMP00463,Barista,Intermediate,4,Available,No,38,2,4,2,Overstaffed
SHF0000543,SD002,Starbucks - Pacific Beach Boardwalk,Pacific Beach,2024-06-10,Monday,09:00,13:00,EMP00006,Barista,Entry,4,Available,No,78,3,3,0,Balanced
SHF0000544,SD002,Starbucks - Pacific Beach Boardwalk,Pacific Beach,2024-06-10,Monday,17:00,21:00,EMP00197,Barista,Intermediate,4,Available,No,24,2,3,1,Overstaffed
SHF0000545,SD002,Starbucks - Pacific Beach Boardwalk,Pacific Beach,2024-06-10,Monday,17:00,21:00,EMP00348,Barista,Intermediate,4,Available,No,31,2,3,1,Overstaffed
SHF0000546,SD002,Starbucks - Pacific Beach Boardwalk,Pacific Beach,2024-06-10,Monday,17:00,21:00,EMP00028,Barista,Intermediate,4,Available,No,42,2,2,0,Balanced
SHF0000547,SD002,Starbucks - Pacific Beach Boardwalk,Pacific Beach,2024-06-10,Monday,17:00,21:00,EMP00413,Barista,Intermediate,4,Available,No,29,2,2,0,Balanced
SHF0000548,SD002,Starbucks - Pacific Beach Boardwalk,Pacific Beach,2024-06-10,Monday,18:00,22:00,EMP00444,Barista,Entry,4,Available,No,29,2,3,1,Overstaffed
SHF0000549,SD002,Starbucks - Pacific Beach Boardwalk,Pacific Beach,2024-06-10,Monday,10:00,14:00,EMP00421,Barista,Senior,4,Available,No,36,2,2,0,Balanced
SHF0000550,SD002,Starbucks - Pacific Beach Boardwalk,Pacific Beach,2024-06-10,Monday,17:00,21:00,EMP00076,Barista,Senior,4,Available,No,44,2,2,0,Balanced
SHF0000551,SD002,Starbucks - Pacific Beach Boardwalk,Pacific Beach,2024-06-10,Monday,05:00,09:00,EMP00087,Barista,Intermediate,4,Available,No,41,2,3,1,Overstaffed
SHF0000552,SD002,Starbucks - Pacific Beach Boardwalk,Pacific Beach,2024-06-17,Monday,17:00,21:00,EMP00240,Barista,Entry,4,Available,No,32,2,2,0,Balanced
SHF0000553,SD002,Starbucks - Pacific Beach Boardwalk,Pacific Beach,2024-06-17,Monday,10:00,14:00,EMP00009,Shift Supervisor,Intermediate,4,Available,No,53,2,1,-1,Understaffed
SHF0000554,SD002,Starbucks - Pacific Beach Boardwalk,Pacific Beach,2024-06-17,Monday,13:00,17:00,EMP00487,Barista,Intermediate,4,Available,No,52,2,2,0,Balanced
SHF0000555,SD002,Starbucks - Pacific Beach Boardwalk,Pacific Beach,2024-06-17,Monday,17:00,21:00,EMP00498,Barista,Intermediate,4,Called Out,Yes,21,2,2,0,Balanced
SHF0000556,SD002,Starbucks - Pacific Beach Boardwalk,Pacific Beach,2024-06-17,Monday,18:00,22:00,EMP00124,Shift Supervisor,Senior,4,Available,No,31,2,2,0,Balanced
SHF0000557,SD002,Starbucks - Pacific Beach Boardwalk,Pacific Beach,2024-06-17,Monday,05:00,09:00,EMP00475,Barista,Intermediate,4,Available,No,21,2,4,2,Overstaffed
SHF0000558,SD002,Starbucks - Pacific Beach Boardwalk,Pacific Beach,2024-06-17,Monday,05:00,09:00,EMP00348,Barista,Entry,4,Available,No,20,2,4,2,Overstaffed
SHF0000559,SD002,Starbucks - Pacific Beach Boardwalk,Pacific Beach,2024-06-17,Monday,05:00,09:00,EMP00237,Barista,Senior,4,Available,No,35,2,2,0,Balanced
SHF0000560,SD002,Starbucks - Pacific Beach Boardwalk,Pacific Beach,2024-06-17,Monday,13:00,17:00,EMP00486,Barista,Intermediate,4,Available,No,51,2,2,0,Balanced
SHF0000561,SD002,Starbucks - Pacific Beach Boardwalk,Pacific Beach,2024-06-17,Monday,10:00,14:00,EMP00278,Barista,Intermediate,4,Available,No,46,2,3,1,Overstaffed
SHF0000562,SD002,Starbucks - Pacific Beach Boardwalk,Pacific Beach,2024-06-17,Monday,13:00,17:00,EMP00290,Barista,Entry,4,Available,No,58,2,1,-1,Understaffed
SHF0000563,SD002,Starbucks - Pacific Beach Boardwalk,Pacific Beach,2024-06-17,Monday,14:00,18:00,EMP00020,Barista,Entry,4,Available,No,37,2,1,-1,Understaffed
SHF0000564,SD002,Starbucks - Pacific Beach Boardwalk,Pacific Beach,2024-06-24,Monday,07:00,11:00,EMP00044,Barista,Intermediate,4,Available,No,89,4,4,0,Balanced
SHF0000565,SD002,Starbucks - Pacific Beach Boardwalk,Pacific Beach,2024-06-24,Monday,06:00,10:00,EMP00059,Shift Supervisor,Senior,4,Available,No,20,2,1,-1,Understaffed
SHF0000566,SD002,Starbucks - Pacific Beach Boardwalk,Pacific Beach,2024-06-24,Monday,07:00,11:00,EMP00013,Barista,Intermediate,4,Available,No,68,3,1,-2,Understaffed
SHF0000567,SD002,Starbucks - Pacific Beach Boardwalk,Pacific Beach,2024-06-24,Monday,11:00,15:00,EMP00483,Barista,Senior,4,Available,No,38,2,2,0,Balanced
SHF0000568,SD002,Starbucks - Pacific Beach Boardwalk,Pacific Beach,2024-06-24,Monday,18:00,22:00,EMP00331,Barista,Intermediate,4,Available,No,22,2,2,0,Balanced
SHF0000569,SD002,Starbucks - Pacific Beach Boardwalk,Pacific Beach,2024-06-24,Monday,09:00,13:00,EMP00256,Barista,Intermediate,4,Available,No,56,2,2,0,Balanced
SHF0000570,SD002,Starbucks - Pacific Beach Boardwalk,Pacific Beach,2024-06-24,Monday,05:00,09:00,EMP00251,Shift Supervisor,Senior,4,Available,No,39,2,3,1,Overstaffed
SHF0000571,SD002,Starbucks - Pacific Beach Boardwalk,Pacific Beach,2024-06-24,Monday,15:00,19:00,EMP00221,Barista,Entry,4,Available,No,20,2,2,0,Balanced
SHF0000572,SD002,Starbucks - Pacific Beach Boardwalk,Pacific Beach,2024-06-24,Monday,07:00,11:00,EMP00311,Barista,Intermediate,4,Available,No,73,3,3,0,Balanced
SHF0000573,SD002,Starbucks - Pacific Beach Boardwalk,Pacific Beach,2024-06-24,Monday,17:00,21:00,EMP00123,Barista,Entry,4,Available,No,42,2,1,-1,Understaffed
SHF0000574,SD002,Starbucks - Pacific Beach Boardwalk,Pacific Beach,2024-06-24,Monday,17:00,21:00,EMP00265,Barista,Intermediate,4,Available,No,31,2,2,0,Balanced
SHF0000575,SD002,Starbucks - Pacific Beach Boardwalk,Pacific Beach,2024-06-24,Monday,07:00,11:00,EMP00473,Barista,Entry,4,Available,No,66,3,5,2,Overstaffed
SHF0000576,SD002,Starbucks - Pacific Beach Boardwalk,Pacific Beach,2024-07-01,Monday,09:00,13:00,EMP00369,Shift Supervisor,Senior,4,Available,No,68,3,5,2,Overstaffed
SHF0000577,SD002,Starbucks - Pacific Beach Boardwalk,Pacific Beach,2024-07-01,Monday,14:00,18:00,EMP00216,Barista,Entry,4,Available,No,25,2,2,0,Balanced
SHF0000578,SD002,Starbucks - Pacific Beach Boardwalk,Pacific Beach,2024-07-01,Monday,13:00,17:00,EMP00147,Barista,Intermediate,4,Available,No,64,3,3,0,Balanced
SHF0000579,SD002,Starbucks - Pacific Beach Boardwalk,Pacific Beach,2024-07-01,Monday,13:00,17:00,EMP00179,Barista,Senior,4,Available,No,62,3,1,-2,Understaffed
SHF0000580,SD002,Starbucks - Pacific Beach Boardwalk,Pacific Beach,2024-07-01,Monday,05:00,09:00,EMP00186,Lead Barista,Intermediate,4,Available,No,35,2,4,2,Overstaffed
SHF0000581,SD002,Starbucks - Pacific Beach Boardwalk,Pacific Beach,2024-07-01,Monday,15:00,19:00,EMP00275,Barista,Entry,4,Available,No,41,2,3,1,Overstaffed
SHF0000582,SD002,Starbucks - Pacific Beach Boardwalk,Pacific Beach,2024-07-01,Monday,09:00,13:00,EMP00074,Barista,Intermediate,4,Available,No,81,4,4,0,Balanced
SHF0000583,SD002,Starbucks - Pacific Beach Boardwalk,Pacific Beach,2024-07-01,Monday,09:00,13:00,EMP00270,Barista,Entry,4,Available,No,63,3,3,0,Balanced
SHF0000584,SD002,Starbucks - Pacific Beach Boardwalk,Pacific Beach,2024-07-08,Monday,13:00,17:00,EMP00304,Shift Supervisor,Entry,4,Available,No,54,2,2,0,Balanced
SHF0000585,SD002,Starbucks - Pacific Beach Boardwalk,Pacific Beach,2024-07-08,Monday,18:00,22:00,EMP00038,Barista,Senior,4,Available,No,43,2,2,0,Balanced
SHF0000586,SD002,Starbucks - Pacific Beach Boardwalk,Pacific Beach,2024-07-08,Monday,13:00,17:00,EMP00093,Barista,Intermediate,4,Available,No,52,2,2,0,Balanced
SHF0000587,SD002,Starbucks - Pacific Beach Boardwalk,Pacific Beach,2024-07-08,Monday,18:00,22:00,EMP00378,Barista,Intermediate,4,Called Out,Yes,42,2,1,-1,Understaffed
SHF0000588,SD002,Starbucks - Pacific Beach Boardwalk,Pacific Beach,2024-07-08,Monday,11:00,15:00,EMP00060,Barista,Entry,4,Available,No,61,3,5,2,Overstaffed
SHF0000589,SD002,Starbucks - Pacific Beach Boardwalk,Pacific Beach,2024-07-08,Monday,06:00,10:00,EMP00472,Shift Supervisor,Senior,4,Available,No,25,2,4,2,Overstaffed
SHF0000590,SD002,Starbucks - Pacific Beach Boardwalk,Pacific Beach,2024-07-08,Monday,15:00,19:00,EMP00462,Shift Supervisor,Senior,4,Available,No,33,2,2,0,Balanced
SHF0000591,SD002,Starbucks - Pacific Beach Boardwalk,Pacific Beach,2024-07-08,Monday,07:00,11:00,EMP00223,Barista,Intermediate,4,Available,No,83,4,4,0,Balanced
SHF0000592,SD002,Starbucks - Pacific Beach Boardwalk,Pacific Beach,2024-07-08,Monday,13:00,17:00,EMP00436,Barista,Senior,4,Available,No,50,2,2,0,Balanced
SHF0000593,SD002,Starbucks - Pacific Beach Boardwalk,Pacific Beach,2024-07-08,Monday,18:00,22:00,EMP00016,Barista,Intermediate,4,Available,No,40,2,4,2,Overstaffed
SHF0000594,SD002,Starbucks - Pacific Beach Boardwalk,Pacific Beach,2024-07-08,Monday,14:00,18:00,EMP00390,Barista,Entry,4,Available,No,40,2,2,0,Balanced
SHF0000595,SD002,Starbucks - Pacific Beach Boardwalk,Pacific Beach,2024-07-08,Monday,10:00,14:00,EMP00179,Barista,Entry,4,Available,No,37,2,2,0,Balanced
SHF0000596,SD002,Starbucks - Pacific Beach Boardwalk,Pacific Beach,2024-07-15,Monday,15:00,19:00,EMP00093,Barista,Entry,4,Available,No,23,2,2,0,Balanced
SHF0000597,SD002,Starbucks - Pacific Beach Boardwalk,Pacific Beach,2024-07-15,Monday,13:00,17:00,EMP00013,Shift Supervisor,Entry,4,Available,No,38,2,2,0,Balanced
SHF0000598,SD002,Starbucks - Pacific Beach Boardwalk,Pacific Beach,2024-07-15,Monday,06:00,10:00,EMP00173,Barista,Entry,4,Available,No,22,2,2,0,Balanced
SHF0000599,SD002,Starbucks - Pacific Beach Boardwalk,Pacific Beach,2024-07-15,Monday,07:00,11:00,EMP00031,Barista,Entry,4,Available,No,57,2,2,0,Balanced
SHF0000600,SD002,Starbucks - Pacific Beach Boardwalk,Pacific Beach,2024-07-15,Monday,18:00,22:00,EMP00267,Barista,Entry,4,Available,No,44,2,1,-1,Understaffed
SHF0000601,SD002,Starbucks - Pacific Beach Boardwalk,Pacific Beach,2024-07-15,Monday,07:00,11:00,EMP00491,Barista,Senior,4,Available,No,61,3,2,-1,Understaffed
SHF0000602,SD002,Starbucks - Pacific Beach Boardwalk,Pacific Beach,2024-07-15,Monday,15:00,19:00,EMP00170,Barista,Intermediate,4,Available,No,37,2,4,2,Overstaffed
SHF0000603,SD002,Starbucks - Pacific Beach Boardwalk,Pacific Beach,2024-07-15,Monday,05:00,09:00,EMP00468,Barista,Entry,4,Available,No,38,2,1,-1,Understaffed
SHF0000604,SD002,Starbucks - Pacific Beach Boardwalk,Pacific Beach,2024-07-22,Monday,15:00,19:00,EMP00281,Shift Supervisor,Entry,4,Available,No,23,2,2,0,Balanced
SHF0000605,SD002,Starbucks - Pacific Beach Boardwalk,Pacific Beach,2024-07-22,Monday,11:00,15:00,EMP00174,Shift Supervisor,Senior,4,Available,No,47,2,2,0,Balanced
SHF0000606,SD002,Starbucks - Pacific Beach Boardwalk,Pacific Beach,2024-07-22,Monday,18:00,22:00,EMP00273,Shift Supervisor,Entry,4,Available,No,20,2,2,0,Balanced
SHF0000607,SD002,Starbucks - Pacific Beach Boardwalk,Pacific Beach,2024-07-22,Monday,09:00,13:00,EMP00469,Barista,Intermediate,4,Available,No,88,4,4,0,Balanced
SHF0000608,SD002,Starbucks - Pacific Beach Boardwalk,Pacific Beach,2024-07-22,Monday,13:00,17:00,EMP00489,Barista,Entry,4,Available,No,50,2,2,0,Balanced
SHF0000609,SD002,Starbucks - Pacific Beach Boardwalk,Pacific Beach,2024-07-22,Monday,11:00,15:00,EMP00384,Shift Supervisor,Intermediate,4,Available,No,43,2,2,0,Balanced
SHF0000610,SD002,Starbucks - Pacific Beach Boardwalk,Pacific Beach,2024-07-22,Monday,10:00,14:00,EMP00295,Shift Supervisor,Intermediate,4,Available,No,65,3,4,1,Overstaffed
SHF0000611,SD002,Starbucks - Pacific Beach Boardwalk,Pacific Beach,2024-07-22,Monday,05:00,09:00,EMP00308,Barista,Entry,4,Available,No,29,2,2,0,Balanced
SHF0000612,SD002,Starbucks - Pacific Beach Boardwalk,Pacific Beach,2024-07-22,Monday,07:00,11:00,EMP00204,Barista,Senior,4,Available,No,74,3,3,0,Balanced
SHF0000613,SD002,Starbucks - Pacific Beach Boardwalk,Pacific Beach,2024-07-22,Monday,17:00,21:00,EMP00420,Barista,Entry,4,Available,No,45,2,2,0,Balanced
SHF0000614,SD002,Starbucks - Pacific Beach Boardwalk,Pacific Beach,2024-07-22,Monday,11:00,15:00,EMP00411,Barista,Intermediate,4,Available,No,61,3,3,0,Balanced
SHF0000615,SD003,Starbucks - UCSD Campus,La Jolla,2024-01-01,Monday,13:00,17:00,EMP00194,Shift Supervisor,Entry,4,Available,No,54,2,2,0,Balanced
SHF0000616,SD003,Starbucks - UCSD Campus,La Jolla,2024-01-01,Monday,07:00,11:00,EMP00425,Barista,Intermediate,4,Available,No,59,2,2,0,Balanced
SHF0000617,SD003,Starbucks - UCSD Campus,La Jolla,2024-01-01,Monday,11:00,15:00,EMP00169,Barista,Senior,4,Available,No,55,2,1,-1,Understaffed
SHF0000618,SD003,Starbucks - UCSD Campus,La Jolla,2024-01-01,Monday,17:00,21:00,EMP00172,Barista,Intermediate,4,Available,No,47,2,1,-1,Understaffed
SHF0000619,SD003,Starbucks - UCSD Campus,La Jolla,2024-01-01,Monday,17:00,21:00,EMP00205,Lead Barista,Entry,4,Available,No,51,2,1,-1,Understaffed
SHF0000620,SD003,Starbucks - UCSD Campus,La Jolla,2024-01-01,Monday,15:00,19:00,EMP00311,Barista,Entry,4,Available,No,49,2,4,2,Overstaffed
SHF0000621,SD003,Starbucks - UCSD Campus,La Jolla,2024-01-01,Monday,15:00,19:00,EMP00411,Shift Supervisor,Senior,4,Available,No,32,2,1,-1,Understaffed
SHF0000622,SD003,Starbucks - UCSD Campus,La Jolla,2024-01-01,Monday,10:00,14:00,EMP00125,Barista,Entry,4,Available,No,57,2,2,0,Balanced
SHF0000623,SD003,Starbucks - UCSD Campus,La Jolla,2024-01-08,Monday,18:00,22:00,EMP00380,Barista,Entry,4,Available,No,47,2,2,0,Balanced
SHF0000624,SD003,Starbucks - UCSD Campus,La Jolla,2024-01-08,Monday,07:00,11:00,EMP00006,Barista,Intermediate,4,Available,No,56,2,2,0,Balanced
SHF0000625,SD003,Starbucks - UCSD Campus,La Jolla,2024-01-08,Monday,05:00,09:00,EMP00430,Lead Barista,Intermediate,4,Available,No,20,2,3,1,Overstaffed
SHF0000626,SD003,Starbucks - UCSD Campus,La Jolla,2024-01-08,Monday,13:00,17:00,EMP00245,Lead Barista,Senior,4,Available,No,67,3,3,0,Balanced
SHF0000627,SD003,Starbucks - UCSD Campus,La Jolla,2024-01-08,Monday,06:00,10:00,EMP00098,Barista,Intermediate,4,Available,No,34,2,2,0,Balanced
SHF0000628,SD003,Starbucks - UCSD Campus,La Jolla,2024-01-08,Monday,15:00,19:00,EMP00040,Shift Supervisor,Intermediate,4,Available,No,36,2,2,0,Balanced
SHF0000629,SD003,Starbucks - UCSD Campus,La Jolla,2024-01-08,Monday,09:00,13:00,EMP00254,Lead Barista,Entry,4,Available,No,90,4,6,2,Overstaffed
SHF0000630,SD003,Starbucks - UCSD Campus,La Jolla,2024-01-08,Monday,10:00,14:00,EMP00205,Barista,Senior,4,Called Out,Yes,44,2,2,0,Balanced
SHF0000631,SD003,Starbucks - UCSD Campus,La Jolla,2024-01-08,Monday,07:00,11:00,EMP00114,Barista,Intermediate,4,Called Out,Yes,80,4,6,2,Overstaffed
SHF0000632,SD003,Starbucks - UCSD Campus,La Jolla,2024-01-08,Monday,10:00,14:00,EMP00470,Barista,Intermediate,4,Available,No,49,2,2,0,Balanced
SHF0000633,SD003,Starbucks - UCSD Campus,La Jolla,2024-01-15,Monday,14:00,18:00,EMP00407,Barista,Intermediate,4,Available,No,42,2,2,0,Balanced
SHF0000634,SD003,Starbucks - UCSD Campus,La Jolla,2024-01-15,Monday,18:00,22:00,EMP00369,Barista,Senior,4,Available,No,42,2,2,0,Balanced
SHF0000635,SD003,Starbucks - UCSD Campus,La Jolla,2024-01-15,Monday,05:00,09:00,EMP00201,Barista,Entry,4,Available,No,39,2,2,0,Balanced
SHF0000636,SD003,Starbucks - UCSD Campus,La Jolla,2024-01-15,Monday,09:00,13:00,EMP00448,Barista,Entry,4,Available,No,63,3,2,-1,Understaffed
SHF0000637,SD003,Starbucks - UCSD Campus,La Jolla,2024-01-15,Monday,09:00,13:00,EMP00338,Shift Supervisor,Intermediate,4,Available,No,71,3,3,0,Balanced
SHF0000638,SD003,Starbucks - UCSD Campus,La Jolla,2024-01-15,Monday,18:00,22:00,EMP00052,Shift Supervisor,Senior,4,Available,No,39,2,2,0,Balanced
SHF0000639,SD003,Starbucks - UCSD Campus,La Jolla,2024-01-15,Monday,09:00,13:00,EMP00464,Barista,Intermediate,4,Available,No,70,3,1,-2,Understaffed
SHF0000640,SD003,Starbucks - UCSD Campus,La Jolla,2024-01-15,Monday,06:00,10:00,EMP00216,Barista,Intermediate,4,Available,No,23,2,2,0,Balanced
SHF0000641,SD003,Starbucks - UCSD Campus,La Jolla,2024-01-15,Monday,17:00,21:00,EMP00237,Barista,Entry,4,Available,No,27,2,4,2,Overstaffed
SHF0000642,SD003,Starbucks - UCSD Campus,La Jolla,2024-01-22,Monday,17:00,21:00,EMP00068,Shift Supervisor,Intermediate,4,Available,No,37,2,3,1,Overstaffed
SHF0000643,SD003,Starbucks - UCSD Campus,La Jolla,2024-01-22,Monday,11:00,15:00,EMP00151,Barista,Intermediate,4,Available,No,43,2,1,-1,Understaffed
SHF0000644,SD003,Starbucks - UCSD Campus,La Jolla,2024-01-22,Monday,06:00,10:00,EMP00359,Shift Supervisor,Intermediate,4,Available,No,37,2,2,0,Balanced
SHF0000645,SD003,Starbucks - UCSD Campus,La Jolla,2024-01-22,Monday,15:00,19:00,EMP00407,Shift Supervisor,Intermediate,4,Available,No,27,2,2,0,Balanced
SHF0000646,SD003,Starbucks - UCSD Campus,La Jolla,2024-01-22,Monday,09:00,13:00,EMP00330,Barista,Senior,4,Available,No,60,3,3,0,Balanced
SHF0000647,SD003,Starbucks - UCSD Campus,La Jolla,2024-01-22,Monday,11:00,15:00,EMP00248,Barista,Entry,4,Available,No,57,2,2,0,Balanced
SHF0000648,SD003,Starbucks - UCSD Campus,La Jolla,2024-01-22,Monday,10:00,14:00,EMP00323,Shift Supervisor,Intermediate,4,Available,No,35,2,2,0,Balanced
SHF0000649,SD003,Starbucks - UCSD Campus,La Jolla,2024-01-22,Monday,15:00,19:00,EMP00490,Barista,Intermediate,4,Available,No,23,2,2,0,Balanced
SHF0000650,SD003,Starbucks - UCSD Campus,La Jolla,2024-01-22,Monday,10:00,14:00,EMP00031,Lead Barista,Entry,4,Available,No,46,2,2,0,Balanced
SHF0000651,SD003,Starbucks - UCSD Campus,La Jolla,2024-01-22,Monday,10:00,14:00,EMP00230,Barista,Entry,4,Available,No,55,2,2,0,Balanced
SHF0000652,SD003,Starbucks - UCSD Campus,La Jolla,2024-01-22,Monday,13:00,17:00,EMP00284,Shift Supervisor,Entry,4,Available,No,49,2,2,0,Balanced
SHF0000653,SD003,Starbucks - UCSD Campus,La Jolla,2024-01-22,Monday,05:00,09:00,EMP00239,Barista,Entry,4,Available,No,20,2,2,0,Balanced
SHF0000654,SD003,Starbucks - UCSD Campus,La Jolla,2024-01-29,Monday,11:00,15:00,EMP00165,Barista,Intermediate,4,Available,No,62,3,3,0,Balanced
SHF0000655,SD003,Starbucks - UCSD Campus,La Jolla,2024-01-29,Monday,13:00,17:00,EMP00401,Barista,Intermediate,4,Available,No,51,2,3,1,Overstaffed
SHF0000656,SD003,Starbucks - UCSD Campus,La Jolla,2024-01-29,Monday,09:00,13:00,EMP00430,Barista,Entry,4,Available,No,73,3,2,-1,Understaffed
SHF0000657,SD003,Starbucks - UCSD Campus,La Jolla,2024-01-29,Monday,07:00,11:00,EMP00385,Barista,Intermediate,4,Available,No,86,4,4,0,Balanced
SHF0000658,SD003,Starbucks - UCSD Campus,La Jolla,2024-01-29,Monday,18:00,22:00,EMP00159,Barista,Intermediate,4,Available,No,32,2,3,1,Overstaffed
SHF0000659,SD003,Starbucks - UCSD Campus,La Jolla,2024-01-29,Monday,10:00,14:00,EMP00078,Barista,Entry,4,Available,No,35,2,2,0,Balanced
SHF0000660,SD003,Starbucks - UCSD Campus,La Jolla,2024-01-29,Monday,07:00,11:00,EMP00143,Barista,Intermediate,4,Available,No,60,3,1,-2,Understaffed
SHF0000661,SD003,Starbucks - UCSD Campus,La Jolla,2024-01-29,Monday,13:00,17:00,EMP00493,Barista,Entry,4,Available,No,72,3,4,1,Overstaffed
SHF0000662,SD003,Starbucks - UCSD Campus,La Jolla,2024-01-29,Monday,10:00,14:00,EMP00380,Shift Supervisor,Senior,4,Available,No,51,2,2,0,Balanced
SHF0000663,SD003,Starbucks - UCSD Campus,La Jolla,2024-01-29,Monday,09:00,13:00,EMP00057,Barista,Intermediate,4,Available,No,69,3,3,0,Balanced
SHF0000664,SD003,Starbucks - UCSD Campus,La Jolla,2024-02-05,Monday,11:00,15:00,EMP00159,Barista,Senior,4,Available,No,56,2,2,0,Balanced
SHF0000665,SD003,Starbucks - UCSD Campus,La Jolla,2024-02-05,Monday,17:00,21:00,EMP00148,Barista,Entry,4,Available,No,41,2,3,1,Overstaffed
SHF0000666,SD003,Starbucks - UCSD Campus,La Jolla,2024-02-05,Monday,09:00,13:00,EMP00271,Barista,Senior,4,Available,No,86,4,6,2,Overstaffed
SHF0000667,SD003,Starbucks - UCSD Campus,La Jolla,2024-02-05,Monday,13:00,17:00,EMP00159,Barista,Intermediate,4,Available,No,58,2,1,-1,Understaffed
SHF0000668,SD003,Starbucks - UCSD Campus,La Jolla,2024-02-05,Monday,18:00,22:00,EMP00250,Barista,Intermediate,4,Available,No,32,2,2,0,Balanced
SHF0000669,SD003,Starbucks - UCSD Campus,La Jolla,2024-02-05,Monday,11:00,15:00,EMP00415,Barista,Intermediate,4,Available,No,36,2,1,-1,Understaffed
SHF0000670,SD003,Starbucks - UCSD Campus,La Jolla,2024-02-05,Monday,07:00,11:00,EMP00373,Barista,Senior,4,Available,No,78,3,2,-1,Understaffed
SHF0000671,SD003,Starbucks - UCSD Campus,La Jolla,2024-02-05,Monday,10:00,14:00,EMP00454,Barista,Intermediate,4,Available,No,60,3,1,-2,Understaffed
SHF0000672,SD003,Starbucks - UCSD Campus,La Jolla,2024-02-05,Monday,11:00,15:00,EMP00184,Barista,Senior,4,Available,No,47,2,2,0,Balanced
SHF0000673,SD003,Starbucks - UCSD Campus,La Jolla,2024-02-05,Monday,18:00,22:00,EMP00042,Barista,Entry,4,Available,No,24,2,2,0,Balanced
SHF0000674,SD003,Starbucks - UCSD Campus,La Jolla,2024-02-05,Monday,07:00,11:00,EMP00357,Shift Supervisor,Intermediate,4,Available,No,66,3,2,-1,Understaffed
SHF0000675,SD003,Starbucks - UCSD Campus,La Jolla,2024-02-12,Monday,10:00,14:00,EMP00249,Lead Barista,Entry,4,Available,No,60,3,3,0,Balanced
SHF0000676,SD003,Starbucks - UCSD Campus,La Jolla,2024-02-12,Monday,10:00,14:00,EMP00172,Barista,Intermediate,4,Called Out,Yes,64,3,3,0,Balanced
SHF0000677,SD003,Starbucks - UCSD Campus,La Jolla,2024-02-12,Monday,18:00,22:00,EMP00019,Barista,Entry,4,Available,No,46,2,2,0,Balanced
SHF0000678,SD003,Starbucks - UCSD Campus,La Jolla,2024-02-12,Monday,14:00,18:00,EMP00464,Barista,Entry,4,Available,No,48,2,1,-1,Understaffed
SHF0000679,SD003,Starbucks - UCSD Campus,La Jolla,2024-02-12,Monday,05:00,09:00,EMP00018,Barista,Senior,4,Available,No,35,2,2,0,Balanced
SHF0000680,SD003,Starbucks - UCSD Campus,La Jolla,2024-02-12,Monday,15:00,19:00,EMP00019,Barista,Senior,4,Available,No,34,2,2,0,Balanced
SHF0000681,SD003,Starbucks - UCSD Campus,La Jolla,2024-02-12,Monday,05:00,09:00,EMP00001,Barista,Senior,4,Available,No,40,2,2,0,Balanced
SHF0000682,SD003,Starbucks - UCSD Campus,La Jolla,2024-02-12,Monday,14:00,18:00,EMP00275,Barista,Intermediate,4,Available,No,32,2,2,0,Balanced
SHF0000683,SD003,Starbucks - UCSD Campus,La Jolla,2024-02-12,Monday,18:00,22:00,EMP00260,Shift Supervisor,Intermediate,4,Available,No,43,2,2,0,Balanced
SHF0000684,SD003,Starbucks - UCSD Campus,La Jolla,2024-02-19,Monday,10:00,14:00,EMP00319,Barista,Intermediate,4,Available,No,47,2,2,0,Balanced
SHF0000685,SD003,Starbucks - UCSD Campus,La Jolla,2024-02-19,Monday,09:00,13:00,EMP00299,Barista,Intermediate,4,Available,No,89,4,4,0,Balanced
SHF0000686,SD003,Starbucks - UCSD Campus,La Jolla,2024-02-19,Monday,13:00,17:00,EMP00230,Barista,Senior,4,Available,No,66,3,5,2,Overstaffed
SHF0000687,SD003,Starbucks - UCSD Campus,La Jolla,2024-02-19,Monday,05:00,09:00,EMP00193,Barista,Intermediate,4,Available,No,41,2,2,0,Balanced
SHF0000688,SD003,Starbucks - UCSD Campus,La Jolla,2024-02-19,Monday,11:00,15:00,EMP00494,Barista,Senior,4,Available,No,64,3,3,0,Balanced
SHF0000689,SD003,Starbucks - UCSD Campus,La Jolla,2024-02-19,Monday,13:00,17:00,EMP00301,Barista,Entry,4,Available,No,55,2,1,-1,Understaffed
SHF0000690,SD003,Starbucks - UCSD Campus,La Jolla,2024-02-19,Monday,18:00,22:00,EMP00296,Lead Barista,Intermediate,4,Available,No,47,2,2,0,Balanced
SHF0000691,SD003,Starbucks - UCSD Campus,La Jolla,2024-02-19,Monday,11:00,15:00,EMP00329,Shift Supervisor,Intermediate,4,Available,No,55,2,3,1,Overstaffed
SHF0000692,SD003,Starbucks - UCSD Campus,La Jolla,2024-02-26,Monday,18:00,22:00,EMP00259,Barista,Entry,4,Available,No,27,2,2,0,Balanced
SHF0000693,SD003,Starbucks - UCSD Campus,La Jolla,2024-02-26,Monday,10:00,14:00,EMP00456,Barista,Intermediate,4,Available,No,42,2,2,0,Balanced
SHF0000694,SD003,Starbucks - UCSD Campus,La Jolla,2024-02-26,Monday,13:00,17:00,EMP00456,Barista,Entry,4,Available,No,64,3,3,0,Balanced
SHF0000695,SD003,Starbucks - UCSD Campus,La Jolla,2024-02-26,Monday,05:00,09:00,EMP00128,Barista,Entry,4,Available,No,20,2,3,1,Overstaffed
SHF0000696,SD003,Starbucks - UCSD Campus,La Jolla,2024-02-26,Monday,07:00,11:00,EMP00142,Barista,Entry,4,Available,No,83,4,4,0,Balanced
SHF0000697,SD003,Starbucks - UCSD Campus,La Jolla,2024-02-26,Monday,09:00,13:00,EMP00050,Barista,Intermediate,4,Available,No,78,3,5,2,Overstaffed
SHF0000698,SD003,Starbucks - UCSD Campus,La Jolla,2024-02-26,Monday,18:00,22:00,EMP00390,Barista,Intermediate,4,Available,No,36,2,1,-1,Understaffed
SHF0000699,SD003,Starbucks - UCSD Campus,La Jolla,2024-02-26,Monday,10:00,14:00,EMP00046,Barista,Intermediate,4,Available,No,48,2,2,0,Balanced
SHF0000700,SD003,Starbucks - UCSD Campus,La Jolla,2024-02-26,Monday,07:00,11:00,EMP00500,Barista,Entry,4,Available,No,78,3,5,2,Overstaffed
SHF0000701,SD003,Starbucks - UCSD Campus,La Jolla,2024-02-26,Monday,05:00,09:00,EMP00145,Barista,Intermediate,4,Available,No,20,2,2,0,Balanced
SHF0000702,SD003,Starbucks - UCSD Campus,La Jolla,2024-02-26,Monday,05:00,09:00,EMP00223,Shift Supervisor,Entry,4,Available,No,45,2,2,0,Balanced
SHF0000703,SD003,Starbucks - UCSD Campus,La Jolla,2024-02-26,Monday,18:00,22:00,EMP00404,Shift Supervisor,Intermediate,4,Available,No,42,2,1,-1,Understaffed
SHF0000704,SD003,Starbucks - UCSD Campus,La Jolla,2024-03-04,Monday,07:00,11:00,EMP00143,Lead Barista,Entry,4,Available,No,76,3,3,0,Balanced
SHF0000705,SD003,Starbucks - UCSD Campus,La Jolla,2024-03-04,Monday,09:00,13:00,EMP00152,Barista,Entry,4,Available,No,61,3,3,0,Balanced
SHF0000706,SD003,Starbucks - UCSD Campus,La Jolla,2024-03-04,Monday,13:00,17:00,EMP00273,Barista,Intermediate,4,Available,No,55,2,2,0,Balanced
SHF0000707,SD003,Starbucks - UCSD Campus,La Jolla,2024-03-04,Monday,17:00,21:00,EMP00011,Shift Supervisor,Senior,4,Available,No,28,2,2,0,Balanced
SHF0000708,SD003,Starbucks - UCSD Campus,La Jolla,2024-03-04,Monday,09:00,13:00,EMP00230,Barista,Intermediate,4,Available,No,65,3,2,-1,Understaffed
SHF0000709,SD003,Starbucks - UCSD Campus,La Jolla,2024-03-04,Monday,06:00,10:00,EMP00378,Barista,Intermediate,4,Available,No,27,2,2,0,Balanced
SHF0000710,SD003,Starbucks - UCSD Campus,La Jolla,2024-03-04,Monday,15:00,19:00,EMP00425,Barista,Entry,4,Available,No,26,2,2,0,Balanced
SHF0000711,SD003,Starbucks - UCSD Campus,La Jolla,2024-03-04,Monday,10:00,14:00,EMP00020,Barista,Entry,4,Available,No,49,2,1,-1,Understaffed
SHF0000712,SD003,Starbucks - UCSD Campus,La Jolla,2024-03-04,Monday,06:00,10:00,EMP00228,Barista,Entry,4,Available,No,24,2,2,0,Balanced
SHF0000713,SD003,Starbucks - UCSD Campus,La Jolla,2024-03-11,Monday,15:00,19:00,EMP00348,Barista,Entry,4,Available,No,31,2,2,0,Balanced
SHF0000714,SD003,Starbucks - UCSD Campus,La Jolla,2024-03-11,Monday,07:00,11:00,EMP00478,Shift Supervisor,Intermediate,4,Available,No,85,4,4,0,Balanced
SHF0000715,SD003,Starbucks - UCSD Campus,La Jolla,2024-03-11,Monday,06:00,10:00,EMP00161,Barista,Intermediate,4,Available,No,39,2,4,2,Overstaffed
SHF0000716,SD003,Starbucks - UCSD Campus,La Jolla,2024-03-11,Monday,06:00,10:00,EMP00485,Barista,Senior,4,Available,No,38,2,1,-1,Understaffed
SHF0000717,SD003,Starbucks - UCSD Campus,La Jolla,2024-03-11,Monday,05:00,09:00,EMP00093,Barista,Entry,4,Available,No,36,2,2,0,Balanced
SHF0000718,SD003,Starbucks - UCSD Campus,La Jolla,2024-03-11,Monday,18:00,22:00,EMP00364,Barista,Entry,4,Available,No,29,2,2,0,Balanced
SHF0000719,SD003,Starbucks - UCSD Campus,La Jolla,2024-03-11,Monday,15:00,19:00,EMP00410,Barista,Entry,4,Available,No,27,2,2,0,Balanced
SHF0000720,SD003,Starbucks - UCSD Campus,La Jolla,2024-03-11,Monday,13:00,17:00,EMP00116,Barista,Entry,4,Available,No,66,3,3,0,Balanced
SHF0000721,SD003,Starbucks - UCSD Campus,La Jolla,2024-03-11,Monday,10:00,14:00,EMP00169,Barista,Intermediate,4,Available,No,59,2,2,0,Balanced
SHF0000722,SD003,Starbucks - UCSD Campus,La Jolla,2024-03-11,Monday,18:00,22:00,EMP00211,Barista,Intermediate,4,Available,No,32,2,2,0,Balanced
SHF0000723,SD003,Starbucks - UCSD Campus,La Jolla,2024-03-11,Monday,05:00,09:00,EMP00500,Barista,Senior,4,Available,No,33,2,2,0,Balanced
SHF0000724,SD003,Starbucks - UCSD Campus,La Jolla,2024-03-11,Monday,17:00,21:00,EMP00081,Barista,Entry,4,Available,No,37,2,3,1,Overstaffed
SHF0000725,SD003,Starbucks - UCSD Campus,La Jolla,2024-03-18,Monday,18:00,22:00,EMP00139,Shift Supervisor,Intermediate,4,Available,No,23,2,3,1,Overstaffed
SHF0000726,SD003,Starbucks - UCSD Campus,La Jolla,2024-03-18,Monday,05:00,09:00,EMP00348,Shift Supervisor,Intermediate,4,Available,No,26,2,2,0,Balanced
SHF0000727,SD003,Starbucks - UCSD Campus,La Jolla,2024-03-18,Monday,07:00,11:00,EMP00015,Barista,Entry,4,Available,No,59,2,3,1,Overstaffed
SHF0000728,SD003,Starbucks - UCSD Campus,La Jolla,2024-03-18,Monday,17:00,21:00,EMP00343,Barista,Senior,4,Available,No,34,2,2,0,Balanced
SHF0000729,SD003,Starbucks - UCSD Campus,La Jolla,2024-03-18,Monday,17:00,21:00,EMP00225,Barista,Entry,4,Available,No,49,2,2,0,Balanced
SHF0000730,SD003,Starbucks - UCSD Campus,La Jolla,2024-03-18,Monday,11:00,15:00,EMP00392,Barista,Entry,4,Available,No,36,2,2,0,Balanced
SHF0000731,SD003,Starbucks - UCSD Campus,La Jolla,2024-03-18,Monday,17:00,21:00,EMP00169,Shift Supervisor,Intermediate,4,Available,No,49,2,4,2,Overstaffed
SHF0000732,SD003,Starbucks - UCSD Campus,La Jolla,2024-03-18,Monday,17:00,21:00,EMP00035,Shift Supervisor,Intermediate,4,Available,No,48,2,2,0,Balanced
SHF0000733,SD003,Starbucks - UCSD Campus,La Jolla,2024-03-18,Monday,09:00,13:00,EMP00006,Barista,Intermediate,4,Available,No,71,3,5,2,Overstaffed
SHF0000734,SD003,Starbucks - UCSD Campus,La Jolla,2024-03-18,Monday,07:00,11:00,EMP00235,Barista,Intermediate,4,Available,No,90,4,3,-1,Understaffed
SHF0000735,SD003,Starbucks - UCSD Campus,La Jolla,2024-03-18,Monday,14:00,18:00,EMP00459,Barista,Entry,4,Available,No,23,2,2,0,Balanced
SHF0000736,SD003,Starbucks - UCSD Campus,La Jolla,2024-03-25,Monday,15:00,19:00,EMP00264,Barista,Intermediate,4,Available,No,28,2,2,0,Balanced
SHF0000737,SD003,Starbucks - UCSD Campus,La Jolla,2024-03-25,Monday,11:00,15:00,EMP00097,Lead Barista,Senior,4,Available,No,57,2,1,-1,Understaffed
SHF0000738,SD003,Starbucks - UCSD Campus,La Jolla,2024-03-25,Monday,15:00,19:00,EMP00361,Barista,Entry,4,Available,No,33,2,2,0,Balanced
SHF0000739,SD003,Starbucks - UCSD Campus,La Jolla,2024-03-25,Monday,14:00,18:00,EMP00413,Barista,Entry,4,Available,No,32,2,1,-1,Understaffed
SHF0000740,SD003,Starbucks - UCSD Campus,La Jolla,2024-03-25,Monday,13:00,17:00,EMP00473,Barista,Intermediate,4,Available,No,69,3,3,0,Balanced
SHF0000741,SD003,Starbucks - UCSD Campus,La Jolla,2024-03-25,Monday,06:00,10:00,EMP00019,Barista,Entry,4,Available,No,40,2,3,1,Overstaffed
SHF0000742,SD003,Starbucks - UCSD Campus,La Jolla,2024-03-25,Monday,09:00,13:00,EMP00177,Barista,Intermediate,4,Available,No,88,4,4,0,Balanced
SHF0000743,SD003,Starbucks - UCSD Campus,La Jolla,2024-03-25,Monday,05:00,09:00,EMP00397,Barista,Entry,4,Available,No,23,2,1,-1,Understaffed
SHF0000744,SD003,Starbucks - UCSD Campus,La Jolla,2024-03-25,Monday,14:00,18:00,EMP00286,Shift Supervisor,Entry,4,Available,No,37,2,2,0,Balanced
SHF0000745,SD003,Starbucks - UCSD Campus,La Jolla,2024-04-01,Monday,07:00,11:00,EMP00301,Barista,Entry,4,Available,No,64,3,1,-2,Understaffed
SHF0000746,SD003,Starbucks - UCSD Campus,La Jolla,2024-04-01,Monday,05:00,09:00,EMP00236,Barista,Intermediate,4,Available,No,37,2,2,0,Balanced
SHF0000747,SD003,Starbucks - UCSD Campus,La Jolla,2024-04-01,Monday,05:00,09:00,EMP00487,Barista,Entry,4,Available,No,44,2,2,0,Balanced
SHF0000748,SD003,Starbucks - UCSD Campus,La Jolla,2024-04-01,Monday,07:00,11:00,EMP00439,Barista,Intermediate,4,Available,No,74,3,3,0,Balanced
SHF0000749,SD003,Starbucks - UCSD Campus,La Jolla,2024-04-01,Monday,09:00,13:00,EMP00271,Barista,Entry,4,Available,No,65,3,3,0,Balanced
SHF0000750,SD003,Starbucks - UCSD Campus,La Jolla,2024-04-01,Monday,10:00,14:00,EMP00287,Barista,Intermediate,4,Available,No,41,2,2,0,Balanced
SHF0000751,SD003,Starbucks - UCSD Campus,La Jolla,2024-04-01,Monday,06:00,10:00,EMP00063,Lead Barista,Intermediate,4,Available,No,23,2,2,0,Balanced
SHF0000752,SD003,Starbucks - UCSD Campus,La Jolla,2024-04-01,Monday,05:00,09:00,EMP00063,Barista,Intermediate,4,Available,No,42,2,3,1,Overstaffed
SHF0000753,SD003,Starbucks - UCSD Campus,La Jolla,2024-04-01,Monday,11:00,15:00,EMP00298,Shift Supervisor,Intermediate,4,Available,No,45,2,2,0,Balanced
SHF0000754,SD003,Starbucks - UCSD Campus,La Jolla,2024-04-01,Monday,17:00,21:00,EMP00399,Barista,Entry,4,Available,No,24,2,2,0,Balanced
SHF0000755,SD003,Starbucks - UCSD Campus,La Jolla,2024-04-01,Monday,09:00,13:00,EMP00056,Barista,Senior,4,Available,No,55,2,2,0,Balanced
SHF0000756,SD003,Starbucks - UCSD Campus,La Jolla,2024-04-08,Monday,15:00,19:00,EMP00039,Barista,Entry,4,Available,No,49,2,2,0,Balanced
SHF0000757,SD003,Starbucks - UCSD Campus,La Jolla,2024-04-08,Monday,10:00,14:00,EMP00292,Barista,Entry,4,Available,No,61,3,5,2,Overstaffed
SHF0000758,SD003,Starbucks - UCSD Campus,La Jolla,2024-04-08,Monday,09:00,13:00,EMP00217,Barista,Intermediate,4,Available,No,75,3,3,0,Balanced
SHF0000759,SD003,Starbucks - UCSD Campus,La Jolla,2024-04-08,Monday,11:00,15:00,EMP00460,Barista,Entry,4,Available,No,43,2,2,0,Balanced
SHF0000760,SD003,Starbucks - UCSD Campus,La Jolla,2024-04-08,Monday,10:00,14:00,EMP00142,Barista,Senior,4,Available,No,42,2,1,-1,Understaffed
SHF0000761,SD003,Starbucks - UCSD Campus,La Jolla,2024-04-08,Monday,06:00,10:00,EMP00425,Barista,Senior,4,Available,No,43,2,3,1,Overstaffed
SHF0000762,SD003,Starbucks - UCSD Campus,La Jolla,2024-04-08,Monday,17:00,21:00,EMP00440,Barista,Senior,4,Available,No,23,2,2,0,Balanced
SHF0000763,SD003,Starbucks - UCSD Campus,La Jolla,2024-04-08,Monday,07:00,11:00,EMP00258,Barista,Entry,4,Available,No,77,3,3,0,Balanced
SHF0000764,SD003,Starbucks - UCSD Campus,La Jolla,2024-04-08,Monday,10:00,14:00,EMP00410,Shift Supervisor,Senior,4,Available,No,38,2,3,1,Overstaffed
SHF0000765,SD003,Starbucks - UCSD Campus,La Jolla,2024-04-08,Monday,09:00,13:00,EMP00494,Shift Supervisor,Intermediate,4,Available,No,55,2,2,0,Balanced
SHF0000766,SD003,Starbucks - UCSD Campus,La Jolla,2024-04-15,Monday,14:00,18:00,EMP00412,Barista,Senior,4,Available,No,25,2,2,0,Balanced
SHF0000767,SD003,Starbucks - UCSD Campus,La Jolla,2024-04-15,Monday,17:00,21:00,EMP00142,Shift Supervisor,Entry,4,Available,No,29,2,1,-1,Understaffed
SHF0000768,SD003,Starbucks - UCSD Campus,La Jolla,2024-04-15,Monday,14:00,18:00,EMP00263,Barista,Intermediate,4,Available,No,27,2,2,0,Balanced
SHF0000769,SD003,Starbucks - UCSD Campus,La Jolla,2024-04-15,Monday,15:00,19:00,EMP00458,Shift Supervisor,Intermediate,4,Available,No,43,2,2,0,Balanced
SHF0000770,SD003,Starbucks - UCSD Campus,La Jolla,2024-04-15,Monday,17:00,21:00,EMP00176,Barista,Entry,4,Available,No,42,2,2,0,Balanced
SHF0000771,SD003,Starbucks - UCSD Campus,La Jolla,2024-04-15,Monday,11:00,15:00,EMP00288,Barista,Intermediate,4,Available,No,60,3,1,-2,Understaffed
SHF0000772,SD003,Starbucks - UCSD Campus,La Jolla,2024-04-15,Monday,15:00,19:00,EMP00380,Shift Supervisor,Entry,4,Available,No,44,2,4,2,Overstaffed
SHF0000773,SD003,Starbucks - UCSD Campus,La Jolla,2024-04-15,Monday,06:00,10:00,EMP00152,Barista,Intermediate,4,Available,No,37,2,1,-1,Understaffed
SHF0000774,SD003,Starbucks - UCSD Campus,La Jolla,2024-04-15,Monday,13:00,17:00,EMP00111,Lead Barista,Senior,4,Available,No,73,3,1,-2,Understaffed
SHF0000775,SD003,Starbucks - UCSD Campus,La Jolla,2024-04-22,Monday,06:00,10:00,EMP00066,Barista,Entry,4,Available,No,33,2,2,0,Balanced
SHF0000776,SD003,Starbucks - UCSD Campus,La Jolla,2024-04-22,Monday,13:00,17:00,EMP00137,Barista,Intermediate,4,Available,No,40,2,2,0,Balanced
SHF0000777,SD003,Starbucks - UCSD Campus,La Jolla,2024-04-22,Monday,07:00,11:00,EMP00301,Barista,Senior,4,Available,No,84,4,4,0,Balanced
SHF0000778,SD003,Starbucks - UCSD Campus,La Jolla,2024-04-22,Monday,15:00,19:00,EMP00301,Barista,Intermediate,4,Available,No,36,2,2,0,Balanced
SHF0000779,SD003,Starbucks - UCSD Campus,La Jolla,2024-04-22,Monday,15:00,19:00,EMP00224,Barista,Entry,4,Available,No,49,2,2,0,Balanced
SHF0000780,SD003,Starbucks - UCSD Campus,La Jolla,2024-04-22,Monday,07:00,11:00,EMP00442,Barista,Entry,4,Available,No,68,3,3,0,Balanced
SHF0000781,SD003,Starbucks - UCSD Campus,La Jolla,2024-04-22,Monday,09:00,13:00,EMP00212,Barista,Senior,4,Available,No,66,3,3,0,Balanced
SHF0000782,SD003,Starbucks - UCSD Campus,La Jolla,2024-04-22,Monday,11:00,15:00,EMP00098,Barista,Entry,4,Available,No,38,2,4,2,Overstaffed
SHF0000783,SD003,Starbucks - UCSD Campus,La Jolla,2024-04-29,Monday,11:00,15:00,EMP00267,Barista,Intermediate,4,Available,No,36,2,2,0,Balanced
SHF0000784,SD003,Starbucks - UCSD Campus,La Jolla,2024-04-29,Monday,18:00,22:00,EMP00188,Barista,Entry,4,Available,No,39,2,2,0,Balanced
SHF0000785,SD003,Starbucks - UCSD Campus,La Jolla,2024-04-29,Monday,10:00,14:00,EMP00040,Barista,Intermediate,4,Available,No,35,2,1,-1,Understaffed
SHF0000786,SD003,Starbucks - UCSD Campus,La Jolla,2024-04-29,Monday,09:00,13:00,EMP00113,Barista,Entry,4,Available,No,77,3,5,2,Overstaffed
SHF0000787,SD003,Starbucks - UCSD Campus,La Jolla,2024-04-29,Monday,05:00,09:00,EMP00017,Lead Barista,Entry,4,Available,No,43,2,2,0,Balanced
SHF0000788,SD003,Starbucks - UCSD Campus,La Jolla,2024-04-29,Monday,18:00,22:00,EMP00154,Barista,Intermediate,4,Available,No,32,2,2,0,Balanced
SHF0000789,SD003,Starbucks - UCSD Campus,La Jolla,2024-04-29,Monday,07:00,11:00,EMP00295,Shift Supervisor,Intermediate,4,Available,No,57,2,4,2,Overstaffed
SHF0000790,SD003,Starbucks - UCSD Campus,La Jolla,2024-04-29,Monday,10:00,14:00,EMP00369,Barista,Intermediate,4,Available,No,56,2,2,0,Balanced
SHF0000791,SD003,Starbucks - UCSD Campus,La Jolla,2024-04-29,Monday,13:00,17:00,EMP00415,Barista,Entry,4,Available,No,65,3,3,0,Balanced
SHF0000792,SD003,Starbucks - UCSD Campus,La Jolla,2024-04-29,Monday,18:00,22:00,EMP00203,Barista,Intermediate,4,Available,No,33,2,2,0,Balanced
SHF0000793,SD003,Starbucks - UCSD Campus,La Jolla,2024-04-29,Monday,07:00,11:00,EMP00453,Barista,Entry,4,Called Out,Yes,89,4,2,-2,Understaffed
SHF0000794,SD003,Starbucks - UCSD Campus,La Jolla,2024-04-29,Monday,15:00,19:00,EMP00246,Barista,Intermediate,4,Available,No,28,2,2,0,Balanced
SHF0000795,SD003,Starbucks - UCSD Campus,La Jolla,2024-05-06,Monday,15:00,19:00,EMP00469,Barista,Intermediate,4,Available,No,27,2,2,0,Balanced
SHF0000796,SD003,Starbucks - UCSD Campus,La Jolla,2024-05-06,Monday,10:00,14:00,EMP00443,Barista,Intermediate,4,Available,No,53,2,1,-1,Understaffed
SHF0000797,SD003,Starbucks - UCSD Campus,La Jolla,2024-05-06,Monday,18:00,22:00,EMP00472,Barista,Intermediate,4,Available,No,40,2,2,0,Balanced
SHF0000798,SD003,Starbucks - UCSD Campus,La Jolla,2024-05-06,Monday,11:00,15:00,EMP00320,Barista,Intermediate,4,Available,No,43,2,2,0,Balanced
SHF0000799,SD003,Starbucks - UCSD Campus,La Jolla,2024-05-06,Monday,10:00,14:00,EMP00477,Barista,Intermediate,4,Available,No,52,2,2,0,Balanced
SHF0000800,SD003,Starbucks - UCSD Campus,La Jolla,2024-05-06,Monday,17:00,21:00,EMP00126,Barista,Entry,4,Available,No,25,2,1,-1,Understaffed
SHF0000801,SD003,Starbucks - UCSD Campus,La Jolla,2024-05-06,Monday,17:00,21:00,EMP00074,Barista,Intermediate,4,Available,No,51,2,2,0,Balanced
SHF0000802,SD003,Starbucks - UCSD Campus,La Jolla,2024-05-06,Monday,10:00,14:00,EMP00144,Lead Barista,Entry,4,Available,No,57,2,2,0,Balanced
SHF0000803,SD003,Starbucks - UCSD Campus,La Jolla,2024-05-06,Monday,14:00,18:00,EMP00188,Barista,Entry,4,Available,No,43,2,1,-1,Understaffed
SHF0000804,SD003,Starbucks - UCSD Campus,La Jolla,2024-05-13,Monday,14:00,18:00,EMP00289,Barista,Intermediate,4,Available,No,25,2,2,0,Balanced
SHF0000805,SD003,Starbucks - UCSD Campus,La Jolla,2024-05-13,Monday,09:00,13:00,EMP00317,Barista,Intermediate,4,Available,No,89,4,4,0,Balanced
SHF0000806,SD003,Starbucks - UCSD Campus,La Jolla,2024-05-13,Monday,15:00,19:00,EMP00082,Barista,Intermediate,4,Available,No,34,2,2,0,Balanced
SHF0000807,SD003,Starbucks - UCSD Campus,La Jolla,2024-05-13,Monday,06:00,10:00,EMP00392,Barista,Intermediate,4,Available,No,22,2,2,0,Balanced
SHF0000808,SD003,Starbucks - UCSD Campus,La Jolla,2024-05-13,Monday,07:00,11:00,EMP00159,Barista,Intermediate,4,Available,No,82,4,4,0,Balanced
SHF0000809,SD003,Starbucks - UCSD Campus,La Jolla,2024-05-13,Monday,18:00,22:00,EMP00201,Shift Supervisor,Senior,4,Available,No,28,2,2,0,Balanced
SHF0000810,SD003,Starbucks - UCSD Campus,La Jolla,2024-05-13,Monday,07:00,11:00,EMP00276,Barista,Senior,4,Available,No,58,2,2,0,Balanced
SHF0000811,SD003,Starbucks - UCSD Campus,La Jolla,2024-05-13,Monday,05:00,09:00,EMP00148,Shift Supervisor,Entry,4,Available,No,43,2,4,2,Overstaffed
SHF0000812,SD003,Starbucks - UCSD Campus,La Jolla,2024-05-13,Monday,14:00,18:00,EMP00195,Barista,Entry,4,Available,No,43,2,2,0,Balanced
SHF0000813,SD003,Starbucks - UCSD Campus,La Jolla,2024-05-20,Monday,14:00,18:00,EMP00144,Barista,Entry,4,Available,No,28,2,2,0,Balanced
SHF0000814,SD003,Starbucks - UCSD Campus,La Jolla,2024-05-20,Monday,18:00,22:00,EMP00231,Barista,Entry,4,Available,No,26,2,2,0,Balanced
SHF0000815,SD003,Starbucks - UCSD Campus,La Jolla,2024-05-20,Monday,10:00,14:00,EMP00360,Barista,Entry,4,Available,No,40,2,4,2,Overstaffed
SHF0000816,SD003,Starbucks - UCSD Campus,La Jolla,2024-05-20,Monday,14:00,18:00,EMP00230,Shift Supervisor,Intermediate,4,Available,No,50,2,2,0,Balanced
SHF0000817,SD003,Starbucks - UCSD Campus,La Jolla,2024-05-20,Monday,17:00,21:00,EMP00307,Barista,Intermediate,4,Available,No,29,2,2,0,Balanced
SHF0000818,SD003,Starbucks - UCSD Campus,La Jolla,2024-05-20,Monday,05:00,09:00,EMP00012,Barista,Entry,4,Available,No,33,2,4,2,Overstaffed
SHF0000819,SD003,Starbucks - UCSD Campus,La Jolla,2024-05-20,Monday,14:00,18:00,EMP00428,Barista,Intermediate,4,Available,No,49,2,4,2,Overstaffed
SHF0000820,SD003,Starbucks - UCSD Campus,La Jolla,2024-05-20,Monday,15:00,19:00,EMP00037,Barista,Intermediate,4,Available,No,28,2,2,0,Balanced
SHF0000821,SD003,Starbucks - UCSD Campus,La Jolla,2024-05-27,Monday,13:00,17:00,EMP00060,Barista,Entry,4,Available,No,70,3,3,0,Balanced
SHF0000822,SD003,Starbucks - UCSD Campus,La Jolla,2024-05-27,Monday,05:00,09:00,EMP00474,Lead Barista,Intermediate,4,Available,No,20,2,2,0,Balanced
SHF0000823,SD003,Starbucks - UCSD Campus,La Jolla,2024-05-27,Monday,10:00,14:00,EMP00485,Barista,Intermediate,4,Available,No,47,2,2,0,Balanced
SHF0000824,SD003,Starbucks - UCSD Campus,La Jolla,2024-05-27,Monday,17:00,21:00,EMP00074,Barista,Senior,4,Available,No,40,2,2,0,Balanced
SHF0000825,SD003,Starbucks - UCSD Campus,La Jolla,2024-05-27,Monday,09:00,13:00,EMP00175,Barista,Senior,4,Available,No,81,4,4,0,Balanced
SHF0000826,SD003,Starbucks - UCSD Campus,La Jolla,2024-05-27,Monday,14:00,18:00,EMP00085,Barista,Intermediate,4,Available,No,44,2,2,0,Balanced
SHF0000827,SD003,Starbucks - UCSD Campus,La Jolla,2024-05-27,Monday,11:00,15:00,EMP00018,Barista,Entry,4,Available,No,37,2,1,-1,Understaffed
SHF0000828,SD003,Starbucks - UCSD Campus,La Jolla,2024-05-27,Monday,13:00,17:00,EMP00248,Barista,Intermediate,4,Available,No,73,3,3,0,Balanced
SHF0000829,SD003,Starbucks - UCSD Campus,La Jolla,2024-05-27,Monday,15:00,19:00,EMP00176,Barista,Intermediate,4,Available,No,33,2,4,2,Overstaffed
SHF0000830,SD003,Starbucks - UCSD Campus,La Jolla,2024-05-27,Monday,10:00,14:00,EMP00345,Barista,Entry,4,Available,No,61,3,3,0,Balanced
SHF0000831,SD003,Starbucks - UCSD Campus,La Jolla,2024-05-27,Monday,17:00,21:00,EMP00473,Barista,Senior,4,Available,No,51,2,2,0,Balanced
SHF0000832,SD003,Starbucks - UCSD Campus,La Jolla,2024-05-27,Monday,11:00,15:00,EMP00420,Barista,Entry,4,Available,No,50,2,2,0,Balanced
SHF0000833,SD003,Starbucks - UCSD Campus,La Jolla,2024-06-03,Monday,17:00,21:00,EMP00406,Lead Barista,Entry,4,Available,No,39,2,1,-1,Understaffed
SHF0000834,SD003,Starbucks - UCSD Campus,La Jolla,2024-06-03,Monday,17:00,21:00,EMP00106,Barista,Entry,4,Available,No,44,2,2,0,Balanced
SHF0000835,SD003,Starbucks - UCSD Campus,La Jolla,2024-06-03,Monday,06:00,10:00,EMP00219,Barista,Entry,4,Available,No,35,2,1,-1,Understaffed
SHF0000836,SD003,Starbucks - UCSD Campus,La Jolla,2024-06-03,Monday,11:00,15:00,EMP00092,Barista,Entry,4,Available,No,38,2,1,-1,Understaffed
SHF0000837,SD003,Starbucks - UCSD Campus,La Jolla,2024-06-03,Monday,07:00,11:00,EMP00174,Barista,Entry,4,Available,No,55,2,2,0,Balanced
SHF0000838,SD003,Starbucks - UCSD Campus,La Jolla,2024-06-03,Monday,06:00,10:00,EMP00212,Barista,Intermediate,4,Available,No,23,2,2,0,Balanced
SHF0000839,SD003,Starbucks - UCSD Campus,La Jolla,2024-06-03,Monday,15:00,19:00,EMP00224,Barista,Intermediate,4,Available,No,35,2,2,0,Balanced
SHF0000840,SD003,Starbucks - UCSD Campus,La Jolla,2024-06-03,Monday,17:00,21:00,EMP00309,Shift Supervisor,Senior,4,Available,No,37,2,1,-1,Understaffed
SHF0000841,SD003,Starbucks - UCSD Campus,La Jolla,2024-06-03,Monday,06:00,10:00,EMP00231,Barista,Intermediate,4,Available,No,20,2,2,0,Balanced
SHF0000842,SD003,Starbucks - UCSD Campus,La Jolla,2024-06-03,Monday,18:00,22:00,EMP00194,Barista,Entry,4,Available,No,42,2,3,1,Overstaffed
SHF0000843,SD003,Starbucks - UCSD Campus,La Jolla,2024-06-03,Monday,14:00,18:00,EMP00238,Barista,Entry,4,Available,No,36,2,2,0,Balanced
SHF0000844,SD003,Starbucks - UCSD Campus,La Jolla,2024-06-03,Monday,17:00,21:00,EMP00223,Barista,Intermediate,4,Available,No,31,2,2,0,Balanced
SHF0000845,SD003,Starbucks - UCSD Campus,La Jolla,2024-06-10,Monday,15:00,19:00,EMP00436,Barista,Intermediate,4,Available,No,27,2,1,-1,Understaffed
SHF0000846,SD003,Starbucks - UCSD Campus,La Jolla,2024-06-10,Monday,05:00,09:00,EMP00045,Barista,Intermediate,4,Available,No,27,2,2,0,Balanced
SHF0000847,SD003,Starbucks - UCSD Campus,La Jolla,2024-06-10,Monday,15:00,19:00,EMP00156,Barista,Senior,4,Available,No,32,2,1,-1,Understaffed
SHF0000848,SD003,Starbucks - UCSD Campus,La Jolla,2024-06-10,Monday,05:00,09:00,EMP00134,Barista,Senior,4,Available,No,40,2,1,-1,Understaffed
SHF0000849,SD003,Starbucks - UCSD Campus,La Jolla,2024-06-10,Monday,13:00,17:00,EMP00134,Barista,Intermediate,4,Available,No,43,2,2,0,Balanced
SHF0000850,SD003,Starbucks - UCSD Campus,La Jolla,2024-06-10,Monday,06:00,10:00,EMP00366,Barista,Intermediate,4,Available,No,24,2,4,2,Overstaffed
SHF0000851,SD003,Starbucks - UCSD Campus,La Jolla,2024-06-10,Monday,09:00,13:00,EMP00464,Barista,Senior,4,Available,No,74,3,3,0,Balanced
SHF0000852,SD003,Starbucks - UCSD Campus,La Jolla,2024-06-10,Monday,11:00,15:00,EMP00269,Barista,Senior,4,Available,No,58,2,1,-1,Understaffed
SHF0000853,SD003,Starbucks - UCSD Campus,La Jolla,2024-06-10,Monday,07:00,11:00,EMP00174,Barista,Entry,4,Available,No,76,3,3,0,Balanced
SHF0000854,SD003,Starbucks - UCSD Campus,La Jolla,2024-06-10,Monday,06:00,10:00,EMP00079,Barista,Intermediate,4,Available,No,22,2,4,2,Overstaffed
SHF0000855,SD003,Starbucks - UCSD Campus,La Jolla,2024-06-10,Monday,07:00,11:00,EMP00290,Barista,Entry,4,Available,No,84,4,4,0,Balanced
SHF0000856,SD003,Starbucks - UCSD Campus,La Jolla,2024-06-17,Monday,10:00,14:00,EMP00203,Barista,Entry,4,Available,No,37,2,2,0,Balanced
SHF0000857,SD003,Starbucks - UCSD Campus,La Jolla,2024-06-17,Monday,14:00,18:00,EMP00137,Barista,Senior,4,Available,No,29,2,2,0,Balanced
SHF0000858,SD003,Starbucks - UCSD Campus,La Jolla,2024-06-17,Monday,07:00,11:00,EMP00435,Barista,Intermediate,4,Available,No,71,3,3,0,Balanced
SHF0000859,SD003,Starbucks - UCSD Campus,La Jolla,2024-06-17,Monday,07:00,11:00,EMP00124,Barista,Senior,4,Called Out,Yes,65,3,1,-2,Understaffed
SHF0000860,SD003,Starbucks - UCSD Campus,La Jolla,2024-06-17,Monday,10:00,14:00,EMP00368,Barista,Intermediate,4,Available,No,57,2,3,1,Overstaffed
SHF0000861,SD003,Starbucks - UCSD Campus,La Jolla,2024-06-17,Monday,13:00,17:00,EMP00044,Barista,Intermediate,4,Available,No,56,2,2,0,Balanced
SHF0000862,SD003,Starbucks - UCSD Campus,La Jolla,2024-06-17,Monday,10:00,14:00,EMP00216,Barista,Intermediate,4,Available,No,39,2,1,-1,Understaffed
SHF0000863,SD003,Starbucks - UCSD Campus,La Jolla,2024-06-17,Monday,17:00,21:00,EMP00427,Barista,Intermediate,4,Available,No,35,2,4,2,Overstaffed
SHF0000864,SD003,Starbucks - UCSD Campus,La Jolla,2024-06-17,Monday,18:00,22:00,EMP00280,Barista,Intermediate,4,Available,No,43,2,3,1,Overstaffed
SHF0000865,SD003,Starbucks - UCSD Campus,La Jolla,2024-06-17,Monday,05:00,09:00,EMP00201,Shift Supervisor,Senior,4,Available,No,32,2,3,1,Overstaffed
SHF0000866,SD003,Starbucks - UCSD Campus,La Jolla,2024-06-24,Monday,06:00,10:00,EMP00177,Barista,Senior,4,Available,No,26,2,2,0,Balanced
SHF0000867,SD003,Starbucks - UCSD Campus,La Jolla,2024-06-24,Monday,14:00,18:00,EMP00145,Barista,Entry,4,Available,No,46,2,1,-1,Understaffed
SHF0000868,SD003,Starbucks - UCSD Campus,La Jolla,2024-06-24,Monday,10:00,14:00,EMP00488,Barista,Senior,4,Available,No,48,2,2,0,Balanced
SHF0000869,SD003,Starbucks - UCSD Campus,La Jolla,2024-06-24,Monday,11:00,15:00,EMP00027,Barista,Intermediate,4,Available,No,38,2,1,-1,Understaffed
SHF0000870,SD003,Starbucks - UCSD Campus,La Jolla,2024-06-24,Monday,13:00,17:00,EMP00259,Shift Supervisor,Intermediate,4,Available,No,50,2,2,0,Balanced
SHF0000871,SD003,Starbucks - UCSD Campus,La Jolla,2024-06-24,Monday,09:00,13:00,EMP00414,Shift Supervisor,Entry,4,Available,No,70,3,1,-2,Understaffed
SHF0000872,SD003,Starbucks - UCSD Campus,La Jolla,2024-06-24,Monday,11:00,15:00,EMP00275,Barista,Senior,4,Available,No,58,2,3,1,Overstaffed
SHF0000873,SD003,Starbucks - UCSD Campus,La Jolla,2024-06-24,Monday,10:00,14:00,EMP00116,Barista,Entry,4,Available,No,60,3,3,0,Balanced
SHF0000874,SD003,Starbucks - UCSD Campus,La Jolla,2024-06-24,Monday,15:00,19:00,EMP00131,Barista,Intermediate,4,Available,No,41,2,1,-1,Understaffed
SHF0000875,SD003,Starbucks - UCSD Campus,La Jolla,2024-06-24,Monday,07:00,11:00,EMP00315,Lead Barista,Senior,4,Available,No,70,3,3,0,Balanced
SHF0000876,SD003,Starbucks - UCSD Campus,La Jolla,2024-06-24,Monday,14:00,18:00,EMP00160,Barista,Senior,4,Available,No,46,2,3,1,Overstaffed
SHF0000877,SD003,Starbucks - UCSD Campus,La Jolla,2024-06-24,Monday,10:00,14:00,EMP00275,Barista,Entry,4,Available,No,35,2,1,-1,Understaffed
SHF0000878,SD003,Starbucks - UCSD Campus,La Jolla,2024-07-01,Monday,13:00,17:00,EMP00057,Shift Supervisor,Entry,4,Available,No,70,3,5,2,Overstaffed
SHF0000879,SD003,Starbucks - UCSD Campus,La Jolla,2024-07-01,Monday,13:00,17:00,EMP00013,Barista,Intermediate,4,Called Out,Yes,59,2,2,0,Balanced
SHF0000880,SD003,Starbucks - UCSD Campus,La Jolla,2024-07-01,Monday,06:00,10:00,EMP00300,Barista,Intermediate,4,Available,No,34,2,2,0,Balanced
SHF0000881,SD003,Starbucks - UCSD Campus,La Jolla,2024-07-01,Monday,06:00,10:00,EMP00404,Barista,Intermediate,4,Available,No,41,2,2,0,Balanced
SHF0000882,SD003,Starbucks - UCSD Campus,La Jolla,2024-07-01,Monday,15:00,19:00,EMP00404,Shift Supervisor,Intermediate,4,Available,No,49,2,2,0,Balanced
SHF0000883,SD003,Starbucks - UCSD Campus,La Jolla,2024-07-01,Monday,18:00,22:00,EMP00348,Barista,Entry,4,Available,No,36,2,2,0,Balanced
SHF0000884,SD003,Starbucks - UCSD Campus,La Jolla,2024-07-01,Monday,09:00,13:00,EMP00246,Shift Supervisor,Entry,4,Available,No,73,3,3,0,Balanced
SHF0000885,SD003,Starbucks - UCSD Campus,La Jolla,2024-07-01,Monday,05:00,09:00,EMP00132,Barista,Entry,4,Available,No,24,2,2,0,Balanced
SHF0000886,SD003,Starbucks - UCSD Campus,La Jolla,2024-07-01,Monday,06:00,10:00,EMP00286,Barista,Entry,4,Available,No,40,2,2,0,Balanced
SHF0000887,SD003,Starbucks - UCSD Campus,La Jolla,2024-07-01,Monday,18:00,22:00,EMP00358,Barista,Senior,4,Available,No,51,2,2,0,Balanced
SHF0000888,SD003,Starbucks - UCSD Campus,La Jolla,2024-07-01,Monday,10:00,14:00,EMP00345,Shift Supervisor,Entry,4,Available,No,38,2,2,0,Balanced
SHF0000889,SD003,Starbucks - UCSD Campus,La Jolla,2024-07-01,Monday,15:00,19:00,EMP00473,Barista,Intermediate,4,Available,No,51,2,2,0,Balanced
SHF0000890,SD003,Starbucks - UCSD Campus,La Jolla,2024-07-08,Monday,06:00,10:00,EMP00350,Barista,Intermediate,4,Available,No,20,2,1,-1,Understaffed
SHF0000891,SD003,Starbucks - UCSD Campus,La Jolla,2024-07-08,Monday,05:00,09:00,EMP00350,Barista,Senior,4,Available,No,27,2,1,-1,Understaffed
SHF0000892,SD003,Starbucks - UCSD Campus,La Jolla,2024-07-08,Monday,09:00,13:00,EMP00180,Lead Barista,Intermediate,4,Available,No,75,3,3,0,Balanced
SHF0000893,SD003,Starbucks - UCSD Campus,La Jolla,2024-07-08,Monday,10:00,14:00,EMP00431,Barista,Entry,4,Available,No,62,3,5,2,Overstaffed
SHF0000894,SD003,Starbucks - UCSD Campus,La Jolla,2024-07-08,Monday,11:00,15:00,EMP00158,Barista,Intermediate,4,Available,No,57,2,2,0,Balanced
SHF0000895,SD003,Starbucks - UCSD Campus,La Jolla,2024-07-08,Monday,06:00,10:00,EMP00015,Barista,Entry,4,Available,No,42,2,2,0,Balanced
SHF0000896,SD003,Starbucks - UCSD Campus,La Jolla,2024-07-08,Monday,15:00,19:00,EMP00099,Barista,Entry,4,Available,No,46,2,2,0,Balanced
SHF0000897,SD003,Starbucks - UCSD Campus,La Jolla,2024-07-08,Monday,15:00,19:00,EMP00240,Barista,Senior,4,Available,No,24,2,2,0,Balanced
SHF0000898,SD003,Starbucks - UCSD Campus,La Jolla,2024-07-08,Monday,05:00,09:00,EMP00062,Barista,Senior,4,Available,No,42,2,1,-1,Understaffed
SHF0000899,SD003,Starbucks - UCSD Campus,La Jolla,2024-07-08,Monday,18:00,22:00,EMP00198,Barista,Intermediate,4,Available,No,32,2,2,0,Balanced
SHF0000900,SD003,Starbucks - UCSD Campus,La Jolla,2024-07-08,Monday,17:00,21:00,EMP00253,Shift Supervisor,Intermediate,4,Called Out,Yes,27,2,2,0,Balanced
SHF0000901,SD003,Starbucks - UCSD Campus,La Jolla,2024-07-15,Monday,11:00,15:00,EMP00454,Barista,Entry,4,Available,No,44,2,2,0,Balanced
SHF0000902,SD003,Starbucks - UCSD Campus,La Jolla,2024-07-15,Monday,13:00,17:00,EMP00185,Barista,Entry,4,Available,No,74,3,3,0,Balanced
SHF0000903,SD003,Starbucks - UCSD Campus,La Jolla,2024-07-15,Monday,05:00,09:00,EMP00449,Barista,Intermediate,4,Available,No,32,2,4,2,Overstaffed
SHF0000904,SD003,Starbucks - UCSD Campus,La Jolla,2024-07-15,Monday,13:00,17:00,EMP00062,Barista,Entry,4,Available,No,43,2,2,0,Balanced
SHF0000905,SD003,Starbucks - UCSD Campus,La Jolla,2024-07-15,Monday,18:00,22:00,EMP00014,Shift Supervisor,Intermediate,4,Available,No,31,2,2,0,Balanced
SHF0000906,SD003,Starbucks - UCSD Campus,La Jolla,2024-07-15,Monday,10:00,14:00,EMP00272,Barista,Intermediate,4,Available,No,65,3,3,0,Balanced
SHF0000907,SD003,Starbucks - UCSD Campus,La Jolla,2024-07-15,Monday,10:00,14:00,EMP00314,Shift Supervisor,Intermediate,4,Available,No,45,2,2,0,Balanced
SHF0000908,SD003,Starbucks - UCSD Campus,La Jolla,2024-07-15,Monday,10:00,14:00,EMP00343,Barista,Intermediate,4,Available,No,44,2,1,-1,Understaffed
SHF0000909,SD003,Starbucks - UCSD Campus,La Jolla,2024-07-15,Monday,11:00,15:00,EMP00491,Barista,Senior,4,Available,No,36,2,4,2,Overstaffed
SHF0000910,SD003,Starbucks - UCSD Campus,La Jolla,2024-07-15,Monday,15:00,19:00,EMP00019,Lead Barista,Entry,4,Available,No,35,2,2,0,Balanced
SHF0000911,SD003,Starbucks - UCSD Campus,La Jolla,2024-07-15,Monday,13:00,17:00,EMP00455,Barista,Entry,4,Available,No,74,3,3,0,Balanced
SHF0000912,SD003,Starbucks - UCSD Campus,La Jolla,2024-07-22,Monday,14:00,18:00,EMP00477,Barista,Senior,4,Available,No,28,2,1,-1,Understaffed
SHF0000913,SD003,Starbucks - UCSD Campus,La Jolla,2024-07-22,Monday,18:00,22:00,EMP00315,Barista,Intermediate,4,Available,No,28,2,1,-1,Understaffed
SHF0000914,SD003,Starbucks - UCSD Campus,La Jolla,2024-07-22,Monday,06:00,10:00,EMP00341,Barista,Intermediate,4,Available,No,39,2,2,0,Balanced
SHF0000915,SD003,Starbucks - UCSD Campus,La Jolla,2024-07-22,Monday,06:00,10:00,EMP00306,Barista,Entry,4,Available,No,28,2,2,0,Balanced
SHF0000916,SD003,Starbucks - UCSD Campus,La Jolla,2024-07-22,Monday,09:00,13:00,EMP00128,Barista,Intermediate,4,Called Out,Yes,71,3,3,0,Balanced
SHF0000917,SD003,Starbucks - UCSD Campus,La Jolla,2024-07-22,Monday,13:00,17:00,EMP00382,Lead Barista,Entry,4,Available,No,46,2,2,0,Balanced
SHF0000918,SD003,Starbucks - UCSD Campus,La Jolla,2024-07-22,Monday,06:00,10:00,EMP00362,Barista,Senior,4,Available,No,42,2,2,0,Balanced
SHF0000919,SD003,Starbucks - UCSD Campus,La Jolla,2024-07-22,Monday,14:00,18:00,EMP00092,Barista,Intermediate,4,Available,No,34,2,2,0,Balanced
SHF0000920,SD004,Starbucks - Mission Valley Mall,Mission Valley,2024-01-01,Monday,06:00,10:00,EMP00365,Barista,Entry,4,Available,No,35,2,2,0,Balanced
SHF0000921,SD004,Starbucks - Mission Valley Mall,Mission Valley,2024-01-01,Monday,17:00,21:00,EMP00144,Barista,Intermediate,4,Available,No,40,2,2,0,Balanced
SHF0000922,SD004,Starbucks - Mission Valley Mall,Mission Valley,2024-01-01,Monday,07:00,11:00,EMP00083,Barista,Entry,4,Available,No,86,4,4,0,Balanced
SHF0000923,SD004,Starbucks - Mission Valley Mall,Mission Valley,2024-01-01,Monday,14:00,18:00,EMP00345,Barista,Senior,4,Available,No,20,2,2,0,Balanced
SHF0000924,SD004,Starbucks - Mission Valley Mall,Mission Valley,2024-01-01,Monday,07:00,11:00,EMP00170,Barista,Intermediate,4,Available,No,55,2,4,2,Overstaffed
SHF0000925,SD004,Starbucks - Mission Valley Mall,Mission Valley,2024-01-01,Monday,17:00,21:00,EMP00023,Lead Barista,Senior,4,Called Out,Yes,38,2,2,0,Balanced
SHF0000926,SD004,Starbucks - Mission Valley Mall,Mission Valley,2024-01-01,Monday,11:00,15:00,EMP00056,Barista,Entry,4,Available,No,41,2,4,2,Overstaffed
SHF0000927,SD004,Starbucks - Mission Valley Mall,Mission Valley,2024-01-01,Monday,14:00,18:00,EMP00363,Barista,Senior,4,Available,No,37,2,1,-1,Understaffed
SHF0000928,SD004,Starbucks - Mission Valley Mall,Mission Valley,2024-01-01,Monday,17:00,21:00,EMP00419,Barista,Senior,4,Available,No,37,2,2,0,Balanced
SHF0000929,SD004,Starbucks - Mission Valley Mall,Mission Valley,2024-01-01,Monday,18:00,22:00,EMP00002,Barista,Intermediate,4,Available,No,44,2,1,-1,Understaffed
SHF0000930,SD004,Starbucks - Mission Valley Mall,Mission Valley,2024-01-01,Monday,18:00,22:00,EMP00014,Barista,Senior,4,Available,No,28,2,2,0,Balanced
SHF0000931,SD004,Starbucks - Mission Valley Mall,Mission Valley,2024-01-01,Monday,15:00,19:00,EMP00014,Barista,Intermediate,4,Available,No,33,2,2,0,Balanced
SHF0000932,SD004,Starbucks - Mission Valley Mall,Mission Valley,2024-01-08,Monday,14:00,18:00,EMP00110,Barista,Senior,4,Available,No,37,2,2,0,Balanced
SHF0000933,SD004,Starbucks - Mission Valley Mall,Mission Valley,2024-01-08,Monday,06:00,10:00,EMP00318,Barista,Entry,4,Available,No,36,2,2,0,Balanced
SHF0000934,SD004,Starbucks - Mission Valley Mall,Mission Valley,2024-01-08,Monday,09:00,13:00,EMP00220,Shift Supervisor,Intermediate,4,Available,No,69,3,3,0,Balanced
SHF0000935,SD004,Starbucks - Mission Valley Mall,Mission Valley,2024-01-08,Monday,06:00,10:00,EMP00267,Lead Barista,Entry,4,Available,No,23,2,2,0,Balanced
SHF0000936,SD004,Starbucks - Mission Valley Mall,Mission Valley,2024-01-08,Monday,06:00,10:00,EMP00095,Barista,Senior,4,Available,No,28,2,2,0,Balanced
SHF0000937,SD004,Starbucks - Mission Valley Mall,Mission Valley,2024-01-08,Monday,05:00,09:00,EMP00311,Barista,Intermediate,4,Available,No,36,2,2,0,Balanced
SHF0000938,SD004,Starbucks - Mission Valley Mall,Mission Valley,2024-01-08,Monday,14:00,18:00,EMP00072,Lead Barista,Entry,4,Available,No,20,2,3,1,Overstaffed
SHF0000939,SD004,Starbucks - Mission Valley Mall,Mission Valley,2024-01-08,Monday,05:00,09:00,EMP00483,Barista,Entry,4,Available,No,21,2,3,1,Overstaffed
SHF0000940,SD004,Starbucks - Mission Valley Mall,Mission Valley,2024-01-08,Monday,18:00,22:00,EMP00142,Barista,Entry,4,Available,No,42,2,2,0,Balanced
SHF0000941,SD004,Starbucks - Mission Valley Mall,Mission Valley,2024-01-08,Monday,11:00,15:00,EMP00333,Barista,Entry,4,Available,No,57,2,1,-1,Understaffed
SHF0000942,SD004,Starbucks - Mission Valley Mall,Mission Valley,2024-01-08,Monday,07:00,11:00,EMP00372,Barista,Entry,4,Available,No,59,2,2,0,Balanced
SHF0000943,SD004,Starbucks - Mission Valley Mall,Mission Valley,2024-01-08,Monday,09:00,13:00,EMP00333,Barista,Intermediate,4,Available,No,88,4,4,0,Balanced
SHF0000944,SD004,Starbucks - Mission Valley Mall,Mission Valley,2024-01-15,Monday,13:00,17:00,EMP00159,Barista,Senior,4,Available,No,46,2,3,1,Overstaffed
SHF0000945,SD004,Starbucks - Mission Valley Mall,Mission Valley,2024-01-15,Monday,09:00,13:00,EMP00411,Shift Supervisor,Intermediate,4,Available,No,67,3,3,0,Balanced
SHF0000946,SD004,Starbucks - Mission Valley Mall,Mission Valley,2024-01-15,Monday,09:00,13:00,EMP00002,Barista,Senior,4,Available,No,72,3,3,0,Balanced
SHF0000947,SD004,Starbucks - Mission Valley Mall,Mission Valley,2024-01-15,Monday,15:00,19:00,EMP00376,Shift Supervisor,Intermediate,4,Available,No,21,2,2,0,Balanced
SHF0000948,SD004,Starbucks - Mission Valley Mall,Mission Valley,2024-01-15,Monday,15:00,19:00,EMP00192,Barista,Intermediate,4,Available,No,33,2,2,0,Balanced
SHF0000949,SD004,Starbucks - Mission Valley Mall,Mission Valley,2024-01-15,Monday,07:00,11:00,EMP00321,Barista,Senior,4,Available,No,79,3,3,0,Balanced
SHF0000950,SD004,Starbucks - Mission Valley Mall,Mission Valley,2024-01-15,Monday,11:00,15:00,EMP00065,Barista,Intermediate,4,Available,No,64,3,3,0,Balanced
SHF0000951,SD004,Starbucks - Mission Valley Mall,Mission Valley,2024-01-15,Monday,11:00,15:00,EMP00095,Barista,Senior,4,Available,No,57,2,1,-1,Understaffed
SHF0000952,SD004,Starbucks - Mission Valley Mall,Mission Valley,2024-01-15,Monday,06:00,10:00,EMP00343,Barista,Intermediate,4,Available,No,32,2,1,-1,Understaffed
SHF0000953,SD004,Starbucks - Mission Valley Mall,Mission Valley,2024-01-15,Monday,17:00,21:00,EMP00467,Barista,Entry,4,Available,No,25,2,2,0,Balanced
SHF0000954,SD004,Starbucks - Mission Valley Mall,Mission Valley,2024-01-22,Monday,09:00,13:00,EMP00475,Barista,Senior,4,Available,No,88,4,4,0,Balanced
SHF0000955,SD004,Starbucks - Mission Valley Mall,Mission Valley,2024-01-22,Monday,18:00,22:00,EMP00434,Barista,Senior,4,Available,No,38,2,1,-1,Understaffed
SHF0000956,SD004,Starbucks - Mission Valley Mall,Mission Valley,2024-01-22,Monday,10:00,14:00,EMP00388,Barista,Intermediate,4,Available,No,52,2,2,0,Balanced
SHF0000957,SD004,Starbucks - Mission Valley Mall,Mission Valley,2024-01-22,Monday,07:00,11:00,EMP00217,Barista,Entry,4,Available,No,70,3,3,0,Balanced
SHF0000958,SD004,Starbucks - Mission Valley Mall,Mission Valley,2024-01-22,Monday,09:00,13:00,EMP00056,Lead Barista,Entry,4,Available,No,73,3,3,0,Balanced
SHF0000959,SD004,Starbucks - Mission Valley Mall,Mission Valley,2024-01-22,Monday,14:00,18:00,EMP00202,Barista,Entry,4,Available,No,37,2,2,0,Balanced
SHF0000960,SD004,Starbucks - Mission Valley Mall,Mission Valley,2024-01-22,Monday,05:00,09:00,EMP00314,Barista,Entry,4,Available,No,32,2,4,2,Overstaffed
SHF0000961,SD004,Starbucks - Mission Valley Mall,Mission Valley,2024-01-22,Monday,17:00,21:00,EMP00080,Barista,Entry,4,Available,No,28,2,2,0,Balanced
SHF0000962,SD004,Starbucks - Mission Valley Mall,Mission Valley,2024-01-22,Monday,05:00,09:00,EMP00270,Shift Supervisor,Senior,4,Available,No,32,2,2,0,Balanced
SHF0000963,SD004,Starbucks - Mission Valley Mall,Mission Valley,2024-01-22,Monday,17:00,21:00,EMP00124,Barista,Intermediate,4,Available,No,26,2,2,0,Balanced
SHF0000964,SD004,Starbucks - Mission Valley Mall,Mission Valley,2024-01-29,Monday,06:00,10:00,EMP00098,Barista,Senior,4,Available,No,28,2,2,0,Balanced
SHF0000965,SD004,Starbucks - Mission Valley Mall,Mission Valley,2024-01-29,Monday,15:00,19:00,EMP00286,Barista,Intermediate,4,Available,No,25,2,2,0,Balanced
SHF0000966,SD004,Starbucks - Mission Valley Mall,Mission Valley,2024-01-29,Monday,13:00,17:00,EMP00200,Barista,Intermediate,4,Available,No,61,3,2,-1,Understaffed
SHF0000967,SD004,Starbucks - Mission Valley Mall,Mission Valley,2024-01-29,Monday,13:00,17:00,EMP00199,Shift Supervisor,Intermediate,4,Available,No,42,2,1,-1,Understaffed
SHF0000968,SD004,Starbucks - Mission Valley Mall,Mission Valley,2024-01-29,Monday,07:00,11:00,EMP00078,Barista,Intermediate,4,Available,No,78,3,4,1,Overstaffed
SHF0000969,SD004,Starbucks - Mission Valley Mall,Mission Valley,2024-01-29,Monday,14:00,18:00,EMP00391,Barista,Intermediate,4,Available,No,27,2,1,-1,Understaffed
SHF0000970,SD004,Starbucks - Mission Valley Mall,Mission Valley,2024-01-29,Monday,07:00,11:00,EMP00326,Barista,Intermediate,4,Available,No,82,4,6,2,Overstaffed
SHF0000971,SD004,Starbucks - Mission Valley Mall,Mission Valley,2024-01-29,Monday,14:00,18:00,EMP00360,Barista,Intermediate,4,Available,No,26,2,2,0,Balanced
SHF0000972,SD004,Starbucks - Mission Valley Mall,Mission Valley,2024-01-29,Monday,17:00,21:00,EMP00372,Barista,Entry,4,Available,No,38,2,1,-1,Understaffed
SHF0000973,SD004,Starbucks - Mission Valley Mall,Mission Valley,2024-02-05,Monday,05:00,09:00,EMP00304,Shift Supervisor,Senior,4,Available,No,42,2,2,0,Balanced
SHF0000974,SD004,Starbucks - Mission Valley Mall,Mission Valley,2024-02-05,Monday,10:00,14:00,EMP00404,Barista,Entry,4,Available,No,40,2,2,0,Balanced
SHF0000975,SD004,Starbucks - Mission Valley Mall,Mission Valley,2024-02-05,Monday,11:00,15:00,EMP00246,Lead Barista,Senior,4,Available,No,55,2,1,-1,Understaffed
SHF0000976,SD004,Starbucks - Mission Valley Mall,Mission Valley,2024-02-05,Monday,13:00,17:00,EMP00256,Shift Supervisor,Senior,4,Available,No,35,2,2,0,Balanced
SHF0000977,SD004,Starbucks - Mission Valley Mall,Mission Valley,2024-02-05,Monday,07:00,11:00,EMP00275,Barista,Intermediate,4,Available,No,55,2,2,0,Balanced
SHF0000978,SD004,Starbucks - Mission Valley Mall,Mission Valley,2024-02-05,Monday,14:00,18:00,EMP00421,Barista,Entry,4,Available,No,33,2,2,0,Balanced
SHF0000979,SD004,Starbucks - Mission Valley Mall,Mission Valley,2024-02-05,Monday,11:00,15:00,EMP00115,Shift Supervisor,Senior,4,Available,No,55,2,2,0,Balanced
SHF0000980,SD004,Starbucks - Mission Valley Mall,Mission Valley,2024-02-05,Monday,13:00,17:00,EMP00079,Barista,Entry,4,Available,No,46,2,2,0,Balanced
SHF0000981,SD004,Starbucks - Mission Valley Mall,Mission Valley,2024-02-05,Monday,07:00,11:00,EMP00352,Barista,Entry,4,Available,No,62,3,3,0,Balanced
SHF0000982,SD004,Starbucks - Mission Valley Mall,Mission Valley,2024-02-05,Monday,18:00,22:00,EMP00372,Lead Barista,Intermediate,4,Available,No,43,2,2,0,Balanced
SHF0000983,SD004,Starbucks - Mission Valley Mall,Mission Valley,2024-02-05,Monday,17:00,21:00,EMP00168,Barista,Entry,4,Available,No,33,2,2,0,Balanced
SHF0000984,SD004,Starbucks - Mission Valley Mall,Mission Valley,2024-02-05,Monday,09:00,13:00,EMP00106,Barista,Intermediate,4,Available,No,61,3,3,0,Balanced
SHF0000985,SD004,Starbucks - Mission Valley Mall,Mission Valley,2024-02-12,Monday,18:00,22:00,EMP00051,Lead Barista,Intermediate,4,Available,No,38,2,3,1,Overstaffed
SHF0000986,SD004,Starbucks - Mission Valley Mall,Mission Valley,2024-02-12,Monday,09:00,13:00,EMP00184,Barista,Intermediate,4,Available,No,88,4,4,0,Balanced
SHF0000987,SD004,Starbucks - Mission Valley Mall,Mission Valley,2024-02-12,Monday,07:00,11:00,EMP00403,Shift Supervisor,Senior,4,Available,No,90,4,6,2,Overstaffed
SHF0000988,SD004,Starbucks - Mission Valley Mall,Mission Valley,2024-02-12,Monday,09:00,13:00,EMP00335,Barista,Intermediate,4,Available,No,77,3,4,1,Overstaffed
SHF0000989,SD004,Starbucks - Mission Valley Mall,Mission Valley,2024-02-12,Monday,18:00,22:00,EMP00301,Shift Supervisor,Entry,4,Available,No,28,2,2,0,Balanced
SHF0000990,SD004,Starbucks - Mission Valley Mall,Mission Valley,2024-02-12,Monday,10:00,14:00,EMP00194,Barista,Senior,4,Available,No,60,3,3,0,Balanced
SHF0000991,SD004,Starbucks - Mission Valley Mall,Mission Valley,2024-02-12,Monday,06:00,10:00,EMP00251,Barista,Intermediate,4,Available,No,41,2,1,-1,Understaffed
SHF0000992,SD004,Starbucks - Mission Valley Mall,Mission Valley,2024-02-12,Monday,13:00,17:00,EMP00419,Barista,Intermediate,4,Available,No,45,2,2,0,Balanced
SHF0000993,SD004,Starbucks - Mission Valley Mall,Mission Valley,2024-02-12,Monday,17:00,21:00,EMP00202,Barista,Senior,4,Available,No,23,2,1,-1,Understaffed
SHF0000994,SD004,Starbucks - Mission Valley Mall,Mission Valley,2024-02-12,Monday,15:00,19:00,EMP00073,Barista,Entry,4,Available,No,38,2,2,0,Balanced
SHF0000995,SD004,Starbucks - Mission Valley Mall,Mission Valley,2024-02-12,Monday,15:00,19:00,EMP00127,Barista,Entry,4,Available,No,41,2,2,0,Balanced
SHF0000996,SD004,Starbucks - Mission Valley Mall,Mission Valley,2024-02-12,Monday,10:00,14:00,EMP00181,Barista,Intermediate,4,Available,No,48,2,1,-1,Understaffed
SHF0000997,SD004,Starbucks - Mission Valley Mall,Mission Valley,2024-02-19,Monday,13:00,17:00,EMP00238,Barista,Senior,4,Available,No,42,2,2,0,Balanced
SHF0000998,SD004,Starbucks - Mission Valley Mall,Mission Valley,2024-02-19,Monday,15:00,19:00,EMP00388,Shift Supervisor,Intermediate,4,Available,No,23,2,2,0,Balanced
SHF0000999,SD004,Starbucks - Mission Valley Mall,Mission Valley,2024-02-19,Monday,10:00,14:00,EMP00299,Barista,Intermediate,4,Available,No,39,2,2,0,Balanced
SHF0001000,SD004,Starbucks - Mission Valley Mall,Mission Valley,2024-02-19,Monday,13:00,17:00,EMP00323,Barista,Intermediate,4,Available,No,62,3,3,0,Balanced
SHF0001001,SD004,Starbucks - Mission Valley Mall,Mission Valley,2024-02-19,Monday,10:00,14:00,EMP00092,Barista,Intermediate,4,Available,No,40,2,2,0,Balanced
SHF0001002,SD004,Starbucks - Mission Valley Mall,Mission Valley,2024-02-19,Monday,17:00,21:00,EMP00267,Shift Supervisor,Intermediate,4,Available,No,39,2,2,0,Balanced
SHF0001003,SD004,Starbucks - Mission Valley Mall,Mission Valley,2024-02-19,Monday,06:00,10:00,EMP00366,Barista,Entry,4,Available,No,45,2,1,-1,Understaffed
SHF0001004,SD004,Starbucks - Mission Valley Mall,Mission Valley,2024-02-19,Monday,06:00,10:00,EMP00088,Barista,Intermediate,4,Available,No,33,2,2,0,Balanced
SHF0001005,SD004,Starbucks - Mission Valley Mall,Mission Valley,2024-02-19,Monday,09:00,13:00,EMP00199,Barista,Entry,4,Available,No,60,3,1,-2,Understaffed
SHF0001006,SD004,Starbucks - Mission Valley Mall,Mission Valley,2024-02-26,Monday,15:00,19:00,EMP00319,Barista,Intermediate,4,Available,No,44,2,2,0,Balanced
SHF0001007,SD004,Starbucks - Mission Valley Mall,Mission Valley,2024-02-26,Monday,15:00,19:00,EMP00060,Barista,Entry,4,Available,No,37,2,3,1,Overstaffed
SHF0001008,SD004,Starbucks - Mission Valley Mall,Mission Valley,2024-02-26,Monday,11:00,15:00,EMP00296,Barista,Intermediate,4,Available,No,41,2,2,0,Balanced
SHF0001009,SD004,Starbucks - Mission Valley Mall,Mission Valley,2024-02-26,Monday,05:00,09:00,EMP00038,Shift Supervisor,Entry,4,Available,No,34,2,2,0,Balanced
SHF0001010,SD004,Starbucks - Mission Valley Mall,Mission Valley,2024-02-26,Monday,06:00,10:00,EMP00171,Barista,Intermediate,4,Available,No,29,2,2,0,Balanced
SHF0001011,SD004,Starbucks - Mission Valley Mall,Mission Valley,2024-02-26,Monday,18:00,22:00,EMP00107,Barista,Senior,4,Available,No,28,2,2,0,Balanced
SHF0001012,SD004,Starbucks - Mission Valley Mall,Mission Valley,2024-02-26,Monday,17:00,21:00,EMP00133,Barista,Senior,4,Available,No,33,2,2,0,Balanced
SHF0001013,SD004,Starbucks - Mission Valley Mall,Mission Valley,2024-02-26,Monday,15:00,19:00,EMP00063,Shift Supervisor,Entry,4,Available,No,38,2,2,0,Balanced
SHF0001014,SD004,Starbucks - Mission Valley Mall,Mission Valley,2024-02-26,Monday,13:00,17:00,EMP00292,Barista,Intermediate,4,Called Out,Yes,38,2,2,0,Balanced
SHF0001015,SD004,Starbucks - Mission Valley Mall,Mission Valley,2024-02-26,Monday,05:00,09:00,EMP00219,Barista,Senior,4,Available,No,30,2,2,0,Balanced
SHF0001016,SD004,Starbucks - Mission Valley Mall,Mission Valley,2024-02-26,Monday,17:00,21:00,EMP00022,Barista,Entry,4,Available,No,45,2,4,2,Overstaffed
SHF0001017,SD004,Starbucks - Mission Valley Mall,Mission Valley,2024-02-26,Monday,09:00,13:00,EMP00343,Barista,Intermediate,4,Available,No,60,3,1,-2,Understaffed
SHF0001018,SD004,Starbucks - Mission Valley Mall,Mission Valley,2024-03-04,Monday,11:00,15:00,EMP00018,Barista,Entry,4,Available,No,49,2,3,1,Overstaffed
SHF0001019,SD004,Starbucks - Mission Valley Mall,Mission Valley,2024-03-04,Monday,14:00,18:00,EMP00286,Barista,Senior,4,Available,No,20,2,1,-1,Understaffed
SHF0001020,SD004,Starbucks - Mission Valley Mall,Mission Valley,2024-03-04,Monday,17:00,21:00,EMP00437,Barista,Entry,4,Available,No,33,2,2,0,Balanced
SHF0001021,SD004,Starbucks - Mission Valley Mall,Mission Valley,2024-03-04,Monday,06:00,10:00,EMP00447,Barista,Intermediate,4,Available,No,40,2,2,0,Balanced
SHF0001022,SD004,Starbucks - Mission Valley Mall,Mission Valley,2024-03-04,Monday,13:00,17:00,EMP00031,Shift Supervisor,Entry,4,Available,No,60,3,2,-1,Understaffed
SHF0001023,SD004,Starbucks - Mission Valley Mall,Mission Valley,2024-03-04,Monday,15:00,19:00,EMP00397,Barista,Intermediate,4,Available,No,39,2,4,2,Overstaffed
SHF0001024,SD004,Starbucks - Mission Valley Mall,Mission Valley,2024-03-04,Monday,17:00,21:00,EMP00039,Barista,Entry,4,Available,No,22,2,2,0,Balanced
SHF0001025,SD004,Starbucks - Mission Valley Mall,Mission Valley,2024-03-04,Monday,10:00,14:00,EMP00358,Barista,Entry,4,Available,No,47,2,2,0,Balanced
SHF0001026,SD004,Starbucks - Mission Valley Mall,Mission Valley,2024-03-04,Monday,10:00,14:00,EMP00044,Barista,Entry,4,Available,No,49,2,2,0,Balanced
SHF0001027,SD004,Starbucks - Mission Valley Mall,Mission Valley,2024-03-04,Monday,11:00,15:00,EMP00070,Barista,Entry,4,Available,No,56,2,2,0,Balanced
SHF0001028,SD004,Starbucks - Mission Valley Mall,Mission Valley,2024-03-04,Monday,15:00,19:00,EMP00111,Shift Supervisor,Intermediate,4,Available,No,38,2,4,2,Overstaffed
SHF0001029,SD004,Starbucks - Mission Valley Mall,Mission Valley,2024-03-11,Monday,11:00,15:00,EMP00377,Barista,Senior,4,Available,No,35,2,2,0,Balanced
SHF0001030,SD004,Starbucks - Mission Valley Mall,Mission Valley,2024-03-11,Monday,13:00,17:00,EMP00165,Shift Supervisor,Entry,4,Available,No,36,2,2,0,Balanced
SHF0001031,SD004,Starbucks - Mission Valley Mall,Mission Valley,2024-03-11,Monday,06:00,10:00,EMP00102,Barista,Intermediate,4,Available,No,32,2,2,0,Balanced
SHF0001032,SD004,Starbucks - Mission Valley Mall,Mission Valley,2024-03-11,Monday,09:00,13:00,EMP00472,Barista,Entry,4,Available,No,82,4,6,2,Overstaffed
SHF0001033,SD004,Starbucks - Mission Valley Mall,Mission Valley,2024-03-11,Monday,11:00,15:00,EMP00375,Barista,Senior,4,Available,No,41,2,2,0,Balanced
SHF0001034,SD004,Starbucks - Mission Valley Mall,Mission Valley,2024-03-11,Monday,15:00,19:00,EMP00181,Shift Supervisor,Entry,4,Available,No,30,2,3,1,Overstaffed
SHF0001035,SD004,Starbucks - Mission Valley Mall,Mission Valley,2024-03-11,Monday,09:00,13:00,EMP00110,Barista,Intermediate,4,Available,No,78,3,3,0,Balanced
SHF0001036,SD004,Starbucks - Mission Valley Mall,Mission Valley,2024-03-11,Monday,15:00,19:00,EMP00111,Shift Supervisor,Intermediate,4,Available,No,40,2,2,0,Balanced
SHF0001037,SD004,Starbucks - Mission Valley Mall,Mission Valley,2024-03-11,Monday,14:00,18:00,EMP00490,Barista,Intermediate,4,Available,No,27,2,2,0,Balanced
SHF0001038,SD004,Starbucks - Mission Valley Mall,Mission Valley,2024-03-11,Monday,09:00,13:00,EMP00094,Barista,Intermediate,4,Available,No,75,3,5,2,Overstaffed
SHF0001039,SD004,Starbucks - Mission Valley Mall,Mission Valley,2024-03-11,Monday,17:00,21:00,EMP00477,Shift Supervisor,Senior,4,Available,No,27,2,2,0,Balanced
SHF0001040,SD004,Starbucks - Mission Valley Mall,Mission Valley,2024-03-11,Monday,06:00,10:00,EMP00429,Barista,Intermediate,4,Available,No,25,2,2,0,Balanced
SHF0001041,SD004,Starbucks - Mission Valley Mall,Mission Valley,2024-03-18,Monday,14:00,18:00,EMP00303,Barista,Senior,4,Available,No,37,2,2,0,Balanced
SHF0001042,SD004,Starbucks - Mission Valley Mall,Mission Valley,2024-03-18,Monday,07:00,11:00,EMP00109,Barista,Entry,4,Available,No,64,3,4,1,Overstaffed
SHF0001043,SD004,Starbucks - Mission Valley Mall,Mission Valley,2024-03-18,Monday,14:00,18:00,EMP00109,Barista,Intermediate,4,Available,No,39,2,3,1,Overstaffed
SHF0001044,SD004,Starbucks - Mission Valley Mall,Mission Valley,2024-03-18,Monday,05:00,09:00,EMP00049,Barista,Entry,4,Available,No,41,2,2,0,Balanced
SHF0001045,SD004,Starbucks - Mission Valley Mall,Mission Valley,2024-03-18,Monday,07:00,11:00,EMP00500,Barista,Senior,4,Available,No,57,2,1,-1,Understaffed
SHF0001046,SD004,Starbucks - Mission Valley Mall,Mission Valley,2024-03-18,Monday,09:00,13:00,EMP00358,Barista,Senior,4,Available,No,84,4,4,0,Balanced
SHF0001047,SD004,Starbucks - Mission Valley Mall,Mission Valley,2024-03-18,Monday,10:00,14:00,EMP00482,Barista,Intermediate,4,Available,No,60,3,3,0,Balanced
SHF0001048,SD004,Starbucks - Mission Valley Mall,Mission Valley,2024-03-18,Monday,14:00,18:00,EMP00493,Shift Supervisor,Entry,4,Available,No,42,2,2,0,Balanced
SHF0001049,SD004,Starbucks - Mission Valley Mall,Mission Valley,2024-03-18,Monday,15:00,19:00,EMP00418,Shift Supervisor,Intermediate,4,Available,No,29,2,3,1,Overstaffed
SHF0001050,SD004,Starbucks - Mission Valley Mall,Mission Valley,2024-03-25,Monday,07:00,11:00,EMP00495,Barista,Intermediate,4,Available,No,88,4,5,1,Overstaffed
SHF0001051,SD004,Starbucks - Mission Valley Mall,Mission Valley,2024-03-25,Monday,09:00,13:00,EMP00156,Barista,Entry,4,Available,No,84,4,4,0,Balanced
SHF0001052,SD004,Starbucks - Mission Valley Mall,Mission Valley,2024-03-25,Monday,13:00,17:00,EMP00148,Barista,Entry,4,Available,No,63,3,3,0,Balanced
SHF0001053,SD004,Starbucks - Mission Valley Mall,Mission Valley,2024-03-25,Monday,07:00,11:00,EMP00306,Barista,Entry,4,Available,No,88,4,6,2,Overstaffed
SHF0001054,SD004,Starbucks - Mission Valley Mall,Mission Valley,2024-03-25,Monday,15:00,19:00,EMP00110,Shift Supervisor,Entry,4,Available,No,35,2,2,0,Balanced
SHF0001055,SD004,Starbucks - Mission Valley Mall,Mission Valley,2024-03-25,Monday,10:00,14:00,EMP00115,Barista,Intermediate,4,Available,No,63,3,3,0,Balanced
SHF0001056,SD004,Starbucks - Mission Valley Mall,Mission Valley,2024-03-25,Monday,07:00,11:00,EMP00020,Barista,Senior,4,Available,No,73,3,1,-2,Understaffed
SHF0001057,SD004,Starbucks - Mission Valley Mall,Mission Valley,2024-03-25,Monday,07:00,11:00,EMP00103,Barista,Intermediate,4,Available,No,69,3,3,0,Balanced
SHF0001058,SD004,Starbucks - Mission Valley Mall,Mission Valley,2024-03-25,Monday,18:00,22:00,EMP00270,Barista,Intermediate,4,Available,No,37,2,2,0,Balanced
SHF0001059,SD004,Starbucks - Mission Valley Mall,Mission Valley,2024-03-25,Monday,14:00,18:00,EMP00276,Barista,Intermediate,4,Available,No,29,2,1,-1,Understaffed
SHF0001060,SD004,Starbucks - Mission Valley Mall,Mission Valley,2024-04-01,Monday,14:00,18:00,EMP00251,Barista,Senior,4,Available,No,24,2,2,0,Balanced
SHF0001061,SD004,Starbucks - Mission Valley Mall,Mission Valley,2024-04-01,Monday,05:00,09:00,EMP00139,Barista,Entry,4,Available,No,33,2,1,-1,Understaffed
SHF0001062,SD004,Starbucks - Mission Valley Mall,Mission Valley,2024-04-01,Monday,17:00,21:00,EMP00330,Barista,Senior,4,Available,No,20,2,1,-1,Understaffed
SHF0001063,SD004,Starbucks - Mission Valley Mall,Mission Valley,2024-04-01,Monday,14:00,18:00,EMP00007,Barista,Senior,4,Available,No,35,2,1,-1,Understaffed
SHF0001064,SD004,Starbucks - Mission Valley Mall,Mission Valley,2024-04-01,Monday,13:00,17:00,EMP00410,Barista,Entry,4,Available,No,51,2,1,-1,Understaffed
SHF0001065,SD004,Starbucks - Mission Valley Mall,Mission Valley,2024-04-01,Monday,14:00,18:00,EMP00111,Barista,Entry,4,Available,No,31,2,2,0,Balanced
SHF0001066,SD004,Starbucks - Mission Valley Mall,Mission Valley,2024-04-01,Monday,18:00,22:00,EMP00120,Barista,Intermediate,4,Available,No,24,2,2,0,Balanced
SHF0001067,SD004,Starbucks - Mission Valley Mall,Mission Valley,2024-04-01,Monday,10:00,14:00,EMP00319,Barista,Entry,4,Available,No,41,2,1,-1,Understaffed
SHF0001068,SD004,Starbucks - Mission Valley Mall,Mission Valley,2024-04-01,Monday,05:00,09:00,EMP00381,Barista,Entry,4,Available,No,25,2,2,0,Balanced
SHF0001069,SD004,Starbucks - Mission Valley Mall,Mission Valley,2024-04-01,Monday,11:00,15:00,EMP00222,Barista,Entry,4,Available,No,60,3,3,0,Balanced
SHF0001070,SD004,Starbucks - Mission Valley Mall,Mission Valley,2024-04-01,Monday,10:00,14:00,EMP00308,Shift Supervisor,Intermediate,4,Available,No,35,2,1,-1,Understaffed
SHF0001071,SD004,Starbucks - Mission Valley Mall,Mission Valley,2024-04-01,Monday,17:00,21:00,EMP00226,Barista,Entry,4,Available,No,40,2,1,-1,Understaffed
SHF0001072,SD004,Starbucks - Mission Valley Mall,Mission Valley,2024-04-08,Monday,17:00,21:00,EMP00409,Barista,Entry,4,Available,No,33,2,4,2,Overstaffed
SHF0001073,SD004,Starbucks - Mission Valley Mall,Mission Valley,2024-04-08,Monday,06:00,10:00,EMP00471,Barista,Senior,4,Available,No,20,2,1,-1,Understaffed
SHF0001074,SD004,Starbucks - Mission Valley Mall,Mission Valley,2024-04-08,Monday,14:00,18:00,EMP00416,Barista,Intermediate,4,Available,No,28,2,1,-1,Understaffed
SHF0001075,SD004,Starbucks - Mission Valley Mall,Mission Valley,2024-04-08,Monday,10:00,14:00,EMP00022,Barista,Senior,4,Available,No,50,2,2,0,Balanced
SHF0001076,SD004,Starbucks - Mission Valley Mall,Mission Valley,2024-04-08,Monday,18:00,22:00,EMP00184,Barista,Entry,4,Available,No,31,2,2,0,Balanced
SHF0001077,SD004,Starbucks - Mission Valley Mall,Mission Valley,2024-04-08,Monday,18:00,22:00,EMP00316,Barista,Entry,4,Available,No,41,2,2,0,Balanced
SHF0001078,SD004,Starbucks - Mission Valley Mall,Mission Valley,2024-04-08,Monday,13:00,17:00,EMP00096,Barista,Entry,4,Available,No,64,3,3,0,Balanced
SHF0001079,SD004,Starbucks - Mission Valley Mall,Mission Valley,2024-04-08,Monday,09:00,13:00,EMP00137,Barista,Intermediate,4,Available,No,81,4,6,2,Overstaffed
SHF0001080,SD004,Starbucks - Mission Valley Mall,Mission Valley,2024-04-08,Monday,09:00,13:00,EMP00219,Barista,Entry,4,Available,No,61,3,3,0,Balanced
SHF0001081,SD004,Starbucks - Mission Valley Mall,Mission Valley,2024-04-08,Monday,11:00,15:00,EMP00417,Barista,Intermediate,4,Available,No,43,2,2,0,Balanced
SHF0001082,SD004,Starbucks - Mission Valley Mall,Mission Valley,2024-04-08,Monday,17:00,21:00,EMP00097,Barista,Senior,4,Available,No,43,2,2,0,Balanced
SHF0001083,SD004,Starbucks - Mission Valley Mall,Mission Valley,2024-04-15,Monday,09:00,13:00,EMP00154,Shift Supervisor,Entry,4,Available,No,63,3,3,0,Balanced
SHF0001084,SD004,Starbucks - Mission Valley Mall,Mission Valley,2024-04-15,Monday,18:00,22:00,EMP00014,Shift Supervisor,Intermediate,4,Available,No,23,2,2,0,Balanced
SHF0001085,SD004,Starbucks - Mission Valley Mall,Mission Valley,2024-04-15,Monday,17:00,21:00,EMP00205,Barista,Senior,4,Available,No,26,2,2,0,Balanced
SHF0001086,SD004,Starbucks - Mission Valley Mall,Mission Valley,2024-04-15,Monday,09:00,13:00,EMP00074,Barista,Intermediate,4,Available,No,90,4,4,0,Balanced
SHF0001087,SD004,Starbucks - Mission Valley Mall,Mission Valley,2024-04-15,Monday,11:00,15:00,EMP00048,Barista,Intermediate,4,Available,No,47,2,2,0,Balanced
SHF0001088,SD004,Starbucks - Mission Valley Mall,Mission Valley,2024-04-15,Monday,14:00,18:00,EMP00147,Barista,Intermediate,4,Available,No,31,2,2,0,Balanced
SHF0001089,SD004,Starbucks - Mission Valley Mall,Mission Valley,2024-04-15,Monday,05:00,09:00,EMP00189,Barista,Senior,4,Available,No,27,2,2,0,Balanced
SHF0001090,SD004,Starbucks - Mission Valley Mall,Mission Valley,2024-04-15,Monday,18:00,22:00,EMP00394,Lead Barista,Senior,4,Available,No,29,2,1,-1,Understaffed
SHF0001091,SD004,Starbucks - Mission Valley Mall,Mission Valley,2024-04-22,Monday,06:00,10:00,EMP00039,Barista,Senior,4,Available,No,44,2,2,0,Balanced
SHF0001092,SD004,Starbucks - Mission Valley Mall,Mission Valley,2024-04-22,Monday,06:00,10:00,EMP00144,Shift Supervisor,Intermediate,4,Available,No,37,2,4,2,Overstaffed
SHF0001093,SD004,Starbucks - Mission Valley Mall,Mission Valley,2024-04-22,Monday,17:00,21:00,EMP00279,Barista,Entry,4,Available,No,37,2,2,0,Balanced
SHF0001094,SD004,Starbucks - Mission Valley Mall,Mission Valley,2024-04-22,Monday,14:00,18:00,EMP00203,Barista,Intermediate,4,Available,No,26,2,2,0,Balanced
SHF0001095,SD004,Starbucks - Mission Valley Mall,Mission Valley,2024-04-22,Monday,10:00,14:00,EMP00035,Lead Barista,Entry,4,Available,No,38,2,1,-1,Understaffed
SHF0001096,SD004,Starbucks - Mission Valley Mall,Mission Valley,2024-04-22,Monday,07:00,11:00,EMP00281,Lead Barista,Intermediate,4,Available,No,71,3,3,0,Balanced
SHF0001097,SD004,Starbucks - Mission Valley Mall,Mission Valley,2024-04-22,Monday,06:00,10:00,EMP00455,Barista,Entry,4,Available,No,20,2,3,1,Overstaffed
SHF0001098,SD004,Starbucks - Mission Valley Mall,Mission Valley,2024-04-22,Monday,11:00,15:00,EMP00207,Barista,Intermediate,4,Available,No,44,2,3,1,Overstaffed
SHF0001099,SD004,Starbucks - Mission Valley Mall,Mission Valley,2024-04-29,Monday,11:00,15:00,EMP00169,Barista,Intermediate,4,Available,No,64,3,3,0,Balanced
SHF0001100,SD004,Starbucks - Mission Valley Mall,Mission Valley,2024-04-29,Monday,11:00,15:00,EMP00461,Barista,Intermediate,4,Available,No,59,2,1,-1,Understaffed
SHF0001101,SD004,Starbucks - Mission Valley Mall,Mission Valley,2024-04-29,Monday,06:00,10:00,EMP00166,Shift Supervisor,Intermediate,4,Available,No,30,2,1,-1,Understaffed
SHF0001102,SD004,Starbucks - Mission Valley Mall,Mission Valley,2024-04-29,Monday,09:00,13:00,EMP00172,Barista,Intermediate,4,Available,No,72,3,3,0,Balanced
SHF0001103,SD004,Starbucks - Mission Valley Mall,Mission Valley,2024-04-29,Monday,13:00,17:00,EMP00400,Barista,Entry,4,Available,No,54,2,2,0,Balanced
SHF0001104,SD004,Starbucks - Mission Valley Mall,Mission Valley,2024-04-29,Monday,17:00,21:00,EMP00434,Barista,Senior,4,Available,No,41,2,4,2,Overstaffed
SHF0001105,SD004,Starbucks - Mission Valley Mall,Mission Valley,2024-04-29,Monday,05:00,09:00,EMP00077,Shift Supervisor,Entry,4,Available,No,30,2,3,1,Overstaffed
SHF0001106,SD004,Starbucks - Mission Valley Mall,Mission Valley,2024-04-29,Monday,14:00,18:00,EMP00039,Barista,Entry,4,Available,No,29,2,2,0,Balanced
SHF0001107,SD004,Starbucks - Mission Valley Mall,Mission Valley,2024-04-29,Monday,13:00,17:00,EMP00346,Barista,Entry,4,Available,No,53,2,2,0,Balanced
SHF0001108,SD004,Starbucks - Mission Valley Mall,Mission Valley,2024-04-29,Monday,13:00,17:00,EMP00040,Barista,Intermediate,4,Available,No,61,3,3,0,Balanced
SHF0001109,SD004,Starbucks - Mission Valley Mall,Mission Valley,2024-05-06,Monday,05:00,09:00,EMP00192,Barista,Intermediate,4,Available,No,28,2,2,0,Balanced
SHF0001110,SD004,Starbucks - Mission Valley Mall,Mission Valley,2024-05-06,Monday,11:00,15:00,EMP00173,Barista,Intermediate,4,Available,No,42,2,2,0,Balanced
SHF0001111,SD004,Starbucks - Mission Valley Mall,Mission Valley,2024-05-06,Monday,06:00,10:00,EMP00463,Lead Barista,Senior,4,Available,No,42,2,4,2,Overstaffed
SHF0001112,SD004,Starbucks - Mission Valley Mall,Mission Valley,2024-05-06,Monday,15:00,19:00,EMP00250,Barista,Entry,4,Available,No,41,2,2,0,Balanced
SHF0001113,SD004,Starbucks - Mission Valley Mall,Mission Valley,2024-05-06,Monday,13:00,17:00,EMP00358,Barista,Intermediate,4,Available,No,63,3,3,0,Balanced
SHF0001114,SD004,Starbucks - Mission Valley Mall,Mission Valley,2024-05-06,Monday,09:00,13:00,EMP00025,Barista,Senior,4,Available,No,74,3,3,0,Balanced
SHF0001115,SD004,Starbucks - Mission Valley Mall,Mission Valley,2024-05-06,Monday,05:00,09:00,EMP00069,Barista,Senior,4,Available,No,35,2,1,-1,Understaffed
SHF0001116,SD004,Starbucks - Mission Valley Mall,Mission Valley,2024-05-06,Monday,09:00,13:00,EMP00203,Barista,Senior,4,Available,No,56,2,2,0,Balanced
SHF0001117,SD004,Starbucks - Mission Valley Mall,Mission Valley,2024-05-06,Monday,05:00,09:00,EMP00064,Barista,Entry,4,Available,No,41,2,2,0,Balanced
SHF0001118,SD004,Starbucks - Mission Valley Mall,Mission Valley,2024-05-06,Monday,07:00,11:00,EMP00457,Barista,Entry,4,Available,No,60,3,3,0,Balanced
SHF0001119,SD004,Starbucks - Mission Valley Mall,Mission Valley,2024-05-06,Monday,09:00,13:00,EMP00017,Shift Supervisor,Intermediate,4,Available,No,55,2,4,2,Overstaffed
SHF0001120,SD004,Starbucks - Mission Valley Mall,Mission Valley,2024-05-13,Monday,09:00,13:00,EMP00313,Barista,Entry,4,Available,No,88,4,4,0,Balanced
SHF0001121,SD004,Starbucks - Mission Valley Mall,Mission Valley,2024-05-13,Monday,17:00,21:00,EMP00315,Barista,Entry,4,Available,No,39,2,3,1,Overstaffed
SHF0001122,SD004,Starbucks - Mission Valley Mall,Mission Valley,2024-05-13,Monday,07:00,11:00,EMP00459,Barista,Intermediate,4,Available,No,61,3,3,0,Balanced
SHF0001123,SD004,Starbucks - Mission Valley Mall,Mission Valley,2024-05-13,Monday,15:00,19:00,EMP00148,Shift Supervisor,Entry,4,Available,No,34,2,4,2,Overstaffed
SHF0001124,SD004,Starbucks - Mission Valley Mall,Mission Valley,2024-05-13,Monday,10:00,14:00,EMP00043,Barista,Entry,4,Available,No,44,2,2,0,Balanced
SHF0001125,SD004,Starbucks - Mission Valley Mall,Mission Valley,2024-05-13,Monday,05:00,09:00,EMP00464,Barista,Intermediate,4,Available,No,33,2,1,-1,Understaffed
SHF0001126,SD004,Starbucks - Mission Valley Mall,Mission Valley,2024-05-13,Monday,05:00,09:00,EMP00442,Barista,Entry,4,Available,No,21,2,1,-1,Understaffed
SHF0001127,SD004,Starbucks - Mission Valley Mall,Mission Valley,2024-05-13,Monday,09:00,13:00,EMP00316,Barista,Entry,4,Available,No,65,3,5,2,Overstaffed
SHF0001128,SD004,Starbucks - Mission Valley Mall,Mission Valley,2024-05-13,Monday,18:00,22:00,EMP00075,Shift Supervisor,Entry,4,Available,No,31,2,1,-1,Understaffed
SHF0001129,SD004,Starbucks - Mission Valley Mall,Mission Valley,2024-05-13,Monday,10:00,14:00,EMP00145,Barista,Intermediate,4,Available,No,44,2,1,-1,Understaffed
SHF0001130,SD004,Starbucks - Mission Valley Mall,Mission Valley,2024-05-13,Monday,15:00,19:00,EMP00152,Barista,Entry,4,Available,No,24,2,1,-1,Understaffed
SHF0001131,SD004,Starbucks - Mission Valley Mall,Mission Valley,2024-05-13,Monday,14:00,18:00,EMP00474,Barista,Intermediate,4,Available,No,32,2,1,-1,Understaffed
SHF0001132,SD004,Starbucks - Mission Valley Mall,Mission Valley,2024-05-20,Monday,14:00,18:00,EMP00072,Shift Supervisor,Senior,4,Available,No,44,2,1,-1,Understaffed
SHF0001133,SD004,Starbucks - Mission Valley Mall,Mission Valley,2024-05-20,Monday,05:00,09:00,EMP00165,Shift Supervisor,Entry,4,Available,No,31,2,2,0,Balanced
SHF0001134,SD004,Starbucks - Mission Valley Mall,Mission Valley,2024-05-20,Monday,14:00,18:00,EMP00081,Barista,Entry,4,Available,No,32,2,2,0,Balanced
SHF0001135,SD004,Starbucks - Mission Valley Mall,Mission Valley,2024-05-20,Monday,05:00,09:00,EMP00197,Barista,Entry,4,Available,No,33,2,2,0,Balanced
SHF0001136,SD004,Starbucks - Mission Valley Mall,Mission Valley,2024-05-20,Monday,07:00,11:00,EMP00310,Barista,Entry,4,Available,No,69,3,3,0,Balanced
SHF0001137,SD004,Starbucks - Mission Valley Mall,Mission Valley,2024-05-20,Monday,18:00,22:00,EMP00048,Barista,Intermediate,4,Called Out,Yes,42,2,2,0,Balanced
SHF0001138,SD004,Starbucks - Mission Valley Mall,Mission Valley,2024-05-20,Monday,18:00,22:00,EMP00160,Shift Supervisor,Intermediate,4,Available,No,43,2,4,2,Overstaffed
SHF0001139,SD004,Starbucks - Mission Valley Mall,Mission Valley,2024-05-20,Monday,14:00,18:00,EMP00342,Barista,Entry,4,Available,No,35,2,2,0,Balanced
SHF0001140,SD004,Starbucks - Mission Valley Mall,Mission Valley,2024-05-20,Monday,05:00,09:00,EMP00031,Barista,Senior,4,Available,No,40,2,4,2,Overstaffed
SHF0001141,SD004,Starbucks - Mission Valley Mall,Mission Valley,2024-05-20,Monday,13:00,17:00,EMP00287,Lead Barista,Entry,4,Available,No,57,2,3,1,Overstaffed
SHF0001142,SD004,Starbucks - Mission Valley Mall,Mission Valley,2024-05-27,Monday,07:00,11:00,EMP00379,Barista,Intermediate,4,Available,No,77,3,3,0,Balanced
SHF0001143,SD004,Starbucks - Mission Valley Mall,Mission Valley,2024-05-27,Monday,15:00,19:00,EMP00202,Barista,Intermediate,4,Available,No,21,2,1,-1,Understaffed
SHF0001144,SD004,Starbucks - Mission Valley Mall,Mission Valley,2024-05-27,Monday,10:00,14:00,EMP00491,Shift Supervisor,Intermediate,4,Available,No,42,2,3,1,Overstaffed
SHF0001145,SD004,Starbucks - Mission Valley Mall,Mission Valley,2024-05-27,Monday,05:00,09:00,EMP00004,Barista,Intermediate,4,Available,No,21,2,2,0,Balanced
SHF0001146,SD004,Starbucks - Mission Valley Mall,Mission Valley,2024-05-27,Monday,06:00,10:00,EMP00028,Barista,Senior,4,Available,No,36,2,2,0,Balanced
SHF0001147,SD004,Starbucks - Mission Valley Mall,Mission Valley,2024-05-27,Monday,06:00,10:00,EMP00326,Barista,Entry,4,Available,No,29,2,1,-1,Understaffed
SHF0001148,SD004,Starbucks - Mission Valley Mall,Mission Valley,2024-05-27,Monday,09:00,13:00,EMP00008,Barista,Intermediate,4,Available,No,62,3,3,0,Balanced
SHF0001149,SD004,Starbucks - Mission Valley Mall,Mission Valley,2024-05-27,Monday,06:00,10:00,EMP00075,Barista,Entry,4,Available,No,27,2,3,1,Overstaffed
SHF0001150,SD004,Starbucks - Mission Valley Mall,Mission Valley,2024-05-27,Monday,07:00,11:00,EMP00035,Barista,Entry,4,Available,No,89,4,4,0,Balanced
SHF0001151,SD004,Starbucks - Mission Valley Mall,Mission Valley,2024-05-27,Monday,11:00,15:00,EMP00356,Barista,Intermediate,4,Available,No,35,2,2,0,Balanced
SHF0001152,SD004,Starbucks - Mission Valley Mall,Mission Valley,2024-06-03,Monday,07:00,11:00,EMP00343,Barista,Entry,4,Available,No,84,4,5,1,Overstaffed
SHF0001153,SD004,Starbucks - Mission Valley Mall,Mission Valley,2024-06-03,Monday,06:00,10:00,EMP00102,Barista,Intermediate,4,Available,No,39,2,1,-1,Understaffed
SHF0001154,SD004,Starbucks - Mission Valley Mall,Mission Valley,2024-06-03,Monday,13:00,17:00,EMP00495,Shift Supervisor,Senior,4,Available,No,40,2,1,-1,Understaffed
SHF0001155,SD004,Starbucks - Mission Valley Mall,Mission Valley,2024-06-03,Monday,15:00,19:00,EMP00283,Barista,Senior,4,Available,No,29,2,2,0,Balanced
SHF0001156,SD004,Starbucks - Mission Valley Mall,Mission Valley,2024-06-03,Monday,10:00,14:00,EMP00451,Barista,Intermediate,4,Available,No,59,2,2,0,Balanced
SHF0001157,SD004,Starbucks - Mission Valley Mall,Mission Valley,2024-06-03,Monday,06:00,10:00,EMP00179,Barista,Senior,4,Available,No,24,2,4,2,Overstaffed
SHF0001158,SD004,Starbucks - Mission Valley Mall,Mission Valley,2024-06-03,Monday,15:00,19:00,EMP00284,Barista,Senior,4,Available,No,21,2,2,0,Balanced
SHF0001159,SD004,Starbucks - Mission Valley Mall,Mission Valley,2024-06-03,Monday,06:00,10:00,EMP00323,Barista,Entry,4,Available,No,25,2,2,0,Balanced
SHF0001160,SD004,Starbucks - Mission Valley Mall,Mission Valley,2024-06-03,Monday,06:00,10:00,EMP00143,Shift Supervisor,Intermediate,4,Available,No,21,2,1,-1,Understaffed
SHF0001161,SD004,Starbucks - Mission Valley Mall,Mission Valley,2024-06-10,Monday,18:00,22:00,EMP00408,Barista,Entry,4,Available,No,33,2,1,-1,Understaffed
SHF0001162,SD004,Starbucks - Mission Valley Mall,Mission Valley,2024-06-10,Monday,14:00,18:00,EMP00220,Barista,Senior,4,Available,No,35,2,2,0,Balanced
SHF0001163,SD004,Starbucks - Mission Valley Mall,Mission Valley,2024-06-10,Monday,15:00,19:00,EMP00206,Shift Supervisor,Intermediate,4,Available,No,39,2,1,-1,Understaffed
SHF0001164,SD004,Starbucks - Mission Valley Mall,Mission Valley,2024-06-10,Monday,07:00,11:00,EMP00085,Barista,Entry,4,Available,No,83,4,4,0,Balanced
SHF0001165,SD004,Starbucks - Mission Valley Mall,Mission Valley,2024-06-10,Monday,07:00,11:00,EMP00480,Shift Supervisor,Intermediate,4,Available,No,74,3,3,0,Balanced
SHF0001166,SD004,Starbucks - Mission Valley Mall,Mission Valley,2024-06-10,Monday,05:00,09:00,EMP00244,Barista,Senior,4,Available,No,43,2,2,0,Balanced
SHF0001167,SD004,Starbucks - Mission Valley Mall,Mission Valley,2024-06-10,Monday,18:00,22:00,EMP00127,Barista,Entry,4,Available,No,26,2,1,-1,Understaffed
SHF0001168,SD004,Starbucks - Mission Valley Mall,Mission Valley,2024-06-10,Monday,05:00,09:00,EMP00343,Barista,Senior,4,Available,No,26,2,4,2,Overstaffed
SHF0001169,SD004,Starbucks - Mission Valley Mall,Mission Valley,2024-06-10,Monday,09:00,13:00,EMP00056,Barista,Intermediate,4,Available,No,87,4,4,0,Balanced
SHF0001170,SD004,Starbucks - Mission Valley Mall,Mission Valley,2024-06-10,Monday,17:00,21:00,EMP00301,Lead Barista,Entry,4,Available,No,31,2,1,-1,Understaffed
SHF0001171,SD004,Starbucks - Mission Valley Mall,Mission Valley,2024-06-17,Monday,10:00,14:00,EMP00265,Barista,Senior,4,Available,No,56,2,2,0,Balanced
SHF0001172,SD004,Starbucks - Mission Valley Mall,Mission Valley,2024-06-17,Monday,11:00,15:00,EMP00397,Barista,Intermediate,4,Available,No,40,2,2,0,Balanced
SHF0001173,SD004,Starbucks - Mission Valley Mall,Mission Valley,2024-06-17,Monday,17:00,21:00,EMP00087,Shift Supervisor,Entry,4,Available,No,29,2,2,0,Balanced
SHF0001174,SD004,Starbucks - Mission Valley Mall,Mission Valley,2024-06-17,Monday,07:00,11:00,EMP00247,Barista,Intermediate,4,Called Out,Yes,71,3,3,0,Balanced
SHF0001175,SD004,Starbucks - Mission Valley Mall,Mission Valley,2024-06-17,Monday,13:00,17:00,EMP00158,Barista,Entry,4,Available,No,35,2,1,-1,Understaffed
SHF0001176,SD004,Starbucks - Mission Valley Mall,Mission Valley,2024-06-17,Monday,11:00,15:00,EMP00024,Barista,Senior,4,Available,No,57,2,2,0,Balanced
SHF0001177,SD004,Starbucks - Mission Valley Mall,Mission Valley,2024-06-17,Monday,11:00,15:00,EMP00417,Barista,Intermediate,4,Available,No,49,2,4,2,Overstaffed
SHF0001178,SD004,Starbucks - Mission Valley Mall,Mission Valley,2024-06-17,Monday,09:00,13:00,EMP00280,Barista,Entry,4,Available,No,64,3,3,0,Balanced
SHF0001179,SD004,Starbucks - Mission Valley Mall,Mission Valley,2024-06-17,Monday,10:00,14:00,EMP00495,Barista,Intermediate,4,Available,No,53,2,2,0,Balanced
SHF0001180,SD004,Starbucks - Mission Valley Mall,Mission Valley,2024-06-17,Monday,07:00,11:00,EMP00152,Shift Supervisor,Intermediate,4,Available,No,55,2,2,0,Balanced
SHF0001181,SD004,Starbucks - Mission Valley Mall,Mission Valley,2024-06-17,Monday,18:00,22:00,EMP00179,Barista,Intermediate,4,Available,No,28,2,4,2,Overstaffed
SHF0001182,SD004,Starbucks - Mission Valley Mall,Mission Valley,2024-06-17,Monday,07:00,11:00,EMP00042,Barista,Intermediate,4,Available,No,79,3,3,0,Balanced
SHF0001183,SD004,Starbucks - Mission Valley Mall,Mission Valley,2024-06-24,Monday,10:00,14:00,EMP00360,Shift Supervisor,Senior,4,Available,No,40,2,2,0,Balanced
SHF0001184,SD004,Starbucks - Mission Valley Mall,Mission Valley,2024-06-24,Monday,05:00,09:00,EMP00315,Barista,Senior,4,Available,No,22,2,4,2,Overstaffed
SHF0001185,SD004,Starbucks - Mission Valley Mall,Mission Valley,2024-06-24,Monday,06:00,10:00,EMP00359,Barista,Entry,4,Available,No,43,2,1,-1,Understaffed
SHF0001186,SD004,Starbucks - Mission Valley Mall,Mission Valley,2024-06-24,Monday,06:00,10:00,EMP00096,Barista,Entry,4,Available,No,22,2,2,0,Balanced
SHF0001187,SD004,Starbucks - Mission Valley Mall,Mission Valley,2024-06-24,Monday,13:00,17:00,EMP00346,Barista,Senior,4,Available,No,50,2,2,0,Balanced
SHF0001188,SD004,Starbucks - Mission Valley Mall,Mission Valley,2024-06-24,Monday,06:00,10:00,EMP00011,Barista,Intermediate,4,Available,No,26,2,2,0,Balanced
SHF0001189,SD004,Starbucks - Mission Valley Mall,Mission Valley,2024-06-24,Monday,09:00,13:00,EMP00129,Barista,Entry,4,Available,No,55,2,2,0,Balanced
SHF0001190,SD004,Starbucks - Mission Valley Mall,Mission Valley,2024-06-24,Monday,15:00,19:00,EMP00027,Barista,Senior,4,Available,No,21,2,4,2,Overstaffed
SHF0001191,SD004,Starbucks - Mission Valley Mall,Mission Valley,2024-06-24,Monday,14:00,18:00,EMP00015,Shift Supervisor,Senior,4,Available,No,35,2,1,-1,Understaffed
SHF0001192,SD004,Starbucks - Mission Valley Mall,Mission Valley,2024-07-01,Monday,17:00,21:00,EMP00345,Barista,Entry,4,Available,No,37,2,2,0,Balanced
SHF0001193,SD004,Starbucks - Mission Valley Mall,Mission Valley,2024-07-01,Monday,05:00,09:00,EMP00261,Barista,Entry,4,Available,No,42,2,2,0,Balanced
SHF0001194,SD004,Starbucks - Mission Valley Mall,Mission Valley,2024-07-01,Monday,11:00,15:00,EMP00284,Barista,Senior,4,Available,No,49,2,4,2,Overstaffed
SHF0001195,SD004,Starbucks - Mission Valley Mall,Mission Valley,2024-07-01,Monday,17:00,21:00,EMP00154,Barista,Senior,4,Called Out,Yes,31,2,1,-1,Understaffed
SHF0001196,SD004,Starbucks - Mission Valley Mall,Mission Valley,2024-07-01,Monday,09:00,13:00,EMP00064,Barista,Senior,4,Available,No,79,3,5,2,Overstaffed
SHF0001197,SD004,Starbucks - Mission Valley Mall,Mission Valley,2024-07-01,Monday,13:00,17:00,EMP00033,Barista,Intermediate,4,Available,No,37,2,2,0,Balanced
SHF0001198,SD004,Starbucks - Mission Valley Mall,Mission Valley,2024-07-01,Monday,07:00,11:00,EMP00142,Barista,Intermediate,4,Available,No,89,4,2,-2,Understaffed
SHF0001199,SD004,Starbucks - Mission Valley Mall,Mission Valley,2024-07-01,Monday,15:00,19:00,EMP00375,Barista,Entry,4,Available,No,27,2,1,-1,Understaffed
SHF0001200,SD004,Starbucks - Mission Valley Mall,Mission Valley,2024-07-01,Monday,18:00,22:00,EMP00127,Barista,Entry,4,Available,No,36,2,2,0,Balanced
SHF0001201,SD004,Starbucks - Mission Valley Mall,Mission Valley,2024-07-01,Monday,11:00,15:00,EMP00294,Barista,Entry,4,Available,No,48,2,1,-1,Understaffed
SHF0001202,SD004,Starbucks - Mission Valley Mall,Mission Valley,2024-07-08,Monday,06:00,10:00,EMP00376,Barista,Intermediate,4,Available,No,33,2,2,0,Balanced
SHF0001203,SD004,Starbucks - Mission Valley Mall,Mission Valley,2024-07-08,Monday,09:00,13:00,EMP00301,Shift Supervisor,Intermediate,4,Available,No,66,3,3,0,Balanced
SHF0001204,SD004,Starbucks - Mission Valley Mall,Mission Valley,2024-07-08,Monday,14:00,18:00,EMP00295,Barista,Intermediate,4,Available,No,41,2,2,0,Balanced
SHF0001205,SD004,Starbucks - Mission Valley Mall,Mission Valley,2024-07-08,Monday,18:00,22:00,EMP00006,Barista,Intermediate,4,Available,No,40,2,2,0,Balanced
SHF0001206,SD004,Starbucks - Mission Valley Mall,Mission Valley,2024-07-08,Monday,11:00,15:00,EMP00494,Shift Supervisor,Intermediate,4,Available,No,45,2,2,0,Balanced
SHF0001207,SD004,Starbucks - Mission Valley Mall,Mission Valley,2024-07-08,Monday,18:00,22:00,EMP00131,Barista,Entry,4,Available,No,34,2,2,0,Balanced
SHF0001208,SD004,Starbucks - Mission Valley Mall,Mission Valley,2024-07-08,Monday,15:00,19:00,EMP00391,Barista,Intermediate,4,Available,No,22,2,1,-1,Understaffed
SHF0001209,SD004,Starbucks - Mission Valley Mall,Mission Valley,2024-07-08,Monday,09:00,13:00,EMP00221,Shift Supervisor,Intermediate,4,Available,No,66,3,4,1,Overstaffed
SHF0001210,SD004,Starbucks - Mission Valley Mall,Mission Valley,2024-07-08,Monday,17:00,21:00,EMP00036,Barista,Entry,4,Available,No,41,2,2,0,Balanced
SHF0001211,SD004,Starbucks - Mission Valley Mall,Mission Valley,2024-07-08,Monday,07:00,11:00,EMP00269,Barista,Entry,4,Available,No,56,2,2,0,Balanced
SHF0001212,SD004,Starbucks - Mission Valley Mall,Mission Valley,2024-07-15,Monday,14:00,18:00,EMP00340,Barista,Intermediate,4,Available,No,26,2,1,-1,Understaffed
SHF0001213,SD004,Starbucks - Mission Valley Mall,Mission Valley,2024-07-15,Monday,18:00,22:00,EMP00019,Barista,Entry,4,Available,No,28,2,2,0,Balanced
SHF0001214,SD004,Starbucks - Mission Valley Mall,Mission Valley,2024-07-15,Monday,09:00,13:00,EMP00140,Barista,Entry,4,Available,No,78,3,5,2,Overstaffed
SHF0001215,SD004,Starbucks - Mission Valley Mall,Mission Valley,2024-07-15,Monday,07:00,11:00,EMP00436,Barista,Senior,4,Available,No,75,3,5,2,Overstaffed
SHF0001216,SD004,Starbucks - Mission Valley Mall,Mission Valley,2024-07-15,Monday,09:00,13:00,EMP00039,Barista,Senior,4,Available,No,70,3,3,0,Balanced
SHF0001217,SD004,Starbucks - Mission Valley Mall,Mission Valley,2024-07-15,Monday,06:00,10:00,EMP00368,Barista,Senior,4,Available,No,21,2,2,0,Balanced
SHF0001218,SD004,Starbucks - Mission Valley Mall,Mission Valley,2024-07-15,Monday,09:00,13:00,EMP00172,Barista,Senior,4,Available,No,90,4,3,-1,Understaffed
SHF0001219,SD004,Starbucks - Mission Valley Mall,Mission Valley,2024-07-15,Monday,06:00,10:00,EMP00059,Barista,Entry,4,Available,No,43,2,3,1,Overstaffed
SHF0001220,SD004,Starbucks - Mission Valley Mall,Mission Valley,2024-07-15,Monday,09:00,13:00,EMP00001,Barista,Intermediate,4,Available,No,68,3,3,0,Balanced
SHF0001221,SD004,Starbucks - Mission Valley Mall,Mission Valley,2024-07-15,Monday,11:00,15:00,EMP00338,Barista,Entry,4,Available,No,48,2,3,1,Overstaffed
SHF0001222,SD004,Starbucks - Mission Valley Mall,Mission Valley,2024-07-22,Monday,06:00,10:00,EMP00482,Barista,Intermediate,4,Available,No,35,2,2,0,Balanced
SHF0001223,SD004,Starbucks - Mission Valley Mall,Mission Valley,2024-07-22,Monday,15:00,19:00,EMP00279,Barista,Entry,4,Available,No,29,2,2,0,Balanced
SHF0001224,SD004,Starbucks - Mission Valley Mall,Mission Valley,2024-07-22,Monday,17:00,21:00,EMP00373,Shift Supervisor,Entry,4,Available,No,24,2,2,0,Balanced
SHF0001225,SD004,Starbucks - Mission Valley Mall,Mission Valley,2024-07-22,Monday,15:00,19:00,EMP00054,Barista,Intermediate,4,Available,No,27,2,2,0,Balanced
SHF0001226,SD004,Starbucks - Mission Valley Mall,Mission Valley,2024-07-22,Monday,07:00,11:00,EMP00144,Lead Barista,Intermediate,4,Available,No,87,4,3,-1,Understaffed
SHF0001227,SD004,Starbucks - Mission Valley Mall,Mission Valley,2024-07-22,Monday,05:00,09:00,EMP00092,Barista,Entry,4,Available,No,23,2,1,-1,Understaffed
SHF0001228,SD004,Starbucks - Mission Valley Mall,Mission Valley,2024-07-22,Monday,14:00,18:00,EMP00314,Barista,Intermediate,4,Available,No,27,2,2,0,Balanced
SHF0001229,SD004,Starbucks - Mission Valley Mall,Mission Valley,2024-07-22,Monday,05:00,09:00,EMP00050,Barista,Intermediate,4,Available,No,29,2,2,0,Balanced
SHF0001230,SD004,Starbucks - Mission Valley Mall,Mission Valley,2024-07-22,Monday,11:00,15:00,EMP00148,Shift Supervisor,Intermediate,4,Available,No,65,3,2,-1,Understaffed
SHF0001231,SD004,Starbucks - Mission Valley Mall,Mission Valley,2024-07-22,Monday,06:00,10:00,EMP00161,Lead Barista,Entry,4,Available,No,41,2,1,-1,Understaffed
SHF0001232,SD004,Starbucks - Mission Valley Mall,Mission Valley,2024-07-22,Monday,05:00,09:00,EMP00301,Barista,Entry,4,Available,No,34,2,2,0,Balanced
SHF0001233,SD005,Starbucks - North Park,North Park,2024-01-01,Monday,14:00,18:00,EMP00163,Barista,Intermediate,4,Available,No,45,2,2,0,Balanced
SHF0001234,SD005,Starbucks - North Park,North Park,2024-01-01,Monday,15:00,19:00,EMP00104,Barista,Entry,4,Available,No,44,2,2,0,Balanced
SHF0001235,SD005,Starbucks - North Park,North Park,2024-01-01,Monday,18:00,22:00,EMP00131,Shift Supervisor,Entry,4,Available,No,43,2,2,0,Balanced
SHF0001236,SD005,Starbucks - North Park,North Park,2024-01-01,Monday,18:00,22:00,EMP00322,Shift Supervisor,Entry,4,Available,No,41,2,2,0,Balanced
SHF0001237,SD005,Starbucks - North Park,North Park,2024-01-01,Monday,10:00,14:00,EMP00497,Barista,Senior,4,Available,No,40,2,2,0,Balanced
SHF0001238,SD005,Starbucks - North Park,North Park,2024-01-01,Monday,14:00,18:00,EMP00134,Barista,Entry,4,Available,No,33,2,2,0,Balanced
SHF0001239,SD005,Starbucks - North Park,North Park,2024-01-01,Monday,09:00,13:00,EMP00353,Barista,Intermediate,4,Available,No,87,4,4,0,Balanced
SHF0001240,SD005,Starbucks - North Park,North Park,2024-01-01,Monday,07:00,11:00,EMP00389,Barista,Intermediate,4,Available,No,55,2,4,2,Overstaffed
SHF0001241,SD005,Starbucks - North Park,North Park,2024-01-01,Monday,17:00,21:00,EMP00177,Barista,Intermediate,4,Available,No,27,2,2,0,Balanced
SHF0001242,SD005,Starbucks - North Park,North Park,2024-01-01,Monday,17:00,21:00,EMP00046,Shift Supervisor,Intermediate,4,Available,No,39,2,2,0,Balanced
SHF0001243,SD005,Starbucks - North Park,North Park,2024-01-08,Monday,09:00,13:00,EMP00217,Barista,Senior,4,Called Out,Yes,68,3,3,0,Balanced
SHF0001244,SD005,Starbucks - North Park,North Park,2024-01-08,Monday,06:00,10:00,EMP00159,Lead Barista,Entry,4,Available,No,42,2,2,0,Balanced
SHF0001245,SD005,Starbucks - North Park,North Park,2024-01-08,Monday,18:00,22:00,EMP00287,Barista,Entry,4,Available,No,31,2,2,0,Balanced
SHF0001246,SD005,Starbucks - North Park,North Park,2024-01-08,Monday,06:00,10:00,EMP00119,Barista,Senior,4,Available,No,37,2,2,0,Balanced
SHF0001247,SD005,Starbucks - North Park,North Park,2024-01-08,Monday,15:00,19:00,EMP00246,Shift Supervisor,Intermediate,4,Available,No,44,2,2,0,Balanced
SHF0001248,SD005,Starbucks - North Park,North Park,2024-01-08,Monday,09:00,13:00,EMP00387,Barista,Entry,4,Available,No,80,4,4,0,Balanced
SHF0001249,SD005,Starbucks - North Park,North Park,2024-01-08,Monday,05:00,09:00,EMP00486,Barista,Intermediate,4,Available,No,45,2,2,0,Balanced
SHF0001250,SD005,Starbucks - North Park,North Park,2024-01-08,Monday,06:00,10:00,EMP00013,Lead Barista,Intermediate,4,Available,No,34,2,1,-1,Understaffed
SHF0001251,SD005,Starbucks - North Park,North Park,2024-01-08,Monday,14:00,18:00,EMP00154,Barista,Entry,4,Available,No,23,2,2,0,Balanced
SHF0001252,SD005,Starbucks - North Park,North Park,2024-01-08,Monday,18:00,22:00,EMP00420,Barista,Entry,4,Available,No,34,2,2,0,Balanced
SHF0001253,SD005,Starbucks - North Park,North Park,2024-01-15,Monday,06:00,10:00,EMP00299,Barista,Entry,4,Called Out,Yes,35,2,3,1,Overstaffed
SHF0001254,SD005,Starbucks - North Park,North Park,2024-01-15,Monday,14:00,18:00,EMP00385,Barista,Senior,4,Available,No,41,2,4,2,Overstaffed
SHF0001255,SD005,Starbucks - North Park,North Park,2024-01-15,Monday,13:00,17:00,EMP00078,Barista,Intermediate,4,Available,No,55,2,2,0,Balanced
SHF0001256,SD005,Starbucks - North Park,North Park,2024-01-15,Monday,18:00,22:00,EMP00191,Barista,Intermediate,4,Available,No,31,2,1,-1,Understaffed
SHF0001257,SD005,Starbucks - North Park,North Park,2024-01-15,Monday,05:00,09:00,EMP00023,Barista,Senior,4,Available,No,30,2,2,0,Balanced
SHF0001258,SD005,Starbucks - North Park,North Park,2024-01-15,Monday,06:00,10:00,EMP00038,Barista,Entry,4,Available,No,37,2,2,0,Balanced
SHF0001259,SD005,Starbucks - North Park,North Park,2024-01-15,Monday,09:00,13:00,EMP00057,Barista,Entry,4,Available,No,89,4,4,0,Balanced
SHF0001260,SD005,Starbucks - North Park,North Park,2024-01-15,Monday,11:00,15:00,EMP00282,Shift Supervisor,Entry,4,Available,No,40,2,1,-1,Understaffed
SHF0001261,SD005,Starbucks - North Park,North Park,2024-01-15,Monday,05:00,09:00,EMP00066,Shift Supervisor,Entry,4,Available,No,30,2,1,-1,Understaffed
SHF0001262,SD005,Starbucks - North Park,North Park,2024-01-15,Monday,06:00,10:00,EMP00212,Barista,Intermediate,4,Available,No,40,2,2,0,Balanced
SHF0001263,SD005,Starbucks - North Park,North Park,2024-01-15,Monday,10:00,14:00,EMP00159,Lead Barista,Intermediate,4,Available,No,49,2,2,0,Balanced
SHF0001264,SD005,Starbucks - North Park,North Park,2024-01-22,Monday,07:00,11:00,EMP00027,Barista,Intermediate,4,Available,No,75,3,2,-1,Understaffed
SHF0001265,SD005,Starbucks - North Park,North Park,2024-01-22,Monday,14:00,18:00,EMP00088,Lead Barista,Intermediate,4,Available,No,21,2,4,2,Overstaffed
SHF0001266,SD005,Starbucks - North Park,North Park,2024-01-22,Monday,10:00,14:00,EMP00003,Shift Supervisor,Senior,4,Available,No,55,2,2,0,Balanced
SHF0001267,SD005,Starbucks - North Park,North Park,2024-01-22,Monday,13:00,17:00,EMP00475,Barista,Intermediate,4,Available,No,63,3,3,0,Balanced
SHF0001268,SD005,Starbucks - North Park,North Park,2024-01-22,Monday,11:00,15:00,EMP00211,Barista,Intermediate,4,Available,No,38,2,4,2,Overstaffed
SHF0001269,SD005,Starbucks - North Park,North Park,2024-01-22,Monday,06:00,10:00,EMP00265,Shift Supervisor,Intermediate,4,Available,No,42,2,1,-1,Understaffed
SHF0001270,SD005,Starbucks - North Park,North Park,2024-01-22,Monday,10:00,14:00,EMP00019,Shift Supervisor,Intermediate,4,Available,No,57,2,2,0,Balanced
SHF0001271,SD005,Starbucks - North Park,North Park,2024-01-22,Monday,15:00,19:00,EMP00328,Barista,Senior,4,Available,No,29,2,2,0,Balanced
SHF0001272,SD005,Starbucks - North Park,North Park,2024-01-22,Monday,07:00,11:00,EMP00031,Shift Supervisor,Intermediate,4,Available,No,89,4,4,0,Balanced
SHF0001273,SD005,Starbucks - North Park,North Park,2024-01-29,Monday,11:00,15:00,EMP00040,Barista,Intermediate,4,Available,No,64,3,1,-2,Understaffed
SHF0001274,SD005,Starbucks - North Park,North Park,2024-01-29,Monday,18:00,22:00,EMP00483,Barista,Entry,4,Available,No,22,2,3,1,Overstaffed
SHF0001275,SD005,Starbucks - North Park,North Park,2024-01-29,Monday,14:00,18:00,EMP00384,Shift Supervisor,Entry,4,Available,No,45,2,3,1,Overstaffed
SHF0001276,SD005,Starbucks - North Park,North Park,2024-01-29,Monday,18:00,22:00,EMP00345,Barista,Senior,4,Available,No,40,2,2,0,Balanced
SHF0001277,SD005,Starbucks - North Park,North Park,2024-01-29,Monday,07:00,11:00,EMP00206,Shift Supervisor,Senior,4,Available,No,77,3,3,0,Balanced
SHF0001278,SD005,Starbucks - North Park,North Park,2024-01-29,Monday,11:00,15:00,EMP00119,Barista,Intermediate,4,Available,No,61,3,3,0,Balanced
SHF0001279,SD005,Starbucks - North Park,North Park,2024-01-29,Monday,13:00,17:00,EMP00001,Barista,Intermediate,4,Available,No,61,3,1,-2,Understaffed
SHF0001280,SD005,Starbucks - North Park,North Park,2024-01-29,Monday,13:00,17:00,EMP00068,Barista,Intermediate,4,Available,No,62,3,3,0,Balanced
SHF0001281,SD005,Starbucks - North Park,North Park,2024-01-29,Monday,10:00,14:00,EMP00085,Shift Supervisor,Senior,4,Available,No,50,2,4,2,Overstaffed
SHF0001282,SD005,Starbucks - North Park,North Park,2024-01-29,Monday,11:00,15:00,EMP00220,Lead Barista,Entry,4,Available,No,52,2,2,0,Balanced
SHF0001283,SD005,Starbucks - North Park,North Park,2024-01-29,Monday,05:00,09:00,EMP00436,Barista,Intermediate,4,Available,No,27,2,2,0,Balanced
SHF0001284,SD005,Starbucks - North Park,North Park,2024-01-29,Monday,10:00,14:00,EMP00022,Barista,Senior,4,Available,No,44,2,1,-1,Understaffed
SHF0001285,SD005,Starbucks - North Park,North Park,2024-02-05,Monday,18:00,22:00,EMP00450,Barista,Intermediate,4,Available,No,37,2,4,2,Overstaffed
SHF0001286,SD005,Starbucks - North Park,North Park,2024-02-05,Monday,10:00,14:00,EMP00105,Shift Supervisor,Senior,4,Available,No,36,2,2,0,Balanced
SHF0001287,SD005,Starbucks - North Park,North Park,2024-02-05,Monday,05:00,09:00,EMP00199,Barista,Intermediate,4,Available,No,40,2,2,0,Balanced
SHF0001288,SD005,Starbucks - North Park,North Park,2024-02-05,Monday,07:00,11:00,EMP00181,Barista,Senior,4,Available,No,64,3,5,2,Overstaffed
SHF0001289,SD005,Starbucks - North Park,North Park,2024-02-05,Monday,10:00,14:00,EMP00249,Barista,Intermediate,4,Available,No,45,2,2,0,Balanced
SHF0001290,SD005,Starbucks - North Park,North Park,2024-02-05,Monday,15:00,19:00,EMP00402,Barista,Entry,4,Available,No,31,2,1,-1,Understaffed
SHF0001291,SD005,Starbucks - North Park,North Park,2024-02-05,Monday,15:00,19:00,EMP00281,Barista,Intermediate,4,Available,No,44,2,2,0,Balanced
SHF0001292,SD005,Starbucks - North Park,North Park,2024-02-05,Monday,06:00,10:00,EMP00122,Barista,Entry,4,Available,No,30,2,2,0,Balanced
SHF0001293,SD005,Starbucks - North Park,North Park,2024-02-05,Monday,14:00,18:00,EMP00013,Barista,Senior,4,Available,No,22,2,4,2,Overstaffed
SHF0001294,SD005,Starbucks - North Park,North Park,2024-02-05,Monday,09:00,13:00,EMP00360,Barista,Intermediate,4,Available,No,68,3,3,0,Balanced
SHF0001295,SD005,Starbucks - North Park,North Park,2024-02-05,Monday,11:00,15:00,EMP00448,Barista,Intermediate,4,Available,No,42,2,2,0,Balanced
SHF0001296,SD005,Starbucks - North Park,North Park,2024-02-05,Monday,06:00,10:00,EMP00378,Barista,Intermediate,4,Available,No,25,2,2,0,Balanced
SHF0001297,SD005,Starbucks - North Park,North Park,2024-02-12,Monday,13:00,17:00,EMP00013,Barista,Entry,4,Available,No,44,2,2,0,Balanced
SHF0001298,SD005,Starbucks - North Park,North Park,2024-02-12,Monday,06:00,10:00,EMP00227,Barista,Entry,4,Available,No,25,2,1,-1,Understaffed
SHF0001299,SD005,Starbucks - North Park,North Park,2024-02-12,Monday,11:00,15:00,EMP00413,Barista,Intermediate,4,Available,No,63,3,3,0,Balanced
SHF0001300,SD005,Starbucks - North Park,North Park,2024-02-12,Monday,11:00,15:00,EMP00172,Barista,Entry,4,Available,No,52,2,2,0,Balanced
SHF0001301,SD005,Starbucks - North Park,North Park,2024-02-12,Monday,13:00,17:00,EMP00482,Barista,Intermediate,4,Available,No,65,3,3,0,Balanced
SHF0001302,SD005,Starbucks - North Park,North Park,2024-02-12,Monday,05:00,09:00,EMP00117,Lead Barista,Intermediate,4,Available,No,37,2,2,0,Balanced
SHF0001303,SD005,Starbucks - North Park,North Park,2024-02-12,Monday,07:00,11:00,EMP00023,Shift Supervisor,Entry,4,Available,No,77,3,3,0,Balanced
SHF0001304,SD005,Starbucks - North Park,North Park,2024-02-12,Monday,05:00,09:00,EMP00079,Barista,Intermediate,4,Available,No,34,2,2,0,Balanced
SHF0001305,SD005,Starbucks - North Park,North Park,2024-02-19,Monday,18:00,22:00,EMP00013,Barista,Intermediate,4,Available,No,29,2,4,2,Overstaffed
SHF0001306,SD005,Starbucks - North Park,North Park,2024-02-19,Monday,10:00,14:00,EMP00379,Barista,Senior,4,Available,No,44,2,3,1,Overstaffed
SHF0001307,SD005,Starbucks - North Park,North Park,2024-02-19,Monday,17:00,21:00,EMP00199,Barista,Entry,4,Available,No,33,2,2,0,Balanced
SHF0001308,SD005,Starbucks - North Park,North Park,2024-02-19,Monday,10:00,14:00,EMP00016,Shift Supervisor,Entry,4,Available,No,60,3,3,0,Balanced
SHF0001309,SD005,Starbucks - North Park,North Park,2024-02-19,Monday,07:00,11:00,EMP00413,Shift Supervisor,Intermediate,4,Available,No,89,4,4,0,Balanced
SHF0001310,SD005,Starbucks - North Park,North Park,2024-02-19,Monday,06:00,10:00,EMP00215,Barista,Entry,4,Available,No,38,2,2,0,Balanced
SHF0001311,SD005,Starbucks - North Park,North Park,2024-02-19,Monday,18:00,22:00,EMP00081,Barista,Senior,4,Available,No,37,2,4,2,Overstaffed
SHF0001312,SD005,Starbucks - North Park,North Park,2024-02-19,Monday,05:00,09:00,EMP00041,Barista,Intermediate,4,Available,No,22,2,2,0,Balanced
SHF0001313,SD005,Starbucks - North Park,North Park,2024-02-19,Monday,15:00,19:00,EMP00322,Barista,Entry,4,Available,No,23,2,2,0,Balanced
SHF0001314,SD005,Starbucks - North Park,North Park,2024-02-19,Monday,11:00,15:00,EMP00170,Shift Supervisor,Entry,4,Available,No,36,2,2,0,Balanced
SHF0001315,SD005,Starbucks - North Park,North Park,2024-02-19,Monday,15:00,19:00,EMP00357,Barista,Senior,4,Available,No,41,2,1,-1,Understaffed
SHF0001316,SD005,Starbucks - North Park,North Park,2024-02-26,Monday,06:00,10:00,EMP00239,Barista,Intermediate,4,Available,No,36,2,2,0,Balanced
SHF0001317,SD005,Starbucks - North Park,North Park,2024-02-26,Monday,09:00,13:00,EMP00041,Shift Supervisor,Intermediate,4,Available,No,73,3,2,-1,Understaffed
SHF0001318,SD005,Starbucks - North Park,North Park,2024-02-26,Monday,05:00,09:00,EMP00015,Barista,Entry,4,Available,No,28,2,4,2,Overstaffed
SHF0001319,SD005,Starbucks - North Park,North Park,2024-02-26,Monday,13:00,17:00,EMP00291,Barista,Intermediate,4,Available,No,64,3,3,0,Balanced
SHF0001320,SD005,Starbucks - North Park,North Park,2024-02-26,Monday,18:00,22:00,EMP00136,Barista,Intermediate,4,Available,No,24,2,2,0,Balanced
SHF0001321,SD005,Starbucks - North Park,North Park,2024-02-26,Monday,07:00,11:00,EMP00017,Shift Supervisor,Intermediate,4,Available,No,72,3,3,0,Balanced
SHF0001322,SD005,Starbucks - North Park,North Park,2024-02-26,Monday,09:00,13:00,EMP00279,Shift Supervisor,Senior,4,Available,No,59,2,2,0,Balanced
SHF0001323,SD005,Starbucks - North Park,North Park,2024-02-26,Monday,09:00,13:00,EMP00499,Lead Barista,Intermediate,4,Available,No,58,2,2,0,Balanced
SHF0001324,SD005,Starbucks - North Park,North Park,2024-02-26,Monday,09:00,13:00,EMP00420,Barista,Senior,4,Available,No,79,3,1,-2,Understaffed
SHF0001325,SD005,Starbucks - North Park,North Park,2024-02-26,Monday,07:00,11:00,EMP00019,Barista,Intermediate,4,Available,No,66,3,5,2,Overstaffed
SHF0001326,SD005,Starbucks - North Park,North Park,2024-03-04,Monday,14:00,18:00,EMP00215,Barista,Entry,4,Available,No,26,2,2,0,Balanced
SHF0001327,SD005,Starbucks - North Park,North Park,2024-03-04,Monday,07:00,11:00,EMP00181,Barista,Entry,4,Available,No,81,4,6,2,Overstaffed
SHF0001328,SD005,Starbucks - North Park,North Park,2024-03-04,Monday,11:00,15:00,EMP00228,Barista,Senior,4,Available,No,36,2,2,0,Balanced
SHF0001329,SD005,Starbucks - North Park,North Park,2024-03-04,Monday,17:00,21:00,EMP00085,Barista,Senior,4,Available,No,33,2,1,-1,Understaffed
SHF0001330,SD005,Starbucks - North Park,North Park,2024-03-04,Monday,17:00,21:00,EMP00354,Barista,Intermediate,4,Available,No,35,2,2,0,Balanced
SHF0001331,SD005,Starbucks - North Park,North Park,2024-03-04,Monday,05:00,09:00,EMP00180,Barista,Senior,4,Available,No,31,2,2,0,Balanced
SHF0001332,SD005,Starbucks - North Park,North Park,2024-03-04,Monday,09:00,13:00,EMP00278,Barista,Entry,4,Available,No,73,3,1,-2,Understaffed
SHF0001333,SD005,Starbucks - North Park,North Park,2024-03-04,Monday,17:00,21:00,EMP00266,Barista,Senior,4,Called Out,Yes,29,2,2,0,Balanced
SHF0001334,SD005,Starbucks - North Park,North Park,2024-03-04,Monday,13:00,17:00,EMP00446,Barista,Intermediate,4,Available,No,59,2,1,-1,Understaffed
SHF0001335,SD005,Starbucks - North Park,North Park,2024-03-04,Monday,13:00,17:00,EMP00425,Barista,Intermediate,4,Available,No,50,2,1,-1,Understaffed
SHF0001336,SD005,Starbucks - North Park,North Park,2024-03-04,Monday,06:00,10:00,EMP00109,Barista,Senior,4,Available,No,27,2,2,0,Balanced
SHF0001337,SD005,Starbucks - North Park,North Park,2024-03-04,Monday,05:00,09:00,EMP00332,Barista,Entry,4,Called Out,Yes,28,2,2,0,Balanced
SHF0001338,SD005,Starbucks - North Park,North Park,2024-03-11,Monday,11:00,15:00,EMP00099,Shift Supervisor,Entry,4,Available,No,35,2,2,0,Balanced
SHF0001339,SD005,Starbucks - North Park,North Park,2024-03-11,Monday,05:00,09:00,EMP00047,Shift Supervisor,Intermediate,4,Available,No,29,2,4,2,Overstaffed
SHF0001340,SD005,Starbucks - North Park,North Park,2024-03-11,Monday,14:00,18:00,EMP00434,Barista,Entry,4,Available,No,33,2,3,1,Overstaffed
SHF0001341,SD005,Starbucks - North Park,North Park,2024-03-11,Monday,18:00,22:00,EMP00054,Barista,Senior,4,Available,No,39,2,2,0,Balanced
SHF0001342,SD005,Starbucks - North Park,North Park,2024-03-11,Monday,18:00,22:00,EMP00490,Barista,Entry,4,Available,No,21,2,2,0,Balanced
SHF0001343,SD005,Starbucks - North Park,North Park,2024-03-11,Monday,14:00,18:00,EMP00060,Barista,Entry,4,Available,No,41,2,2,0,Balanced
SHF0001344,SD005,Starbucks - North Park,North Park,2024-03-11,Monday,06:00,10:00,EMP00048,Shift Supervisor,Entry,4,Available,No,28,2,2,0,Balanced
SHF0001345,SD005,Starbucks - North Park,North Park,2024-03-11,Monday,15:00,19:00,EMP00282,Barista,Entry,4,Available,No,34,2,2,0,Balanced
SHF0001346,SD005,Starbucks - North Park,North Park,2024-03-11,Monday,17:00,21:00,EMP00132,Shift Supervisor,Intermediate,4,Available,No,38,2,4,2,Overstaffed
SHF0001347,SD005,Starbucks - North Park,North Park,2024-03-18,Monday,07:00,11:00,EMP00462,Barista,Intermediate,4,Available,No,88,4,2,-2,Understaffed
SHF0001348,SD005,Starbucks - North Park,North Park,2024-03-18,Monday,09:00,13:00,EMP00467,Barista,Senior,4,Available,No,57,2,1,-1,Understaffed
SHF0001349,SD005,Starbucks - North Park,North Park,2024-03-18,Monday,11:00,15:00,EMP00259,Barista,Senior,4,Available,No,55,2,4,2,Overstaffed
SHF0001350,SD005,Starbucks - North Park,North Park,2024-03-18,Monday,06:00,10:00,EMP00234,Barista,Intermediate,4,Available,No,38,2,2,0,Balanced
SHF0001351,SD005,Starbucks - North Park,North Park,2024-03-18,Monday,06:00,10:00,EMP00090,Shift Supervisor,Entry,4,Available,No,36,2,2,0,Balanced
SHF0001352,SD005,Starbucks - North Park,North Park,2024-03-18,Monday,15:00,19:00,EMP00013,Barista,Intermediate,4,Available,No,32,2,2,0,Balanced
SHF0001353,SD005,Starbucks - North Park,North Park,2024-03-18,Monday,06:00,10:00,EMP00270,Barista,Intermediate,4,Available,No,22,2,2,0,Balanced
SHF0001354,SD005,Starbucks - North Park,North Park,2024-03-18,Monday,13:00,17:00,EMP00181,Shift Supervisor,Entry,4,Available,No,45,2,2,0,Balanced
SHF0001355,SD005,Starbucks - North Park,North Park,2024-03-18,Monday,13:00,17:00,EMP00139,Barista,Senior,4,Available,No,63,3,3,0,Balanced
SHF0001356,SD005,Starbucks - North Park,North Park,2024-03-18,Monday,14:00,18:00,EMP00484,Shift Supervisor,Intermediate,4,Available,No,35,2,2,0,Balanced
SHF0001357,SD005,Starbucks - North Park,North Park,2024-03-18,Monday,15:00,19:00,EMP00430,Barista,Intermediate,4,Available,No,42,2,2,0,Balanced
SHF0001358,SD005,Starbucks - North Park,North Park,2024-03-18,Monday,15:00,19:00,EMP00075,Barista,Intermediate,4,Available,No,23,2,2,0,Balanced
SHF0001359,SD005,Starbucks - North Park,North Park,2024-03-25,Monday,07:00,11:00,EMP00067,Barista,Entry,4,Available,No,79,3,3,0,Balanced
SHF0001360,SD005,Starbucks - North Park,North Park,2024-03-25,Monday,11:00,15:00,EMP00458,Barista,Intermediate,4,Available,No,43,2,2,0,Balanced
SHF0001361,SD005,Starbucks - North Park,North Park,2024-03-25,Monday,05:00,09:00,EMP00116,Barista,Intermediate,4,Available,No,45,2,4,2,Overstaffed
SHF0001362,SD005,Starbucks - North Park,North Park,2024-03-25,Monday,15:00,19:00,EMP00438,Barista,Senior,4,Available,No,42,2,1,-1,Understaffed
SHF0001363,SD005,Starbucks - North Park,North Park,2024-03-25,Monday,13:00,17:00,EMP00208,Barista,Senior,4,Available,No,57,2,3,1,Overstaffed
SHF0001364,SD005,Starbucks - North Park,North Park,2024-03-25,Monday,09:00,13:00,EMP00044,Barista,Entry,4,Available,No,77,3,2,-1,Understaffed
SHF0001365,SD005,Starbucks - North Park,North Park,2024-03-25,Monday,05:00,09:00,EMP00052,Barista,Intermediate,4,Available,No,40,2,2,0,Balanced
SHF0001366,SD005,Starbucks - North Park,North Park,2024-03-25,Monday,15:00,19:00,EMP00224,Barista,Intermediate,4,Available,No,37,2,2,0,Balanced
SHF0001367,SD005,Starbucks - North Park,North Park,2024-03-25,Monday,15:00,19:00,EMP00349,Barista,Entry,4,Available,No,35,2,1,-1,Understaffed
SHF0001368,SD005,Starbucks - North Park,North Park,2024-03-25,Monday,07:00,11:00,EMP00267,Lead Barista,Entry,4,Available,No,84,4,5,1,Overstaffed
SHF0001369,SD005,Starbucks - North Park,North Park,2024-04-01,Monday,06:00,10:00,EMP00183,Barista,Intermediate,4,Available,No,21,2,2,0,Balanced
SHF0001370,SD005,Starbucks - North Park,North Park,2024-04-01,Monday,13:00,17:00,EMP00245,Barista,Intermediate,4,Available,No,43,2,2,0,Balanced
SHF0001371,SD005,Starbucks - North Park,North Park,2024-04-01,Monday,07:00,11:00,EMP00148,Barista,Entry,4,Available,No,62,3,3,0,Balanced
SHF0001372,SD005,Starbucks - North Park,North Park,2024-04-01,Monday,17:00,21:00,EMP00048,Barista,Intermediate,4,Available,No,20,2,3,1,Overstaffed
SHF0001373,SD005,Starbucks - North Park,North Park,2024-04-01,Monday,18:00,22:00,EMP00014,Barista,Entry,4,Available,No,44,2,4,2,Overstaffed
SHF0001374,SD005,Starbucks - North Park,North Park,2024-04-01,Monday,13:00,17:00,EMP00446,Barista,Senior,4,Available,No,48,2,2,0,Balanced
SHF0001375,SD005,Starbucks - North Park,North Park,2024-04-01,Monday,06:00,10:00,EMP00470,Barista,Entry,4,Available,No,31,2,2,0,Balanced
SHF0001376,SD005,Starbucks - North Park,North Park,2024-04-01,Monday,18:00,22:00,EMP00491,Lead Barista,Senior,4,Available,No,27,2,2,0,Balanced
SHF0001377,SD005,Starbucks - North Park,North Park,2024-04-08,Monday,09:00,13:00,EMP00355,Barista,Intermediate,4,Available,No,82,4,6,2,Overstaffed
SHF0001378,SD005,Starbucks - North Park,North Park,2024-04-08,Monday,09:00,13:00,EMP00435,Barista,Senior,4,Available,No,75,3,3,0,Balanced
SHF0001379,SD005,Starbucks - North Park,North Park,2024-04-08,Monday,14:00,18:00,EMP00348,Barista,Entry,4,Available,No,20,2,2,0,Balanced
SHF0001380,SD005,Starbucks - North Park,North Park,2024-04-08,Monday,05:00,09:00,EMP00025,Shift Supervisor,Intermediate,4,Available,No,26,2,2,0,Balanced
SHF0001381,SD005,Starbucks - North Park,North Park,2024-04-08,Monday,06:00,10:00,EMP00349,Barista,Intermediate,4,Available,No,42,2,3,1,Overstaffed
SHF0001382,SD005,Starbucks - North Park,North Park,2024-04-08,Monday,11:00,15:00,EMP00493,Barista,Entry,4,Available,No,48,2,2,0,Balanced
SHF0001383,SD005,Starbucks - North Park,North Park,2024-04-08,Monday,11:00,15:00,EMP00217,Barista,Senior,4,Available,No,62,3,3,0,Balanced
SHF0001384,SD005,Starbucks - North Park,North Park,2024-04-08,Monday,13:00,17:00,EMP00144,Barista,Entry,4,Available,No,60,3,1,-2,Understaffed
SHF0001385,SD005,Starbucks - North Park,North Park,2024-04-08,Monday,07:00,11:00,EMP00371,Shift Supervisor,Intermediate,4,Available,No,57,2,1,-1,Understaffed
SHF0001386,SD005,Starbucks - North Park,North Park,2024-04-08,Monday,14:00,18:00,EMP00208,Barista,Intermediate,4,Available,No,35,2,2,0,Balanced
SHF0001387,SD005,Starbucks - North Park,North Park,2024-04-08,Monday,10:00,14:00,EMP00144,Barista,Entry,4,Available,No,43,2,2,0,Balanced
SHF0001388,SD005,Starbucks - North Park,North Park,2024-04-15,Monday,05:00,09:00,EMP00313,Barista,Entry,4,Available,No,31,2,2,0,Balanced
SHF0001389,SD005,Starbucks - North Park,North Park,2024-04-15,Monday,06:00,10:00,EMP00143,Barista,Entry,4,Available,No,37,2,1,-1,Understaffed
SHF0001390,SD005,Starbucks - North Park,North Park,2024-04-15,Monday,14:00,18:00,EMP00243,Barista,Senior,4,Available,No,40,2,2,0,Balanced
SHF0001391,SD005,Starbucks - North Park,North Park,2024-04-15,Monday,07:00,11:00,EMP00466,Barista,Entry,4,Available,No,83,4,4,0,Balanced
SHF0001392,SD005,Starbucks - North Park,North Park,2024-04-15,Monday,06:00,10:00,EMP00034,Barista,Intermediate,4,Available,No,31,2,1,-1,Understaffed
SHF0001393,SD005,Starbucks - North Park,North Park,2024-04-15,Monday,05:00,09:00,EMP00245,Shift Supervisor,Intermediate,4,Available,No,42,2,1,-1,Understaffed
SHF0001394,SD005,Starbucks - North Park,North Park,2024-04-15,Monday,13:00,17:00,EMP00018,Barista,Intermediate,4,Available,No,43,2,2,0,Balanced
SHF0001395,SD005,Starbucks - North Park,North Park,2024-04-15,Monday,07:00,11:00,EMP00178,Barista,Entry,4,Available,No,72,3,3,0,Balanced
SHF0001396,SD005,Starbucks - North Park,North Park,2024-04-22,Monday,06:00,10:00,EMP00323,Barista,Intermediate,4,Available,No,42,2,1,-1,Understaffed
SHF0001397,SD005,Starbucks - North Park,North Park,2024-04-22,Monday,09:00,13:00,EMP00133,Barista,Intermediate,4,Available,No,57,2,2,0,Balanced
SHF0001398,SD005,Starbucks - North Park,North Park,2024-04-22,Monday,06:00,10:00,EMP00180,Barista,Intermediate,4,Available,No,20,2,1,-1,Understaffed
SHF0001399,SD005,Starbucks - North Park,North Park,2024-04-22,Monday,10:00,14:00,EMP00261,Lead Barista,Senior,4,Available,No,37,2,2,0,Balanced
SHF0001400,SD005,Starbucks - North Park,North Park,2024-04-22,Monday,15:00,19:00,EMP00482,Shift Supervisor,Entry,4,Available,No,30,2,1,-1,Understaffed
SHF0001401,SD005,Starbucks - North Park,North Park,2024-04-22,Monday,13:00,17:00,EMP00317,Lead Barista,Senior,4,Available,No,47,2,2,0,Balanced
SHF0001402,SD005,Starbucks - North Park,North Park,2024-04-22,Monday,18:00,22:00,EMP00211,Barista,Intermediate,4,Available,No,26,2,2,0,Balanced
SHF0001403,SD005,Starbucks - North Park,North Park,2024-04-22,Monday,07:00,11:00,EMP00472,Lead Barista,Intermediate,4,Available,No,84,4,4,0,Balanced
SHF0001404,SD005,Starbucks - North Park,North Park,2024-04-22,Monday,10:00,14:00,EMP00250,Barista,Entry,4,Available,No,45,2,2,0,Balanced
SHF0001405,SD005,Starbucks - North Park,North Park,2024-04-22,Monday,15:00,19:00,EMP00082,Barista,Intermediate,4,Available,No,25,2,2,0,Balanced
SHF0001406,SD005,Starbucks - North Park,North Park,2024-04-22,Monday,11:00,15:00,EMP00293,Barista,Senior,4,Available,No,47,2,4,2,Overstaffed
SHF0001407,SD005,Starbucks - North Park,North Park,2024-04-22,Monday,14:00,18:00,EMP00184,Barista,Intermediate,4,Available,No,26,2,2,0,Balanced
SHF0001408,SD005,Starbucks - North Park,North Park,2024-04-29,Monday,05:00,09:00,EMP00224,Barista,Intermediate,4,Available,No,39,2,2,0,Balanced
SHF0001409,SD005,Starbucks - North Park,North Park,2024-04-29,Monday,14:00,18:00,EMP00330,Barista,Intermediate,4,Available,No,28,2,2,0,Balanced
SHF0001410,SD005,Starbucks - North Park,North Park,2024-04-29,Monday,14:00,18:00,EMP00292,Shift Supervisor,Entry,4,Available,No,26,2,2,0,Balanced
SHF0001411,SD005,Starbucks - North Park,North Park,2024-04-29,Monday,14:00,18:00,EMP00156,Barista,Intermediate,4,Available,No,42,2,1,-1,Understaffed
SHF0001412,SD005,Starbucks - North Park,North Park,2024-04-29,Monday,07:00,11:00,EMP00202,Barista,Senior,4,Available,No,64,3,3,0,Balanced
SHF0001413,SD005,Starbucks - North Park,North Park,2024-04-29,Monday,06:00,10:00,EMP00223,Barista,Intermediate,4,Available,No,23,2,3,1,Overstaffed
SHF0001414,SD005,Starbucks - North Park,North Park,2024-04-29,Monday,07:00,11:00,EMP00098,Barista,Intermediate,4,Available,No,87,4,4,0,Balanced
SHF0001415,SD005,Starbucks - North Park,North Park,2024-04-29,Monday,05:00,09:00,EMP00015,Barista,Entry,4,Available,No,39,2,2,0,Balanced
SHF0001416,SD005,Starbucks - North Park,North Park,2024-04-29,Monday,15:00,19:00,EMP00036,Barista,Entry,4,Available,No,44,2,3,1,Overstaffed
SHF0001417,SD005,Starbucks - North Park,North Park,2024-05-06,Monday,10:00,14:00,EMP00208,Shift Supervisor,Intermediate,4,Available,No,36,2,2,0,Balanced
SHF0001418,SD005,Starbucks - North Park,North Park,2024-05-06,Monday,13:00,17:00,EMP00260,Barista,Entry,4,Available,No,53,2,1,-1,Understaffed
SHF0001419,SD005,Starbucks - North Park,North Park,2024-05-06,Monday,18:00,22:00,EMP00493,Barista,Intermediate,4,Available,No,22,2,2,0,Balanced
SHF0001420,SD005,Starbucks - North Park,North Park,2024-05-06,Monday,11:00,15:00,EMP00425,Barista,Intermediate,4,Available,No,36,2,2,0,Balanced
SHF0001421,SD005,Starbucks - North Park,North Park,2024-05-06,Monday,07:00,11:00,EMP00449,Shift Supervisor,Intermediate,4,Available,No,86,4,4,0,Balanced
SHF0001422,SD005,Starbucks - North Park,North Park,2024-05-06,Monday,13:00,17:00,EMP00114,Barista,Intermediate,4,Available,No,54,2,2,0,Balanced
SHF0001423,SD005,Starbucks - North Park,North Park,2024-05-06,Monday,09:00,13:00,EMP00476,Barista,Intermediate,4,Available,No,82,4,6,2,Overstaffed
SHF0001424,SD005,Starbucks - North Park,North Park,2024-05-06,Monday,14:00,18:00,EMP00425,Shift Supervisor,Intermediate,4,Available,No,22,2,2,0,Balanced
SHF0001425,SD005,Starbucks - North Park,North Park,2024-05-06,Monday,13:00,17:00,EMP00148,Barista,Intermediate,4,Available,No,39,2,1,-1,Understaffed
SHF0001426,SD005,Starbucks - North Park,North Park,2024-05-06,Monday,07:00,11:00,EMP00048,Barista,Entry,4,Available,No,56,2,2,0,Balanced
SHF0001427,SD005,Starbucks - North Park,North Park,2024-05-06,Monday,09:00,13:00,EMP00370,Barista,Intermediate,4,Available,No,60,3,3,0,Balanced
SHF0001428,SD005,Starbucks - North Park,North Park,2024-05-13,Monday,07:00,11:00,EMP00182,Barista,Entry,4,Available,No,89,4,4,0,Balanced
SHF0001429,SD005,Starbucks - North Park,North Park,2024-05-13,Monday,07:00,11:00,EMP00128,Barista,Entry,4,Available,No,56,2,1,-1,Understaffed
SHF0001430,SD005,Starbucks - North Park,North Park,2024-05-13,Monday,11:00,15:00,EMP00204,Barista,Entry,4,Available,No,44,2,2,0,Balanced
SHF0001431,SD005,Starbucks - North Park,North Park,2024-05-13,Monday,09:00,13:00,EMP00323,Barista,Entry,4,Available,No,74,3,2,-1,Understaffed
SHF0001432,SD005,Starbucks - North Park,North Park,2024-05-13,Monday,15:00,19:00,EMP00241,Barista,Intermediate,4,Available,No,22,2,2,0,Balanced
SHF0001433,SD005,Starbucks - North Park,North Park,2024-05-13,Monday,14:00,18:00,EMP00023,Shift Supervisor,Entry,4,Available,No,25,2,2,0,Balanced
SHF0001434,SD005,Starbucks - North Park,North Park,2024-05-13,Monday,11:00,15:00,EMP00059,Barista,Entry,4,Available,No,65,3,3,0,Balanced
SHF0001435,SD005,Starbucks - North Park,North Park,2024-05-13,Monday,15:00,19:00,EMP00117,Barista,Senior,4,Available,No,23,2,2,0,Balanced
SHF0001436,SD005,Starbucks - North Park,North Park,2024-05-13,Monday,07:00,11:00,EMP00028,Barista,Senior,4,Available,No,60,3,1,-2,Understaffed
SHF0001437,SD005,Starbucks - North Park,North Park,2024-05-13,Monday,05:00,09:00,EMP00254,Barista,Intermediate,4,Available,No,39,2,2,0,Balanced
SHF0001438,SD005,Starbucks - North Park,North Park,2024-05-20,Monday,14:00,18:00,EMP00462,Barista,Senior,4,Available,No,34,2,2,0,Balanced
SHF0001439,SD005,Starbucks - North Park,North Park,2024-05-20,Monday,14:00,18:00,EMP00054,Barista,Entry,4,Available,No,33,2,3,1,Overstaffed
SHF0001440,SD005,Starbucks - North Park,North Park,2024-05-20,Monday,15:00,19:00,EMP00238,Barista,Intermediate,4,Available,No,27,2,2,0,Balanced
SHF0001441,SD005,Starbucks - North Park,North Park,2024-05-20,Monday,07:00,11:00,EMP00001,Barista,Intermediate,4,Available,No,85,4,5,1,Overstaffed
SHF0001442,SD005,Starbucks - North Park,North Park,2024-05-20,Monday,05:00,09:00,EMP00139,Barista,Intermediate,4,Available,No,37,2,2,0,Balanced
SHF0001443,SD005,Starbucks - North Park,North Park,2024-05-20,Monday,07:00,11:00,EMP00329,Shift Supervisor,Entry,4,Available,No,65,3,3,0,Balanced
SHF0001444,SD005,Starbucks - North Park,North Park,2024-05-20,Monday,18:00,22:00,EMP00353,Shift Supervisor,Entry,4,Available,No,23,2,4,2,Overstaffed
SHF0001445,SD005,Starbucks - North Park,North Park,2024-05-20,Monday,10:00,14:00,EMP00028,Lead Barista,Entry,4,Available,No,38,2,2,0,Balanced
SHF0001446,SD005,Starbucks - North Park,North Park,2024-05-20,Monday,06:00,10:00,EMP00351,Barista,Senior,4,Available,No,28,2,4,2,Overstaffed
SHF0001447,SD005,Starbucks - North Park,North Park,2024-05-20,Monday,17:00,21:00,EMP00247,Barista,Intermediate,4,Available,No,45,2,1,-1,Understaffed
SHF0001448,SD005,Starbucks - North Park,North Park,2024-05-20,Monday,09:00,13:00,EMP00141,Barista,Senior,4,Available,No,74,3,3,0,Balanced
SHF0001449,SD005,Starbucks - North Park,North Park,2024-05-20,Monday,15:00,19:00,EMP00348,Barista,Senior,4,Available,No,36,2,2,0,Balanced
SHF0001450,SD005,Starbucks - North Park,North Park,2024-05-27,Monday,13:00,17:00,EMP00297,Barista,Senior,4,Available,No,48,2,2,0,Balanced
SHF0001451,SD005,Starbucks - North Park,North Park,2024-05-27,Monday,10:00,14:00,EMP00002,Shift Supervisor,Entry,4,Available,No,41,2,3,1,Overstaffed
SHF0001452,SD005,Starbucks - North Park,North Park,2024-05-27,Monday,10:00,14:00,EMP00121,Shift Supervisor,Entry,4,Available,No,63,3,3,0,Balanced
SHF0001453,SD005,Starbucks - North Park,North Park,2024-05-27,Monday,07:00,11:00,EMP00423,Barista,Entry,4,Available,No,62,3,1,-2,Understaffed
SHF0001454,SD005,Starbucks - North Park,North Park,2024-05-27,Monday,07:00,11:00,EMP00013,Barista,Intermediate,4,Available,No,58,2,2,0,Balanced
SHF0001455,SD005,Starbucks - North Park,North Park,2024-05-27,Monday,05:00,09:00,EMP00231,Shift Supervisor,Intermediate,4,Available,No,37,2,2,0,Balanced
SHF0001456,SD005,Starbucks - North Park,North Park,2024-05-27,Monday,17:00,21:00,EMP00379,Barista,Intermediate,4,Available,No,30,2,2,0,Balanced
SHF0001457,SD005,Starbucks - North Park,North Park,2024-05-27,Monday,09:00,13:00,EMP00500,Shift Supervisor,Entry,4,Available,No,85,4,4,0,Balanced
SHF0001458,SD005,Starbucks - North Park,North Park,2024-06-03,Monday,13:00,17:00,EMP00192,Barista,Entry,4,Available,No,38,2,3,1,Overstaffed
SHF0001459,SD005,Starbucks - North Park,North Park,2024-06-03,Monday,13:00,17:00,EMP00355,Barista,Senior,4,Available,No,63,3,3,0,Balanced
SHF0001460,SD005,Starbucks - North Park,North Park,2024-06-03,Monday,18:00,22:00,EMP00438,Barista,Intermediate,4,Available,No,21,2,1,-1,Understaffed
SHF0001461,SD005,Starbucks - North Park,North Park,2024-06-03,Monday,18:00,22:00,EMP00490,Barista,Intermediate,4,Available,No,37,2,1,-1,Understaffed
SHF0001462,SD005,Starbucks - North Park,North Park,2024-06-03,Monday,14:00,18:00,EMP00063,Shift Supervisor,Entry,4,Available,No,41,2,2,0,Balanced
SHF0001463,SD005,Starbucks - North Park,North Park,2024-06-03,Monday,13:00,17:00,EMP00156,Barista,Intermediate,4,Available,No,51,2,2,0,Balanced
SHF0001464,SD005,Starbucks - North Park,North Park,2024-06-03,Monday,05:00,09:00,EMP00191,Barista,Senior,4,Available,No,37,2,1,-1,Understaffed
SHF0001465,SD005,Starbucks - North Park,North Park,2024-06-03,Monday,18:00,22:00,EMP00353,Barista,Intermediate,4,Available,No,25,2,2,0,Balanced
SHF0001466,SD005,Starbucks - North Park,North Park,2024-06-03,Monday,06:00,10:00,EMP00427,Shift Supervisor,Intermediate,4,Available,No,25,2,2,0,Balanced
SHF0001467,SD005,Starbucks - North Park,North Park,2024-06-03,Monday,14:00,18:00,EMP00205,Barista,Entry,4,Available,No,31,2,3,1,Overstaffed
SHF0001468,SD005,Starbucks - North Park,North Park,2024-06-03,Monday,06:00,10:00,EMP00125,Barista,Entry,4,Available,No,29,2,2,0,Balanced
SHF0001469,SD005,Starbucks - North Park,North Park,2024-06-10,Monday,18:00,22:00,EMP00209,Barista,Intermediate,4,Available,No,26,2,2,0,Balanced
SHF0001470,SD005,Starbucks - North Park,North Park,2024-06-10,Monday,17:00,21:00,EMP00091,Barista,Entry,4,Available,No,44,2,1,-1,Understaffed
SHF0001471,SD005,Starbucks - North Park,North Park,2024-06-10,Monday,09:00,13:00,EMP00350,Barista,Intermediate,4,Available,No,90,4,4,0,Balanced
SHF0001472,SD005,Starbucks - North Park,North Park,2024-06-10,Monday,07:00,11:00,EMP00072,Barista,Intermediate,4,Available,No,56,2,2,0,Balanced
SHF0001473,SD005,Starbucks - North Park,North Park,2024-06-10,Monday,10:00,14:00,EMP00053,Barista,Entry,4,Available,No,53,2,3,1,Overstaffed
SHF0001474,SD005,Starbucks - North Park,North Park,2024-06-10,Monday,11:00,15:00,EMP00297,Barista,Entry,4,Available,No,62,3,3,0,Balanced
SHF0001475,SD005,Starbucks - North Park,North Park,2024-06-10,Monday,14:00,18:00,EMP00037,Barista,Entry,4,Called Out,Yes,41,2,1,-1,Understaffed
SHF0001476,SD005,Starbucks - North Park,North Park,2024-06-10,Monday,13:00,17:00,EMP00181,Shift Supervisor,Senior,4,Available,No,41,2,1,-1,Understaffed
SHF0001477,SD005,Starbucks - North Park,North Park,2024-06-17,Monday,17:00,21:00,EMP00493,Shift Supervisor,Entry,4,Available,No,39,2,2,0,Balanced
SHF0001478,SD005,Starbucks - North Park,North Park,2024-06-17,Monday,18:00,22:00,EMP00097,Barista,Entry,4,Available,No,25,2,2,0,Balanced
SHF0001479,SD005,Starbucks - North Park,North Park,2024-06-17,Monday,06:00,10:00,EMP00310,Barista,Intermediate,4,Available,No,22,2,1,-1,Understaffed
SHF0001480,SD005,Starbucks - North Park,North Park,2024-06-17,Monday,14:00,18:00,EMP00439,Barista,Senior,4,Available,No,42,2,2,0,Balanced
SHF0001481,SD005,Starbucks - North Park,North Park,2024-06-17,Monday,17:00,21:00,EMP00068,Barista,Entry,4,Available,No,23,2,3,1,Overstaffed
SHF0001482,SD005,Starbucks - North Park,North Park,2024-06-17,Monday,05:00,09:00,EMP00245,Barista,Intermediate,4,Available,No,45,2,2,0,Balanced
SHF0001483,SD005,Starbucks - North Park,North Park,2024-06-17,Monday,14:00,18:00,EMP00462,Barista,Entry,4,Available,No,28,2,1,-1,Understaffed
SHF0001484,SD005,Starbucks - North Park,North Park,2024-06-17,Monday,07:00,11:00,EMP00292,Shift Supervisor,Intermediate,4,Available,No,63,3,3,0,Balanced
SHF0001485,SD005,Starbucks - North Park,North Park,2024-06-17,Monday,14:00,18:00,EMP00076,Barista,Entry,4,Available,No,38,2,2,0,Balanced
SHF0001486,SD005,Starbucks - North Park,North Park,2024-06-17,Monday,09:00,13:00,EMP00149,Shift Supervisor,Intermediate,4,Available,No,66,3,3,0,Balanced
SHF0001487,SD005,Starbucks - North Park,North Park,2024-06-17,Monday,09:00,13:00,EMP00114,Barista,Intermediate,4,Available,No,74,3,3,0,Balanced
SHF0001488,SD005,Starbucks - North Park,North Park,2024-06-17,Monday,13:00,17:00,EMP00140,Barista,Intermediate,4,Available,No,56,2,2,0,Balanced
SHF0001489,SD005,Starbucks - North Park,North Park,2024-06-24,Monday,10:00,14:00,EMP00408,Barista,Entry,4,Available,No,52,2,2,0,Balanced
SHF0001490,SD005,Starbucks - North Park,North Park,2024-06-24,Monday,09:00,13:00,EMP00025,Lead Barista,Entry,4,Available,No,71,3,3,0,Balanced
SHF0001491,SD005,Starbucks - North Park,North Park,2024-06-24,Monday,11:00,15:00,EMP00114,Barista,Intermediate,4,Available,No,37,2,2,0,Balanced
SHF0001492,SD005,Starbucks - North Park,North Park,2024-06-24,Monday,06:00,10:00,EMP00412,Barista,Entry,4,Available,No,40,2,2,0,Balanced
SHF0001493,SD005,Starbucks - North Park,North Park,2024-06-24,Monday,09:00,13:00,EMP00176,Lead Barista,Entry,4,Available,No,60,3,3,0,Balanced
SHF0001494,SD005,Starbucks - North Park,North Park,2024-06-24,Monday,11:00,15:00,EMP00037,Barista,Intermediate,4,Available,No,56,2,2,0,Balanced
SHF0001495,SD005,Starbucks - North Park,North Park,2024-06-24,Monday,10:00,14:00,EMP00222,Barista,Intermediate,4,Available,No,61,3,3,0,Balanced
SHF0001496,SD005,Starbucks - North Park,North Park,2024-06-24,Monday,17:00,21:00,EMP00333,Barista,Entry,4,Available,No,22,2,3,1,Overstaffed
SHF0001497,SD005,Starbucks - North Park,North Park,2024-07-01,Monday,11:00,15:00,EMP00382,Barista,Entry,4,Available,No,60,3,3,0,Balanced
SHF0001498,SD005,Starbucks - North Park,North Park,2024-07-01,Monday,14:00,18:00,EMP00293,Barista,Entry,4,Available,No,45,2,2,0,Balanced
SHF0001499,SD005,Starbucks - North Park,North Park,2024-07-01,Monday,18:00,22:00,EMP00466,Barista,Intermediate,4,Available,No,41,2,2,0,Balanced
SHF0001500,SD005,Starbucks - North Park,North Park,2024-07-01,Monday,13:00,17:00,EMP00058,Barista,Entry,4,Available,No,47,2,2,0,Balanced
SHF0001501,SD005,Starbucks - North Park,North Park,2024-07-01,Monday,11:00,15:00,EMP00435,Shift Supervisor,Intermediate,4,Available,No,43,2,2,0,Balanced
SHF0001502,SD005,Starbucks - North Park,North Park,2024-07-01,Monday,15:00,19:00,EMP00203,Barista,Entry,4,Available,No,35,2,1,-1,Understaffed
SHF0001503,SD005,Starbucks - North Park,North Park,2024-07-01,Monday,14:00,18:00,EMP00186,Barista,Intermediate,4,Available,No,27,2,2,0,Balanced
SHF0001504,SD005,Starbucks - North Park,North Park,2024-07-01,Monday,13:00,17:00,EMP00083,Barista,Entry,4,Available,No,57,2,2,0,Balanced
SHF0001505,SD005,Starbucks - North Park,North Park,2024-07-01,Monday,07:00,11:00,EMP00255,Barista,Intermediate,4,Available,No,71,3,3,0,Balanced
SHF0001506,SD005,Starbucks - North Park,North Park,2024-07-01,Monday,09:00,13:00,EMP00386,Barista,Intermediate,4,Available,No,82,4,4,0,Balanced
SHF0001507,SD005,Starbucks - North Park,North Park,2024-07-08,Monday,06:00,10:00,EMP00496,Barista,Entry,4,Available,No,34,2,4,2,Overstaffed
SHF0001508,SD005,Starbucks - North Park,North Park,2024-07-08,Monday,07:00,11:00,EMP00464,Barista,Intermediate,4,Called Out,Yes,64,3,3,0,Balanced
SHF0001509,SD005,Starbucks - North Park,North Park,2024-07-08,Monday,06:00,10:00,EMP00457,Shift Supervisor,Intermediate,4,Available,No,23,2,2,0,Balanced
SHF0001510,SD005,Starbucks - North Park,North Park,2024-07-08,Monday,07:00,11:00,EMP00375,Shift Supervisor,Intermediate,4,Available,No,65,3,3,0,Balanced
SHF0001511,SD005,Starbucks - North Park,North Park,2024-07-08,Monday,05:00,09:00,EMP00142,Barista,Entry,4,Available,No,29,2,2,0,Balanced
SHF0001512,SD005,Starbucks - North Park,North Park,2024-07-08,Monday,15:00,19:00,EMP00368,Barista,Intermediate,4,Available,No,28,2,1,-1,Understaffed
SHF0001513,SD005,Starbucks - North Park,North Park,2024-07-08,Monday,13:00,17:00,EMP00148,Barista,Intermediate,4,Available,No,48,2,1,-1,Understaffed
SHF0001514,SD005,Starbucks - North Park,North Park,2024-07-08,Monday,18:00,22:00,EMP00346,Barista,Intermediate,4,Available,No,40,2,2,0,Balanced
SHF0001515,SD005,Starbucks - North Park,North Park,2024-07-08,Monday,14:00,18:00,EMP00160,Barista,Senior,4,Available,No,38,2,2,0,Balanced
SHF0001516,SD005,Starbucks - North Park,North Park,2024-07-08,Monday,15:00,19:00,EMP00069,Barista,Intermediate,4,Available,No,22,2,1,-1,Understaffed
SHF0001517,SD005,Starbucks - North Park,North Park,2024-07-15,Monday,09:00,13:00,EMP00202,Barista,Intermediate,4,Available,No,83,4,2,-2,Understaffed
SHF0001518,SD005,Starbucks - North Park,North Park,2024-07-15,Monday,13:00,17:00,EMP00497,Barista,Entry,4,Available,No,46,2,2,0,Balanced
SHF0001519,SD005,Starbucks - North Park,North Park,2024-07-15,Monday,15:00,19:00,EMP00066,Barista,Entry,4,Available,No,42,2,4,2,Overstaffed
SHF0001520,SD005,Starbucks - North Park,North Park,2024-07-15,Monday,18:00,22:00,EMP00119,Barista,Intermediate,4,Available,No,35,2,2,0,Balanced
SHF0001521,SD005,Starbucks - North Park,North Park,2024-07-15,Monday,18:00,22:00,EMP00341,Lead Barista,Entry,4,Available,No,25,2,2,0,Balanced
SHF0001522,SD005,Starbucks - North Park,North Park,2024-07-15,Monday,05:00,09:00,EMP00321,Barista,Senior,4,Available,No,38,2,2,0,Balanced
SHF0001523,SD005,Starbucks - North Park,North Park,2024-07-15,Monday,06:00,10:00,EMP00165,Barista,Intermediate,4,Available,No,27,2,4,2,Overstaffed
SHF0001524,SD005,Starbucks - North Park,North Park,2024-07-15,Monday,17:00,21:00,EMP00480,Barista,Entry,4,Available,No,31,2,2,0,Balanced
SHF0001525,SD005,Starbucks - North Park,North Park,2024-07-15,Monday,06:00,10:00,EMP00006,Barista,Entry,4,Available,No,32,2,2,0,Balanced
SHF0001526,SD005,Starbucks - North Park,North Park,2024-07-15,Monday,13:00,17:00,EMP00472,Barista,Intermediate,4,Available,No,51,2,2,0,Balanced
SHF0001527,SD005,Starbucks - North Park,North Park,2024-07-15,Monday,10:00,14:00,EMP00461,Shift Supervisor,Entry,4,Available,No,42,2,2,0,Balanced
SHF0001528,SD005,Starbucks - North Park,North Park,2024-07-15,Monday,11:00,15:00,EMP00321,Barista,Entry,4,Available,No,41,2,1,-1,Understaffed
SHF0001529,SD005,Starbucks - North Park,North Park,2024-07-22,Monday,05:00,09:00,EMP00416,Shift Supervisor,Entry,4,Available,No,23,2,2,0,Balanced
SHF0001530,SD005,Starbucks - North Park,North Park,2024-07-22,Monday,17:00,21:00,EMP00015,Barista,Intermediate,4,Available,No,42,2,2,0,Balanced
SHF0001531,SD005,Starbucks - North Park,North Park,2024-07-22,Monday,07:00,11:00,EMP00010,Barista,Intermediate,4,Available,No,67,3,1,-2,Understaffed
SHF0001532,SD005,Starbucks - North Park,North Park,2024-07-22,Monday,13:00,17:00,EMP00259,Shift Supervisor,Entry,4,Available,No,42,2,4,2,Overstaffed
SHF0001533,SD005,Starbucks - North Park,North Park,2024-07-22,Monday,18:00,22:00,EMP00232,Shift Supervisor,Senior,4,Available,No,41,2,2,0,Balanced
SHF0001534,SD005,Starbucks - North Park,North Park,2024-07-22,Monday,15:00,19:00,EMP00324,Barista,Entry,4,Available,No,28,2,2,0,Balanced
SHF0001535,SD005,Starbucks - North Park,North Park,2024-07-22,Monday,10:00,14:00,EMP00318,Barista,Entry,4,Available,No,52,2,4,2,Overstaffed
SHF0001536,SD005,Starbucks - North Park,North Park,2024-07-22,Monday,18:00,22:00,EMP00079,Barista,Intermediate,4,Available,No,25,2,2,0,Balanced
SHF0001537,SD005,Starbucks - North Park,North Park,2024-07-22,Monday,09:00,13:00,EMP00380,Shift Supervisor,Intermediate,4,Available,No,70,3,2,-1,Understaffed
SHF0001538,SD005,Starbucks - North Park,North Park,2024-07-22,Monday,06:00,10:00,EMP00325,Barista,Senior,4,Available,No,33,2,2,0,Balanced
SHF0001539,SD005,Starbucks - North Park,North Park,2024-07-22,Monday,09:00,13:00,EMP00214,Barista,Entry,4,Available,No,66,3,1,-2,Understaffed
SHF0001540,SD006,Starbucks - UTC Westfield,UTC,2024-01-01,Monday,09:00,13:00,EMP00129,Barista,Entry,4,Available,No,78,3,3,0,Balanced
SHF0001541,SD006,Starbucks - UTC Westfield,UTC,2024-01-01,Monday,10:00,14:00,EMP00423,Barista,Entry,4,Available,No,51,2,1,-1,Understaffed
SHF0001542,SD006,Starbucks - UTC Westfield,UTC,2024-01-01,Monday,07:00,11:00,EMP00411,Barista,Intermediate,4,Available,No,79,3,4,1,Overstaffed
SHF0001543,SD006,Starbucks - UTC Westfield,UTC,2024-01-01,Monday,11:00,15:00,EMP00284,Barista,Entry,4,Available,No,41,2,2,0,Balanced
SHF0001544,SD006,Starbucks - UTC Westfield,UTC,2024-01-01,Monday,14:00,18:00,EMP00287,Shift Supervisor,Intermediate,4,Available,No,40,2,3,1,Overstaffed
SHF0001545,SD006,Starbucks - UTC Westfield,UTC,2024-01-01,Monday,05:00,09:00,EMP00496,Barista,Entry,4,Available,No,40,2,1,-1,Understaffed
SHF0001546,SD006,Starbucks - UTC Westfield,UTC,2024-01-01,Monday,17:00,21:00,EMP00303,Barista,Entry,4,Available,No,26,2,2,0,Balanced
SHF0001547,SD006,Starbucks - UTC Westfield,UTC,2024-01-01,Monday,07:00,11:00,EMP00413,Barista,Senior,4,Available,No,67,3,1,-2,Understaffed
SHF0001548,SD006,Starbucks - UTC Westfield,UTC,2024-01-01,Monday,07:00,11:00,EMP00480,Shift Supervisor,Intermediate,4,Available,No,66,3,3,0,Balanced
SHF0001549,SD006,Starbucks - UTC Westfield,UTC,2024-01-01,Monday,15:00,19:00,EMP00219,Barista,Intermediate,4,Available,No,28,2,3,1,Overstaffed
SHF0001550,SD006,Starbucks - UTC Westfield,UTC,2024-01-08,Monday,15:00,19:00,EMP00276,Barista,Senior,4,Available,No,29,2,1,-1,Understaffed
SHF0001551,SD006,Starbucks - UTC Westfield,UTC,2024-01-08,Monday,09:00,13:00,EMP00078,Barista,Senior,4,Available,No,86,4,4,0,Balanced
SHF0001552,SD006,Starbucks - UTC Westfield,UTC,2024-01-08,Monday,14:00,18:00,EMP00235,Barista,Senior,4,Available,No,41,2,2,0,Balanced
SHF0001553,SD006,Starbucks - UTC Westfield,UTC,2024-01-08,Monday,09:00,13:00,EMP00253,Barista,Senior,4,Available,No,56,2,2,0,Balanced
SHF0001554,SD006,Starbucks - UTC Westfield,UTC,2024-01-08,Monday,15:00,19:00,EMP00112,Barista,Senior,4,Available,No,32,2,4,2,Overstaffed
SHF0001555,SD006,Starbucks - UTC Westfield,UTC,2024-01-08,Monday,18:00,22:00,EMP00125,Barista,Entry,4,Available,No,29,2,2,0,Balanced
SHF0001556,SD006,Starbucks - UTC Westfield,UTC,2024-01-08,Monday,13:00,17:00,EMP00230,Barista,Intermediate,4,Available,No,49,2,2,0,Balanced
SHF0001557,SD006,Starbucks - UTC Westfield,UTC,2024-01-08,Monday,05:00,09:00,EMP00020,Barista,Senior,4,Available,No,36,2,2,0,Balanced
SHF0001558,SD006,Starbucks - UTC Westfield,UTC,2024-01-15,Monday,15:00,19:00,EMP00036,Barista,Entry,4,Available,No,22,2,2,0,Balanced
SHF0001559,SD006,Starbucks - UTC Westfield,UTC,2024-01-15,Monday,05:00,09:00,EMP00249,Shift Supervisor,Intermediate,4,Available,No,31,2,2,0,Balanced
SHF0001560,SD006,Starbucks - UTC Westfield,UTC,2024-01-15,Monday,15:00,19:00,EMP00300,Barista,Intermediate,4,Available,No,29,2,1,-1,Understaffed
SHF0001561,SD006,Starbucks - UTC Westfield,UTC,2024-01-15,Monday,07:00,11:00,EMP00153,Barista,Senior,4,Available,No,78,3,3,0,Balanced
SHF0001562,SD006,Starbucks - UTC Westfield,UTC,2024-01-15,Monday,15:00,19:00,EMP00485,Barista,Senior,4,Available,No,28,2,2,0,Balanced
SHF0001563,SD006,Starbucks - UTC Westfield,UTC,2024-01-15,Monday,09:00,13:00,EMP00249,Shift Supervisor,Entry,4,Available,No,57,2,2,0,Balanced
SHF0001564,SD006,Starbucks - UTC Westfield,UTC,2024-01-15,Monday,09:00,13:00,EMP00191,Barista,Intermediate,4,Available,No,71,3,3,0,Balanced
SHF0001565,SD006,Starbucks - UTC Westfield,UTC,2024-01-15,Monday,05:00,09:00,EMP00049,Barista,Intermediate,4,Available,No,35,2,3,1,Overstaffed
SHF0001566,SD006,Starbucks - UTC Westfield,UTC,2024-01-15,Monday,15:00,19:00,EMP00434,Barista,Entry,4,Available,No,43,2,1,-1,Understaffed
SHF0001567,SD006,Starbucks - UTC Westfield,UTC,2024-01-15,Monday,10:00,14:00,EMP00316,Shift Supervisor,Entry,4,Available,No,58,2,4,2,Overstaffed
SHF0001568,SD006,Starbucks - UTC Westfield,UTC,2024-01-15,Monday,11:00,15:00,EMP00311,Barista,Entry,4,Available,No,49,2,1,-1,Understaffed
SHF0001569,SD006,Starbucks - UTC Westfield,UTC,2024-01-22,Monday,13:00,17:00,EMP00096,Barista,Intermediate,4,Available,No,40,2,2,0,Balanced
SHF0001570,SD006,Starbucks - UTC Westfield,UTC,2024-01-22,Monday,14:00,18:00,EMP00214,Barista,Intermediate,4,Available,No,43,2,2,0,Balanced
SHF0001571,SD006,Starbucks - UTC Westfield,UTC,2024-01-22,Monday,10:00,14:00,EMP00046,Barista,Intermediate,4,Available,No,41,2,1,-1,Understaffed
SHF0001572,SD006,Starbucks - UTC Westfield,UTC,2024-01-22,Monday,18:00,22:00,EMP00302,Barista,Senior,4,Available,No,29,2,2,0,Balanced
SHF0001573,SD006,Starbucks - UTC Westfield,UTC,2024-01-22,Monday,13:00,17:00,EMP00196,Lead Barista,Senior,4,Available,No,60,3,3,0,Balanced
SHF0001574,SD006,Starbucks - UTC Westfield,UTC,2024-01-22,Monday,18:00,22:00,EMP00251,Shift Supervisor,Senior,4,Available,No,30,2,2,0,Balanced
SHF0001575,SD006,Starbucks - UTC Westfield,UTC,2024-01-22,Monday,15:00,19:00,EMP00462,Barista,Intermediate,4,Available,No,40,2,2,0,Balanced
SHF0001576,SD006,Starbucks - UTC Westfield,UTC,2024-01-22,Monday,06:00,10:00,EMP00468,Barista,Entry,4,Available,No,20,2,2,0,Balanced
SHF0001577,SD006,Starbucks - UTC Westfield,UTC,2024-01-22,Monday,18:00,22:00,EMP00180,Shift Supervisor,Senior,4,Available,No,36,2,1,-1,Understaffed
SHF0001578,SD006,Starbucks - UTC Westfield,UTC,2024-01-29,Monday,05:00,09:00,EMP00162,Barista,Entry,4,Available,No,22,2,2,0,Balanced
SHF0001579,SD006,Starbucks - UTC Westfield,UTC,2024-01-29,Monday,05:00,09:00,EMP00151,Shift Supervisor,Senior,4,Available,No,44,2,2,0,Balanced
SHF0001580,SD006,Starbucks - UTC Westfield,UTC,2024-01-29,Monday,10:00,14:00,EMP00053,Barista,Intermediate,4,Available,No,58,2,1,-1,Understaffed
SHF0001581,SD006,Starbucks - UTC Westfield,UTC,2024-01-29,Monday,15:00,19:00,EMP00313,Barista,Entry,4,Available,No,44,2,2,0,Balanced
SHF0001582,SD006,Starbucks - UTC Westfield,UTC,2024-01-29,Monday,11:00,15:00,EMP00248,Shift Supervisor,Entry,4,Available,No,45,2,2,0,Balanced
SHF0001583,SD006,Starbucks - UTC Westfield,UTC,2024-01-29,Monday,13:00,17:00,EMP00490,Shift Supervisor,Intermediate,4,Available,No,55,2,2,0,Balanced
SHF0001584,SD006,Starbucks - UTC Westfield,UTC,2024-01-29,Monday,11:00,15:00,EMP00285,Barista,Entry,4,Available,No,63,3,3,0,Balanced
SHF0001585,SD006,Starbucks - UTC Westfield,UTC,2024-01-29,Monday,14:00,18:00,EMP00355,Shift Supervisor,Entry,4,Available,No,26,2,3,1,Overstaffed
SHF0001586,SD006,Starbucks - UTC Westfield,UTC,2024-01-29,Monday,11:00,15:00,EMP00123,Barista,Entry,4,Available,No,48,2,2,0,Balanced
SHF0001587,SD006,Starbucks - UTC Westfield,UTC,2024-01-29,Monday,07:00,11:00,EMP00387,Barista,Senior,4,Available,No,66,3,3,0,Balanced
SHF0001588,SD006,Starbucks - UTC Westfield,UTC,2024-02-05,Monday,10:00,14:00,EMP00390,Barista,Intermediate,4,Available,No,53,2,2,0,Balanced
SHF0001589,SD006,Starbucks - UTC Westfield,UTC,2024-02-05,Monday,18:00,22:00,EMP00267,Barista,Entry,4,Available,No,31,2,2,0,Balanced
SHF0001590,SD006,Starbucks - UTC Westfield,UTC,2024-02-05,Monday,09:00,13:00,EMP00164,Barista,Entry,4,Available,No,63,3,3,0,Balanced
SHF0001591,SD006,Starbucks - UTC Westfield,UTC,2024-02-05,Monday,14:00,18:00,EMP00422,Barista,Senior,4,Available,No,22,2,1,-1,Understaffed
SHF0001592,SD006,Starbucks - UTC Westfield,UTC,2024-02-05,Monday,05:00,09:00,EMP00050,Barista,Entry,4,Called Out,Yes,32,2,4,2,Overstaffed
SHF0001593,SD006,Starbucks - UTC Westfield,UTC,2024-02-05,Monday,18:00,22:00,EMP00092,Barista,Senior,4,Available,No,28,2,4,2,Overstaffed
SHF0001594,SD006,Starbucks - UTC Westfield,UTC,2024-02-05,Monday,10:00,14:00,EMP00485,Barista,Entry,4,Available,No,51,2,2,0,Balanced
SHF0001595,SD006,Starbucks - UTC Westfield,UTC,2024-02-05,Monday,11:00,15:00,EMP00356,Barista,Entry,4,Available,No,58,2,1,-1,Understaffed
SHF0001596,SD006,Starbucks - UTC Westfield,UTC,2024-02-12,Monday,15:00,19:00,EMP00286,Barista,Entry,4,Called Out,Yes,33,2,1,-1,Understaffed
SHF0001597,SD006,Starbucks - UTC Westfield,UTC,2024-02-12,Monday,06:00,10:00,EMP00407,Barista,Intermediate,4,Available,No,38,2,2,0,Balanced
SHF0001598,SD006,Starbucks - UTC Westfield,UTC,2024-02-12,Monday,11:00,15:00,EMP00059,Barista,Senior,4,Available,No,56,2,2,0,Balanced
SHF0001599,SD006,Starbucks - UTC Westfield,UTC,2024-02-12,Monday,17:00,21:00,EMP00296,Barista,Entry,4,Available,No,36,2,2,0,Balanced
SHF0001600,SD006,Starbucks - UTC Westfield,UTC,2024-02-12,Monday,15:00,19:00,EMP00498,Shift Supervisor,Entry,4,Available,No,21,2,2,0,Balanced
SHF0001601,SD006,Starbucks - UTC Westfield,UTC,2024-02-12,Monday,17:00,21:00,EMP00383,Barista,Intermediate,4,Available,No,30,2,2,0,Balanced
SHF0001602,SD006,Starbucks - UTC Westfield,UTC,2024-02-12,Monday,11:00,15:00,EMP00358,Barista,Entry,4,Available,No,50,2,2,0,Balanced
SHF0001603,SD006,Starbucks - UTC Westfield,UTC,2024-02-12,Monday,07:00,11:00,EMP00118,Barista,Entry,4,Available,No,64,3,4,1,Overstaffed
SHF0001604,SD006,Starbucks - UTC Westfield,UTC,2024-02-12,Monday,15:00,19:00,EMP00007,Barista,Intermediate,4,Available,No,23,2,2,0,Balanced
SHF0001605,SD006,Starbucks - UTC Westfield,UTC,2024-02-12,Monday,10:00,14:00,EMP00187,Lead Barista,Senior,4,Available,No,64,3,3,0,Balanced
SHF0001606,SD006,Starbucks - UTC Westfield,UTC,2024-02-19,Monday,07:00,11:00,EMP00077,Shift Supervisor,Intermediate,4,Available,No,80,4,6,2,Overstaffed
SHF0001607,SD006,Starbucks - UTC Westfield,UTC,2024-02-19,Monday,09:00,13:00,EMP00214,Barista,Intermediate,4,Available,No,58,2,2,0,Balanced
SHF0001608,SD006,Starbucks - UTC Westfield,UTC,2024-02-19,Monday,18:00,22:00,EMP00427,Barista,Senior,4,Available,No,27,2,2,0,Balanced
SHF0001609,SD006,Starbucks - UTC Westfield,UTC,2024-02-19,Monday,05:00,09:00,EMP00213,Barista,Intermediate,4,Available,No,43,2,4,2,Overstaffed
SHF0001610,SD006,Starbucks - UTC Westfield,UTC,2024-02-19,Monday,05:00,09:00,EMP00215,Barista,Entry,4,Available,No,41,2,4,2,Overstaffed
SHF0001611,SD006,Starbucks - UTC Westfield,UTC,2024-02-19,Monday,18:00,22:00,EMP00306,Barista,Entry,4,Available,No,34,2,3,1,Overstaffed
SHF0001612,SD006,Starbucks - UTC Westfield,UTC,2024-02-19,Monday,14:00,18:00,EMP00465,Barista,Intermediate,4,Available,No,24,2,1,-1,Understaffed
SHF0001613,SD006,Starbucks - UTC Westfield,UTC,2024-02-19,Monday,14:00,18:00,EMP00448,Lead Barista,Intermediate,4,Available,No,34,2,2,0,Balanced
SHF0001614,SD006,Starbucks - UTC Westfield,UTC,2024-02-26,Monday,10:00,14:00,EMP00129,Barista,Intermediate,4,Available,No,49,2,2,0,Balanced
SHF0001615,SD006,Starbucks - UTC Westfield,UTC,2024-02-26,Monday,13:00,17:00,EMP00135,Barista,Intermediate,4,Available,No,55,2,2,0,Balanced
SHF0001616,SD006,Starbucks - UTC Westfield,UTC,2024-02-26,Monday,06:00,10:00,EMP00074,Barista,Intermediate,4,Available,No,40,2,2,0,Balanced
SHF0001617,SD006,Starbucks - UTC Westfield,UTC,2024-02-26,Monday,15:00,19:00,EMP00493,Barista,Senior,4,Available,No,30,2,2,0,Balanced
SHF0001618,SD006,Starbucks - UTC Westfield,UTC,2024-02-26,Monday,18:00,22:00,EMP00486,Barista,Senior,4,Available,No,20,2,2,0,Balanced
SHF0001619,SD006,Starbucks - UTC Westfield,UTC,2024-02-26,Monday,09:00,13:00,EMP00414,Barista,Intermediate,4,Available,No,82,4,4,0,Balanced
SHF0001620,SD006,Starbucks - UTC Westfield,UTC,2024-02-26,Monday,13:00,17:00,EMP00426,Barista,Intermediate,4,Available,No,53,2,1,-1,Understaffed
SHF0001621,SD006,Starbucks - UTC Westfield,UTC,2024-02-26,Monday,09:00,13:00,EMP00285,Barista,Entry,4,Available,No,80,4,4,0,Balanced
SHF0001622,SD006,Starbucks - UTC Westfield,UTC,2024-02-26,Monday,14:00,18:00,EMP00185,Barista,Entry,4,Available,No,22,2,2,0,Balanced
SHF0001623,SD006,Starbucks - UTC Westfield,UTC,2024-02-26,Monday,17:00,21:00,EMP00081,Shift Supervisor,Intermediate,4,Available,No,36,2,1,-1,Understaffed
SHF0001624,SD006,Starbucks - UTC Westfield,UTC,2024-02-26,Monday,09:00,13:00,EMP00180,Shift Supervisor,Intermediate,4,Available,No,82,4,2,-2,Understaffed
SHF0001625,SD006,Starbucks - UTC Westfield,UTC,2024-03-04,Monday,15:00,19:00,EMP00459,Barista,Intermediate,4,Available,No,28,2,2,0,Balanced
SHF0001626,SD006,Starbucks - UTC Westfield,UTC,2024-03-04,Monday,14:00,18:00,EMP00195,Barista,Entry,4,Available,No,41,2,3,1,Overstaffed
SHF0001627,SD006,Starbucks - UTC Westfield,UTC,2024-03-04,Monday,05:00,09:00,EMP00390,Barista,Intermediate,4,Available,No,34,2,2,0,Balanced
SHF0001628,SD006,Starbucks - UTC Westfield,UTC,2024-03-04,Monday,17:00,21:00,EMP00100,Barista,Entry,4,Available,No,34,2,1,-1,Understaffed
SHF0001629,SD006,Starbucks - UTC Westfield,UTC,2024-03-04,Monday,14:00,18:00,EMP00303,Shift Supervisor,Intermediate,4,Available,No,28,2,4,2,Overstaffed
SHF0001630,SD006,Starbucks - UTC Westfield,UTC,2024-03-04,Monday,09:00,13:00,EMP00369,Barista,Entry,4,Available,No,62,3,1,-2,Understaffed
SHF0001631,SD006,Starbucks - UTC Westfield,UTC,2024-03-04,Monday,14:00,18:00,EMP00189,Shift Supervisor,Entry,4,Available,No,36,2,2,0,Balanced
SHF0001632,SD006,Starbucks - UTC Westfield,UTC,2024-03-04,Monday,09:00,13:00,EMP00354,Lead Barista,Senior,4,Available,No,72,3,3,0,Balanced
SHF0001633,SD006,Starbucks - UTC Westfield,UTC,2024-03-04,Monday,06:00,10:00,EMP00012,Barista,Intermediate,4,Available,No,43,2,2,0,Balanced
SHF0001634,SD006,Starbucks - UTC Westfield,UTC,2024-03-04,Monday,11:00,15:00,EMP00495,Shift Supervisor,Senior,4,Available,No,44,2,2,0,Balanced
SHF0001635,SD006,Starbucks - UTC Westfield,UTC,2024-03-04,Monday,15:00,19:00,EMP00444,Barista,Intermediate,4,Available,No,33,2,2,0,Balanced
SHF0001636,SD006,Starbucks - UTC Westfield,UTC,2024-03-04,Monday,09:00,13:00,EMP00328,Barista,Intermediate,4,Available,No,58,2,2,0,Balanced
SHF0001637,SD006,Starbucks - UTC Westfield,UTC,2024-03-11,Monday,09:00,13:00,EMP00016,Barista,Intermediate,4,Available,No,69,3,5,2,Overstaffed
SHF0001638,SD006,Starbucks - UTC Westfield,UTC,2024-03-11,Monday,09:00,13:00,EMP00469,Barista,Entry,4,Available,No,55,2,3,1,Overstaffed
SHF0001639,SD006,Starbucks - UTC Westfield,UTC,2024-03-11,Monday,18:00,22:00,EMP00164,Shift Supervisor,Intermediate,4,Available,No,30,2,1,-1,Understaffed
SHF0001640,SD006,Starbucks - UTC Westfield,UTC,2024-03-11,Monday,18:00,22:00,EMP00159,Barista,Entry,4,Available,No,27,2,3,1,Overstaffed
SHF0001641,SD006,Starbucks - UTC Westfield,UTC,2024-03-11,Monday,18:00,22:00,EMP00266,Barista,Intermediate,4,Available,No,21,2,2,0,Balanced
SHF0001642,SD006,Starbucks - UTC Westfield,UTC,2024-03-11,Monday,18:00,22:00,EMP00037,Barista,Entry,4,Available,No,41,2,2,0,Balanced
SHF0001643,SD006,Starbucks - UTC Westfield,UTC,2024-03-11,Monday,14:00,18:00,EMP00141,Barista,Entry,4,Available,No,32,2,3,1,Overstaffed
SHF0001644,SD006,Starbucks - UTC Westfield,UTC,2024-03-11,Monday,09:00,13:00,EMP00201,Barista,Senior,4,Available,No,65,3,1,-2,Understaffed
SHF0001645,SD006,Starbucks - UTC Westfield,UTC,2024-03-18,Monday,18:00,22:00,EMP00108,Barista,Intermediate,4,Available,No,26,2,2,0,Balanced
SHF0001646,SD006,Starbucks - UTC Westfield,UTC,2024-03-18,Monday,07:00,11:00,EMP00441,Shift Supervisor,Senior,4,Available,No,89,4,4,0,Balanced
SHF0001647,SD006,Starbucks - UTC Westfield,UTC,2024-03-18,Monday,18:00,22:00,EMP00018,Barista,Entry,4,Available,No,44,2,3,1,Overstaffed
SHF0001648,SD006,Starbucks - UTC Westfield,UTC,2024-03-18,Monday,07:00,11:00,EMP00379,Barista,Intermediate,4,Available,No,67,3,4,1,Overstaffed
SHF0001649,SD006,Starbucks - UTC Westfield,UTC,2024-03-18,Monday,11:00,15:00,EMP00197,Barista,Intermediate,4,Available,No,52,2,2,0,Balanced
SHF0001650,SD006,Starbucks - UTC Westfield,UTC,2024-03-18,Monday,10:00,14:00,EMP00367,Lead Barista,Intermediate,4,Available,No,45,2,2,0,Balanced
SHF0001651,SD006,Starbucks - UTC Westfield,UTC,2024-03-18,Monday,10:00,14:00,EMP00297,Shift Supervisor,Senior,4,Available,No,46,2,2,0,Balanced
SHF0001652,SD006,Starbucks - UTC Westfield,UTC,2024-03-18,Monday,18:00,22:00,EMP00345,Barista,Entry,4,Available,No,27,2,2,0,Balanced
SHF0001653,SD006,Starbucks - UTC Westfield,UTC,2024-03-18,Monday,15:00,19:00,EMP00045,Lead Barista,Senior,4,Available,No,36,2,2,0,Balanced
SHF0001654,SD006,Starbucks - UTC Westfield,UTC,2024-03-18,Monday,11:00,15:00,EMP00174,Barista,Intermediate,4,Available,No,48,2,2,0,Balanced
SHF0001655,SD006,Starbucks - UTC Westfield,UTC,2024-03-18,Monday,05:00,09:00,EMP00448,Barista,Intermediate,4,Available,No,45,2,2,0,Balanced
SHF0001656,SD006,Starbucks - UTC Westfield,UTC,2024-03-25,Monday,06:00,10:00,EMP00150,Barista,Senior,4,Available,No,28,2,1,-1,Understaffed
SHF0001657,SD006,Starbucks - UTC Westfield,UTC,2024-03-25,Monday,11:00,15:00,EMP00326,Barista,Entry,4,Available,No,52,2,2,0,Balanced
SHF0001658,SD006,Starbucks - UTC Westfield,UTC,2024-03-25,Monday,13:00,17:00,EMP00393,Barista,Intermediate,4,Available,No,50,2,1,-1,Understaffed
SHF0001659,SD006,Starbucks - UTC Westfield,UTC,2024-03-25,Monday,15:00,19:00,EMP00239,Lead Barista,Intermediate,4,Available,No,35,2,2,0,Balanced
SHF0001660,SD006,Starbucks - UTC Westfield,UTC,2024-03-25,Monday,10:00,14:00,EMP00021,Barista,Senior,4,Available,No,53,2,2,0,Balanced
SHF0001661,SD006,Starbucks - UTC Westfield,UTC,2024-03-25,Monday,09:00,13:00,EMP00036,Barista,Intermediate,4,Available,No,59,2,2,0,Balanced
SHF0001662,SD006,Starbucks - UTC Westfield,UTC,2024-03-25,Monday,15:00,19:00,EMP00249,Barista,Entry,4,Available,No,39,2,1,-1,Understaffed
SHF0001663,SD006,Starbucks - UTC Westfield,UTC,2024-03-25,Monday,11:00,15:00,EMP00131,Barista,Intermediate,4,Available,No,41,2,3,1,Overstaffed
SHF0001664,SD006,Starbucks - UTC Westfield,UTC,2024-03-25,Monday,18:00,22:00,EMP00266,Shift Supervisor,Entry,4,Available,No,21,2,2,0,Balanced
SHF0001665,SD006,Starbucks - UTC Westfield,UTC,2024-04-01,Monday,18:00,22:00,EMP00016,Barista,Intermediate,4,Available,No,30,2,1,-1,Understaffed
SHF0001666,SD006,Starbucks - UTC Westfield,UTC,2024-04-01,Monday,10:00,14:00,EMP00253,Barista,Entry,4,Available,No,44,2,2,0,Balanced
SHF0001667,SD006,Starbucks - UTC Westfield,UTC,2024-04-01,Monday,10:00,14:00,EMP00204,Barista,Entry,4,Available,No,49,2,2,0,Balanced
SHF0001668,SD006,Starbucks - UTC Westfield,UTC,2024-04-01,Monday,10:00,14:00,EMP00369,Barista,Senior,4,Available,No,60,3,3,0,Balanced
SHF0001669,SD006,Starbucks - UTC Westfield,UTC,2024-04-01,Monday,05:00,09:00,EMP00429,Lead Barista,Entry,4,Available,No,28,2,2,0,Balanced
SHF0001670,SD006,Starbucks - UTC Westfield,UTC,2024-04-01,Monday,15:00,19:00,EMP00340,Shift Supervisor,Intermediate,4,Available,No,40,2,2,0,Balanced
SHF0001671,SD006,Starbucks - UTC Westfield,UTC,2024-04-01,Monday,15:00,19:00,EMP00033,Barista,Entry,4,Available,No,35,2,2,0,Balanced
SHF0001672,SD006,Starbucks - UTC Westfield,UTC,2024-04-01,Monday,11:00,15:00,EMP00073,Shift Supervisor,Entry,4,Available,No,45,2,3,1,Overstaffed
SHF0001673,SD006,Starbucks - UTC Westfield,UTC,2024-04-01,Monday,06:00,10:00,EMP00323,Lead Barista,Entry,4,Available,No,30,2,2,0,Balanced
SHF0001674,SD006,Starbucks - UTC Westfield,UTC,2024-04-01,Monday,07:00,11:00,EMP00386,Barista,Intermediate,4,Available,No,75,3,3,0,Balanced
SHF0001675,SD006,Starbucks - UTC Westfield,UTC,2024-04-08,Monday,05:00,09:00,EMP00110,Barista,Senior,4,Available,No,24,2,2,0,Balanced
SHF0001676,SD006,Starbucks - UTC Westfield,UTC,2024-04-08,Monday,10:00,14:00,EMP00441,Barista,Intermediate,4,Available,No,38,2,2,0,Balanced
SHF0001677,SD006,Starbucks - UTC Westfield,UTC,2024-04-08,Monday,09:00,13:00,EMP00128,Lead Barista,Senior,4,Available,No,69,3,3,0,Balanced
SHF0001678,SD006,Starbucks - UTC Westfield,UTC,2024-04-08,Monday,17:00,21:00,EMP00218,Barista,Entry,4,Available,No,20,2,2,0,Balanced
SHF0001679,SD006,Starbucks - UTC Westfield,UTC,2024-04-08,Monday,06:00,10:00,EMP00273,Barista,Intermediate,4,Available,No,28,2,2,0,Balanced
SHF0001680,SD006,Starbucks - UTC Westfield,UTC,2024-04-08,Monday,13:00,17:00,EMP00200,Barista,Intermediate,4,Available,No,60,3,3,0,Balanced
SHF0001681,SD006,Starbucks - UTC Westfield,UTC,2024-04-08,Monday,13:00,17:00,EMP00310,Lead Barista,Entry,4,Available,No,48,2,2,0,Balanced
SHF0001682,SD006,Starbucks - UTC Westfield,UTC,2024-04-08,Monday,11:00,15:00,EMP00490,Barista,Entry,4,Available,No,35,2,2,0,Balanced
SHF0001683,SD006,Starbucks - UTC Westfield,UTC,2024-04-15,Monday,14:00,18:00,EMP00103,Barista,Senior,4,Available,No,44,2,2,0,Balanced
SHF0001684,SD006,Starbucks - UTC Westfield,UTC,2024-04-15,Monday,06:00,10:00,EMP00208,Barista,Entry,4,Available,No,23,2,2,0,Balanced
SHF0001685,SD006,Starbucks - UTC Westfield,UTC,2024-04-15,Monday,13:00,17:00,EMP00329,Barista,Intermediate,4,Available,No,56,2,2,0,Balanced
SHF0001686,SD006,Starbucks - UTC Westfield,UTC,2024-04-15,Monday,05:00,09:00,EMP00033,Barista,Intermediate,4,Available,No,31,2,2,0,Balanced
SHF0001687,SD006,Starbucks - UTC Westfield,UTC,2024-04-15,Monday,09:00,13:00,EMP00077,Barista,Entry,4,Available,No,74,3,3,0,Balanced
SHF0001688,SD006,Starbucks - UTC Westfield,UTC,2024-04-15,Monday,05:00,09:00,EMP00185,Barista,Entry,4,Available,No,26,2,2,0,Balanced
SHF0001689,SD006,Starbucks - UTC Westfield,UTC,2024-04-15,Monday,09:00,13:00,EMP00316,Lead Barista,Entry,4,Available,No,63,3,1,-2,Understaffed
SHF0001690,SD006,Starbucks - UTC Westfield,UTC,2024-04-15,Monday,11:00,15:00,EMP00088,Barista,Intermediate,4,Available,No,60,3,3,0,Balanced
SHF0001691,SD006,Starbucks - UTC Westfield,UTC,2024-04-22,Monday,15:00,19:00,EMP00037,Barista,Entry,4,Available,No,29,2,2,0,Balanced
SHF0001692,SD006,Starbucks - UTC Westfield,UTC,2024-04-22,Monday,07:00,11:00,EMP00400,Barista,Senior,4,Available,No,90,4,4,0,Balanced
SHF0001693,SD006,Starbucks - UTC Westfield,UTC,2024-04-22,Monday,07:00,11:00,EMP00243,Barista,Intermediate,4,Available,No,69,3,3,0,Balanced
SHF0001694,SD006,Starbucks - UTC Westfield,UTC,2024-04-22,Monday,13:00,17:00,EMP00313,Barista,Intermediate,4,Available,No,63,3,3,0,Balanced
SHF0001695,SD006,Starbucks - UTC Westfield,UTC,2024-04-22,Monday,17:00,21:00,EMP00195,Shift Supervisor,Senior,4,Available,No,30,2,1,-1,Understaffed
SHF0001696,SD006,Starbucks - UTC Westfield,UTC,2024-04-22,Monday,15:00,19:00,EMP00072,Lead Barista,Entry,4,Available,No,27,2,2,0,Balanced
SHF0001697,SD006,Starbucks - UTC Westfield,UTC,2024-04-22,Monday,11:00,15:00,EMP00444,Barista,Senior,4,Available,No,64,3,3,0,Balanced
SHF0001698,SD006,Starbucks - UTC Westfield,UTC,2024-04-22,Monday,09:00,13:00,EMP00050,Barista,Senior,4,Available,No,66,3,3,0,Balanced
SHF0001699,SD006,Starbucks - UTC Westfield,UTC,2024-04-22,Monday,10:00,14:00,EMP00370,Shift Supervisor,Intermediate,4,Available,No,59,2,4,2,Overstaffed
SHF0001700,SD006,Starbucks - UTC Westfield,UTC,2024-04-22,Monday,10:00,14:00,EMP00359,Barista,Intermediate,4,Available,No,63,3,3,0,Balanced
SHF0001701,SD006,Starbucks - UTC Westfield,UTC,2024-04-22,Monday,17:00,21:00,EMP00127,Lead Barista,Intermediate,4,Available,No,27,2,2,0,Balanced
SHF0001702,SD006,Starbucks - UTC Westfield,UTC,2024-04-22,Monday,17:00,21:00,EMP00253,Shift Supervisor,Entry,4,Available,No,31,2,1,-1,Understaffed
SHF0001703,SD006,Starbucks - UTC Westfield,UTC,2024-04-29,Monday,11:00,15:00,EMP00340,Barista,Intermediate,4,Available,No,55,2,2,0,Balanced
SHF0001704,SD006,Starbucks - UTC Westfield,UTC,2024-04-29,Monday,15:00,19:00,EMP00482,Barista,Entry,4,Available,No,24,2,4,2,Overstaffed
SHF0001705,SD006,Starbucks - UTC Westfield,UTC,2024-04-29,Monday,06:00,10:00,EMP00092,Barista,Entry,4,Available,No,27,2,2,0,Balanced
SHF0001706,SD006,Starbucks - UTC Westfield,UTC,2024-04-29,Monday,11:00,15:00,EMP00490,Barista,Intermediate,4,Available,No,52,2,2,0,Balanced
SHF0001707,SD006,Starbucks - UTC Westfield,UTC,2024-04-29,Monday,11:00,15:00,EMP00489,Barista,Entry,4,Available,No,47,2,2,0,Balanced
SHF0001708,SD006,Starbucks - UTC Westfield,UTC,2024-04-29,Monday,17:00,21:00,EMP00319,Barista,Senior,4,Available,No,39,2,2,0,Balanced
SHF0001709,SD006,Starbucks - UTC Westfield,UTC,2024-04-29,Monday,14:00,18:00,EMP00127,Barista,Intermediate,4,Available,No,41,2,2,0,Balanced
SHF0001710,SD006,Starbucks - UTC Westfield,UTC,2024-04-29,Monday,06:00,10:00,EMP00397,Barista,Senior,4,Available,No,38,2,2,0,Balanced
SHF0001711,SD006,Starbucks - UTC Westfield,UTC,2024-04-29,Monday,18:00,22:00,EMP00082,Shift Supervisor,Intermediate,4,Available,No,24,2,2,0,Balanced
SHF0001712,SD006,Starbucks - UTC Westfield,UTC,2024-04-29,Monday,14:00,18:00,EMP00317,Barista,Intermediate,4,Available,No,43,2,2,0,Balanced
SHF0001713,SD006,Starbucks - UTC Westfield,UTC,2024-04-29,Monday,17:00,21:00,EMP00132,Barista,Senior,4,Available,No,24,2,2,0,Balanced
SHF0001714,SD006,Starbucks - UTC Westfield,UTC,2024-05-06,Monday,10:00,14:00,EMP00174,Barista,Entry,4,Available,No,40,2,2,0,Balanced
SHF0001715,SD006,Starbucks - UTC Westfield,UTC,2024-05-06,Monday,18:00,22:00,EMP00188,Barista,Intermediate,4,Available,No,31,2,2,0,Balanced
SHF0001716,SD006,Starbucks - UTC Westfield,UTC,2024-05-06,Monday,10:00,14:00,EMP00374,Barista,Entry,4,Available,No,48,2,2,0,Balanced
SHF0001717,SD006,Starbucks - UTC Westfield,UTC,2024-05-06,Monday,18:00,22:00,EMP00212,Barista,Intermediate,4,Available,No,39,2,2,0,Balanced
SHF0001718,SD006,Starbucks - UTC Westfield,UTC,2024-05-06,Monday,13:00,17:00,EMP00271,Barista,Intermediate,4,Available,No,40,2,2,0,Balanced
SHF0001719,SD006,Starbucks - UTC Westfield,UTC,2024-05-06,Monday,15:00,19:00,EMP00019,Barista,Entry,4,Available,No,27,2,2,0,Balanced
SHF0001720,SD006,Starbucks - UTC Westfield,UTC,2024-05-06,Monday,18:00,22:00,EMP00401,Barista,Entry,4,Available,No,22,2,3,1,Overstaffed
SHF0001721,SD006,Starbucks - UTC Westfield,UTC,2024-05-06,Monday,11:00,15:00,EMP00012,Barista,Entry,4,Available,No,49,2,2,0,Balanced
SHF0001722,SD006,Starbucks - UTC Westfield,UTC,2024-05-06,Monday,11:00,15:00,EMP00204,Barista,Intermediate,4,Available,No,39,2,2,0,Balanced
SHF0001723,SD006,Starbucks - UTC Westfield,UTC,2024-05-06,Monday,15:00,19:00,EMP00247,Barista,Entry,4,Available,No,36,2,2,0,Balanced
SHF0001724,SD006,Starbucks - UTC Westfield,UTC,2024-05-13,Monday,15:00,19:00,EMP00403,Barista,Intermediate,4,Available,No,27,2,2,0,Balanced
SHF0001725,SD006,Starbucks - UTC Westfield,UTC,2024-05-13,Monday,09:00,13:00,EMP00134,Shift Supervisor,Entry,4,Available,No,80,4,4,0,Balanced
SHF0001726,SD006,Starbucks - UTC Westfield,UTC,2024-05-13,Monday,10:00,14:00,EMP00178,Barista,Entry,4,Available,No,65,3,3,0,Balanced
SHF0001727,SD006,Starbucks - UTC Westfield,UTC,2024-05-13,Monday,11:00,15:00,EMP00109,Barista,Senior,4,Available,No,57,2,1,-1,Understaffed
SHF0001728,SD006,Starbucks - UTC Westfield,UTC,2024-05-13,Monday,09:00,13:00,EMP00138,Barista,Intermediate,4,Available,No,58,2,2,0,Balanced
SHF0001729,SD006,Starbucks - UTC Westfield,UTC,2024-05-13,Monday,14:00,18:00,EMP00047,Barista,Intermediate,4,Available,No,42,2,2,0,Balanced
SHF0001730,SD006,Starbucks - UTC Westfield,UTC,2024-05-13,Monday,18:00,22:00,EMP00474,Barista,Entry,4,Available,No,29,2,2,0,Balanced
SHF0001731,SD006,Starbucks - UTC Westfield,UTC,2024-05-13,Monday,15:00,19:00,EMP00276,Barista,Entry,4,Available,No,36,2,2,0,Balanced
SHF0001732,SD006,Starbucks - UTC Westfield,UTC,2024-05-20,Monday,06:00,10:00,EMP00254,Barista,Intermediate,4,Available,No,45,2,4,2,Overstaffed
SHF0001733,SD006,Starbucks - UTC Westfield,UTC,2024-05-20,Monday,18:00,22:00,EMP00455,Barista,Entry,4,Available,No,35,2,3,1,Overstaffed
SHF0001734,SD006,Starbucks - UTC Westfield,UTC,2024-05-20,Monday,15:00,19:00,EMP00209,Barista,Intermediate,4,Available,No,36,2,2,0,Balanced
SHF0001735,SD006,Starbucks - UTC Westfield,UTC,2024-05-20,Monday,14:00,18:00,EMP00436,Barista,Senior,4,Available,No,44,2,1,-1,Understaffed
SHF0001736,SD006,Starbucks - UTC Westfield,UTC,2024-05-20,Monday,05:00,09:00,EMP00228,Barista,Entry,4,Available,No,36,2,4,2,Overstaffed
SHF0001737,SD006,Starbucks - UTC Westfield,UTC,2024-05-20,Monday,06:00,10:00,EMP00419,Barista,Senior,4,Available,No,42,2,2,0,Balanced
SHF0001738,SD006,Starbucks - UTC Westfield,UTC,2024-05-20,Monday,09:00,13:00,EMP00172,Barista,Senior,4,Available,No,72,3,3,0,Balanced
SHF0001739,SD006,Starbucks - UTC Westfield,UTC,2024-05-20,Monday,18:00,22:00,EMP00066,Barista,Senior,4,Available,No,22,2,4,2,Overstaffed
SHF0001740,SD006,Starbucks - UTC Westfield,UTC,2024-05-20,Monday,10:00,14:00,EMP00433,Barista,Senior,4,Available,No,61,3,3,0,Balanced
SHF0001741,SD006,Starbucks - UTC Westfield,UTC,2024-05-20,Monday,07:00,11:00,EMP00235,Barista,Intermediate,4,Available,No,89,4,4,0,Balanced
SHF0001742,SD006,Starbucks - UTC Westfield,UTC,2024-05-20,Monday,17:00,21:00,EMP00002,Barista,Intermediate,4,Available,No,20,2,3,1,Overstaffed
SHF0001743,SD006,Starbucks - UTC Westfield,UTC,2024-05-27,Monday,17:00,21:00,EMP00289,Barista,Intermediate,4,Available,No,26,2,2,0,Balanced
SHF0001744,SD006,Starbucks - UTC Westfield,UTC,2024-05-27,Monday,17:00,21:00,EMP00089,Barista,Intermediate,4,Available,No,38,2,1,-1,Understaffed
SHF0001745,SD006,Starbucks - UTC Westfield,UTC,2024-05-27,Monday,18:00,22:00,EMP00122,Barista,Intermediate,4,Available,No,39,2,2,0,Balanced
SHF0001746,SD006,Starbucks - UTC Westfield,UTC,2024-05-27,Monday,05:00,09:00,EMP00103,Barista,Intermediate,4,Available,No,20,2,4,2,Overstaffed
SHF0001747,SD006,Starbucks - UTC Westfield,UTC,2024-05-27,Monday,14:00,18:00,EMP00324,Shift Supervisor,Entry,4,Available,No,29,2,2,0,Balanced
SHF0001748,SD006,Starbucks - UTC Westfield,UTC,2024-05-27,Monday,06:00,10:00,EMP00062,Barista,Entry,4,Available,No,39,2,2,0,Balanced
SHF0001749,SD006,Starbucks - UTC Westfield,UTC,2024-05-27,Monday,11:00,15:00,EMP00181,Barista,Intermediate,4,Available,No,65,3,3,0,Balanced
SHF0001750,SD006,Starbucks - UTC Westfield,UTC,2024-05-27,Monday,17:00,21:00,EMP00094,Lead Barista,Senior,4,Available,No,20,2,2,0,Balanced
SHF0001751,SD006,Starbucks - UTC Westfield,UTC,2024-05-27,Monday,14:00,18:00,EMP00027,Barista,Senior,4,Available,No,31,2,2,0,Balanced
SHF0001752,SD006,Starbucks - UTC Westfield,UTC,2024-06-03,Monday,17:00,21:00,EMP00320,Barista,Senior,4,Available,No,40,2,2,0,Balanced
SHF0001753,SD006,Starbucks - UTC Westfield,UTC,2024-06-03,Monday,11:00,15:00,EMP00281,Barista,Intermediate,4,Called Out,Yes,44,2,2,0,Balanced
SHF0001754,SD006,Starbucks - UTC Westfield,UTC,2024-06-03,Monday,07:00,11:00,EMP00356,Barista,Senior,4,Available,No,74,3,3,0,Balanced
SHF0001755,SD006,Starbucks - UTC Westfield,UTC,2024-06-03,Monday,13:00,17:00,EMP00100,Barista,Intermediate,4,Available,No,53,2,2,0,Balanced
SHF0001756,SD006,Starbucks - UTC Westfield,UTC,2024-06-03,Monday,06:00,10:00,EMP00423,Barista,Senior,4,Available,No,34,2,2,0,Balanced
SHF0001757,SD006,Starbucks - UTC Westfield,UTC,2024-06-03,Monday,13:00,17:00,EMP00418,Barista,Entry,4,Available,No,64,3,3,0,Balanced
SHF0001758,SD006,Starbucks - UTC Westfield,UTC,2024-06-03,Monday,15:00,19:00,EMP00173,Lead Barista,Intermediate,4,Available,No,22,2,2,0,Balanced
SHF0001759,SD006,Starbucks - UTC Westfield,UTC,2024-06-03,Monday,05:00,09:00,EMP00217,Barista,Entry,4,Available,No,45,2,2,0,Balanced
SHF0001760,SD006,Starbucks - UTC Westfield,UTC,2024-06-10,Monday,06:00,10:00,EMP00431,Barista,Intermediate,4,Available,No,38,2,2,0,Balanced
SHF0001761,SD006,Starbucks - UTC Westfield,UTC,2024-06-10,Monday,17:00,21:00,EMP00417,Barista,Intermediate,4,Available,No,20,2,2,0,Balanced
SHF0001762,SD006,Starbucks - UTC Westfield,UTC,2024-06-10,Monday,17:00,21:00,EMP00100,Barista,Entry,4,Available,No,33,2,2,0,Balanced
SHF0001763,SD006,Starbucks - UTC Westfield,UTC,2024-06-10,Monday,15:00,19:00,EMP00354,Barista,Entry,4,Available,No,22,2,1,-1,Understaffed
SHF0001764,SD006,Starbucks - UTC Westfield,UTC,2024-06-10,Monday,14:00,18:00,EMP00434,Barista,Entry,4,Available,No,27,2,2,0,Balanced
SHF0001765,SD006,Starbucks - UTC Westfield,UTC,2024-06-10,Monday,14:00,18:00,EMP00261,Barista,Senior,4,Available,No,23,2,2,0,Balanced
SHF0001766,SD006,Starbucks - UTC Westfield,UTC,2024-06-10,Monday,09:00,13:00,EMP00307,Shift Supervisor,Intermediate,4,Available,No,84,4,4,0,Balanced
SHF0001767,SD006,Starbucks - UTC Westfield,UTC,2024-06-10,Monday,14:00,18:00,EMP00471,Barista,Entry,4,Available,No,28,2,1,-1,Understaffed
SHF0001768,SD006,Starbucks - UTC Westfield,UTC,2024-06-10,Monday,13:00,17:00,EMP00483,Barista,Entry,4,Available,No,62,3,3,0,Balanced
SHF0001769,SD006,Starbucks - UTC Westfield,UTC,2024-06-17,Monday,17:00,21:00,EMP00453,Shift Supervisor,Entry,4,Available,No,25,2,2,0,Balanced
SHF0001770,SD006,Starbucks - UTC Westfield,UTC,2024-06-17,Monday,17:00,21:00,EMP00427,Barista,Intermediate,4,Available,No,44,2,1,-1,Understaffed
SHF0001771,SD006,Starbucks - UTC Westfield,UTC,2024-06-17,Monday,14:00,18:00,EMP00003,Shift Supervisor,Entry,4,Available,No,34,2,2,0,Balanced
SHF0001772,SD006,Starbucks - UTC Westfield,UTC,2024-06-17,Monday,05:00,09:00,EMP00260,Barista,Senior,4,Available,No,37,2,2,0,Balanced
SHF0001773,SD006,Starbucks - UTC Westfield,UTC,2024-06-17,Monday,09:00,13:00,EMP00190,Lead Barista,Senior,4,Available,No,84,4,4,0,Balanced
SHF0001774,SD006,Starbucks - UTC Westfield,UTC,2024-06-17,Monday,11:00,15:00,EMP00118,Barista,Senior,4,Available,No,62,3,4,1,Overstaffed
SHF0001775,SD006,Starbucks - UTC Westfield,UTC,2024-06-17,Monday,17:00,21:00,EMP00069,Shift Supervisor,Entry,4,Available,No,42,2,2,0,Balanced
SHF0001776,SD006,Starbucks - UTC Westfield,UTC,2024-06-17,Monday,07:00,11:00,EMP00307,Barista,Entry,4,Available,No,88,4,4,0,Balanced
SHF0001777,SD006,Starbucks - UTC Westfield,UTC,2024-06-17,Monday,15:00,19:00,EMP00374,Barista,Entry,4,Available,No,23,2,2,0,Balanced
SHF0001778,SD006,Starbucks - UTC Westfield,UTC,2024-06-17,Monday,11:00,15:00,EMP00113,Barista,Entry,4,Available,No,53,2,3,1,Overstaffed
SHF0001779,SD006,Starbucks - UTC Westfield,UTC,2024-06-17,Monday,18:00,22:00,EMP00422,Barista,Entry,4,Available,No,26,2,2,0,Balanced
SHF0001780,SD006,Starbucks - UTC Westfield,UTC,2024-06-17,Monday,06:00,10:00,EMP00425,Barista,Entry,4,Available,No,34,2,2,0,Balanced
SHF0001781,SD006,Starbucks - UTC Westfield,UTC,2024-06-24,Monday,17:00,21:00,EMP00423,Barista,Intermediate,4,Available,No,27,2,2,0,Balanced
SHF0001782,SD006,Starbucks - UTC Westfield,UTC,2024-06-24,Monday,18:00,22:00,EMP00398,Barista,Intermediate,4,Available,No,27,2,2,0,Balanced
SHF0001783,SD006,Starbucks - UTC Westfield,UTC,2024-06-24,Monday,18:00,22:00,EMP00175,Lead Barista,Intermediate,4,Available,No,24,2,2,0,Balanced
SHF0001784,SD006,Starbucks - UTC Westfield,UTC,2024-06-24,Monday,18:00,22:00,EMP00284,Barista,Entry,4,Available,No,45,2,2,0,Balanced
SHF0001785,SD006,Starbucks - UTC Westfield,UTC,2024-06-24,Monday,06:00,10:00,EMP00304,Shift Supervisor,Intermediate,4,Available,No,25,2,2,0,Balanced
SHF0001786,SD006,Starbucks - UTC Westfield,UTC,2024-06-24,Monday,15:00,19:00,EMP00490,Barista,Intermediate,4,Available,No,31,2,2,0,Balanced
SHF0001787,SD006,Starbucks - UTC Westfield,UTC,2024-06-24,Monday,14:00,18:00,EMP00418,Barista,Senior,4,Available,No,28,2,2,0,Balanced
SHF0001788,SD006,Starbucks - UTC Westfield,UTC,2024-06-24,Monday,14:00,18:00,EMP00082,Lead Barista,Entry,4,Available,No,41,2,2,0,Balanced
SHF0001789,SD006,Starbucks - UTC Westfield,UTC,2024-06-24,Monday,13:00,17:00,EMP00073,Barista,Intermediate,4,Available,No,56,2,1,-1,Understaffed
SHF0001790,SD006,Starbucks - UTC Westfield,UTC,2024-07-01,Monday,13:00,17:00,EMP00328,Barista,Senior,4,Available,No,64,3,1,-2,Understaffed
SHF0001791,SD006,Starbucks - UTC Westfield,UTC,2024-07-01,Monday,18:00,22:00,EMP00069,Barista,Entry,4,Available,No,40,2,2,0,Balanced
SHF0001792,SD006,Starbucks - UTC Westfield,UTC,2024-07-01,Monday,09:00,13:00,EMP00339,Shift Supervisor,Entry,4,Available,No,86,4,3,-1,Understaffed
SHF0001793,SD006,Starbucks - UTC Westfield,UTC,2024-07-01,Monday,13:00,17:00,EMP00267,Barista,Entry,4,Available,No,52,2,2,0,Balanced
SHF0001794,SD006,Starbucks - UTC Westfield,UTC,2024-07-01,Monday,07:00,11:00,EMP00334,Lead Barista,Senior,4,Available,No,80,4,3,-1,Understaffed
SHF0001795,SD006,Starbucks - UTC Westfield,UTC,2024-07-01,Monday,13:00,17:00,EMP00364,Shift Supervisor,Senior,4,Available,No,62,3,4,1,Overstaffed
SHF0001796,SD006,Starbucks - UTC Westfield,UTC,2024-07-01,Monday,17:00,21:00,EMP00421,Barista,Senior,4,Available,No,38,2,2,0,Balanced
SHF0001797,SD006,Starbucks - UTC Westfield,UTC,2024-07-01,Monday,05:00,09:00,EMP00087,Shift Supervisor,Entry,4,Available,No,38,2,2,0,Balanced
SHF0001798,SD006,Starbucks - UTC Westfield,UTC,2024-07-01,Monday,18:00,22:00,EMP00500,Barista,Intermediate,4,Available,No,45,2,4,2,Overstaffed
SHF0001799,SD006,Starbucks - UTC Westfield,UTC,2024-07-01,Monday,10:00,14:00,EMP00240,Lead Barista,Intermediate,4,Available,No,43,2,2,0,Balanced
SHF0001800,SD006,Starbucks - UTC Westfield,UTC,2024-07-08,Monday,07:00,11:00,EMP00078,Shift Supervisor,Entry,4,Available,No,83,4,4,0,Balanced
SHF0001801,SD006,Starbucks - UTC Westfield,UTC,2024-07-08,Monday,11:00,15:00,EMP00430,Barista,Senior,4,Available,No,60,3,3,0,Balanced
SHF0001802,SD006,Starbucks - UTC Westfield,UTC,2024-07-08,Monday,09:00,13:00,EMP00040,Barista,Intermediate,4,Available,No,56,2,2,0,Balanced
SHF0001803,SD006,Starbucks - UTC Westfield,UTC,2024-07-08,Monday,14:00,18:00,EMP00270,Barista,Intermediate,4,Available,No,36,2,2,0,Balanced
SHF0001804,SD006,Starbucks - UTC Westfield,UTC,2024-07-08,Monday,17:00,21:00,EMP00250,Barista,Intermediate,4,Available,No,30,2,2,0,Balanced
SHF0001805,SD006,Starbucks - UTC Westfield,UTC,2024-07-08,Monday,17:00,21:00,EMP00244,Barista,Entry,4,Available,No,23,2,2,0,Balanced
SHF0001806,SD006,Starbucks - UTC Westfield,UTC,2024-07-08,Monday,11:00,15:00,EMP00145,Lead Barista,Intermediate,4,Available,No,55,2,1,-1,Understaffed
SHF0001807,SD006,Starbucks - UTC Westfield,UTC,2024-07-08,Monday,14:00,18:00,EMP00226,Lead Barista,Entry,4,Available,No,35,2,2,0,Balanced
SHF0001808,SD006,Starbucks - UTC Westfield,UTC,2024-07-08,Monday,15:00,19:00,EMP00478,Barista,Entry,4,Available,No,20,2,2,0,Balanced
SHF0001809,SD006,Starbucks - UTC Westfield,UTC,2024-07-15,Monday,15:00,19:00,EMP00207,Barista,Entry,4,Available,No,35,2,2,0,Balanced
SHF0001810,SD006,Starbucks - UTC Westfield,UTC,2024-07-15,Monday,15:00,19:00,EMP00045,Barista,Senior,4,Available,No,29,2,2,0,Balanced
SHF0001811,SD006,Starbucks - UTC Westfield,UTC,2024-07-15,Monday,09:00,13:00,EMP00187,Barista,Intermediate,4,Available,No,80,4,2,-2,Understaffed
SHF0001812,SD006,Starbucks - UTC Westfield,UTC,2024-07-15,Monday,07:00,11:00,EMP00483,Barista,Entry,4,Available,No,71,3,3,0,Balanced
SHF0001813,SD006,Starbucks - UTC Westfield,UTC,2024-07-15,Monday,13:00,17:00,EMP00063,Barista,Senior,4,Available,No,56,2,2,0,Balanced
SHF0001814,SD006,Starbucks - UTC Westfield,UTC,2024-07-15,Monday,11:00,15:00,EMP00349,Barista,Entry,4,Available,No,44,2,2,0,Balanced
SHF0001815,SD006,Starbucks - UTC Westfield,UTC,2024-07-15,Monday,15:00,19:00,EMP00339,Barista,Entry,4,Available,No,32,2,1,-1,Understaffed
SHF0001816,SD006,Starbucks - UTC Westfield,UTC,2024-07-15,Monday,09:00,13:00,EMP00361,Barista,Senior,4,Available,No,60,3,2,-1,Understaffed
SHF0001817,SD006,Starbucks - UTC Westfield,UTC,2024-07-22,Monday,10:00,14:00,EMP00029,Barista,Intermediate,4,Called Out,Yes,40,2,2,0,Balanced
SHF0001818,SD006,Starbucks - UTC Westfield,UTC,2024-07-22,Monday,15:00,19:00,EMP00471,Barista,Entry,4,Available,No,44,2,2,0,Balanced
SHF0001819,SD006,Starbucks - UTC Westfield,UTC,2024-07-22,Monday,10:00,14:00,EMP00221,Barista,Senior,4,Available,No,64,3,3,0,Balanced
SHF0001820,SD006,Starbucks - UTC Westfield,UTC,2024-07-22,Monday,11:00,15:00,EMP00086,Barista,Intermediate,4,Available,No,59,2,2,0,Balanced
SHF0001821,SD006,Starbucks - UTC Westfield,UTC,2024-07-22,Monday,06:00,10:00,EMP00222,Barista,Entry,4,Available,No,36,2,3,1,Overstaffed
SHF0001822,SD006,Starbucks - UTC Westfield,UTC,2024-07-22,Monday,18:00,22:00,EMP00284,Barista,Intermediate,4,Available,No,34,2,2,0,Balanced
SHF0001823,SD006,Starbucks - UTC Westfield,UTC,2024-07-22,Monday,15:00,19:00,EMP00278,Barista,Intermediate,4,Available,No,43,2,2,0,Balanced
SHF0001824,SD006,Starbucks - UTC Westfield,UTC,2024-07-22,Monday,05:00,09:00,EMP00007,Barista,Intermediate,4,Available,No,44,2,2,0,Balanced
SHF0001825,SD006,Starbucks - UTC Westfield,UTC,2024-07-22,Monday,17:00,21:00,EMP00353,Barista,Intermediate,4,Available,No,35,2,2,0,Balanced
SHF0001826,SD006,Starbucks - UTC Westfield,UTC,2024-07-22,Monday,18:00,22:00,EMP00458,Shift Supervisor,Entry,4,Available,No,26,2,2,0,Balanced
SHF0001827,SD006,Starbucks - UTC Westfield,UTC,2024-07-22,Monday,15:00,19:00,EMP00354,Barista,Senior,4,Available,No,42,2,2,0,Balanced
SHF0001828,SD007,Starbucks - Hillcrest,Hillcrest,2024-01-01,Monday,17:00,21:00,EMP00247,Barista,Intermediate,4,Available,No,36,2,2,0,Balanced
SHF0001829,SD007,Starbucks - Hillcrest,Hillcrest,2024-01-01,Monday,10:00,14:00,EMP00077,Shift Supervisor,Entry,4,Available,No,43,2,1,-1,Understaffed
SHF0001830,SD007,Starbucks - Hillcrest,Hillcrest,2024-01-01,Monday,15:00,19:00,EMP00047,Barista,Intermediate,4,Available,No,32,2,3,1,Overstaffed
SHF0001831,SD007,Starbucks - Hillcrest,Hillcrest,2024-01-01,Monday,13:00,17:00,EMP00061,Barista,Entry,4,Available,No,42,2,2,0,Balanced
SHF0001832,SD007,Starbucks - Hillcrest,Hillcrest,2024-01-01,Monday,14:00,18:00,EMP00213,Barista,Intermediate,4,Available,No,34,2,1,-1,Understaffed
SHF0001833,SD007,Starbucks - Hillcrest,Hillcrest,2024-01-01,Monday,13:00,17:00,EMP00201,Barista,Entry,4,Available,No,65,3,3,0,Balanced
SHF0001834,SD007,Starbucks - Hillcrest,Hillcrest,2024-01-01,Monday,07:00,11:00,EMP00362,Shift Supervisor,Entry,4,Available,No,64,3,2,-1,Understaffed
SHF0001835,SD007,Starbucks - Hillcrest,Hillcrest,2024-01-01,Monday,05:00,09:00,EMP00012,Barista,Senior,4,Available,No,36,2,2,0,Balanced
SHF0001836,SD007,Starbucks - Hillcrest,Hillcrest,2024-01-08,Monday,18:00,22:00,EMP00043,Barista,Intermediate,4,Available,No,21,2,3,1,Overstaffed
SHF0001837,SD007,Starbucks - Hillcrest,Hillcrest,2024-01-08,Monday,06:00,10:00,EMP00074,Barista,Intermediate,4,Available,No,45,2,2,0,Balanced
SHF0001838,SD007,Starbucks - Hillcrest,Hillcrest,2024-01-08,Monday,13:00,17:00,EMP00087,Barista,Entry,4,Available,No,40,2,2,0,Balanced
SHF0001839,SD007,Starbucks - Hillcrest,Hillcrest,2024-01-08,Monday,06:00,10:00,EMP00118,Barista,Senior,4,Available,No,39,2,2,0,Balanced
SHF0001840,SD007,Starbucks - Hillcrest,Hillcrest,2024-01-08,Monday,14:00,18:00,EMP00417,Barista,Senior,4,Available,No,22,2,2,0,Balanced
SHF0001841,SD007,Starbucks - Hillcrest,Hillcrest,2024-01-08,Monday,06:00,10:00,EMP00494,Barista,Entry,4,Available,No,33,2,2,0,Balanced
SHF0001842,SD007,Starbucks - Hillcrest,Hillcrest,2024-01-08,Monday,17:00,21:00,EMP00317,Barista,Intermediate,4,Available,No,39,2,2,0,Balanced
SHF0001843,SD007,Starbucks - Hillcrest,Hillcrest,2024-01-08,Monday,17:00,21:00,EMP00341,Barista,Intermediate,4,Available,No,39,2,4,2,Overstaffed
SHF0001844,SD007,Starbucks - Hillcrest,Hillcrest,2024-01-08,Monday,09:00,13:00,EMP00002,Lead Barista,Entry,4,Available,No,56,2,2,0,Balanced
SHF0001845,SD007,Starbucks - Hillcrest,Hillcrest,2024-01-08,Monday,15:00,19:00,EMP00065,Barista,Senior,4,Available,No,34,2,3,1,Overstaffed
SHF0001846,SD007,Starbucks - Hillcrest,Hillcrest,2024-01-08,Monday,11:00,15:00,EMP00418,Barista,Senior,4,Available,No,40,2,2,0,Balanced
SHF0001847,SD007,Starbucks - Hillcrest,Hillcrest,2024-01-08,Monday,17:00,21:00,EMP00352,Barista,Entry,4,Available,No,36,2,2,0,Balanced
SHF0001848,SD007,Starbucks - Hillcrest,Hillcrest,2024-01-15,Monday,15:00,19:00,EMP00025,Barista,Entry,4,Available,No,33,2,2,0,Balanced
SHF0001849,SD007,Starbucks - Hillcrest,Hillcrest,2024-01-15,Monday,17:00,21:00,EMP00030,Barista,Entry,4,Available,No,45,2,1,-1,Understaffed
SHF0001850,SD007,Starbucks - Hillcrest,Hillcrest,2024-01-15,Monday,07:00,11:00,EMP00307,Shift Supervisor,Intermediate,4,Available,No,90,4,4,0,Balanced
SHF0001851,SD007,Starbucks - Hillcrest,Hillcrest,2024-01-15,Monday,11:00,15:00,EMP00037,Barista,Entry,4,Available,No,38,2,1,-1,Understaffed
SHF0001852,SD007,Starbucks - Hillcrest,Hillcrest,2024-01-15,Monday,15:00,19:00,EMP00083,Barista,Intermediate,4,Available,No,38,2,1,-1,Understaffed
SHF0001853,SD007,Starbucks - Hillcrest,Hillcrest,2024-01-15,Monday,18:00,22:00,EMP00170,Barista,Intermediate,4,Available,No,43,2,2,0,Balanced
SHF0001854,SD007,Starbucks - Hillcrest,Hillcrest,2024-01-15,Monday,07:00,11:00,EMP00055,Barista,Entry,4,Available,No,58,2,2,0,Balanced
SHF0001855,SD007,Starbucks - Hillcrest,Hillcrest,2024-01-15,Monday,07:00,11:00,EMP00280,Barista,Entry,4,Available,No,58,2,2,0,Balanced
SHF0001856,SD007,Starbucks - Hillcrest,Hillcrest,2024-01-15,Monday,13:00,17:00,EMP00197,Barista,Entry,4,Available,No,64,3,5,2,Overstaffed
SHF0001857,SD007,Starbucks - Hillcrest,Hillcrest,2024-01-22,Monday,10:00,14:00,EMP00051,Barista,Entry,4,Available,No,41,2,2,0,Balanced
SHF0001858,SD007,Starbucks - Hillcrest,Hillcrest,2024-01-22,Monday,14:00,18:00,EMP00299,Barista,Intermediate,4,Available,No,34,2,2,0,Balanced
SHF0001859,SD007,Starbucks - Hillcrest,Hillcrest,2024-01-22,Monday,05:00,09:00,EMP00433,Barista,Entry,4,Available,No,37,2,2,0,Balanced
SHF0001860,SD007,Starbucks - Hillcrest,Hillcrest,2024-01-22,Monday,05:00,09:00,EMP00090,Barista,Intermediate,4,Available,No,27,2,1,-1,Understaffed
SHF0001861,SD007,Starbucks - Hillcrest,Hillcrest,2024-01-22,Monday,05:00,09:00,EMP00059,Barista,Intermediate,4,Available,No,30,2,2,0,Balanced
SHF0001862,SD007,Starbucks - Hillcrest,Hillcrest,2024-01-22,Monday,09:00,13:00,EMP00087,Barista,Senior,4,Available,No,89,4,4,0,Balanced
SHF0001863,SD007,Starbucks - Hillcrest,Hillcrest,2024-01-22,Monday,13:00,17:00,EMP00399,Barista,Intermediate,4,Available,No,39,2,2,0,Balanced
SHF0001864,SD007,Starbucks - Hillcrest,Hillcrest,2024-01-22,Monday,06:00,10:00,EMP00310,Barista,Entry,4,Available,No,20,2,2,0,Balanced
SHF0001865,SD007,Starbucks - Hillcrest,Hillcrest,2024-01-29,Monday,09:00,13:00,EMP00184,Barista,Entry,4,Available,No,75,3,1,-2,Understaffed
SHF0001866,SD007,Starbucks - Hillcrest,Hillcrest,2024-01-29,Monday,05:00,09:00,EMP00145,Barista,Senior,4,Available,No,34,2,2,0,Balanced
SHF0001867,SD007,Starbucks - Hillcrest,Hillcrest,2024-01-29,Monday,15:00,19:00,EMP00363,Barista,Senior,4,Available,No,29,2,2,0,Balanced
SHF0001868,SD007,Starbucks - Hillcrest,Hillcrest,2024-01-29,Monday,13:00,17:00,EMP00256,Barista,Intermediate,4,Available,No,58,2,2,0,Balanced
SHF0001869,SD007,Starbucks - Hillcrest,Hillcrest,2024-01-29,Monday,18:00,22:00,EMP00377,Barista,Senior,4,Available,No,28,2,2,0,Balanced
SHF0001870,SD007,Starbucks - Hillcrest,Hillcrest,2024-01-29,Monday,07:00,11:00,EMP00231,Barista,Intermediate,4,Available,No,87,4,4,0,Balanced
SHF0001871,SD007,Starbucks - Hillcrest,Hillcrest,2024-01-29,Monday,06:00,10:00,EMP00072,Barista,Entry,4,Available,No,40,2,1,-1,Understaffed
SHF0001872,SD007,Starbucks - Hillcrest,Hillcrest,2024-01-29,Monday,17:00,21:00,EMP00216,Barista,Entry,4,Available,No,21,2,2,0,Balanced
SHF0001873,SD007,Starbucks - Hillcrest,Hillcrest,2024-01-29,Monday,06:00,10:00,EMP00010,Barista,Entry,4,Available,No,39,2,2,0,Balanced
SHF0001874,SD007,Starbucks - Hillcrest,Hillcrest,2024-02-05,Monday,14:00,18:00,EMP00049,Barista,Senior,4,Available,No,33,2,2,0,Balanced
SHF0001875,SD007,Starbucks - Hillcrest,Hillcrest,2024-02-05,Monday,17:00,21:00,EMP00318,Barista,Entry,4,Available,No,44,2,2,0,Balanced
SHF0001876,SD007,Starbucks - Hillcrest,Hillcrest,2024-02-05,Monday,06:00,10:00,EMP00076,Shift Supervisor,Senior,4,Available,No,42,2,1,-1,Understaffed
SHF0001877,SD007,Starbucks - Hillcrest,Hillcrest,2024-02-05,Monday,15:00,19:00,EMP00439,Barista,Intermediate,4,Available,No,24,2,2,0,Balanced
SHF0001878,SD007,Starbucks - Hillcrest,Hillcrest,2024-02-05,Monday,13:00,17:00,EMP00381,Barista,Entry,4,Available,No,57,2,2,0,Balanced
SHF0001879,SD007,Starbucks - Hillcrest,Hillcrest,2024-02-05,Monday,07:00,11:00,EMP00459,Shift Supervisor,Entry,4,Available,No,62,3,3,0,Balanced
SHF0001880,SD007,Starbucks - Hillcrest,Hillcrest,2024-02-05,Monday,09:00,13:00,EMP00320,Barista,Intermediate,4,Available,No,73,3,3,0,Balanced
SHF0001881,SD007,Starbucks - Hillcrest,Hillcrest,2024-02-05,Monday,09:00,13:00,EMP00166,Barista,Intermediate,4,Available,No,65,3,3,0,Balanced
SHF0001882,SD007,Starbucks - Hillcrest,Hillcrest,2024-02-05,Monday,13:00,17:00,EMP00354,Barista,Senior,4,Available,No,61,3,3,0,Balanced
SHF0001883,SD007,Starbucks - Hillcrest,Hillcrest,2024-02-05,Monday,07:00,11:00,EMP00070,Shift Supervisor,Entry,4,Available,No,77,3,3,0,Balanced
SHF0001884,SD007,Starbucks - Hillcrest,Hillcrest,2024-02-05,Monday,14:00,18:00,EMP00059,Barista,Senior,4,Available,No,45,2,2,0,Balanced
SHF0001885,SD007,Starbucks - Hillcrest,Hillcrest,2024-02-12,Monday,13:00,17:00,EMP00408,Shift Supervisor,Intermediate,4,Available,No,65,3,3,0,Balanced
SHF0001886,SD007,Starbucks - Hillcrest,Hillcrest,2024-02-12,Monday,11:00,15:00,EMP00442,Lead Barista,Intermediate,4,Available,No,44,2,2,0,Balanced
SHF0001887,SD007,Starbucks - Hillcrest,Hillcrest,2024-02-12,Monday,15:00,19:00,EMP00372,Barista,Intermediate,4,Available,No,43,2,2,0,Balanced
SHF0001888,SD007,Starbucks - Hillcrest,Hillcrest,2024-02-12,Monday,18:00,22:00,EMP00091,Barista,Entry,4,Called Out,Yes,36,2,2,0,Balanced
SHF0001889,SD007,Starbucks - Hillcrest,Hillcrest,2024-02-12,Monday,17:00,21:00,EMP00290,Barista,Intermediate,4,Available,No,22,2,2,0,Balanced
SHF0001890,SD007,Starbucks - Hillcrest,Hillcrest,2024-02-12,Monday,14:00,18:00,EMP00108,Shift Supervisor,Senior,4,Available,No,31,2,2,0,Balanced
SHF0001891,SD007,Starbucks - Hillcrest,Hillcrest,2024-02-12,Monday,10:00,14:00,EMP00443,Shift Supervisor,Intermediate,4,Available,No,53,2,4,2,Overstaffed
SHF0001892,SD007,Starbucks - Hillcrest,Hillcrest,2024-02-12,Monday,18:00,22:00,EMP00170,Barista,Intermediate,4,Available,No,33,2,1,-1,Understaffed
SHF0001893,SD007,Starbucks - Hillcrest,Hillcrest,2024-02-19,Monday,10:00,14:00,EMP00205,Barista,Entry,4,Available,No,46,2,2,0,Balanced
SHF0001894,SD007,Starbucks - Hillcrest,Hillcrest,2024-02-19,Monday,13:00,17:00,EMP00189,Barista,Entry,4,Available,No,38,2,3,1,Overstaffed
SHF0001895,SD007,Starbucks - Hillcrest,Hillcrest,2024-02-19,Monday,09:00,13:00,EMP00192,Barista,Entry,4,Available,No,84,4,4,0,Balanced
SHF0001896,SD007,Starbucks - Hillcrest,Hillcrest,2024-02-19,Monday,15:00,19:00,EMP00010,Barista,Entry,4,Available,No,43,2,4,2,Overstaffed
SHF0001897,SD007,Starbucks - Hillcrest,Hillcrest,2024-02-19,Monday,06:00,10:00,EMP00345,Barista,Intermediate,4,Available,No,26,2,2,0,Balanced
SHF0001898,SD007,Starbucks - Hillcrest,Hillcrest,2024-02-19,Monday,13:00,17:00,EMP00091,Barista,Entry,4,Available,No,55,2,2,0,Balanced
SHF0001899,SD007,Starbucks - Hillcrest,Hillcrest,2024-02-19,Monday,11:00,15:00,EMP00058,Barista,Entry,4,Available,No,37,2,1,-1,Understaffed
SHF0001900,SD007,Starbucks - Hillcrest,Hillcrest,2024-02-19,Monday,05:00,09:00,EMP00225,Barista,Intermediate,4,Available,No,45,2,2,0,Balanced
SHF0001901,SD007,Starbucks - Hillcrest,Hillcrest,2024-02-26,Monday,13:00,17:00,EMP00412,Shift Supervisor,Entry,4,Available,No,64,3,3,0,Balanced
SHF0001902,SD007,Starbucks - Hillcrest,Hillcrest,2024-02-26,Monday,10:00,14:00,EMP00202,Barista,Intermediate,4,Available,No,43,2,2,0,Balanced
SHF0001903,SD007,Starbucks - Hillcrest,Hillcrest,2024-02-26,Monday,18:00,22:00,EMP00484,Barista,Intermediate,4,Available,No,22,2,4,2,Overstaffed
SHF0001904,SD007,Starbucks - Hillcrest,Hillcrest,2024-02-26,Monday,11:00,15:00,EMP00350,Barista,Entry,4,Available,No,39,2,1,-1,Understaffed
SHF0001905,SD007,Starbucks - Hillcrest,Hillcrest,2024-02-26,Monday,10:00,14:00,EMP00192,Barista,Entry,4,Available,No,55,2,1,-1,Understaffed
SHF0001906,SD007,Starbucks - Hillcrest,Hillcrest,2024-02-26,Monday,14:00,18:00,EMP00407,Shift Supervisor,Entry,4,Available,No,45,2,4,2,Overstaffed
SHF0001907,SD007,Starbucks - Hillcrest,Hillcrest,2024-02-26,Monday,13:00,17:00,EMP00425,Barista,Intermediate,4,Available,No,41,2,2,0,Balanced
SHF0001908,SD007,Starbucks - Hillcrest,Hillcrest,2024-02-26,Monday,11:00,15:00,EMP00263,Barista,Intermediate,4,Available,No,39,2,2,0,Balanced
SHF0001909,SD007,Starbucks - Hillcrest,Hillcrest,2024-03-04,Monday,13:00,17:00,EMP00151,Barista,Entry,4,Available,No,36,2,1,-1,Understaffed
SHF0001910,SD007,Starbucks - Hillcrest,Hillcrest,2024-03-04,Monday,07:00,11:00,EMP00330,Shift Supervisor,Intermediate,4,Available,No,84,4,4,0,Balanced
SHF0001911,SD007,Starbucks - Hillcrest,Hillcrest,2024-03-04,Monday,15:00,19:00,EMP00100,Barista,Intermediate,4,Available,No,32,2,2,0,Balanced
SHF0001912,SD007,Starbucks - Hillcrest,Hillcrest,2024-03-04,Monday,17:00,21:00,EMP00377,Barista,Entry,4,Available,No,24,2,1,-1,Understaffed
SHF0001913,SD007,Starbucks - Hillcrest,Hillcrest,2024-03-04,Monday,06:00,10:00,EMP00255,Barista,Entry,4,Available,No,30,2,1,-1,Understaffed
SHF0001914,SD007,Starbucks - Hillcrest,Hillcrest,2024-03-04,Monday,18:00,22:00,EMP00379,Lead Barista,Entry,4,Available,No,39,2,1,-1,Understaffed
SHF0001915,SD007,Starbucks - Hillcrest,Hillcrest,2024-03-04,Monday,13:00,17:00,EMP00115,Barista,Entry,4,Available,No,60,3,5,2,Overstaffed
SHF0001916,SD007,Starbucks - Hillcrest,Hillcrest,2024-03-04,Monday,14:00,18:00,EMP00013,Barista,Senior,4,Called Out,Yes,26,2,2,0,Balanced
SHF0001917,SD007,Starbucks - Hillcrest,Hillcrest,2024-03-11,Monday,14:00,18:00,EMP00232,Shift Supervisor,Entry,4,Available,No,41,2,2,0,Balanced
SHF0001918,SD007,Starbucks - Hillcrest,Hillcrest,2024-03-11,Monday,05:00,09:00,EMP00224,Shift Supervisor,Intermediate,4,Available,No,40,2,1,-1,Understaffed
SHF0001919,SD007,Starbucks - Hillcrest,Hillcrest,2024-03-11,Monday,14:00,18:00,EMP00366,Shift Supervisor,Senior,4,Available,No,42,2,3,1,Overstaffed
SHF0001920,SD007,Starbucks - Hillcrest,Hillcrest,2024-03-11,Monday,06:00,10:00,EMP00255,Barista,Entry,4,Available,No,36,2,2,0,Balanced
SHF0001921,SD007,Starbucks - Hillcrest,Hillcrest,2024-03-11,Monday,05:00,09:00,EMP00029,Barista,Entry,4,Available,No,43,2,1,-1,Understaffed
SHF0001922,SD007,Starbucks - Hillcrest,Hillcrest,2024-03-11,Monday,07:00,11:00,EMP00027,Barista,Intermediate,4,Available,No,59,2,1,-1,Understaffed
SHF0001923,SD007,Starbucks - Hillcrest,Hillcrest,2024-03-11,Monday,18:00,22:00,EMP00470,Barista,Entry,4,Available,No,30,2,2,0,Balanced
SHF0001924,SD007,Starbucks - Hillcrest,Hillcrest,2024-03-11,Monday,06:00,10:00,EMP00410,Barista,Senior,4,Available,No,44,2,2,0,Balanced
SHF0001925,SD007,Starbucks - Hillcrest,Hillcrest,2024-03-11,Monday,05:00,09:00,EMP00076,Barista,Intermediate,4,Available,No,40,2,2,0,Balanced
SHF0001926,SD007,Starbucks - Hillcrest,Hillcrest,2024-03-11,Monday,05:00,09:00,EMP00448,Shift Supervisor,Intermediate,4,Available,No,34,2,2,0,Balanced
SHF0001927,SD007,Starbucks - Hillcrest,Hillcrest,2024-03-11,Monday,15:00,19:00,EMP00405,Barista,Senior,4,Available,No,23,2,1,-1,Understaffed
SHF0001928,SD007,Starbucks - Hillcrest,Hillcrest,2024-03-18,Monday,13:00,17:00,EMP00245,Barista,Entry,4,Available,No,37,2,1,-1,Understaffed
SHF0001929,SD007,Starbucks - Hillcrest,Hillcrest,2024-03-18,Monday,15:00,19:00,EMP00406,Shift Supervisor,Senior,4,Available,No,25,2,1,-1,Understaffed
SHF0001930,SD007,Starbucks - Hillcrest,Hillcrest,2024-03-18,Monday,18:00,22:00,EMP00228,Barista,Entry,4,Available,No,37,2,2,0,Balanced
SHF0001931,SD007,Starbucks - Hillcrest,Hillcrest,2024-03-18,Monday,15:00,19:00,EMP00036,Barista,Senior,4,Available,No,35,2,2,0,Balanced
SHF0001932,SD007,Starbucks - Hillcrest,Hillcrest,2024-03-18,Monday,18:00,22:00,EMP00020,Barista,Intermediate,4,Available,No,28,2,2,0,Balanced
SHF0001933,SD007,Starbucks - Hillcrest,Hillcrest,2024-03-18,Monday,17:00,21:00,EMP00258,Barista,Entry,4,Available,No,41,2,2,0,Balanced
SHF0001934,SD007,Starbucks - Hillcrest,Hillcrest,2024-03-18,Monday,11:00,15:00,EMP00447,Barista,Intermediate,4,Available,No,44,2,2,0,Balanced
SHF0001935,SD007,Starbucks - Hillcrest,Hillcrest,2024-03-18,Monday,18:00,22:00,EMP00298,Barista,Entry,4,Available,No,23,2,2,0,Balanced
SHF0001936,SD007,Starbucks - Hillcrest,Hillcrest,2024-03-18,Monday,13:00,17:00,EMP00355,Barista,Intermediate,4,Available,No,47,2,2,0,Balanced
SHF0001937,SD007,Starbucks - Hillcrest,Hillcrest,2024-03-18,Monday,17:00,21:00,EMP00002,Shift Supervisor,Entry,4,Available,No,26,2,2,0,Balanced
SHF0001938,SD007,Starbucks - Hillcrest,Hillcrest,2024-03-18,Monday,11:00,15:00,EMP00493,Shift Supervisor,Entry,4,Available,No,48,2,2,0,Balanced
SHF0001939,SD007,Starbucks - Hillcrest,Hillcrest,2024-03-18,Monday,07:00,11:00,EMP00136,Shift Supervisor,Intermediate,4,Available,No,68,3,2,-1,Understaffed
SHF0001940,SD007,Starbucks - Hillcrest,Hillcrest,2024-03-25,Monday,09:00,13:00,EMP00222,Barista,Entry,4,Available,No,89,4,4,0,Balanced
SHF0001941,SD007,Starbucks - Hillcrest,Hillcrest,2024-03-25,Monday,06:00,10:00,EMP00411,Barista,Entry,4,Available,No,24,2,2,0,Balanced
SHF0001942,SD007,Starbucks - Hillcrest,Hillcrest,2024-03-25,Monday,11:00,15:00,EMP00430,Shift Supervisor,Intermediate,4,Available,No,37,2,2,0,Balanced
SHF0001943,SD007,Starbucks - Hillcrest,Hillcrest,2024-03-25,Monday,18:00,22:00,EMP00430,Shift Supervisor,Intermediate,4,Available,No,42,2,1,-1,Understaffed
SHF0001944,SD007,Starbucks - Hillcrest,Hillcrest,2024-03-25,Monday,06:00,10:00,EMP00491,Lead Barista,Entry,4,Available,No,29,2,3,1,Overstaffed
SHF0001945,SD007,Starbucks - Hillcrest,Hillcrest,2024-03-25,Monday,11:00,15:00,EMP00241,Barista,Entry,4,Available,No,56,2,2,0,Balanced
SHF0001946,SD007,Starbucks - Hillcrest,Hillcrest,2024-03-25,Monday,07:00,11:00,EMP00237,Lead Barista,Intermediate,4,Available,No,79,3,5,2,Overstaffed
SHF0001947,SD007,Starbucks - Hillcrest,Hillcrest,2024-03-25,Monday,10:00,14:00,EMP00316,Barista,Entry,4,Available,No,49,2,2,0,Balanced
SHF0001948,SD007,Starbucks - Hillcrest,Hillcrest,2024-04-01,Monday,15:00,19:00,EMP00058,Barista,Intermediate,4,Available,No,36,2,4,2,Overstaffed
SHF0001949,SD007,Starbucks - Hillcrest,Hillcrest,2024-04-01,Monday,07:00,11:00,EMP00036,Barista,Senior,4,Available,No,68,3,2,-1,Understaffed
SHF0001950,SD007,Starbucks - Hillcrest,Hillcrest,2024-04-01,Monday,10:00,14:00,EMP00338,Barista,Intermediate,4,Available,No,43,2,1,-1,Understaffed
SHF0001951,SD007,Starbucks - Hillcrest,Hillcrest,2024-04-01,Monday,14:00,18:00,EMP00009,Barista,Entry,4,Available,No,31,2,1,-1,Understaffed
SHF0001952,SD007,Starbucks - Hillcrest,Hillcrest,2024-04-01,Monday,11:00,15:00,EMP00428,Shift Supervisor,Intermediate,4,Available,No,61,3,3,0,Balanced
SHF0001953,SD007,Starbucks - Hillcrest,Hillcrest,2024-04-01,Monday,17:00,21:00,EMP00264,Shift Supervisor,Senior,4,Available,No,31,2,2,0,Balanced
SHF0001954,SD007,Starbucks - Hillcrest,Hillcrest,2024-04-01,Monday,09:00,13:00,EMP00397,Shift Supervisor,Intermediate,4,Available,No,82,4,4,0,Balanced
SHF0001955,SD007,Starbucks - Hillcrest,Hillcrest,2024-04-01,Monday,18:00,22:00,EMP00264,Shift Supervisor,Entry,4,Available,No,30,2,2,0,Balanced
SHF0001956,SD007,Starbucks - Hillcrest,Hillcrest,2024-04-01,Monday,05:00,09:00,EMP00330,Barista,Senior,4,Available,No,30,2,2,0,Balanced
SHF0001957,SD007,Starbucks - Hillcrest,Hillcrest,2024-04-08,Monday,18:00,22:00,EMP00047,Barista,Senior,4,Available,No,21,2,1,-1,Understaffed
SHF0001958,SD007,Starbucks - Hillcrest,Hillcrest,2024-04-08,Monday,10:00,14:00,EMP00334,Barista,Intermediate,4,Available,No,51,2,2,0,Balanced
SHF0001959,SD007,Starbucks - Hillcrest,Hillcrest,2024-04-08,Monday,06:00,10:00,EMP00083,Barista,Intermediate,4,Available,No,33,2,2,0,Balanced
SHF0001960,SD007,Starbucks - Hillcrest,Hillcrest,2024-04-08,Monday,17:00,21:00,EMP00231,Shift Supervisor,Entry,4,Available,No,42,2,2,0,Balanced
SHF0001961,SD007,Starbucks - Hillcrest,Hillcrest,2024-04-08,Monday,11:00,15:00,EMP00422,Barista,Entry,4,Available,No,53,2,2,0,Balanced
SHF0001962,SD007,Starbucks - Hillcrest,Hillcrest,2024-04-08,Monday,06:00,10:00,EMP00424,Barista,Entry,4,Available,No,29,2,2,0,Balanced
SHF0001963,SD007,Starbucks - Hillcrest,Hillcrest,2024-04-08,Monday,17:00,21:00,EMP00113,Shift Supervisor,Entry,4,Available,No,41,2,2,0,Balanced
SHF0001964,SD007,Starbucks - Hillcrest,Hillcrest,2024-04-08,Monday,18:00,22:00,EMP00220,Barista,Entry,4,Available,No,28,2,2,0,Balanced
SHF0001965,SD007,Starbucks - Hillcrest,Hillcrest,2024-04-08,Monday,07:00,11:00,EMP00293,Barista,Intermediate,4,Available,No,60,3,3,0,Balanced
SHF0001966,SD007,Starbucks - Hillcrest,Hillcrest,2024-04-15,Monday,15:00,19:00,EMP00210,Shift Supervisor,Entry,4,Available,No,35,2,4,2,Overstaffed
SHF0001967,SD007,Starbucks - Hillcrest,Hillcrest,2024-04-15,Monday,18:00,22:00,EMP00003,Barista,Senior,4,Available,No,23,2,2,0,Balanced
SHF0001968,SD007,Starbucks - Hillcrest,Hillcrest,2024-04-15,Monday,11:00,15:00,EMP00004,Barista,Intermediate,4,Available,No,36,2,2,0,Balanced
SHF0001969,SD007,Starbucks - Hillcrest,Hillcrest,2024-04-15,Monday,15:00,19:00,EMP00466,Barista,Entry,4,Available,No,42,2,2,0,Balanced
SHF0001970,SD007,Starbucks - Hillcrest,Hillcrest,2024-04-15,Monday,07:00,11:00,EMP00344,Barista,Intermediate,4,Available,No,56,2,1,-1,Understaffed
SHF0001971,SD007,Starbucks - Hillcrest,Hillcrest,2024-04-15,Monday,09:00,13:00,EMP00189,Barista,Intermediate,4,Available,No,88,4,2,-2,Understaffed
SHF0001972,SD007,Starbucks - Hillcrest,Hillcrest,2024-04-15,Monday,10:00,14:00,EMP00213,Barista,Intermediate,4,Available,No,48,2,1,-1,Understaffed
SHF0001973,SD007,Starbucks - Hillcrest,Hillcrest,2024-04-15,Monday,10:00,14:00,EMP00023,Barista,Intermediate,4,Available,No,60,3,3,0,Balanced
SHF0001974,SD007,Starbucks - Hillcrest,Hillcrest,2024-04-22,Monday,05:00,09:00,EMP00149,Barista,Intermediate,4,Available,No,29,2,2,0,Balanced
SHF0001975,SD007,Starbucks - Hillcrest,Hillcrest,2024-04-22,Monday,09:00,13:00,EMP00420,Barista,Intermediate,4,Available,No,55,2,2,0,Balanced
SHF0001976,SD007,Starbucks - Hillcrest,Hillcrest,2024-04-22,Monday,07:00,11:00,EMP00239,Barista,Entry,4,Available,No,75,3,3,0,Balanced
SHF0001977,SD007,Starbucks - Hillcrest,Hillcrest,2024-04-22,Monday,17:00,21:00,EMP00420,Barista,Intermediate,4,Available,No,34,2,2,0,Balanced
SHF0001978,SD007,Starbucks - Hillcrest,Hillcrest,2024-04-22,Monday,11:00,15:00,EMP00462,Barista,Entry,4,Available,No,42,2,1,-1,Understaffed
SHF0001979,SD007,Starbucks - Hillcrest,Hillcrest,2024-04-22,Monday,09:00,13:00,EMP00194,Barista,Intermediate,4,Available,No,72,3,3,0,Balanced
SHF0001980,SD007,Starbucks - Hillcrest,Hillcrest,2024-04-22,Monday,09:00,13:00,EMP00259,Barista,Intermediate,4,Available,No,60,3,3,0,Balanced
SHF0001981,SD007,Starbucks - Hillcrest,Hillcrest,2024-04-22,Monday,17:00,21:00,EMP00132,Shift Supervisor,Entry,4,Available,No,26,2,1,-1,Understaffed
SHF0001982,SD007,Starbucks - Hillcrest,Hillcrest,2024-04-22,Monday,09:00,13:00,EMP00346,Barista,Intermediate,4,Available,No,74,3,3,0,Balanced
SHF0001983,SD007,Starbucks - Hillcrest,Hillcrest,2024-04-22,Monday,06:00,10:00,EMP00496,Barista,Entry,4,Available,No,27,2,2,0,Balanced
SHF0001984,SD007,Starbucks - Hillcrest,Hillcrest,2024-04-22,Monday,18:00,22:00,EMP00274,Barista,Intermediate,4,Available,No,34,2,1,-1,Understaffed
SHF0001985,SD007,Starbucks - Hillcrest,Hillcrest,2024-04-22,Monday,06:00,10:00,EMP00012,Barista,Intermediate,4,Available,No,24,2,2,0,Balanced
SHF0001986,SD007,Starbucks - Hillcrest,Hillcrest,2024-04-29,Monday,10:00,14:00,EMP00174,Barista,Intermediate,4,Available,No,35,2,2,0,Balanced
SHF0001987,SD007,Starbucks - Hillcrest,Hillcrest,2024-04-29,Monday,11:00,15:00,EMP00197,Barista,Intermediate,4,Available,No,38,2,2,0,Balanced
SHF0001988,SD007,Starbucks - Hillcrest,Hillcrest,2024-04-29,Monday,06:00,10:00,EMP00494,Barista,Entry,4,Available,No,30,2,2,0,Balanced
SHF0001989,SD007,Starbucks - Hillcrest,Hillcrest,2024-04-29,Monday,15:00,19:00,EMP00358,Shift Supervisor,Senior,4,Available,No,35,2,2,0,Balanced
SHF0001990,SD007,Starbucks - Hillcrest,Hillcrest,2024-04-29,Monday,17:00,21:00,EMP00414,Barista,Senior,4,Available,No,36,2,2,0,Balanced
SHF0001991,SD007,Starbucks - Hillcrest,Hillcrest,2024-04-29,Monday,11:00,15:00,EMP00010,Barista,Intermediate,4,Available,No,41,2,1,-1,Understaffed
SHF0001992,SD007,Starbucks - Hillcrest,Hillcrest,2024-04-29,Monday,17:00,21:00,EMP00040,Barista,Entry,4,Available,No,24,2,2,0,Balanced
SHF0001993,SD007,Starbucks - Hillcrest,Hillcrest,2024-04-29,Monday,18:00,22:00,EMP00383,Lead Barista,Entry,4,Available,No,42,2,1,-1,Understaffed
SHF0001994,SD007,Starbucks - Hillcrest,Hillcrest,2024-04-29,Monday,10:00,14:00,EMP00460,Barista,Intermediate,4,Available,No,56,2,4,2,Overstaffed
SHF0001995,SD007,Starbucks - Hillcrest,Hillcrest,2024-04-29,Monday,10:00,14:00,EMP00451,Barista,Intermediate,4,Available,No,41,2,1,-1,Understaffed
SHF0001996,SD007,Starbucks - Hillcrest,Hillcrest,2024-04-29,Monday,18:00,22:00,EMP00303,Barista,Senior,4,Available,No,45,2,3,1,Overstaffed
SHF0001997,SD007,Starbucks - Hillcrest,Hillcrest,2024-04-29,Monday,10:00,14:00,EMP00245,Barista,Intermediate,4,Available,No,53,2,1,-1,Understaffed
SHF0001998,SD007,Starbucks - Hillcrest,Hillcrest,2024-05-06,Monday,13:00,17:00,EMP00452,Barista,Senior,4,Called Out,Yes,48,2,2,0,Balanced
SHF0001999,SD007,Starbucks - Hillcrest,Hillcrest,2024-05-06,Monday,14:00,18:00,EMP00384,Barista,Entry,4,Available,No,31,2,2,0,Balanced
SHF0002000,SD007,Starbucks - Hillcrest,Hillcrest,2024-05-06,Monday,09:00,13:00,EMP00194,Barista,Intermediate,4,Available,No,84,4,4,0,Balanced
SHF0002001,SD007,Starbucks - Hillcrest,Hillcrest,2024-05-06,Monday,13:00,17:00,EMP00214,Barista,Entry,4,Called Out,Yes,58,2,2,0,Balanced
SHF0002002,SD007,Starbucks - Hillcrest,Hillcrest,2024-05-06,Monday,17:00,21:00,EMP00379,Shift Supervisor,Entry,4,Available,No,23,2,4,2,Overstaffed
SHF0002003,SD007,Starbucks - Hillcrest,Hillcrest,2024-05-06,Monday,15:00,19:00,EMP00419,Barista,Senior,4,Available,No,42,2,1,-1,Understaffed
SHF0002004,SD007,Starbucks - Hillcrest,Hillcrest,2024-05-06,Monday,07:00,11:00,EMP00021,Barista,Intermediate,4,Available,No,61,3,3,0,Balanced
SHF0002005,SD007,Starbucks - Hillcrest,Hillcrest,2024-05-06,Monday,09:00,13:00,EMP00122,Barista,Senior,4,Available,No,59,2,2,0,Balanced
SHF0002006,SD007,Starbucks - Hillcrest,Hillcrest,2024-05-06,Monday,07:00,11:00,EMP00236,Barista,Intermediate,4,Available,No,69,3,3,0,Balanced
SHF0002007,SD007,Starbucks - Hillcrest,Hillcrest,2024-05-13,Monday,17:00,21:00,EMP00465,Barista,Intermediate,4,Available,No,31,2,2,0,Balanced
SHF0002008,SD007,Starbucks - Hillcrest,Hillcrest,2024-05-13,Monday,15:00,19:00,EMP00396,Barista,Intermediate,4,Available,No,44,2,1,-1,Understaffed
SHF0002009,SD007,Starbucks - Hillcrest,Hillcrest,2024-05-13,Monday,18:00,22:00,EMP00460,Barista,Intermediate,4,Available,No,38,2,2,0,Balanced
SHF0002010,SD007,Starbucks - Hillcrest,Hillcrest,2024-05-13,Monday,05:00,09:00,EMP00197,Barista,Intermediate,4,Available,No,34,2,2,0,Balanced
SHF0002011,SD007,Starbucks - Hillcrest,Hillcrest,2024-05-13,Monday,05:00,09:00,EMP00136,Barista,Intermediate,4,Available,No,28,2,4,2,Overstaffed
SHF0002012,SD007,Starbucks - Hillcrest,Hillcrest,2024-05-13,Monday,13:00,17:00,EMP00136,Barista,Intermediate,4,Available,No,64,3,3,0,Balanced
SHF0002013,SD007,Starbucks - Hillcrest,Hillcrest,2024-05-13,Monday,15:00,19:00,EMP00038,Barista,Entry,4,Available,No,23,2,2,0,Balanced
SHF0002014,SD007,Starbucks - Hillcrest,Hillcrest,2024-05-13,Monday,18:00,22:00,EMP00418,Shift Supervisor,Entry,4,Available,No,44,2,3,1,Overstaffed
SHF0002015,SD007,Starbucks - Hillcrest,Hillcrest,2024-05-20,Monday,11:00,15:00,EMP00246,Barista,Entry,4,Available,No,55,2,1,-1,Understaffed
SHF0002016,SD007,Starbucks - Hillcrest,Hillcrest,2024-05-20,Monday,09:00,13:00,EMP00261,Lead Barista,Senior,4,Available,No,82,4,4,0,Balanced
SHF0002017,SD007,Starbucks - Hillcrest,Hillcrest,2024-05-20,Monday,06:00,10:00,EMP00467,Barista,Senior,4,Available,No,35,2,2,0,Balanced
SHF0002018,SD007,Starbucks - Hillcrest,Hillcrest,2024-05-20,Monday,15:00,19:00,EMP00047,Barista,Intermediate,4,Available,No,21,2,2,0,Balanced
SHF0002019,SD007,Starbucks - Hillcrest,Hillcrest,2024-05-20,Monday,18:00,22:00,EMP00121,Barista,Entry,4,Available,No,29,2,2,0,Balanced
SHF0002020,SD007,Starbucks - Hillcrest,Hillcrest,2024-05-20,Monday,05:00,09:00,EMP00086,Barista,Entry,4,Available,No,43,2,2,0,Balanced
SHF0002021,SD007,Starbucks - Hillcrest,Hillcrest,2024-05-20,Monday,09:00,13:00,EMP00019,Barista,Entry,4,Available,No,56,2,2,0,Balanced
SHF0002022,SD007,Starbucks - Hillcrest,Hillcrest,2024-05-20,Monday,06:00,10:00,EMP00307,Shift Supervisor,Entry,4,Available,No,27,2,1,-1,Understaffed
SHF0002023,SD007,Starbucks - Hillcrest,Hillcrest,2024-05-27,Monday,05:00,09:00,EMP00407,Barista,Intermediate,4,Available,No,32,2,2,0,Balanced
SHF0002024,SD007,Starbucks - Hillcrest,Hillcrest,2024-05-27,Monday,13:00,17:00,EMP00264,Barista,Entry,4,Available,No,51,2,2,0,Balanced
SHF0002025,SD007,Starbucks - Hillcrest,Hillcrest,2024-05-27,Monday,17:00,21:00,EMP00341,Shift Supervisor,Intermediate,4,Available,No,30,2,4,2,Overstaffed
SHF0002026,SD007,Starbucks - Hillcrest,Hillcrest,2024-05-27,Monday,14:00,18:00,EMP00138,Barista,Intermediate,4,Available,No,27,2,2,0,Balanced
SHF0002027,SD007,Starbucks - Hillcrest,Hillcrest,2024-05-27,Monday,18:00,22:00,EMP00055,Barista,Entry,4,Available,No,33,2,1,-1,Understaffed
SHF0002028,SD007,Starbucks - Hillcrest,Hillcrest,2024-05-27,Monday,17:00,21:00,EMP00310,Shift Supervisor,Intermediate,4,Available,No,36,2,2,0,Balanced
SHF0002029,SD007,Starbucks - Hillcrest,Hillcrest,2024-05-27,Monday,14:00,18:00,EMP00247,Barista,Senior,4,Available,No,37,2,2,0,Balanced
SHF0002030,SD007,Starbucks - Hillcrest,Hillcrest,2024-05-27,Monday,06:00,10:00,EMP00214,Barista,Entry,4,Available,No,28,2,2,0,Balanced
SHF0002031,SD007,Starbucks - Hillcrest,Hillcrest,2024-06-03,Monday,09:00,13:00,EMP00114,Barista,Entry,4,Available,No,59,2,1,-1,Understaffed
SHF0002032,SD007,Starbucks - Hillcrest,Hillcrest,2024-06-03,Monday,09:00,13:00,EMP00062,Barista,Intermediate,4,Available,No,56,2,2,0,Balanced
SHF0002033,SD007,Starbucks - Hillcrest,Hillcrest,2024-06-03,Monday,15:00,19:00,EMP00421,Barista,Intermediate,4,Available,No,40,2,1,-1,Understaffed
SHF0002034,SD007,Starbucks - Hillcrest,Hillcrest,2024-06-03,Monday,15:00,19:00,EMP00007,Barista,Intermediate,4,Available,No,20,2,2,0,Balanced
SHF0002035,SD007,Starbucks - Hillcrest,Hillcrest,2024-06-03,Monday,15:00,19:00,EMP00456,Barista,Entry,4,Available,No,44,2,2,0,Balanced
SHF0002036,SD007,Starbucks - Hillcrest,Hillcrest,2024-06-03,Monday,18:00,22:00,EMP00386,Barista,Intermediate,4,Available,No,39,2,2,0,Balanced
SHF0002037,SD007,Starbucks - Hillcrest,Hillcrest,2024-06-03,Monday,07:00,11:00,EMP00262,Barista,Intermediate,4,Available,No,81,4,4,0,Balanced
SHF0002038,SD007,Starbucks - Hillcrest,Hillcrest,2024-06-03,Monday,09:00,13:00,EMP00009,Barista,Entry,4,Available,No,86,4,4,0,Balanced
SHF0002039,SD007,Starbucks - Hillcrest,Hillcrest,2024-06-03,Monday,05:00,09:00,EMP00283,Barista,Entry,4,Available,No,45,2,2,0,Balanced
SHF0002040,SD007,Starbucks - Hillcrest,Hillcrest,2024-06-03,Monday,14:00,18:00,EMP00482,Barista,Entry,4,Available,No,39,2,2,0,Balanced
SHF0002041,SD007,Starbucks - Hillcrest,Hillcrest,2024-06-10,Monday,15:00,19:00,EMP00216,Barista,Entry,4,Available,No,22,2,2,0,Balanced
SHF0002042,SD007,Starbucks - Hillcrest,Hillcrest,2024-06-10,Monday,10:00,14:00,EMP00266,Shift Supervisor,Entry,4,Available,No,50,2,2,0,Balanced
SHF0002043,SD007,Starbucks - Hillcrest,Hillcrest,2024-06-10,Monday,14:00,18:00,EMP00193,Shift Supervisor,Intermediate,4,Available,No,37,2,2,0,Balanced
SHF0002044,SD007,Starbucks - Hillcrest,Hillcrest,2024-06-10,Monday,07:00,11:00,EMP00392,Barista,Intermediate,4,Available,No,66,3,3,0,Balanced
SHF0002045,SD007,Starbucks - Hillcrest,Hillcrest,2024-06-10,Monday,13:00,17:00,EMP00296,Barista,Intermediate,4,Available,No,46,2,1,-1,Understaffed
SHF0002046,SD007,Starbucks - Hillcrest,Hillcrest,2024-06-10,Monday,10:00,14:00,EMP00150,Shift Supervisor,Senior,4,Available,No,38,2,4,2,Overstaffed
SHF0002047,SD007,Starbucks - Hillcrest,Hillcrest,2024-06-10,Monday,11:00,15:00,EMP00252,Shift Supervisor,Entry,4,Available,No,60,3,3,0,Balanced
SHF0002048,SD007,Starbucks - Hillcrest,Hillcrest,2024-06-10,Monday,10:00,14:00,EMP00357,Barista,Intermediate,4,Available,No,59,2,2,0,Balanced
SHF0002049,SD007,Starbucks - Hillcrest,Hillcrest,2024-06-10,Monday,05:00,09:00,EMP00426,Barista,Entry,4,Available,No,32,2,1,-1,Understaffed
SHF0002050,SD007,Starbucks - Hillcrest,Hillcrest,2024-06-10,Monday,15:00,19:00,EMP00296,Shift Supervisor,Entry,4,Called Out,Yes,36,2,1,-1,Understaffed
SHF0002051,SD007,Starbucks - Hillcrest,Hillcrest,2024-06-10,Monday,13:00,17:00,EMP00299,Barista,Intermediate,4,Available,No,43,2,2,0,Balanced
SHF0002052,SD007,Starbucks - Hillcrest,Hillcrest,2024-06-10,Monday,14:00,18:00,EMP00328,Barista,Senior,4,Available,No,35,2,2,0,Balanced
SHF0002053,SD007,Starbucks - Hillcrest,Hillcrest,2024-06-17,Monday,09:00,13:00,EMP00252,Shift Supervisor,Intermediate,4,Available,No,84,4,3,-1,Understaffed
SHF0002054,SD007,Starbucks - Hillcrest,Hillcrest,2024-06-17,Monday,18:00,22:00,EMP00152,Barista,Intermediate,4,Available,No,23,2,2,0,Balanced
SHF0002055,SD007,Starbucks - Hillcrest,Hillcrest,2024-06-17,Monday,13:00,17:00,EMP00389,Barista,Entry,4,Available,No,55,2,2,0,Balanced
SHF0002056,SD007,Starbucks - Hillcrest,Hillcrest,2024-06-17,Monday,07:00,11:00,EMP00391,Barista,Entry,4,Available,No,76,3,3,0,Balanced
SHF0002057,SD007,Starbucks - Hillcrest,Hillcrest,2024-06-17,Monday,10:00,14:00,EMP00058,Barista,Entry,4,Available,No,60,3,3,0,Balanced
SHF0002058,SD007,Starbucks - Hillcrest,Hillcrest,2024-06-17,Monday,17:00,21:00,EMP00390,Barista,Intermediate,4,Available,No,24,2,2,0,Balanced
SHF0002059,SD007,Starbucks - Hillcrest,Hillcrest,2024-06-17,Monday,14:00,18:00,EMP00136,Barista,Entry,4,Available,No,38,2,2,0,Balanced
SHF0002060,SD007,Starbucks - Hillcrest,Hillcrest,2024-06-17,Monday,10:00,14:00,EMP00404,Barista,Senior,4,Available,No,51,2,1,-1,Understaffed
SHF0002061,SD007,Starbucks - Hillcrest,Hillcrest,2024-06-17,Monday,10:00,14:00,EMP00424,Barista,Intermediate,4,Available,No,63,3,4,1,Overstaffed
SHF0002062,SD007,Starbucks - Hillcrest,Hillcrest,2024-06-24,Monday,17:00,21:00,EMP00317,Barista,Entry,4,Available,No,45,2,2,0,Balanced
SHF0002063,SD007,Starbucks - Hillcrest,Hillcrest,2024-06-24,Monday,17:00,21:00,EMP00154,Barista,Intermediate,4,Available,No,45,2,2,0,Balanced
SHF0002064,SD007,Starbucks - Hillcrest,Hillcrest,2024-06-24,Monday,17:00,21:00,EMP00042,Barista,Intermediate,4,Available,No,28,2,1,-1,Understaffed
SHF0002065,SD007,Starbucks - Hillcrest,Hillcrest,2024-06-24,Monday,17:00,21:00,EMP00074,Barista,Intermediate,4,Available,No,24,2,2,0,Balanced
SHF0002066,SD007,Starbucks - Hillcrest,Hillcrest,2024-06-24,Monday,13:00,17:00,EMP00351,Barista,Entry,4,Available,No,50,2,2,0,Balanced
SHF0002067,SD007,Starbucks - Hillcrest,Hillcrest,2024-06-24,Monday,09:00,13:00,EMP00145,Shift Supervisor,Intermediate,4,Available,No,74,3,2,-1,Understaffed
SHF0002068,SD007,Starbucks - Hillcrest,Hillcrest,2024-06-24,Monday,13:00,17:00,EMP00278,Shift Supervisor,Entry,4,Available,No,50,2,2,0,Balanced
SHF0002069,SD007,Starbucks - Hillcrest,Hillcrest,2024-06-24,Monday,05:00,09:00,EMP00473,Barista,Entry,4,Available,No,25,2,2,0,Balanced
SHF0002070,SD007,Starbucks - Hillcrest,Hillcrest,2024-06-24,Monday,18:00,22:00,EMP00393,Barista,Entry,4,Available,No,22,2,2,0,Balanced
SHF0002071,SD007,Starbucks - Hillcrest,Hillcrest,2024-06-24,Monday,15:00,19:00,EMP00396,Barista,Senior,4,Available,No,37,2,2,0,Balanced
SHF0002072,SD007,Starbucks - Hillcrest,Hillcrest,2024-07-01,Monday,10:00,14:00,EMP00148,Lead Barista,Entry,4,Available,No,36,2,2,0,Balanced
SHF0002073,SD007,Starbucks - Hillcrest,Hillcrest,2024-07-01,Monday,11:00,15:00,EMP00091,Barista,Entry,4,Available,No,54,2,1,-1,Understaffed
SHF0002074,SD007,Starbucks - Hillcrest,Hillcrest,2024-07-01,Monday,07:00,11:00,EMP00057,Barista,Entry,4,Available,No,81,4,4,0,Balanced
SHF0002075,SD007,Starbucks - Hillcrest,Hillcrest,2024-07-01,Monday,14:00,18:00,EMP00130,Barista,Intermediate,4,Available,No,35,2,2,0,Balanced
SHF0002076,SD007,Starbucks - Hillcrest,Hillcrest,2024-07-01,Monday,09:00,13:00,EMP00453,Barista,Intermediate,4,Available,No,62,3,1,-2,Understaffed
SHF0002077,SD007,Starbucks - Hillcrest,Hillcrest,2024-07-01,Monday,18:00,22:00,EMP00499,Barista,Senior,4,Available,No,32,2,4,2,Overstaffed
SHF0002078,SD007,Starbucks - Hillcrest,Hillcrest,2024-07-01,Monday,10:00,14:00,EMP00079,Barista,Senior,4,Available,No,62,3,3,0,Balanced
SHF0002079,SD007,Starbucks - Hillcrest,Hillcrest,2024-07-01,Monday,09:00,13:00,EMP00410,Barista,Intermediate,4,Available,No,68,3,3,0,Balanced
SHF0002080,SD007,Starbucks - Hillcrest,Hillcrest,2024-07-01,Monday,06:00,10:00,EMP00138,Barista,Intermediate,4,Available,No,33,2,2,0,Balanced
SHF0002081,SD007,Starbucks - Hillcrest,Hillcrest,2024-07-01,Monday,05:00,09:00,EMP00113,Barista,Senior,4,Available,No,39,2,1,-1,Understaffed
SHF0002082,SD007,Starbucks - Hillcrest,Hillcrest,2024-07-01,Monday,15:00,19:00,EMP00032,Barista,Intermediate,4,Available,No,39,2,1,-1,Understaffed
SHF0002083,SD007,Starbucks - Hillcrest,Hillcrest,2024-07-08,Monday,15:00,19:00,EMP00294,Barista,Intermediate,4,Available,No,38,2,2,0,Balanced
SHF0002084,SD007,Starbucks - Hillcrest,Hillcrest,2024-07-08,Monday,15:00,19:00,EMP00443,Barista,Entry,4,Available,No,35,2,1,-1,Understaffed
SHF0002085,SD007,Starbucks - Hillcrest,Hillcrest,2024-07-08,Monday,09:00,13:00,EMP00373,Barista,Entry,4,Available,No,70,3,3,0,Balanced
SHF0002086,SD007,Starbucks - Hillcrest,Hillcrest,2024-07-08,Monday,09:00,13:00,EMP00250,Barista,Senior,4,Available,No,85,4,4,0,Balanced
SHF0002087,SD007,Starbucks - Hillcrest,Hillcrest,2024-07-08,Monday,18:00,22:00,EMP00471,Barista,Senior,4,Available,No,23,2,2,0,Balanced
SHF0002088,SD007,Starbucks - Hillcrest,Hillcrest,2024-07-08,Monday,18:00,22:00,EMP00186,Barista,Entry,4,Available,No,43,2,1,-1,Understaffed
SHF0002089,SD007,Starbucks - Hillcrest,Hillcrest,2024-07-08,Monday,10:00,14:00,EMP00391,Barista,Intermediate,4,Available,No,50,2,2,0,Balanced
SHF0002090,SD007,Starbucks - Hillcrest,Hillcrest,2024-07-08,Monday,10:00,14:00,EMP00430,Barista,Intermediate,4,Available,No,42,2,4,2,Overstaffed
SHF0002091,SD007,Starbucks - Hillcrest,Hillcrest,2024-07-08,Monday,10:00,14:00,EMP00152,Barista,Intermediate,4,Available,No,48,2,4,2,Overstaffed
SHF0002092,SD007,Starbucks - Hillcrest,Hillcrest,2024-07-08,Monday,10:00,14:00,EMP00385,Barista,Intermediate,4,Available,No,49,2,1,-1,Understaffed
SHF0002093,SD007,Starbucks - Hillcrest,Hillcrest,2024-07-15,Monday,05:00,09:00,EMP00183,Barista,Intermediate,4,Available,No,36,2,2,0,Balanced
SHF0002094,SD007,Starbucks - Hillcrest,Hillcrest,2024-07-15,Monday,13:00,17:00,EMP00167,Barista,Intermediate,4,Available,No,63,3,4,1,Overstaffed
SHF0002095,SD007,Starbucks - Hillcrest,Hillcrest,2024-07-15,Monday,18:00,22:00,EMP00209,Barista,Senior,4,Available,No,27,2,1,-1,Understaffed
SHF0002096,SD007,Starbucks - Hillcrest,Hillcrest,2024-07-15,Monday,18:00,22:00,EMP00298,Shift Supervisor,Entry,4,Available,No,45,2,1,-1,Understaffed
SHF0002097,SD007,Starbucks - Hillcrest,Hillcrest,2024-07-15,Monday,13:00,17:00,EMP00084,Shift Supervisor,Entry,4,Available,No,40,2,2,0,Balanced
SHF0002098,SD007,Starbucks - Hillcrest,Hillcrest,2024-07-15,Monday,05:00,09:00,EMP00457,Barista,Intermediate,4,Available,No,24,2,4,2,Overstaffed
SHF0002099,SD007,Starbucks - Hillcrest,Hillcrest,2024-07-15,Monday,05:00,09:00,EMP00383,Barista,Intermediate,4,Available,No,22,2,1,-1,Understaffed
SHF0002100,SD007,Starbucks - Hillcrest,Hillcrest,2024-07-15,Monday,10:00,14:00,EMP00375,Barista,Intermediate,4,Available,No,47,2,2,0,Balanced
SHF0002101,SD007,Starbucks - Hillcrest,Hillcrest,2024-07-22,Monday,11:00,15:00,EMP00337,Barista,Intermediate,4,Available,No,56,2,2,0,Balanced
SHF0002102,SD007,Starbucks - Hillcrest,Hillcrest,2024-07-22,Monday,13:00,17:00,EMP00009,Barista,Intermediate,4,Available,No,56,2,2,0,Balanced
SHF0002103,SD007,Starbucks - Hillcrest,Hillcrest,2024-07-22,Monday,13:00,17:00,EMP00389,Barista,Intermediate,4,Available,No,58,2,2,0,Balanced
SHF0002104,SD007,Starbucks - Hillcrest,Hillcrest,2024-07-22,Monday,15:00,19:00,EMP00384,Shift Supervisor,Intermediate,4,Available,No,21,2,4,2,Overstaffed
SHF0002105,SD007,Starbucks - Hillcrest,Hillcrest,2024-07-22,Monday,13:00,17:00,EMP00041,Shift Supervisor,Entry,4,Available,No,43,2,1,-1,Understaffed
SHF0002106,SD007,Starbucks - Hillcrest,Hillcrest,2024-07-22,Monday,10:00,14:00,EMP00151,Barista,Entry,4,Available,No,65,3,3,0,Balanced
SHF0002107,SD007,Starbucks - Hillcrest,Hillcrest,2024-07-22,Monday,13:00,17:00,EMP00493,Shift Supervisor,Entry,4,Available,No,56,2,3,1,Overstaffed
SHF0002108,SD007,Starbucks - Hillcrest,Hillcrest,2024-07-22,Monday,11:00,15:00,EMP00193,Barista,Intermediate,4,Available,No,65,3,5,2,Overstaffed
SHF0002109,SD007,Starbucks - Hillcrest,Hillcrest,2024-07-22,Monday,05:00,09:00,EMP00406,Barista,Entry,4,Available,No,41,2,4,2,Overstaffed
SHF0002110,SD007,Starbucks - Hillcrest,Hillcrest,2024-07-22,Monday,17:00,21:00,EMP00095,Barista,Intermediate,4,Available,No,20,2,1,-1,Understaffed
SHF0002111,SD007,Starbucks - Hillcrest,Hillcrest,2024-07-22,Monday,13:00,17:00,EMP00281,Barista,Intermediate,4,Available,No,57,2,1,-1,Understaffed
SHF0002112,SD008,Starbucks - San Diego Airport,Airport,2024-01-01,Monday,06:00,10:00,EMP00257,Barista,Entry,4,Available,No,33,2,2,0,Balanced
SHF0002113,SD008,Starbucks - San Diego Airport,Airport,2024-01-01,Monday,15:00,19:00,EMP00147,Barista,Senior,4,Called Out,Yes,35,2,2,0,Balanced
SHF0002114,SD008,Starbucks - San Diego Airport,Airport,2024-01-01,Monday,07:00,11:00,EMP00333,Barista,Intermediate,4,Available,No,71,3,3,0,Balanced
SHF0002115,SD008,Starbucks - San Diego Airport,Airport,2024-01-01,Monday,11:00,15:00,EMP00147,Barista,Entry,4,Available,No,50,2,3,1,Overstaffed
SHF0002116,SD008,Starbucks - San Diego Airport,Airport,2024-01-01,Monday,10:00,14:00,EMP00435,Barista,Intermediate,4,Available,No,60,3,3,0,Balanced
SHF0002117,SD008,Starbucks - San Diego Airport,Airport,2024-01-01,Monday,14:00,18:00,EMP00339,Barista,Senior,4,Available,No,38,2,1,-1,Understaffed
SHF0002118,SD008,Starbucks - San Diego Airport,Airport,2024-01-01,Monday,06:00,10:00,EMP00493,Shift Supervisor,Entry,4,Available,No,44,2,2,0,Balanced
SHF0002119,SD008,Starbucks - San Diego Airport,Airport,2024-01-01,Monday,10:00,14:00,EMP00390,Barista,Entry,4,Called Out,Yes,41,2,2,0,Balanced
SHF0002120,SD008,Starbucks - San Diego Airport,Airport,2024-01-01,Monday,10:00,14:00,EMP00476,Barista,Senior,4,Called Out,Yes,53,2,2,0,Balanced
SHF0002121,SD008,Starbucks - San Diego Airport,Airport,2024-01-01,Monday,07:00,11:00,EMP00160,Shift Supervisor,Intermediate,4,Available,No,77,3,4,1,Overstaffed
SHF0002122,SD008,Starbucks - San Diego Airport,Airport,2024-01-01,Monday,13:00,17:00,EMP00332,Barista,Entry,4,Available,No,50,2,1,-1,Understaffed
SHF0002123,SD008,Starbucks - San Diego Airport,Airport,2024-01-08,Monday,18:00,22:00,EMP00144,Lead Barista,Intermediate,4,Available,No,28,2,1,-1,Understaffed
SHF0002124,SD008,Starbucks - San Diego Airport,Airport,2024-01-08,Monday,17:00,21:00,EMP00193,Barista,Senior,4,Available,No,36,2,2,0,Balanced
SHF0002125,SD008,Starbucks - San Diego Airport,Airport,2024-01-08,Monday,14:00,18:00,EMP00240,Barista,Senior,4,Available,No,45,2,2,0,Balanced
SHF0002126,SD008,Starbucks - San Diego Airport,Airport,2024-01-08,Monday,06:00,10:00,EMP00275,Barista,Intermediate,4,Available,No,44,2,4,2,Overstaffed
SHF0002127,SD008,Starbucks - San Diego Airport,Airport,2024-01-08,Monday,18:00,22:00,EMP00482,Barista,Intermediate,4,Available,No,34,2,2,0,Balanced
SHF0002128,SD008,Starbucks - San Diego Airport,Airport,2024-01-08,Monday,05:00,09:00,EMP00401,Shift Supervisor,Entry,4,Available,No,42,2,2,0,Balanced
SHF0002129,SD008,Starbucks - San Diego Airport,Airport,2024-01-08,Monday,10:00,14:00,EMP00219,Barista,Senior,4,Available,No,47,2,1,-1,Understaffed
SHF0002130,SD008,Starbucks - San Diego Airport,Airport,2024-01-08,Monday,17:00,21:00,EMP00238,Barista,Intermediate,4,Available,No,35,2,2,0,Balanced
SHF0002131,SD008,Starbucks - San Diego Airport,Airport,2024-01-08,Monday,05:00,09:00,EMP00379,Barista,Entry,4,Available,No,38,2,2,0,Balanced
SHF0002132,SD008,Starbucks - San Diego Airport,Airport,2024-01-08,Monday,11:00,15:00,EMP00448,Barista,Entry,4,Available,No,50,2,1,-1,Understaffed
SHF0002133,SD008,Starbucks - San Diego Airport,Airport,2024-01-08,Monday,13:00,17:00,EMP00289,Barista,Senior,4,Available,No,60,3,3,0,Balanced
SHF0002134,SD008,Starbucks - San Diego Airport,Airport,2024-01-15,Monday,17:00,21:00,EMP00260,Shift Supervisor,Intermediate,4,Available,No,27,2,4,2,Overstaffed
SHF0002135,SD008,Starbucks - San Diego Airport,Airport,2024-01-15,Monday,14:00,18:00,EMP00260,Barista,Entry,4,Available,No,21,2,2,0,Balanced
SHF0002136,SD008,Starbucks - San Diego Airport,Airport,2024-01-15,Monday,18:00,22:00,EMP00489,Barista,Intermediate,4,Available,No,45,2,2,0,Balanced
SHF0002137,SD008,Starbucks - San Diego Airport,Airport,2024-01-15,Monday,13:00,17:00,EMP00076,Barista,Senior,4,Available,No,38,2,2,0,Balanced
SHF0002138,SD008,Starbucks - San Diego Airport,Airport,2024-01-15,Monday,09:00,13:00,EMP00295,Barista,Intermediate,4,Available,No,75,3,3,0,Balanced
SHF0002139,SD008,Starbucks - San Diego Airport,Airport,2024-01-15,Monday,13:00,17:00,EMP00155,Barista,Entry,4,Available,No,47,2,2,0,Balanced
SHF0002140,SD008,Starbucks - San Diego Airport,Airport,2024-01-15,Monday,07:00,11:00,EMP00338,Barista,Intermediate,4,Available,No,70,3,3,0,Balanced
SHF0002141,SD008,Starbucks - San Diego Airport,Airport,2024-01-15,Monday,14:00,18:00,EMP00060,Barista,Entry,4,Available,No,20,2,2,0,Balanced
SHF0002142,SD008,Starbucks - San Diego Airport,Airport,2024-01-15,Monday,17:00,21:00,EMP00180,Barista,Entry,4,Available,No,41,2,2,0,Balanced
SHF0002143,SD008,Starbucks - San Diego Airport,Airport,2024-01-15,Monday,05:00,09:00,EMP00163,Barista,Entry,4,Available,No,37,2,2,0,Balanced
SHF0002144,SD008,Starbucks - San Diego Airport,Airport,2024-01-15,Monday,05:00,09:00,EMP00171,Barista,Intermediate,4,Available,No,36,2,2,0,Balanced
SHF0002145,SD008,Starbucks - San Diego Airport,Airport,2024-01-15,Monday,14:00,18:00,EMP00415,Barista,Senior,4,Available,No,26,2,1,-1,Understaffed
SHF0002146,SD008,Starbucks - San Diego Airport,Airport,2024-01-22,Monday,14:00,18:00,EMP00195,Barista,Intermediate,4,Available,No,32,2,2,0,Balanced
SHF0002147,SD008,Starbucks - San Diego Airport,Airport,2024-01-22,Monday,17:00,21:00,EMP00147,Shift Supervisor,Entry,4,Available,No,20,2,2,0,Balanced
SHF0002148,SD008,Starbucks - San Diego Airport,Airport,2024-01-22,Monday,10:00,14:00,EMP00293,Barista,Entry,4,Available,No,63,3,2,-1,Understaffed
SHF0002149,SD008,Starbucks - San Diego Airport,Airport,2024-01-22,Monday,10:00,14:00,EMP00259,Shift Supervisor,Entry,4,Available,No,36,2,2,0,Balanced
SHF0002150,SD008,Starbucks - San Diego Airport,Airport,2024-01-22,Monday,18:00,22:00,EMP00142,Barista,Intermediate,4,Available,No,21,2,2,0,Balanced
SHF0002151,SD008,Starbucks - San Diego Airport,Airport,2024-01-22,Monday,13:00,17:00,EMP00244,Barista,Intermediate,4,Available,No,51,2,1,-1,Understaffed
SHF0002152,SD008,Starbucks - San Diego Airport,Airport,2024-01-22,Monday,14:00,18:00,EMP00093,Barista,Intermediate,4,Called Out,Yes,22,2,3,1,Overstaffed
SHF0002153,SD008,Starbucks - San Diego Airport,Airport,2024-01-22,Monday,13:00,17:00,EMP00365,Barista,Entry,4,Available,No,56,2,1,-1,Understaffed
SHF0002154,SD008,Starbucks - San Diego Airport,Airport,2024-01-22,Monday,15:00,19:00,EMP00283,Lead Barista,Entry,4,Available,No,39,2,2,0,Balanced
SHF0002155,SD008,Starbucks - San Diego Airport,Airport,2024-01-22,Monday,06:00,10:00,EMP00406,Lead Barista,Entry,4,Available,No,26,2,2,0,Balanced
SHF0002156,SD008,Starbucks - San Diego Airport,Airport,2024-01-22,Monday,15:00,19:00,EMP00103,Barista,Entry,4,Available,No,45,2,2,0,Balanced
SHF0002157,SD008,Starbucks - San Diego Airport,Airport,2024-01-29,Monday,10:00,14:00,EMP00148,Barista,Entry,4,Available,No,51,2,1,-1,Understaffed
SHF0002158,SD008,Starbucks - San Diego Airport,Airport,2024-01-29,Monday,11:00,15:00,EMP00362,Barista,Senior,4,Available,No,59,2,2,0,Balanced
SHF0002159,SD008,Starbucks - San Diego Airport,Airport,2024-01-29,Monday,18:00,22:00,EMP00146,Barista,Senior,4,Available,No,33,2,2,0,Balanced
SHF0002160,SD008,Starbucks - San Diego Airport,Airport,2024-01-29,Monday,06:00,10:00,EMP00390,Barista,Intermediate,4,Called Out,Yes,45,2,1,-1,Understaffed
SHF0002161,SD008,Starbucks - San Diego Airport,Airport,2024-01-29,Monday,05:00,09:00,EMP00410,Lead Barista,Intermediate,4,Available,No,43,2,2,0,Balanced
SHF0002162,SD008,Starbucks - San Diego Airport,Airport,2024-01-29,Monday,06:00,10:00,EMP00348,Barista,Intermediate,4,Available,No,39,2,1,-1,Understaffed
SHF0002163,SD008,Starbucks - San Diego Airport,Airport,2024-01-29,Monday,09:00,13:00,EMP00212,Lead Barista,Senior,4,Available,No,70,3,2,-1,Understaffed
SHF0002164,SD008,Starbucks - San Diego Airport,Airport,2024-01-29,Monday,09:00,13:00,EMP00267,Barista,Entry,4,Available,No,74,3,3,0,Balanced
SHF0002165,SD008,Starbucks - San Diego Airport,Airport,2024-02-05,Monday,13:00,17:00,EMP00484,Barista,Intermediate,4,Available,No,54,2,2,0,Balanced
SHF0002166,SD008,Starbucks - San Diego Airport,Airport,2024-02-05,Monday,05:00,09:00,EMP00453,Barista,Intermediate,4,Available,No,42,2,2,0,Balanced
SHF0002167,SD008,Starbucks - San Diego Airport,Airport,2024-02-05,Monday,15:00,19:00,EMP00449,Barista,Senior,4,Available,No,43,2,2,0,Balanced
SHF0002168,SD008,Starbucks - San Diego Airport,Airport,2024-02-05,Monday,09:00,13:00,EMP00054,Shift Supervisor,Entry,4,Available,No,55,2,2,0,Balanced
SHF0002169,SD008,Starbucks - San Diego Airport,Airport,2024-02-05,Monday,05:00,09:00,EMP00019,Barista,Entry,4,Available,No,44,2,2,0,Balanced
SHF0002170,SD008,Starbucks - San Diego Airport,Airport,2024-02-05,Monday,14:00,18:00,EMP00196,Barista,Senior,4,Available,No,21,2,1,-1,Understaffed
SHF0002171,SD008,Starbucks - San Diego Airport,Airport,2024-02-05,Monday,11:00,15:00,EMP00456,Barista,Entry,4,Available,No,54,2,2,0,Balanced
SHF0002172,SD008,Starbucks - San Diego Airport,Airport,2024-02-05,Monday,11:00,15:00,EMP00051,Lead Barista,Intermediate,4,Available,No,50,2,1,-1,Understaffed
SHF0002173,SD008,Starbucks - San Diego Airport,Airport,2024-02-05,Monday,11:00,15:00,EMP00363,Barista,Senior,4,Available,No,36,2,1,-1,Understaffed
SHF0002174,SD008,Starbucks - San Diego Airport,Airport,2024-02-05,Monday,14:00,18:00,EMP00264,Barista,Intermediate,4,Available,No,42,2,1,-1,Understaffed
SHF0002175,SD008,Starbucks - San Diego Airport,Airport,2024-02-12,Monday,07:00,11:00,EMP00105,Shift Supervisor,Entry,4,Available,No,74,3,3,0,Balanced
SHF0002176,SD008,Starbucks - San Diego Airport,Airport,2024-02-12,Monday,15:00,19:00,EMP00069,Barista,Entry,4,Available,No,44,2,2,0,Balanced
SHF0002177,SD008,Starbucks - San Diego Airport,Airport,2024-02-12,Monday,06:00,10:00,EMP00175,Barista,Senior,4,Available,No,39,2,2,0,Balanced
SHF0002178,SD008,Starbucks - San Diego Airport,Airport,2024-02-12,Monday,11:00,15:00,EMP00124,Barista,Intermediate,4,Available,No,48,2,1,-1,Understaffed
SHF0002179,SD008,Starbucks - San Diego Airport,Airport,2024-02-12,Monday,06:00,10:00,EMP00291,Barista,Intermediate,4,Available,No,34,2,1,-1,Understaffed
SHF0002180,SD008,Starbucks - San Diego Airport,Airport,2024-02-12,Monday,11:00,15:00,EMP00153,Barista,Intermediate,4,Available,No,44,2,2,0,Balanced
SHF0002181,SD008,Starbucks - San Diego Airport,Airport,2024-02-12,Monday,05:00,09:00,EMP00134,Barista,Intermediate,4,Available,No,23,2,2,0,Balanced
SHF0002182,SD008,Starbucks - San Diego Airport,Airport,2024-02-12,Monday,14:00,18:00,EMP00250,Barista,Intermediate,4,Available,No,31,2,2,0,Balanced
SHF0002183,SD008,Starbucks - San Diego Airport,Airport,2024-02-12,Monday,15:00,19:00,EMP00323,Barista,Entry,4,Available,No,41,2,1,-1,Understaffed
SHF0002184,SD008,Starbucks - San Diego Airport,Airport,2024-02-12,Monday,15:00,19:00,EMP00281,Barista,Senior,4,Available,No,36,2,2,0,Balanced
SHF0002185,SD008,Starbucks - San Diego Airport,Airport,2024-02-12,Monday,14:00,18:00,EMP00321,Shift Supervisor,Senior,4,Available,No,38,2,2,0,Balanced
SHF0002186,SD008,Starbucks - San Diego Airport,Airport,2024-02-19,Monday,11:00,15:00,EMP00410,Barista,Intermediate,4,Available,No,59,2,2,0,Balanced
SHF0002187,SD008,Starbucks - San Diego Airport,Airport,2024-02-19,Monday,09:00,13:00,EMP00294,Barista,Entry,4,Available,No,74,3,1,-2,Understaffed
SHF0002188,SD008,Starbucks - San Diego Airport,Airport,2024-02-19,Monday,09:00,13:00,EMP00126,Shift Supervisor,Intermediate,4,Available,No,84,4,5,1,Overstaffed
SHF0002189,SD008,Starbucks - San Diego Airport,Airport,2024-02-19,Monday,13:00,17:00,EMP00167,Barista,Intermediate,4,Available,No,41,2,2,0,Balanced
SHF0002190,SD008,Starbucks - San Diego Airport,Airport,2024-02-19,Monday,10:00,14:00,EMP00347,Barista,Senior,4,Available,No,56,2,2,0,Balanced
SHF0002191,SD008,Starbucks - San Diego Airport,Airport,2024-02-19,Monday,06:00,10:00,EMP00040,Barista,Entry,4,Available,No,38,2,2,0,Balanced
SHF0002192,SD008,Starbucks - San Diego Airport,Airport,2024-02-19,Monday,05:00,09:00,EMP00261,Shift Supervisor,Intermediate,4,Available,No,23,2,4,2,Overstaffed
SHF0002193,SD008,Starbucks - San Diego Airport,Airport,2024-02-19,Monday,07:00,11:00,EMP00362,Barista,Entry,4,Available,No,74,3,3,0,Balanced
SHF0002194,SD008,Starbucks - San Diego Airport,Airport,2024-02-19,Monday,18:00,22:00,EMP00025,Barista,Entry,4,Available,No,40,2,2,0,Balanced
SHF0002195,SD008,Starbucks - San Diego Airport,Airport,2024-02-26,Monday,06:00,10:00,EMP00396,Barista,Intermediate,4,Available,No,42,2,1,-1,Understaffed
SHF0002196,SD008,Starbucks - San Diego Airport,Airport,2024-02-26,Monday,15:00,19:00,EMP00316,Barista,Senior,4,Available,No,30,2,2,0,Balanced
SHF0002197,SD008,Starbucks - San Diego Airport,Airport,2024-02-26,Monday,11:00,15:00,EMP00234,Shift Supervisor,Intermediate,4,Available,No,41,2,3,1,Overstaffed
SHF0002198,SD008,Starbucks - San Diego Airport,Airport,2024-02-26,Monday,11:00,15:00,EMP00409,Barista,Entry,4,Available,No,58,2,2,0,Balanced
SHF0002199,SD008,Starbucks - San Diego Airport,Airport,2024-02-26,Monday,10:00,14:00,EMP00297,Barista,Intermediate,4,Available,No,47,2,2,0,Balanced
SHF0002200,SD008,Starbucks - San Diego Airport,Airport,2024-02-26,Monday,07:00,11:00,EMP00119,Barista,Entry,4,Available,No,67,3,3,0,Balanced
SHF0002201,SD008,Starbucks - San Diego Airport,Airport,2024-02-26,Monday,18:00,22:00,EMP00422,Shift Supervisor,Entry,4,Available,No,32,2,1,-1,Understaffed
SHF0002202,SD008,Starbucks - San Diego Airport,Airport,2024-02-26,Monday,09:00,13:00,EMP00235,Shift Supervisor,Senior,4,Available,No,59,2,4,2,Overstaffed
SHF0002203,SD008,Starbucks - San Diego Airport,Airport,2024-03-04,Monday,15:00,19:00,EMP00433,Barista,Senior,4,Available,No,20,2,1,-1,Understaffed
SHF0002204,SD008,Starbucks - San Diego Airport,Airport,2024-03-04,Monday,05:00,09:00,EMP00151,Shift Supervisor,Entry,4,Available,No,37,2,2,0,Balanced
SHF0002205,SD008,Starbucks - San Diego Airport,Airport,2024-03-04,Monday,13:00,17:00,EMP00156,Barista,Entry,4,Available,No,61,3,3,0,Balanced
SHF0002206,SD008,Starbucks - San Diego Airport,Airport,2024-03-04,Monday,17:00,21:00,EMP00468,Shift Supervisor,Entry,4,Available,No,22,2,2,0,Balanced
SHF0002207,SD008,Starbucks - San Diego Airport,Airport,2024-03-04,Monday,07:00,11:00,EMP00004,Barista,Intermediate,4,Available,No,67,3,3,0,Balanced
SHF0002208,SD008,Starbucks - San Diego Airport,Airport,2024-03-04,Monday,06:00,10:00,EMP00312,Barista,Intermediate,4,Available,No,45,2,1,-1,Understaffed
SHF0002209,SD008,Starbucks - San Diego Airport,Airport,2024-03-04,Monday,15:00,19:00,EMP00020,Barista,Senior,4,Available,No,27,2,1,-1,Understaffed
SHF0002210,SD008,Starbucks - San Diego Airport,Airport,2024-03-04,Monday,11:00,15:00,EMP00194,Barista,Entry,4,Available,No,54,2,2,0,Balanced
SHF0002211,SD008,Starbucks - San Diego Airport,Airport,2024-03-11,Monday,07:00,11:00,EMP00313,Lead Barista,Senior,4,Available,No,86,4,2,-2,Understaffed
SHF0002212,SD008,Starbucks - San Diego Airport,Airport,2024-03-11,Monday,05:00,09:00,EMP00021,Barista,Entry,4,Available,No,41,2,3,1,Overstaffed
SHF0002213,SD008,Starbucks - San Diego Airport,Airport,2024-03-11,Monday,06:00,10:00,EMP00431,Barista,Entry,4,Available,No,20,2,2,0,Balanced
SHF0002214,SD008,Starbucks - San Diego Airport,Airport,2024-03-11,Monday,05:00,09:00,EMP00452,Barista,Entry,4,Available,No,34,2,2,0,Balanced
SHF0002215,SD008,Starbucks - San Diego Airport,Airport,2024-03-11,Monday,11:00,15:00,EMP00174,Barista,Entry,4,Available,No,65,3,3,0,Balanced
SHF0002216,SD008,Starbucks - San Diego Airport,Airport,2024-03-11,Monday,14:00,18:00,EMP00241,Barista,Senior,4,Available,No,28,2,1,-1,Understaffed
SHF0002217,SD008,Starbucks - San Diego Airport,Airport,2024-03-11,Monday,15:00,19:00,EMP00452,Barista,Senior,4,Available,No,34,2,2,0,Balanced
SHF0002218,SD008,Starbucks - San Diego Airport,Airport,2024-03-11,Monday,18:00,22:00,EMP00101,Shift Supervisor,Senior,4,Available,No,40,2,2,0,Balanced
SHF0002219,SD008,Starbucks - San Diego Airport,Airport,2024-03-11,Monday,10:00,14:00,EMP00064,Shift Supervisor,Entry,4,Available,No,35,2,2,0,Balanced
SHF0002220,SD008,Starbucks - San Diego Airport,Airport,2024-03-11,Monday,05:00,09:00,EMP00014,Barista,Entry,4,Available,No,37,2,2,0,Balanced
SHF0002221,SD008,Starbucks - San Diego Airport,Airport,2024-03-11,Monday,11:00,15:00,EMP00157,Barista,Intermediate,4,Available,No,53,2,2,0,Balanced
SHF0002222,SD008,Starbucks - San Diego Airport,Airport,2024-03-11,Monday,09:00,13:00,EMP00130,Barista,Senior,4,Available,No,60,3,3,0,Balanced
SHF0002223,SD008,Starbucks - San Diego Airport,Airport,2024-03-18,Monday,10:00,14:00,EMP00188,Barista,Senior,4,Available,No,65,3,3,0,Balanced
SHF0002224,SD008,Starbucks - San Diego Airport,Airport,2024-03-18,Monday,05:00,09:00,EMP00340,Barista,Entry,4,Available,No,26,2,2,0,Balanced
SHF0002225,SD008,Starbucks - San Diego Airport,Airport,2024-03-18,Monday,13:00,17:00,EMP00184,Shift Supervisor,Entry,4,Available,No,49,2,2,0,Balanced
SHF0002226,SD008,Starbucks - San Diego Airport,Airport,2024-03-18,Monday,11:00,15:00,EMP00153,Barista,Entry,4,Available,No,51,2,2,0,Balanced
SHF0002227,SD008,Starbucks - San Diego Airport,Airport,2024-03-18,Monday,11:00,15:00,EMP00490,Barista,Intermediate,4,Available,No,45,2,1,-1,Understaffed
SHF0002228,SD008,Starbucks - San Diego Airport,Airport,2024-03-18,Monday,14:00,18:00,EMP00237,Barista,Senior,4,Available,No,25,2,4,2,Overstaffed
SHF0002229,SD008,Starbucks - San Diego Airport,Airport,2024-03-18,Monday,10:00,14:00,EMP00229,Barista,Intermediate,4,Available,No,56,2,2,0,Balanced
SHF0002230,SD008,Starbucks - San Diego Airport,Airport,2024-03-18,Monday,05:00,09:00,EMP00214,Barista,Entry,4,Available,No,45,2,2,0,Balanced
SHF0002231,SD008,Starbucks - San Diego Airport,Airport,2024-03-18,Monday,13:00,17:00,EMP00046,Barista,Intermediate,4,Available,No,60,3,3,0,Balanced
SHF0002232,SD008,Starbucks - San Diego Airport,Airport,2024-03-25,Monday,06:00,10:00,EMP00486,Barista,Entry,4,Called Out,Yes,28,2,2,0,Balanced
SHF0002233,SD008,Starbucks - San Diego Airport,Airport,2024-03-25,Monday,14:00,18:00,EMP00245,Barista,Senior,4,Available,No,38,2,1,-1,Understaffed
SHF0002234,SD008,Starbucks - San Diego Airport,Airport,2024-03-25,Monday,13:00,17:00,EMP00106,Barista,Senior,4,Available,No,60,3,3,0,Balanced
SHF0002235,SD008,Starbucks - San Diego Airport,Airport,2024-03-25,Monday,07:00,11:00,EMP00055,Barista,Entry,4,Available,No,71,3,5,2,Overstaffed
SHF0002236,SD008,Starbucks - San Diego Airport,Airport,2024-03-25,Monday,05:00,09:00,EMP00181,Barista,Entry,4,Available,No,35,2,2,0,Balanced
SHF0002237,SD008,Starbucks - San Diego Airport,Airport,2024-03-25,Monday,06:00,10:00,EMP00065,Barista,Senior,4,Available,No,40,2,1,-1,Understaffed
SHF0002238,SD008,Starbucks - San Diego Airport,Airport,2024-03-25,Monday,15:00,19:00,EMP00181,Lead Barista,Entry,4,Available,No,36,2,1,-1,Understaffed
SHF0002239,SD008,Starbucks - San Diego Airport,Airport,2024-03-25,Monday,18:00,22:00,EMP00240,Barista,Entry,4,Available,No,38,2,2,0,Balanced
SHF0002240,SD008,Starbucks - San Diego Airport,Airport,2024-03-25,Monday,11:00,15:00,EMP00352,Barista,Entry,4,Available,No,36,2,2,0,Balanced
SHF0002241,SD008,Starbucks - San Diego Airport,Airport,2024-04-01,Monday,05:00,09:00,EMP00080,Barista,Intermediate,4,Available,No,43,2,3,1,Overstaffed
SHF0002242,SD008,Starbucks - San Diego Airport,Airport,2024-04-01,Monday,06:00,10:00,EMP00277,Lead Barista,Entry,4,Available,No,20,2,2,0,Balanced
SHF0002243,SD008,Starbucks - San Diego Airport,Airport,2024-04-01,Monday,11:00,15:00,EMP00047,Barista,Entry,4,Available,No,52,2,1,-1,Understaffed
SHF0002244,SD008,Starbucks - San Diego Airport,Airport,2024-04-01,Monday,05:00,09:00,EMP00306,Barista,Intermediate,4,Available,No,34,2,2,0,Balanced
SHF0002245,SD008,Starbucks - San Diego Airport,Airport,2024-04-01,Monday,10:00,14:00,EMP00183,Barista,Intermediate,4,Available,No,60,3,3,0,Balanced
SHF0002246,SD008,Starbucks - San Diego Airport,Airport,2024-04-01,Monday,05:00,09:00,EMP00475,Barista,Intermediate,4,Available,No,23,2,2,0,Balanced
SHF0002247,SD008,Starbucks - San Diego Airport,Airport,2024-04-01,Monday,07:00,11:00,EMP00035,Barista,Senior,4,Available,No,84,4,4,0,Balanced
SHF0002248,SD008,Starbucks - San Diego Airport,Airport,2024-04-01,Monday,06:00,10:00,EMP00408,Barista,Intermediate,4,Available,No,34,2,4,2,Overstaffed
SHF0002249,SD008,Starbucks - San Diego Airport,Airport,2024-04-01,Monday,07:00,11:00,EMP00121,Barista,Intermediate,4,Available,No,89,4,4,0,Balanced
SHF0002250,SD008,Starbucks - San Diego Airport,Airport,2024-04-01,Monday,17:00,21:00,EMP00062,Shift Supervisor,Intermediate,4,Available,No,22,2,3,1,Overstaffed
SHF0002251,SD008,Starbucks - San Diego Airport,Airport,2024-04-01,Monday,06:00,10:00,EMP00406,Barista,Entry,4,Available,No,32,2,2,0,Balanced
SHF0002252,SD008,Starbucks - San Diego Airport,Airport,2024-04-08,Monday,17:00,21:00,EMP00232,Barista,Intermediate,4,Available,No,38,2,1,-1,Understaffed
SHF0002253,SD008,Starbucks - San Diego Airport,Airport,2024-04-08,Monday,06:00,10:00,EMP00225,Barista,Entry,4,Available,No,42,2,1,-1,Understaffed
SHF0002254,SD008,Starbucks - San Diego Airport,Airport,2024-04-08,Monday,15:00,19:00,EMP00073,Shift Supervisor,Senior,4,Available,No,23,2,2,0,Balanced
SHF0002255,SD008,Starbucks - San Diego Airport,Airport,2024-04-08,Monday,17:00,21:00,EMP00408,Barista,Intermediate,4,Available,No,45,2,1,-1,Understaffed
SHF0002256,SD008,Starbucks - San Diego Airport,Airport,2024-04-08,Monday,07:00,11:00,EMP00237,Barista,Intermediate,4,Available,No,68,3,3,0,Balanced
SHF0002257,SD008,Starbucks - San Diego Airport,Airport,2024-04-08,Monday,11:00,15:00,EMP00021,Barista,Intermediate,4,Available,No,41,2,2,0,Balanced
SHF0002258,SD008,Starbucks - San Diego Airport,Airport,2024-04-08,Monday,07:00,11:00,EMP00160,Barista,Entry,4,Available,No,60,3,1,-2,Understaffed
SHF0002259,SD008,Starbucks - San Diego Airport,Airport,2024-04-08,Monday,13:00,17:00,EMP00311,Barista,Entry,4,Available,No,43,2,2,0,Balanced
SHF0002260,SD008,Starbucks - San Diego Airport,Airport,2024-04-08,Monday,07:00,11:00,EMP00380,Barista,Intermediate,4,Available,No,68,3,3,0,Balanced
SHF0002261,SD008,Starbucks - San Diego Airport,Airport,2024-04-08,Monday,07:00,11:00,EMP00285,Barista,Entry,4,Available,No,75,3,4,1,Overstaffed
SHF0002262,SD008,Starbucks - San Diego Airport,Airport,2024-04-08,Monday,10:00,14:00,EMP00330,Barista,Intermediate,4,Available,No,54,2,1,-1,Understaffed
SHF0002263,SD008,Starbucks - San Diego Airport,Airport,2024-04-08,Monday,10:00,14:00,EMP00005,Barista,Senior,4,Available,No,62,3,3,0,Balanced
SHF0002264,SD008,Starbucks - San Diego Airport,Airport,2024-04-15,Monday,10:00,14:00,EMP00352,Barista,Senior,4,Available,No,43,2,1,-1,Understaffed
SHF0002265,SD008,Starbucks - San Diego Airport,Airport,2024-04-15,Monday,05:00,09:00,EMP00049,Shift Supervisor,Intermediate,4,Available,No,32,2,3,1,Overstaffed
SHF0002266,SD008,Starbucks - San Diego Airport,Airport,2024-04-15,Monday,15:00,19:00,EMP00350,Barista,Entry,4,Available,No,22,2,2,0,Balanced
SHF0002267,SD008,Starbucks - San Diego Airport,Airport,2024-04-15,Monday,09:00,13:00,EMP00372,Shift Supervisor,Entry,4,Available,No,75,3,5,2,Overstaffed
SHF0002268,SD008,Starbucks - San Diego Airport,Airport,2024-04-15,Monday,07:00,11:00,EMP00251,Shift Supervisor,Senior,4,Available,No,62,3,4,1,Overstaffed
SHF0002269,SD008,Starbucks - San Diego Airport,Airport,2024-04-15,Monday,05:00,09:00,EMP00150,Lead Barista,Entry,4,Available,No,34,2,3,1,Overstaffed
SHF0002270,SD008,Starbucks - San Diego Airport,Airport,2024-04-15,Monday,10:00,14:00,EMP00495,Barista,Entry,4,Available,No,40,2,2,0,Balanced
SHF0002271,SD008,Starbucks - San Diego Airport,Airport,2024-04-15,Monday,06:00,10:00,EMP00044,Barista,Intermediate,4,Available,No,45,2,2,0,Balanced
SHF0002272,SD008,Starbucks - San Diego Airport,Airport,2024-04-15,Monday,09:00,13:00,EMP00307,Barista,Senior,4,Available,No,55,2,2,0,Balanced
SHF0002273,SD008,Starbucks - San Diego Airport,Airport,2024-04-22,Monday,13:00,17:00,EMP00353,Shift Supervisor,Entry,4,Available,No,37,2,1,-1,Understaffed
SHF0002274,SD008,Starbucks - San Diego Airport,Airport,2024-04-22,Monday,18:00,22:00,EMP00278,Barista,Senior,4,Available,No,37,2,2,0,Balanced
SHF0002275,SD008,Starbucks - San Diego Airport,Airport,2024-04-22,Monday,17:00,21:00,EMP00353,Barista,Entry,4,Available,No,40,2,4,2,Overstaffed
SHF0002276,SD008,Starbucks - San Diego Airport,Airport,2024-04-22,Monday,05:00,09:00,EMP00125,Barista,Intermediate,4,Available,No,22,2,2,0,Balanced
SHF0002277,SD008,Starbucks - San Diego Airport,Airport,2024-04-22,Monday,09:00,13:00,EMP00112,Barista,Intermediate,4,Available,No,72,3,3,0,Balanced
SHF0002278,SD008,Starbucks - San Diego Airport,Airport,2024-04-22,Monday,14:00,18:00,EMP00154,Barista,Entry,4,Available,No,27,2,1,-1,Understaffed
SHF0002279,SD008,Starbucks - San Diego Airport,Airport,2024-04-22,Monday,14:00,18:00,EMP00460,Barista,Intermediate,4,Available,No,41,2,2,0,Balanced
SHF0002280,SD008,Starbucks - San Diego Airport,Airport,2024-04-22,Monday,10:00,14:00,EMP00034,Barista,Entry,4,Available,No,40,2,4,2,Overstaffed
SHF0002281,SD008,Starbucks - San Diego Airport,Airport,2024-04-22,Monday,05:00,09:00,EMP00450,Barista,Entry,4,Available,No,39,2,2,0,Balanced
SHF0002282,SD008,Starbucks - San Diego Airport,Airport,2024-04-22,Monday,14:00,18:00,EMP00008,Barista,Intermediate,4,Called Out,Yes,36,2,2,0,Balanced
SHF0002283,SD008,Starbucks - San Diego Airport,Airport,2024-04-29,Monday,11:00,15:00,EMP00236,Lead Barista,Intermediate,4,Available,No,42,2,3,1,Overstaffed
SHF0002284,SD008,Starbucks - San Diego Airport,Airport,2024-04-29,Monday,10:00,14:00,EMP00284,Barista,Intermediate,4,Available,No,54,2,2,0,Balanced
SHF0002285,SD008,Starbucks - San Diego Airport,Airport,2024-04-29,Monday,14:00,18:00,EMP00104,Barista,Intermediate,4,Available,No,31,2,2,0,Balanced
SHF0002286,SD008,Starbucks - San Diego Airport,Airport,2024-04-29,Monday,07:00,11:00,EMP00257,Barista,Intermediate,4,Available,No,79,3,3,0,Balanced
SHF0002287,SD008,Starbucks - San Diego Airport,Airport,2024-04-29,Monday,15:00,19:00,EMP00144,Barista,Intermediate,4,Available,No,44,2,1,-1,Understaffed
SHF0002288,SD008,Starbucks - San Diego Airport,Airport,2024-04-29,Monday,11:00,15:00,EMP00283,Barista,Senior,4,Available,No,50,2,2,0,Balanced
SHF0002289,SD008,Starbucks - San Diego Airport,Airport,2024-04-29,Monday,05:00,09:00,EMP00111,Barista,Intermediate,4,Available,No,20,2,2,0,Balanced
SHF0002290,SD008,Starbucks - San Diego Airport,Airport,2024-04-29,Monday,07:00,11:00,EMP00138,Barista,Senior,4,Available,No,77,3,3,0,Balanced
SHF0002291,SD008,Starbucks - San Diego Airport,Airport,2024-04-29,Monday,14:00,18:00,EMP00087,Barista,Senior,4,Available,No,26,2,1,-1,Understaffed
SHF0002292,SD008,Starbucks - San Diego Airport,Airport,2024-04-29,Monday,17:00,21:00,EMP00250,Barista,Entry,4,Available,No,44,2,2,0,Balanced
SHF0002293,SD008,Starbucks - San Diego Airport,Airport,2024-04-29,Monday,05:00,09:00,EMP00194,Barista,Intermediate,4,Available,No,31,2,1,-1,Understaffed
SHF0002294,SD008,Starbucks - San Diego Airport,Airport,2024-04-29,Monday,15:00,19:00,EMP00491,Barista,Senior,4,Available,No,29,2,4,2,Overstaffed
SHF0002295,SD008,Starbucks - San Diego Airport,Airport,2024-05-06,Monday,13:00,17:00,EMP00242,Barista,Entry,4,Available,No,59,2,3,1,Overstaffed
SHF0002296,SD008,Starbucks - San Diego Airport,Airport,2024-05-06,Monday,09:00,13:00,EMP00213,Barista,Intermediate,4,Available,No,63,3,3,0,Balanced
SHF0002297,SD008,Starbucks - San Diego Airport,Airport,2024-05-06,Monday,13:00,17:00,EMP00271,Barista,Intermediate,4,Available,No,45,2,2,0,Balanced
SHF0002298,SD008,Starbucks - San Diego Airport,Airport,2024-05-06,Monday,13:00,17:00,EMP00159,Shift Supervisor,Intermediate,4,Available,No,48,2,1,-1,Understaffed
SHF0002299,SD008,Starbucks - San Diego Airport,Airport,2024-05-06,Monday,17:00,21:00,EMP00130,Barista,Entry,4,Available,No,23,2,2,0,Balanced
SHF0002300,SD008,Starbucks - San Diego Airport,Airport,2024-05-06,Monday,07:00,11:00,EMP00105,Barista,Intermediate,4,Available,No,63,3,4,1,Overstaffed
SHF0002301,SD008,Starbucks - San Diego Airport,Airport,2024-05-06,Monday,05:00,09:00,EMP00022,Barista,Entry,4,Available,No,22,2,2,0,Balanced
SHF0002302,SD008,Starbucks - San Diego Airport,Airport,2024-05-06,Monday,05:00,09:00,EMP00464,Barista,Entry,4,Available,No,24,2,2,0,Balanced
SHF0002303,SD008,Starbucks - San Diego Airport,Airport,2024-05-06,Monday,15:00,19:00,EMP00050,Barista,Entry,4,Available,No,31,2,3,1,Overstaffed
SHF0002304,SD008,Starbucks - San Diego Airport,Airport,2024-05-06,Monday,06:00,10:00,EMP00096,Lead Barista,Intermediate,4,Available,No,32,2,1,-1,Understaffed
SHF0002305,SD008,Starbucks - San Diego Airport,Airport,2024-05-06,Monday,07:00,11:00,EMP00002,Barista,Entry,4,Available,No,63,3,3,0,Balanced
SHF0002306,SD008,Starbucks - San Diego Airport,Airport,2024-05-13,Monday,18:00,22:00,EMP00164,Barista,Senior,4,Available,No,44,2,1,-1,Understaffed
SHF0002307,SD008,Starbucks - San Diego Airport,Airport,2024-05-13,Monday,18:00,22:00,EMP00072,Barista,Intermediate,4,Available,No,37,2,2,0,Balanced
SHF0002308,SD008,Starbucks - San Diego Airport,Airport,2024-05-13,Monday,11:00,15:00,EMP00154,Barista,Intermediate,4,Available,No,40,2,3,1,Overstaffed
SHF0002309,SD008,Starbucks - San Diego Airport,Airport,2024-05-13,Monday,17:00,21:00,EMP00271,Barista,Entry,4,Available,No,44,2,2,0,Balanced
SHF0002310,SD008,Starbucks - San Diego Airport,Airport,2024-05-13,Monday,07:00,11:00,EMP00406,Barista,Entry,4,Available,No,64,3,3,0,Balanced
SHF0002311,SD008,Starbucks - San Diego Airport,Airport,2024-05-13,Monday,09:00,13:00,EMP00452,Barista,Entry,4,Available,No,76,3,5,2,Overstaffed
SHF0002312,SD008,Starbucks - San Diego Airport,Airport,2024-05-13,Monday,18:00,22:00,EMP00195,Barista,Senior,4,Available,No,44,2,2,0,Balanced
SHF0002313,SD008,Starbucks - San Diego Airport,Airport,2024-05-13,Monday,06:00,10:00,EMP00222,Barista,Intermediate,4,Available,No,43,2,2,0,Balanced
SHF0002314,SD008,Starbucks - San Diego Airport,Airport,2024-05-13,Monday,09:00,13:00,EMP00450,Barista,Intermediate,4,Available,No,72,3,3,0,Balanced
SHF0002315,SD008,Starbucks - San Diego Airport,Airport,2024-05-13,Monday,06:00,10:00,EMP00457,Barista,Intermediate,4,Available,No,31,2,2,0,Balanced
SHF0002316,SD008,Starbucks - San Diego Airport,Airport,2024-05-13,Monday,07:00,11:00,EMP00400,Barista,Intermediate,4,Available,No,75,3,3,0,Balanced
SHF0002317,SD008,Starbucks - San Diego Airport,Airport,2024-05-20,Monday,07:00,11:00,EMP00310,Barista,Entry,4,Available,No,59,2,2,0,Balanced
SHF0002318,SD008,Starbucks - San Diego Airport,Airport,2024-05-20,Monday,07:00,11:00,EMP00100,Barista,Entry,4,Available,No,56,2,3,1,Overstaffed
SHF0002319,SD008,Starbucks - San Diego Airport,Airport,2024-05-20,Monday,09:00,13:00,EMP00071,Barista,Intermediate,4,Available,No,57,2,2,0,Balanced
SHF0002320,SD008,Starbucks - San Diego Airport,Airport,2024-05-20,Monday,11:00,15:00,EMP00496,Barista,Entry,4,Available,No,42,2,2,0,Balanced
SHF0002321,SD008,Starbucks - San Diego Airport,Airport,2024-05-20,Monday,10:00,14:00,EMP00124,Barista,Senior,4,Available,No,53,2,2,0,Balanced
SHF0002322,SD008,Starbucks - San Diego Airport,Airport,2024-05-20,Monday,18:00,22:00,EMP00024,Barista,Senior,4,Available,No,45,2,1,-1,Understaffed
SHF0002323,SD008,Starbucks - San Diego Airport,Airport,2024-05-20,Monday,05:00,09:00,EMP00017,Barista,Intermediate,4,Available,No,32,2,2,0,Balanced
SHF0002324,SD008,Starbucks - San Diego Airport,Airport,2024-05-20,Monday,06:00,10:00,EMP00059,Shift Supervisor,Intermediate,4,Called Out,Yes,24,2,2,0,Balanced
SHF0002325,SD008,Starbucks - San Diego Airport,Airport,2024-05-27,Monday,17:00,21:00,EMP00396,Barista,Senior,4,Available,No,40,2,2,0,Balanced
SHF0002326,SD008,Starbucks - San Diego Airport,Airport,2024-05-27,Monday,06:00,10:00,EMP00295,Barista,Entry,4,Available,No,30,2,2,0,Balanced
SHF0002327,SD008,Starbucks - San Diego Airport,Airport,2024-05-27,Monday,07:00,11:00,EMP00077,Barista,Intermediate,4,Available,No,76,3,3,0,Balanced
SHF0002328,SD008,Starbucks - San Diego Airport,Airport,2024-05-27,Monday,06:00,10:00,EMP00120,Barista,Intermediate,4,Available,No,41,2,2,0,Balanced
SHF0002329,SD008,Starbucks - San Diego Airport,Airport,2024-05-27,Monday,09:00,13:00,EMP00412,Barista,Intermediate,4,Available,No,82,4,4,0,Balanced
SHF0002330,SD008,Starbucks - San Diego Airport,Airport,2024-05-27,Monday,06:00,10:00,EMP00411,Barista,Entry,4,Available,No,21,2,2,0,Balanced
SHF0002331,SD008,Starbucks - San Diego Airport,Airport,2024-05-27,Monday,17:00,21:00,EMP00113,Barista,Intermediate,4,Available,No,24,2,1,-1,Understaffed
SHF0002332,SD008,Starbucks - San Diego Airport,Airport,2024-05-27,Monday,17:00,21:00,EMP00159,Barista,Senior,4,Available,No,42,2,2,0,Balanced
SHF0002333,SD008,Starbucks - San Diego Airport,Airport,2024-06-03,Monday,14:00,18:00,EMP00398,Barista,Entry,4,Available,No,27,2,1,-1,Understaffed
SHF0002334,SD008,Starbucks - San Diego Airport,Airport,2024-06-03,Monday,06:00,10:00,EMP00483,Barista,Intermediate,4,Available,No,28,2,1,-1,Understaffed
SHF0002335,SD008,Starbucks - San Diego Airport,Airport,2024-06-03,Monday,05:00,09:00,EMP00487,Barista,Senior,4,Available,No,38,2,2,0,Balanced
SHF0002336,SD008,Starbucks - San Diego Airport,Airport,2024-06-03,Monday,06:00,10:00,EMP00175,Barista,Intermediate,4,Available,No,32,2,3,1,Overstaffed
SHF0002337,SD008,Starbucks - San Diego Airport,Airport,2024-06-03,Monday,09:00,13:00,EMP00210,Barista,Entry,4,Available,No,82,4,5,1,Overstaffed
SHF0002338,SD008,Starbucks - San Diego Airport,Airport,2024-06-03,Monday,09:00,13:00,EMP00283,Shift Supervisor,Senior,4,Available,No,61,3,3,0,Balanced
SHF0002339,SD008,Starbucks - San Diego Airport,Airport,2024-06-03,Monday,17:00,21:00,EMP00330,Barista,Intermediate,4,Available,No,37,2,2,0,Balanced
SHF0002340,SD008,Starbucks - San Diego Airport,Airport,2024-06-03,Monday,14:00,18:00,EMP00384,Shift Supervisor,Entry,4,Available,No,44,2,1,-1,Understaffed
SHF0002341,SD008,Starbucks - San Diego Airport,Airport,2024-06-03,Monday,06:00,10:00,EMP00452,Barista,Entry,4,Available,No,24,2,2,0,Balanced
SHF0002342,SD008,Starbucks - San Diego Airport,Airport,2024-06-03,Monday,10:00,14:00,EMP00226,Barista,Senior,4,Available,No,43,2,1,-1,Understaffed
SHF0002343,SD008,Starbucks - San Diego Airport,Airport,2024-06-10,Monday,11:00,15:00,EMP00417,Barista,Intermediate,4,Available,No,37,2,2,0,Balanced
SHF0002344,SD008,Starbucks - San Diego Airport,Airport,2024-06-10,Monday,18:00,22:00,EMP00351,Shift Supervisor,Senior,4,Available,No,28,2,3,1,Overstaffed
SHF0002345,SD008,Starbucks - San Diego Airport,Airport,2024-06-10,Monday,14:00,18:00,EMP00456,Barista,Senior,4,Available,No,33,2,2,0,Balanced
SHF0002346,SD008,Starbucks - San Diego Airport,Airport,2024-06-10,Monday,17:00,21:00,EMP00201,Barista,Intermediate,4,Available,No,23,2,2,0,Balanced
SHF0002347,SD008,Starbucks - San Diego Airport,Airport,2024-06-10,Monday,09:00,13:00,EMP00034,Barista,Intermediate,4,Available,No,64,3,3,0,Balanced
SHF0002348,SD008,Starbucks - San Diego Airport,Airport,2024-06-10,Monday,06:00,10:00,EMP00005,Lead Barista,Intermediate,4,Available,No,23,2,2,0,Balanced
SHF0002349,SD008,Starbucks - San Diego Airport,Airport,2024-06-10,Monday,17:00,21:00,EMP00120,Lead Barista,Senior,4,Available,No,22,2,2,0,Balanced
SHF0002350,SD008,Starbucks - San Diego Airport,Airport,2024-06-10,Monday,17:00,21:00,EMP00074,Shift Supervisor,Senior,4,Available,No,20,2,2,0,Balanced
SHF0002351,SD008,Starbucks - San Diego Airport,Airport,2024-06-10,Monday,07:00,11:00,EMP00233,Barista,Intermediate,4,Available,No,57,2,4,2,Overstaffed
SHF0002352,SD008,Starbucks - San Diego Airport,Airport,2024-06-10,Monday,09:00,13:00,EMP00446,Barista,Intermediate,4,Available,No,57,2,2,0,Balanced
SHF0002353,SD008,Starbucks - San Diego Airport,Airport,2024-06-10,Monday,18:00,22:00,EMP00481,Barista,Intermediate,4,Available,No,40,2,2,0,Balanced
SHF0002354,SD008,Starbucks - San Diego Airport,Airport,2024-06-10,Monday,06:00,10:00,EMP00351,Barista,Entry,4,Available,No,33,2,1,-1,Understaffed
SHF0002355,SD008,Starbucks - San Diego Airport,Airport,2024-06-17,Monday,05:00,09:00,EMP00335,Barista,Entry,4,Available,No,42,2,2,0,Balanced
SHF0002356,SD008,Starbucks - San Diego Airport,Airport,2024-06-17,Monday,14:00,18:00,EMP00028,Barista,Entry,4,Available,No,34,2,4,2,Overstaffed
SHF0002357,SD008,Starbucks - San Diego Airport,Airport,2024-06-17,Monday,11:00,15:00,EMP00321,Shift Supervisor,Intermediate,4,Available,No,61,3,3,0,Balanced
SHF0002358,SD008,Starbucks - San Diego Airport,Airport,2024-06-17,Monday,11:00,15:00,EMP00154,Barista,Entry,4,Available,No,60,3,3,0,Balanced
SHF0002359,SD008,Starbucks - San Diego Airport,Airport,2024-06-17,Monday,05:00,09:00,EMP00434,Barista,Intermediate,4,Available,No,43,2,2,0,Balanced
SHF0002360,SD008,Starbucks - San Diego Airport,Airport,2024-06-17,Monday,09:00,13:00,EMP00485,Barista,Entry,4,Available,No,79,3,2,-1,Understaffed
SHF0002361,SD008,Starbucks - San Diego Airport,Airport,2024-06-17,Monday,11:00,15:00,EMP00124,Barista,Intermediate,4,Available,No,44,2,2,0,Balanced
SHF0002362,SD008,Starbucks - San Diego Airport,Airport,2024-06-17,Monday,10:00,14:00,EMP00348,Barista,Intermediate,4,Available,No,65,3,3,0,Balanced
SHF0002363,SD008,Starbucks - San Diego Airport,Airport,2024-06-17,Monday,10:00,14:00,EMP00483,Barista,Intermediate,4,Available,No,53,2,3,1,Overstaffed
SHF0002364,SD008,Starbucks - San Diego Airport,Airport,2024-06-24,Monday,09:00,13:00,EMP00486,Barista,Intermediate,4,Available,No,85,4,6,2,Overstaffed
SHF0002365,SD008,Starbucks - San Diego Airport,Airport,2024-06-24,Monday,09:00,13:00,EMP00050,Shift Supervisor,Entry,4,Available,No,65,3,3,0,Balanced
SHF0002366,SD008,Starbucks - San Diego Airport,Airport,2024-06-24,Monday,06:00,10:00,EMP00421,Barista,Entry,4,Available,No,21,2,2,0,Balanced
SHF0002367,SD008,Starbucks - San Diego Airport,Airport,2024-06-24,Monday,06:00,10:00,EMP00419,Shift Supervisor,Entry,4,Available,No,26,2,2,0,Balanced
SHF0002368,SD008,Starbucks - San Diego Airport,Airport,2024-06-24,Monday,06:00,10:00,EMP00056,Barista,Entry,4,Available,No,29,2,3,1,Overstaffed
SHF0002369,SD008,Starbucks - San Diego Airport,Airport,2024-06-24,Monday,11:00,15:00,EMP00179,Barista,Intermediate,4,Available,No,50,2,2,0,Balanced
SHF0002370,SD008,Starbucks - San Diego Airport,Airport,2024-06-24,Monday,09:00,13:00,EMP00167,Barista,Entry,4,Available,No,77,3,3,0,Balanced
SHF0002371,SD008,Starbucks - San Diego Airport,Airport,2024-06-24,Monday,15:00,19:00,EMP00012,Lead Barista,Senior,4,Available,No,24,2,3,1,Overstaffed
SHF0002372,SD008,Starbucks - San Diego Airport,Airport,2024-07-01,Monday,09:00,13:00,EMP00113,Barista,Intermediate,4,Available,No,81,4,5,1,Overstaffed
SHF0002373,SD008,Starbucks - San Diego Airport,Airport,2024-07-01,Monday,11:00,15:00,EMP00117,Shift Supervisor,Intermediate,4,Available,No,47,2,1,-1,Understaffed
SHF0002374,SD008,Starbucks - San Diego Airport,Airport,2024-07-01,Monday,05:00,09:00,EMP00252,Barista,Intermediate,4,Available,No,45,2,1,-1,Understaffed
SHF0002375,SD008,Starbucks - San Diego Airport,Airport,2024-07-01,Monday,14:00,18:00,EMP00344,Barista,Intermediate,4,Available,No,30,2,2,0,Balanced
SHF0002376,SD008,Starbucks - San Diego Airport,Airport,2024-07-01,Monday,07:00,11:00,EMP00001,Barista,Entry,4,Available,No,71,3,3,0,Balanced
SHF0002377,SD008,Starbucks - San Diego Airport,Airport,2024-07-01,Monday,18:00,22:00,EMP00397,Barista,Intermediate,4,Available,No,41,2,3,1,Overstaffed
SHF0002378,SD008,Starbucks - San Diego Airport,Airport,2024-07-01,Monday,15:00,19:00,EMP00414,Barista,Entry,4,Available,No,42,2,1,-1,Understaffed
SHF0002379,SD008,Starbucks - San Diego Airport,Airport,2024-07-01,Monday,09:00,13:00,EMP00252,Barista,Entry,4,Available,No,80,4,4,0,Balanced
SHF0002380,SD008,Starbucks - San Diego Airport,Airport,2024-07-08,Monday,05:00,09:00,EMP00358,Barista,Entry,4,Available,No,39,2,2,0,Balanced
SHF0002381,SD008,Starbucks - San Diego Airport,Airport,2024-07-08,Monday,13:00,17:00,EMP00154,Barista,Entry,4,Available,No,35,2,2,0,Balanced
SHF0002382,SD008,Starbucks - San Diego Airport,Airport,2024-07-08,Monday,17:00,21:00,EMP00461,Barista,Entry,4,Available,No,41,2,3,1,Overstaffed
SHF0002383,SD008,Starbucks - San Diego Airport,Airport,2024-07-08,Monday,18:00,22:00,EMP00053,Barista,Entry,4,Available,No,22,2,2,0,Balanced
SHF0002384,SD008,Starbucks - San Diego Airport,Airport,2024-07-08,Monday,13:00,17:00,EMP00098,Barista,Entry,4,Available,No,35,2,1,-1,Understaffed
SHF0002385,SD008,Starbucks - San Diego Airport,Airport,2024-07-08,Monday,11:00,15:00,EMP00481,Barista,Entry,4,Available,No,48,2,2,0,Balanced
SHF0002386,SD008,Starbucks - San Diego Airport,Airport,2024-07-08,Monday,15:00,19:00,EMP00460,Barista,Entry,4,Available,No,44,2,2,0,Balanced
SHF0002387,SD008,Starbucks - San Diego Airport,Airport,2024-07-08,Monday,18:00,22:00,EMP00471,Lead Barista,Entry,4,Available,No,41,2,2,0,Balanced
SHF0002388,SD008,Starbucks - San Diego Airport,Airport,2024-07-08,Monday,11:00,15:00,EMP00353,Barista,Entry,4,Available,No,57,2,3,1,Overstaffed
SHF0002389,SD008,Starbucks - San Diego Airport,Airport,2024-07-08,Monday,17:00,21:00,EMP00053,Barista,Intermediate,4,Available,No,20,2,2,0,Balanced
SHF0002390,SD008,Starbucks - San Diego Airport,Airport,2024-07-08,Monday,07:00,11:00,EMP00392,Shift Supervisor,Intermediate,4,Available,No,79,3,3,0,Balanced
SHF0002391,SD008,Starbucks - San Diego Airport,Airport,2024-07-08,Monday,14:00,18:00,EMP00058,Barista,Senior,4,Available,No,41,2,2,0,Balanced
SHF0002392,SD008,Starbucks - San Diego Airport,Airport,2024-07-15,Monday,13:00,17:00,EMP00213,Lead Barista,Senior,4,Available,No,49,2,1,-1,Understaffed
SHF0002393,SD008,Starbucks - San Diego Airport,Airport,2024-07-15,Monday,05:00,09:00,EMP00347,Barista,Entry,4,Available,No,23,2,2,0,Balanced
SHF0002394,SD008,Starbucks - San Diego Airport,Airport,2024-07-15,Monday,07:00,11:00,EMP00044,Lead Barista,Entry,4,Available,No,88,4,4,0,Balanced
SHF0002395,SD008,Starbucks - San Diego Airport,Airport,2024-07-15,Monday,11:00,15:00,EMP00469,Shift Supervisor,Intermediate,4,Available,No,53,2,2,0,Balanced
SHF0002396,SD008,Starbucks - San Diego Airport,Airport,2024-07-15,Monday,09:00,13:00,EMP00183,Barista,Intermediate,4,Available,No,60,3,1,-2,Understaffed
SHF0002397,SD008,Starbucks - San Diego Airport,Airport,2024-07-15,Monday,14:00,18:00,EMP00181,Shift Supervisor,Entry,4,Available,No,24,2,3,1,Overstaffed
SHF0002398,SD008,Starbucks - San Diego Airport,Airport,2024-07-15,Monday,09:00,13:00,EMP00440,Barista,Intermediate,4,Available,No,79,3,3,0,Balanced
SHF0002399,SD008,Starbucks - San Diego Airport,Airport,2024-07-15,Monday,10:00,14:00,EMP00226,Barista,Entry,4,Available,No,40,2,3,1,Overstaffed
SHF0002400,SD008,Starbucks - San Diego Airport,Airport,2024-07-15,Monday,05:00,09:00,EMP00389,Shift Supervisor,Intermediate,4,Available,No,36,2,2,0,Balanced
SHF0002401,SD008,Starbucks - San Diego Airport,Airport,2024-07-15,Monday,05:00,09:00,EMP00107,Barista,Intermediate,4,Available,No,26,2,1,-1,Understaffed
SHF0002402,SD008,Starbucks - San Diego Airport,Airport,2024-07-15,Monday,14:00,18:00,EMP00435,Barista,Entry,4,Available,No,31,2,1,-1,Understaffed
SHF0002403,SD008,Starbucks - San Diego Airport,Airport,2024-07-22,Monday,15:00,19:00,EMP00116,Barista,Entry,4,Available,No,21,2,2,0,Balanced
SHF0002404,SD008,Starbucks - San Diego Airport,Airport,2024-07-22,Monday,11:00,15:00,EMP00412,Barista,Entry,4,Available,No,63,3,3,0,Balanced
SHF0002405,SD008,Starbucks - San Diego Airport,Airport,2024-07-22,Monday,09:00,13:00,EMP00163,Barista,Senior,4,Available,No,66,3,3,0,Balanced
SHF0002406,SD008,Starbucks - San Diego Airport,Airport,2024-07-22,Monday,11:00,15:00,EMP00314,Barista,Intermediate,4,Available,No,59,2,4,2,Overstaffed
SHF0002407,SD008,Starbucks - San Diego Airport,Airport,2024-07-22,Monday,07:00,11:00,EMP00031,Barista,Senior,4,Available,No,90,4,4,0,Balanced
SHF0002408,SD008,Starbucks - San Diego Airport,Airport,2024-07-22,Monday,11:00,15:00,EMP00439,Barista,Intermediate,4,Available,No,40,2,2,0,Balanced
SHF0002409,SD008,Starbucks - San Diego Airport,Airport,2024-07-22,Monday,14:00,18:00,EMP00240,Barista,Entry,4,Available,No,32,2,2,0,Balanced
SHF0002410,SD008,Starbucks - San Diego Airport,Airport,2024-07-22,Monday,15:00,19:00,EMP00169,Shift Supervisor,Intermediate,4,Available,No,28,2,2,0,Balanced
SHF0002411,SD008,Starbucks - San Diego Airport,Airport,2024-07-22,Monday,11:00,15:00,EMP00340,Lead Barista,Intermediate,4,Available,No,38,2,2,0,Balanced
SHF0002412,SD008,Starbucks - San Diego Airport,Airport,2024-07-22,Monday,07:00,11:00,EMP00470,Barista,Entry,4,Available,No,64,3,3,0,Balanced
SHF0002413,SD008,Starbucks - San Diego Airport,Airport,2024-07-22,Monday,14:00,18:00,EMP00124,Barista,Entry,4,Available,No,42,2,2,0,Balanced
SHF0002414,SD009,Starbucks - Del Mar Plaza,Del Mar,2024-01-01,Monday,05:00,09:00,EMP00428,Shift Supervisor,Entry,4,Available,No,36,2,2,0,Balanced
SHF0002415,SD009,Starbucks - Del Mar Plaza,Del Mar,2024-01-01,Monday,06:00,10:00,EMP00325,Barista,Entry,4,Available,No,29,2,2,0,Balanced
SHF0002416,SD009,Starbucks - Del Mar Plaza,Del Mar,2024-01-01,Monday,11:00,15:00,EMP00170,Barista,Entry,4,Available,No,45,2,2,0,Balanced
SHF0002417,SD009,Starbucks - Del Mar Plaza,Del Mar,2024-01-01,Monday,07:00,11:00,EMP00369,Shift Supervisor,Entry,4,Available,No,58,2,1,-1,Understaffed
SHF0002418,SD009,Starbucks - Del Mar Plaza,Del Mar,2024-01-01,Monday,05:00,09:00,EMP00195,Barista,Senior,4,Available,No,43,2,1,-1,Understaffed
SHF0002419,SD009,Starbucks - Del Mar Plaza,Del Mar,2024-01-01,Monday,15:00,19:00,EMP00278,Barista,Intermediate,4,Available,No,45,2,2,0,Balanced
SHF0002420,SD009,Starbucks - Del Mar Plaza,Del Mar,2024-01-01,Monday,17:00,21:00,EMP00422,Barista,Senior,4,Available,No,45,2,3,1,Overstaffed
SHF0002421,SD009,Starbucks - Del Mar Plaza,Del Mar,2024-01-01,Monday,17:00,21:00,EMP00180,Barista,Entry,4,Available,No,43,2,2,0,Balanced
SHF0002422,SD009,Starbucks - Del Mar Plaza,Del Mar,2024-01-08,Monday,07:00,11:00,EMP00121,Shift Supervisor,Senior,4,Available,No,88,4,3,-1,Understaffed
SHF0002423,SD009,Starbucks - Del Mar Plaza,Del Mar,2024-01-08,Monday,05:00,09:00,EMP00159,Barista,Intermediate,4,Available,No,36,2,1,-1,Understaffed
SHF0002424,SD009,Starbucks - Del Mar Plaza,Del Mar,2024-01-08,Monday,14:00,18:00,EMP00309,Barista,Intermediate,4,Available,No,33,2,2,0,Balanced
SHF0002425,SD009,Starbucks - Del Mar Plaza,Del Mar,2024-01-08,Monday,07:00,11:00,EMP00085,Barista,Intermediate,4,Available,No,66,3,3,0,Balanced
SHF0002426,SD009,Starbucks - Del Mar Plaza,Del Mar,2024-01-08,Monday,17:00,21:00,EMP00061,Shift Supervisor,Entry,4,Available,No,27,2,2,0,Balanced
SHF0002427,SD009,Starbucks - Del Mar Plaza,Del Mar,2024-01-08,Monday,18:00,22:00,EMP00403,Barista,Senior,4,Available,No,20,2,1,-1,Understaffed
SHF0002428,SD009,Starbucks - Del Mar Plaza,Del Mar,2024-01-08,Monday,14:00,18:00,EMP00267,Barista,Intermediate,4,Available,No,34,2,1,-1,Understaffed
SHF0002429,SD009,Starbucks - Del Mar Plaza,Del Mar,2024-01-08,Monday,07:00,11:00,EMP00402,Barista,Intermediate,4,Available,No,59,2,2,0,Balanced
SHF0002430,SD009,Starbucks - Del Mar Plaza,Del Mar,2024-01-08,Monday,06:00,10:00,EMP00306,Barista,Entry,4,Available,No,43,2,2,0,Balanced
SHF0002431,SD009,Starbucks - Del Mar Plaza,Del Mar,2024-01-08,Monday,10:00,14:00,EMP00110,Barista,Intermediate,4,Available,No,59,2,2,0,Balanced
SHF0002432,SD009,Starbucks - Del Mar Plaza,Del Mar,2024-01-08,Monday,11:00,15:00,EMP00048,Barista,Entry,4,Available,No,49,2,2,0,Balanced
SHF0002433,SD009,Starbucks - Del Mar Plaza,Del Mar,2024-01-08,Monday,10:00,14:00,EMP00217,Barista,Senior,4,Available,No,62,3,3,0,Balanced
SHF0002434,SD009,Starbucks - Del Mar Plaza,Del Mar,2024-01-15,Monday,10:00,14:00,EMP00337,Barista,Entry,4,Available,No,48,2,2,0,Balanced
SHF0002435,SD009,Starbucks - Del Mar Plaza,Del Mar,2024-01-15,Monday,05:00,09:00,EMP00218,Barista,Intermediate,4,Available,No,42,2,1,-1,Understaffed
SHF0002436,SD009,Starbucks - Del Mar Plaza,Del Mar,2024-01-15,Monday,14:00,18:00,EMP00419,Barista,Intermediate,4,Available,No,28,2,2,0,Balanced
SHF0002437,SD009,Starbucks - Del Mar Plaza,Del Mar,2024-01-15,Monday,07:00,11:00,EMP00243,Barista,Entry,4,Available,No,87,4,2,-2,Understaffed
SHF0002438,SD009,Starbucks - Del Mar Plaza,Del Mar,2024-01-15,Monday,07:00,11:00,EMP00028,Barista,Entry,4,Available,No,79,3,3,0,Balanced
SHF0002439,SD009,Starbucks - Del Mar Plaza,Del Mar,2024-01-15,Monday,09:00,13:00,EMP00068,Barista,Entry,4,Available,No,87,4,2,-2,Understaffed
SHF0002440,SD009,Starbucks - Del Mar Plaza,Del Mar,2024-01-15,Monday,10:00,14:00,EMP00347,Barista,Entry,4,Available,No,47,2,2,0,Balanced
SHF0002441,SD009,Starbucks - Del Mar Plaza,Del Mar,2024-01-15,Monday,14:00,18:00,EMP00273,Barista,Intermediate,4,Available,No,32,2,4,2,Overstaffed
SHF0002442,SD009,Starbucks - Del Mar Plaza,Del Mar,2024-01-15,Monday,17:00,21:00,EMP00087,Lead Barista,Entry,4,Available,No,34,2,1,-1,Understaffed
SHF0002443,SD009,Starbucks - Del Mar Plaza,Del Mar,2024-01-15,Monday,07:00,11:00,EMP00095,Shift Supervisor,Entry,4,Available,No,76,3,5,2,Overstaffed
SHF0002444,SD009,Starbucks - Del Mar Plaza,Del Mar,2024-01-15,Monday,05:00,09:00,EMP00070,Barista,Entry,4,Available,No,28,2,4,2,Overstaffed
SHF0002445,SD009,Starbucks - Del Mar Plaza,Del Mar,2024-01-15,Monday,10:00,14:00,EMP00149,Barista,Entry,4,Available,No,60,3,3,0,Balanced
SHF0002446,SD009,Starbucks - Del Mar Plaza,Del Mar,2024-01-22,Monday,09:00,13:00,EMP00472,Barista,Entry,4,Available,No,74,3,3,0,Balanced
SHF0002447,SD009,Starbucks - Del Mar Plaza,Del Mar,2024-01-22,Monday,18:00,22:00,EMP00329,Lead Barista,Intermediate,4,Available,No,31,2,2,0,Balanced
SHF0002448,SD009,Starbucks - Del Mar Plaza,Del Mar,2024-01-22,Monday,11:00,15:00,EMP00330,Barista,Entry,4,Available,No,59,2,2,0,Balanced
SHF0002449,SD009,Starbucks - Del Mar Plaza,Del Mar,2024-01-22,Monday,10:00,14:00,EMP00493,Lead Barista,Intermediate,4,Available,No,46,2,3,1,Overstaffed
SHF0002450,SD009,Starbucks - Del Mar Plaza,Del Mar,2024-01-22,Monday,09:00,13:00,EMP00336,Barista,Intermediate,4,Available,No,85,4,4,0,Balanced
SHF0002451,SD009,Starbucks - Del Mar Plaza,Del Mar,2024-01-22,Monday,11:00,15:00,EMP00361,Barista,Intermediate,4,Available,No,49,2,2,0,Balanced
SHF0002452,SD009,Starbucks - Del Mar Plaza,Del Mar,2024-01-22,Monday,11:00,15:00,EMP00018,Barista,Intermediate,4,Available,No,62,3,3,0,Balanced
SHF0002453,SD009,Starbucks - Del Mar Plaza,Del Mar,2024-01-22,Monday,10:00,14:00,EMP00114,Barista,Entry,4,Available,No,64,3,4,1,Overstaffed
SHF0002454,SD009,Starbucks - Del Mar Plaza,Del Mar,2024-01-22,Monday,15:00,19:00,EMP00198,Barista,Intermediate,4,Available,No,35,2,2,0,Balanced
SHF0002455,SD009,Starbucks - Del Mar Plaza,Del Mar,2024-01-22,Monday,05:00,09:00,EMP00202,Barista,Intermediate,4,Available,No,27,2,2,0,Balanced
SHF0002456,SD009,Starbucks - Del Mar Plaza,Del Mar,2024-01-22,Monday,06:00,10:00,EMP00263,Barista,Intermediate,4,Available,No,43,2,2,0,Balanced
SHF0002457,SD009,Starbucks - Del Mar Plaza,Del Mar,2024-01-22,Monday,05:00,09:00,EMP00257,Barista,Entry,4,Available,No,27,2,2,0,Balanced
SHF0002458,SD009,Starbucks - Del Mar Plaza,Del Mar,2024-01-29,Monday,17:00,21:00,EMP00175,Barista,Entry,4,Available,No,23,2,2,0,Balanced
SHF0002459,SD009,Starbucks - Del Mar Plaza,Del Mar,2024-01-29,Monday,14:00,18:00,EMP00102,Barista,Senior,4,Available,No,43,2,4,2,Overstaffed
SHF0002460,SD009,Starbucks - Del Mar Plaza,Del Mar,2024-01-29,Monday,11:00,15:00,EMP00214,Barista,Intermediate,4,Available,No,54,2,2,0,Balanced
SHF0002461,SD009,Starbucks - Del Mar Plaza,Del Mar,2024-01-29,Monday,05:00,09:00,EMP00009,Barista,Intermediate,4,Available,No,29,2,1,-1,Understaffed
SHF0002462,SD009,Starbucks - Del Mar Plaza,Del Mar,2024-01-29,Monday,15:00,19:00,EMP00184,Lead Barista,Entry,4,Available,No,21,2,4,2,Overstaffed
SHF0002463,SD009,Starbucks - Del Mar Plaza,Del Mar,2024-01-29,Monday,05:00,09:00,EMP00364,Barista,Senior,4,Available,No,34,2,2,0,Balanced
SHF0002464,SD009,Starbucks - Del Mar Plaza,Del Mar,2024-01-29,Monday,10:00,14:00,EMP00020,Barista,Senior,4,Available,No,62,3,1,-2,Understaffed
SHF0002465,SD009,Starbucks - Del Mar Plaza,Del Mar,2024-01-29,Monday,13:00,17:00,EMP00147,Barista,Senior,4,Available,No,55,2,2,0,Balanced
SHF0002466,SD009,Starbucks - Del Mar Plaza,Del Mar,2024-01-29,Monday,05:00,09:00,EMP00495,Barista,Senior,4,Available,No,34,2,2,0,Balanced
SHF0002467,SD009,Starbucks - Del Mar Plaza,Del Mar,2024-01-29,Monday,11:00,15:00,EMP00028,Barista,Intermediate,4,Available,No,48,2,1,-1,Understaffed
SHF0002468,SD009,Starbucks - Del Mar Plaza,Del Mar,2024-02-05,Monday,13:00,17:00,EMP00164,Shift Supervisor,Intermediate,4,Available,No,50,2,2,0,Balanced
SHF0002469,SD009,Starbucks - Del Mar Plaza,Del Mar,2024-02-05,Monday,14:00,18:00,EMP00429,Barista,Intermediate,4,Available,No,40,2,2,0,Balanced
SHF0002470,SD009,Starbucks - Del Mar Plaza,Del Mar,2024-02-05,Monday,07:00,11:00,EMP00151,Shift Supervisor,Intermediate,4,Available,No,61,3,3,0,Balanced
SHF0002471,SD009,Starbucks - Del Mar Plaza,Del Mar,2024-02-05,Monday,10:00,14:00,EMP00317,Barista,Intermediate,4,Available,No,37,2,2,0,Balanced
SHF0002472,SD009,Starbucks - Del Mar Plaza,Del Mar,2024-02-05,Monday,13:00,17:00,EMP00377,Barista,Intermediate,4,Available,No,41,2,2,0,Balanced
SHF0002473,SD009,Starbucks - Del Mar Plaza,Del Mar,2024-02-05,Monday,15:00,19:00,EMP00459,Barista,Intermediate,4,Available,No,37,2,2,0,Balanced
SHF0002474,SD009,Starbucks - Del Mar Plaza,Del Mar,2024-02-05,Monday,10:00,14:00,EMP00013,Barista,Intermediate,4,Available,No,58,2,2,0,Balanced
SHF0002475,SD009,Starbucks - Del Mar Plaza,Del Mar,2024-02-05,Monday,09:00,13:00,EMP00103,Barista,Entry,4,Available,No,55,2,2,0,Balanced
SHF0002476,SD009,Starbucks - Del Mar Plaza,Del Mar,2024-02-05,Monday,10:00,14:00,EMP00274,Barista,Entry,4,Available,No,41,2,2,0,Balanced
SHF0002477,SD009,Starbucks - Del Mar Plaza,Del Mar,2024-02-05,Monday,14:00,18:00,EMP00416,Barista,Senior,4,Available,No,43,2,2,0,Balanced
SHF0002478,SD009,Starbucks - Del Mar Plaza,Del Mar,2024-02-05,Monday,10:00,14:00,EMP00018,Shift Supervisor,Entry,4,Available,No,44,2,2,0,Balanced
SHF0002479,SD009,Starbucks - Del Mar Plaza,Del Mar,2024-02-12,Monday,06:00,10:00,EMP00350,Barista,Intermediate,4,Available,No,21,2,2,0,Balanced
SHF0002480,SD009,Starbucks - Del Mar Plaza,Del Mar,2024-02-12,Monday,15:00,19:00,EMP00265,Barista,Entry,4,Available,No,39,2,2,0,Balanced
SHF0002481,SD009,Starbucks - Del Mar Plaza,Del Mar,2024-02-12,Monday,05:00,09:00,EMP00124,Barista,Entry,4,Available,No,21,2,2,0,Balanced
SHF0002482,SD009,Starbucks - Del Mar Plaza,Del Mar,2024-02-12,Monday,17:00,21:00,EMP00456,Barista,Entry,4,Available,No,26,2,2,0,Balanced
SHF0002483,SD009,Starbucks - Del Mar Plaza,Del Mar,2024-02-12,Monday,11:00,15:00,EMP00307,Lead Barista,Entry,4,Available,No,45,2,1,-1,Understaffed
SHF0002484,SD009,Starbucks - Del Mar Plaza,Del Mar,2024-02-12,Monday,09:00,13:00,EMP00170,Shift Supervisor,Senior,4,Available,No,74,3,3,0,Balanced
SHF0002485,SD009,Starbucks - Del Mar Plaza,Del Mar,2024-02-12,Monday,07:00,11:00,EMP00132,Barista,Intermediate,4,Available,No,90,4,2,-2,Understaffed
SHF0002486,SD009,Starbucks - Del Mar Plaza,Del Mar,2024-02-12,Monday,15:00,19:00,EMP00267,Barista,Intermediate,4,Available,No,24,2,1,-1,Understaffed
SHF0002487,SD009,Starbucks - Del Mar Plaza,Del Mar,2024-02-12,Monday,11:00,15:00,EMP00450,Shift Supervisor,Entry,4,Available,No,59,2,2,0,Balanced
SHF0002488,SD009,Starbucks - Del Mar Plaza,Del Mar,2024-02-12,Monday,15:00,19:00,EMP00383,Barista,Intermediate,4,Available,No,32,2,1,-1,Understaffed
SHF0002489,SD009,Starbucks - Del Mar Plaza,Del Mar,2024-02-12,Monday,10:00,14:00,EMP00079,Barista,Intermediate,4,Available,No,52,2,2,0,Balanced
SHF0002490,SD009,Starbucks - Del Mar Plaza,Del Mar,2024-02-19,Monday,15:00,19:00,EMP00091,Barista,Intermediate,4,Available,No,37,2,3,1,Overstaffed
SHF0002491,SD009,Starbucks - Del Mar Plaza,Del Mar,2024-02-19,Monday,11:00,15:00,EMP00212,Barista,Intermediate,4,Available,No,42,2,2,0,Balanced
SHF0002492,SD009,Starbucks - Del Mar Plaza,Del Mar,2024-02-19,Monday,13:00,17:00,EMP00160,Shift Supervisor,Senior,4,Available,No,65,3,3,0,Balanced
SHF0002493,SD009,Starbucks - Del Mar Plaza,Del Mar,2024-02-19,Monday,14:00,18:00,EMP00494,Barista,Intermediate,4,Available,No,44,2,2,0,Balanced
SHF0002494,SD009,Starbucks - Del Mar Plaza,Del Mar,2024-02-19,Monday,18:00,22:00,EMP00335,Barista,Entry,4,Available,No,36,2,2,0,Balanced
SHF0002495,SD009,Starbucks - Del Mar Plaza,Del Mar,2024-02-19,Monday,05:00,09:00,EMP00476,Barista,Entry,4,Available,No,42,2,4,2,Overstaffed
SHF0002496,SD009,Starbucks - Del Mar Plaza,Del Mar,2024-02-19,Monday,06:00,10:00,EMP00276,Barista,Intermediate,4,Available,No,34,2,2,0,Balanced
SHF0002497,SD009,Starbucks - Del Mar Plaza,Del Mar,2024-02-19,Monday,14:00,18:00,EMP00273,Barista,Entry,4,Available,No,23,2,4,2,Overstaffed
SHF0002498,SD009,Starbucks - Del Mar Plaza,Del Mar,2024-02-19,Monday,05:00,09:00,EMP00283,Barista,Entry,4,Available,No,20,2,2,0,Balanced
SHF0002499,SD009,Starbucks - Del Mar Plaza,Del Mar,2024-02-19,Monday,07:00,11:00,EMP00235,Lead Barista,Intermediate,4,Available,No,55,2,1,-1,Understaffed
SHF0002500,SD009,Starbucks - Del Mar Plaza,Del Mar,2024-02-19,Monday,15:00,19:00,EMP00086,Shift Supervisor,Intermediate,4,Available,No,35,2,2,0,Balanced
SHF0002501,SD009,Starbucks - Del Mar Plaza,Del Mar,2024-02-19,Monday,11:00,15:00,EMP00139,Lead Barista,Intermediate,4,Available,No,37,2,2,0,Balanced
SHF0002502,SD009,Starbucks - Del Mar Plaza,Del Mar,2024-02-26,Monday,17:00,21:00,EMP00300,Barista,Intermediate,4,Available,No,44,2,2,0,Balanced
SHF0002503,SD009,Starbucks - Del Mar Plaza,Del Mar,2024-02-26,Monday,11:00,15:00,EMP00073,Barista,Senior,4,Available,No,39,2,2,0,Balanced
SHF0002504,SD009,Starbucks - Del Mar Plaza,Del Mar,2024-02-26,Monday,13:00,17:00,EMP00438,Lead Barista,Intermediate,4,Available,No,46,2,2,0,Balanced
SHF0002505,SD009,Starbucks - Del Mar Plaza,Del Mar,2024-02-26,Monday,17:00,21:00,EMP00276,Shift Supervisor,Intermediate,4,Available,No,40,2,1,-1,Understaffed
SHF0002506,SD009,Starbucks - Del Mar Plaza,Del Mar,2024-02-26,Monday,14:00,18:00,EMP00418,Barista,Entry,4,Available,No,31,2,1,-1,Understaffed
SHF0002507,SD009,Starbucks - Del Mar Plaza,Del Mar,2024-02-26,Monday,05:00,09:00,EMP00177,Barista,Entry,4,Available,No,38,2,1,-1,Understaffed
SHF0002508,SD009,Starbucks - Del Mar Plaza,Del Mar,2024-02-26,Monday,13:00,17:00,EMP00139,Barista,Intermediate,4,Available,No,61,3,4,1,Overstaffed
SHF0002509,SD009,Starbucks - Del Mar Plaza,Del Mar,2024-02-26,Monday,13:00,17:00,EMP00130,Shift Supervisor,Senior,4,Available,No,38,2,1,-1,Understaffed
SHF0002510,SD009,Starbucks - Del Mar Plaza,Del Mar,2024-03-04,Monday,05:00,09:00,EMP00262,Barista,Senior,4,Available,No,20,2,1,-1,Understaffed
SHF0002511,SD009,Starbucks - Del Mar Plaza,Del Mar,2024-03-04,Monday,06:00,10:00,EMP00384,Barista,Senior,4,Available,No,42,2,1,-1,Understaffed
SHF0002512,SD009,Starbucks - Del Mar Plaza,Del Mar,2024-03-04,Monday,05:00,09:00,EMP00377,Barista,Intermediate,4,Available,No,32,2,2,0,Balanced
SHF0002513,SD009,Starbucks - Del Mar Plaza,Del Mar,2024-03-04,Monday,06:00,10:00,EMP00215,Barista,Intermediate,4,Available,No,44,2,4,2,Overstaffed
SHF0002514,SD009,Starbucks - Del Mar Plaza,Del Mar,2024-03-04,Monday,05:00,09:00,EMP00071,Barista,Intermediate,4,Available,No,24,2,4,2,Overstaffed
SHF0002515,SD009,Starbucks - Del Mar Plaza,Del Mar,2024-03-04,Monday,17:00,21:00,EMP00020,Barista,Senior,4,Available,No,32,2,1,-1,Understaffed
SHF0002516,SD009,Starbucks - Del Mar Plaza,Del Mar,2024-03-04,Monday,11:00,15:00,EMP00058,Barista,Intermediate,4,Available,No,50,2,2,0,Balanced
SHF0002517,SD009,Starbucks - Del Mar Plaza,Del Mar,2024-03-04,Monday,10:00,14:00,EMP00285,Shift Supervisor,Entry,4,Available,No,58,2,2,0,Balanced
SHF0002518,SD009,Starbucks - Del Mar Plaza,Del Mar,2024-03-04,Monday,06:00,10:00,EMP00408,Barista,Intermediate,4,Available,No,22,2,2,0,Balanced
SHF0002519,SD009,Starbucks - Del Mar Plaza,Del Mar,2024-03-11,Monday,17:00,21:00,EMP00404,Shift Supervisor,Entry,4,Available,No,35,2,4,2,Overstaffed
SHF0002520,SD009,Starbucks - Del Mar Plaza,Del Mar,2024-03-11,Monday,05:00,09:00,EMP00122,Lead Barista,Entry,4,Available,No,26,2,1,-1,Understaffed
SHF0002521,SD009,Starbucks - Del Mar Plaza,Del Mar,2024-03-11,Monday,09:00,13:00,EMP00384,Barista,Intermediate,4,Available,No,62,3,5,2,Overstaffed
SHF0002522,SD009,Starbucks - Del Mar Plaza,Del Mar,2024-03-11,Monday,17:00,21:00,EMP00360,Barista,Intermediate,4,Available,No,20,2,4,2,Overstaffed
SHF0002523,SD009,Starbucks - Del Mar Plaza,Del Mar,2024-03-11,Monday,07:00,11:00,EMP00351,Barista,Entry,4,Available,No,67,3,3,0,Balanced
SHF0002524,SD009,Starbucks - Del Mar Plaza,Del Mar,2024-03-11,Monday,14:00,18:00,EMP00035,Barista,Entry,4,Available,No,42,2,2,0,Balanced
SHF0002525,SD009,Starbucks - Del Mar Plaza,Del Mar,2024-03-11,Monday,05:00,09:00,EMP00326,Barista,Intermediate,4,Available,No,33,2,1,-1,Understaffed
SHF0002526,SD009,Starbucks - Del Mar Plaza,Del Mar,2024-03-11,Monday,17:00,21:00,EMP00026,Barista,Senior,4,Available,No,34,2,2,0,Balanced
SHF0002527,SD009,Starbucks - Del Mar Plaza,Del Mar,2024-03-11,Monday,11:00,15:00,EMP00357,Shift Supervisor,Senior,4,Available,No,65,3,3,0,Balanced
SHF0002528,SD009,Starbucks - Del Mar Plaza,Del Mar,2024-03-18,Monday,17:00,21:00,EMP00048,Barista,Entry,4,Available,No,25,2,2,0,Balanced
SHF0002529,SD009,Starbucks - Del Mar Plaza,Del Mar,2024-03-18,Monday,10:00,14:00,EMP00132,Shift Supervisor,Entry,4,Available,No,38,2,1,-1,Understaffed
SHF0002530,SD009,Starbucks - Del Mar Plaza,Del Mar,2024-03-18,Monday,06:00,10:00,EMP00334,Barista,Entry,4,Available,No,30,2,3,1,Overstaffed
SHF0002531,SD009,Starbucks - Del Mar Plaza,Del Mar,2024-03-18,Monday,10:00,14:00,EMP00105,Lead Barista,Entry,4,Available,No,40,2,2,0,Balanced
SHF0002532,SD009,Starbucks - Del Mar Plaza,Del Mar,2024-03-18,Monday,07:00,11:00,EMP00452,Barista,Entry,4,Available,No,65,3,3,0,Balanced
SHF0002533,SD009,Starbucks - Del Mar Plaza,Del Mar,2024-03-18,Monday,07:00,11:00,EMP00265,Barista,Entry,4,Available,No,75,3,3,0,Balanced
SHF0002534,SD009,Starbucks - Del Mar Plaza,Del Mar,2024-03-18,Monday,05:00,09:00,EMP00057,Barista,Entry,4,Available,No,35,2,2,0,Balanced
SHF0002535,SD009,Starbucks - Del Mar Plaza,Del Mar,2024-03-18,Monday,18:00,22:00,EMP00165,Barista,Intermediate,4,Available,No,41,2,4,2,Overstaffed
SHF0002536,SD009,Starbucks - Del Mar Plaza,Del Mar,2024-03-18,Monday,11:00,15:00,EMP00033,Barista,Entry,4,Available,No,54,2,2,0,Balanced
SHF0002537,SD009,Starbucks - Del Mar Plaza,Del Mar,2024-03-18,Monday,18:00,22:00,EMP00176,Barista,Intermediate,4,Available,No,32,2,2,0,Balanced
SHF0002538,SD009,Starbucks - Del Mar Plaza,Del Mar,2024-03-25,Monday,14:00,18:00,EMP00429,Barista,Entry,4,Available,No,32,2,4,2,Overstaffed
SHF0002539,SD009,Starbucks - Del Mar Plaza,Del Mar,2024-03-25,Monday,18:00,22:00,EMP00235,Barista,Intermediate,4,Available,No,29,2,3,1,Overstaffed
SHF0002540,SD009,Starbucks - Del Mar Plaza,Del Mar,2024-03-25,Monday,18:00,22:00,EMP00206,Shift Supervisor,Senior,4,Available,No,36,2,2,0,Balanced
SHF0002541,SD009,Starbucks - Del Mar Plaza,Del Mar,2024-03-25,Monday,11:00,15:00,EMP00139,Barista,Intermediate,4,Available,No,58,2,2,0,Balanced
SHF0002542,SD009,Starbucks - Del Mar Plaza,Del Mar,2024-03-25,Monday,13:00,17:00,EMP00242,Shift Supervisor,Senior,4,Available,No,59,2,2,0,Balanced
SHF0002543,SD009,Starbucks - Del Mar Plaza,Del Mar,2024-03-25,Monday,06:00,10:00,EMP00232,Barista,Senior,4,Available,No,24,2,1,-1,Understaffed
SHF0002544,SD009,Starbucks - Del Mar Plaza,Del Mar,2024-03-25,Monday,17:00,21:00,EMP00226,Shift Supervisor,Entry,4,Available,No,21,2,3,1,Overstaffed
SHF0002545,SD009,Starbucks - Del Mar Plaza,Del Mar,2024-03-25,Monday,18:00,22:00,EMP00310,Barista,Entry,4,Available,No,37,2,2,0,Balanced
SHF0002546,SD009,Starbucks - Del Mar Plaza,Del Mar,2024-03-25,Monday,18:00,22:00,EMP00199,Barista,Senior,4,Available,No,41,2,2,0,Balanced
SHF0002547,SD009,Starbucks - Del Mar Plaza,Del Mar,2024-03-25,Monday,07:00,11:00,EMP00229,Barista,Intermediate,4,Available,No,69,3,2,-1,Understaffed
SHF0002548,SD009,Starbucks - Del Mar Plaza,Del Mar,2024-04-01,Monday,13:00,17:00,EMP00500,Barista,Senior,4,Available,No,54,2,2,0,Balanced
SHF0002549,SD009,Starbucks - Del Mar Plaza,Del Mar,2024-04-01,Monday,05:00,09:00,EMP00029,Barista,Entry,4,Available,No,38,2,1,-1,Understaffed
SHF0002550,SD009,Starbucks - Del Mar Plaza,Del Mar,2024-04-01,Monday,05:00,09:00,EMP00462,Barista,Senior,4,Available,No,34,2,2,0,Balanced
SHF0002551,SD009,Starbucks - Del Mar Plaza,Del Mar,2024-04-01,Monday,14:00,18:00,EMP00460,Barista,Entry,4,Available,No,21,2,1,-1,Understaffed
SHF0002552,SD009,Starbucks - Del Mar Plaza,Del Mar,2024-04-01,Monday,06:00,10:00,EMP00264,Barista,Intermediate,4,Available,No,26,2,2,0,Balanced
SHF0002553,SD009,Starbucks - Del Mar Plaza,Del Mar,2024-04-01,Monday,14:00,18:00,EMP00102,Barista,Intermediate,4,Available,No,33,2,2,0,Balanced
SHF0002554,SD009,Starbucks - Del Mar Plaza,Del Mar,2024-04-01,Monday,06:00,10:00,EMP00306,Barista,Entry,4,Available,No,29,2,2,0,Balanced
SHF0002555,SD009,Starbucks - Del Mar Plaza,Del Mar,2024-04-01,Monday,07:00,11:00,EMP00347,Barista,Entry,4,Available,No,68,3,1,-2,Understaffed
SHF0002556,SD009,Starbucks - Del Mar Plaza,Del Mar,2024-04-01,Monday,14:00,18:00,EMP00376,Barista,Entry,4,Available,No,32,2,2,0,Balanced
SHF0002557,SD009,Starbucks - Del Mar Plaza,Del Mar,2024-04-01,Monday,18:00,22:00,EMP00171,Barista,Entry,4,Available,No,20,2,2,0,Balanced
SHF0002558,SD009,Starbucks - Del Mar Plaza,Del Mar,2024-04-01,Monday,17:00,21:00,EMP00407,Barista,Intermediate,4,Available,No,35,2,2,0,Balanced
SHF0002559,SD009,Starbucks - Del Mar Plaza,Del Mar,2024-04-01,Monday,11:00,15:00,EMP00206,Lead Barista,Senior,4,Available,No,63,3,3,0,Balanced
SHF0002560,SD009,Starbucks - Del Mar Plaza,Del Mar,2024-04-08,Monday,15:00,19:00,EMP00088,Barista,Intermediate,4,Available,No,20,2,4,2,Overstaffed
SHF0002561,SD009,Starbucks - Del Mar Plaza,Del Mar,2024-04-08,Monday,11:00,15:00,EMP00451,Barista,Intermediate,4,Available,No,37,2,3,1,Overstaffed
SHF0002562,SD009,Starbucks - Del Mar Plaza,Del Mar,2024-04-08,Monday,05:00,09:00,EMP00285,Barista,Senior,4,Available,No,40,2,4,2,Overstaffed
SHF0002563,SD009,Starbucks - Del Mar Plaza,Del Mar,2024-04-08,Monday,11:00,15:00,EMP00432,Barista,Senior,4,Called Out,Yes,48,2,2,0,Balanced
SHF0002564,SD009,Starbucks - Del Mar Plaza,Del Mar,2024-04-08,Monday,15:00,19:00,EMP00285,Barista,Intermediate,4,Available,No,20,2,2,0,Balanced
SHF0002565,SD009,Starbucks - Del Mar Plaza,Del Mar,2024-04-08,Monday,15:00,19:00,EMP00036,Barista,Entry,4,Available,No,21,2,2,0,Balanced
SHF0002566,SD009,Starbucks - Del Mar Plaza,Del Mar,2024-04-08,Monday,14:00,18:00,EMP00240,Barista,Senior,4,Available,No,43,2,4,2,Overstaffed
SHF0002567,SD009,Starbucks - Del Mar Plaza,Del Mar,2024-04-08,Monday,17:00,21:00,EMP00474,Barista,Intermediate,4,Available,No,27,2,1,-1,Understaffed
SHF0002568,SD009,Starbucks - Del Mar Plaza,Del Mar,2024-04-08,Monday,06:00,10:00,EMP00435,Barista,Entry,4,Available,No,36,2,3,1,Overstaffed
SHF0002569,SD009,Starbucks - Del Mar Plaza,Del Mar,2024-04-08,Monday,06:00,10:00,EMP00200,Barista,Senior,4,Available,No,40,2,2,0,Balanced
SHF0002570,SD009,Starbucks - Del Mar Plaza,Del Mar,2024-04-15,Monday,07:00,11:00,EMP00066,Barista,Entry,4,Available,No,78,3,3,0,Balanced
SHF0002571,SD009,Starbucks - Del Mar Plaza,Del Mar,2024-04-15,Monday,05:00,09:00,EMP00006,Barista,Intermediate,4,Available,No,43,2,1,-1,Understaffed
SHF0002572,SD009,Starbucks - Del Mar Plaza,Del Mar,2024-04-15,Monday,06:00,10:00,EMP00255,Barista,Intermediate,4,Available,No,32,2,2,0,Balanced
SHF0002573,SD009,Starbucks - Del Mar Plaza,Del Mar,2024-04-15,Monday,18:00,22:00,EMP00041,Barista,Senior,4,Available,No,26,2,3,1,Overstaffed
SHF0002574,SD009,Starbucks - Del Mar Plaza,Del Mar,2024-04-15,Monday,05:00,09:00,EMP00494,Barista,Entry,4,Available,No,25,2,1,-1,Understaffed
SHF0002575,SD009,Starbucks - Del Mar Plaza,Del Mar,2024-04-15,Monday,13:00,17:00,EMP00302,Barista,Entry,4,Available,No,50,2,1,-1,Understaffed
SHF0002576,SD009,Starbucks - Del Mar Plaza,Del Mar,2024-04-15,Monday,07:00,11:00,EMP00118,Barista,Senior,4,Available,No,58,2,2,0,Balanced
SHF0002577,SD009,Starbucks - Del Mar Plaza,Del Mar,2024-04-15,Monday,06:00,10:00,EMP00301,Barista,Intermediate,4,Available,No,40,2,2,0,Balanced
SHF0002578,SD009,Starbucks - Del Mar Plaza,Del Mar,2024-04-22,Monday,14:00,18:00,EMP00316,Barista,Intermediate,4,Available,No,36,2,3,1,Overstaffed
SHF0002579,SD009,Starbucks - Del Mar Plaza,Del Mar,2024-04-22,Monday,18:00,22:00,EMP00098,Barista,Intermediate,4,Available,No,29,2,2,0,Balanced
SHF0002580,SD009,Starbucks - Del Mar Plaza,Del Mar,2024-04-22,Monday,15:00,19:00,EMP00227,Barista,Senior,4,Available,No,40,2,4,2,Overstaffed
SHF0002581,SD009,Starbucks - Del Mar Plaza,Del Mar,2024-04-22,Monday,13:00,17:00,EMP00478,Barista,Intermediate,4,Available,No,47,2,2,0,Balanced
SHF0002582,SD009,Starbucks - Del Mar Plaza,Del Mar,2024-04-22,Monday,06:00,10:00,EMP00095,Barista,Intermediate,4,Available,No,27,2,2,0,Balanced
SHF0002583,SD009,Starbucks - Del Mar Plaza,Del Mar,2024-04-22,Monday,05:00,09:00,EMP00052,Barista,Entry,4,Available,No,20,2,2,0,Balanced
SHF0002584,SD009,Starbucks - Del Mar Plaza,Del Mar,2024-04-22,Monday,17:00,21:00,EMP00393,Barista,Entry,4,Available,No,44,2,2,0,Balanced
SHF0002585,SD009,Starbucks - Del Mar Plaza,Del Mar,2024-04-22,Monday,18:00,22:00,EMP00307,Barista,Entry,4,Available,No,22,2,3,1,Overstaffed
SHF0002586,SD009,Starbucks - Del Mar Plaza,Del Mar,2024-04-29,Monday,17:00,21:00,EMP00486,Barista,Entry,4,Available,No,37,2,2,0,Balanced
SHF0002587,SD009,Starbucks - Del Mar Plaza,Del Mar,2024-04-29,Monday,13:00,17:00,EMP00430,Barista,Intermediate,4,Available,No,37,2,2,0,Balanced
SHF0002588,SD009,Starbucks - Del Mar Plaza,Del Mar,2024-04-29,Monday,15:00,19:00,EMP00474,Barista,Entry,4,Available,No,43,2,2,0,Balanced
SHF0002589,SD009,Starbucks - Del Mar Plaza,Del Mar,2024-04-29,Monday,09:00,13:00,EMP00112,Barista,Intermediate,4,Available,No,77,3,1,-2,Understaffed
SHF0002590,SD009,Starbucks - Del Mar Plaza,Del Mar,2024-04-29,Monday,18:00,22:00,EMP00017,Barista,Intermediate,4,Available,No,42,2,2,0,Balanced
SHF0002591,SD009,Starbucks - Del Mar Plaza,Del Mar,2024-04-29,Monday,14:00,18:00,EMP00476,Lead Barista,Entry,4,Available,No,41,2,2,0,Balanced
SHF0002592,SD009,Starbucks - Del Mar Plaza,Del Mar,2024-04-29,Monday,15:00,19:00,EMP00080,Barista,Intermediate,4,Available,No,43,2,1,-1,Understaffed
SHF0002593,SD009,Starbucks - Del Mar Plaza,Del Mar,2024-04-29,Monday,17:00,21:00,EMP00168,Barista,Intermediate,4,Available,No,35,2,1,-1,Understaffed
SHF0002594,SD009,Starbucks - Del Mar Plaza,Del Mar,2024-04-29,Monday,06:00,10:00,EMP00122,Barista,Intermediate,4,Available,No,20,2,2,0,Balanced
SHF0002595,SD009,Starbucks - Del Mar Plaza,Del Mar,2024-04-29,Monday,18:00,22:00,EMP00065,Barista,Entry,4,Available,No,45,2,2,0,Balanced
SHF0002596,SD009,Starbucks - Del Mar Plaza,Del Mar,2024-04-29,Monday,10:00,14:00,EMP00158,Shift Supervisor,Intermediate,4,Available,No,50,2,2,0,Balanced
SHF0002597,SD009,Starbucks - Del Mar Plaza,Del Mar,2024-05-06,Monday,10:00,14:00,EMP00039,Barista,Intermediate,4,Available,No,45,2,2,0,Balanced
SHF0002598,SD009,Starbucks - Del Mar Plaza,Del Mar,2024-05-06,Monday,13:00,17:00,EMP00251,Barista,Entry,4,Available,No,56,2,2,0,Balanced
SHF0002599,SD009,Starbucks - Del Mar Plaza,Del Mar,2024-05-06,Monday,06:00,10:00,EMP00235,Lead Barista,Senior,4,Available,No,24,2,1,-1,Understaffed
SHF0002600,SD009,Starbucks - Del Mar Plaza,Del Mar,2024-05-06,Monday,15:00,19:00,EMP00135,Barista,Senior,4,Available,No,32,2,1,-1,Understaffed
SHF0002601,SD009,Starbucks - Del Mar Plaza,Del Mar,2024-05-06,Monday,18:00,22:00,EMP00346,Barista,Entry,4,Available,No,44,2,2,0,Balanced
SHF0002602,SD009,Starbucks - Del Mar Plaza,Del Mar,2024-05-06,Monday,15:00,19:00,EMP00490,Barista,Senior,4,Available,No,41,2,2,0,Balanced
SHF0002603,SD009,Starbucks - Del Mar Plaza,Del Mar,2024-05-06,Monday,14:00,18:00,EMP00024,Barista,Entry,4,Available,No,32,2,2,0,Balanced
SHF0002604,SD009,Starbucks - Del Mar Plaza,Del Mar,2024-05-06,Monday,17:00,21:00,EMP00466,Barista,Entry,4,Available,No,24,2,2,0,Balanced
SHF0002605,SD009,Starbucks - Del Mar Plaza,Del Mar,2024-05-13,Monday,18:00,22:00,EMP00234,Barista,Intermediate,4,Available,No,37,2,2,0,Balanced
SHF0002606,SD009,Starbucks - Del Mar Plaza,Del Mar,2024-05-13,Monday,18:00,22:00,EMP00395,Barista,Intermediate,4,Available,No,32,2,2,0,Balanced
SHF0002607,SD009,Starbucks - Del Mar Plaza,Del Mar,2024-05-13,Monday,06:00,10:00,EMP00066,Barista,Senior,4,Available,No,26,2,2,0,Balanced
SHF0002608,SD009,Starbucks - Del Mar Plaza,Del Mar,2024-05-13,Monday,15:00,19:00,EMP00016,Shift Supervisor,Entry,4,Available,No,35,2,3,1,Overstaffed
SHF0002609,SD009,Starbucks - Del Mar Plaza,Del Mar,2024-05-13,Monday,15:00,19:00,EMP00196,Shift Supervisor,Intermediate,4,Available,No,30,2,3,1,Overstaffed
SHF0002610,SD009,Starbucks - Del Mar Plaza,Del Mar,2024-05-13,Monday,17:00,21:00,EMP00074,Barista,Intermediate,4,Available,No,35,2,2,0,Balanced
SHF0002611,SD009,Starbucks - Del Mar Plaza,Del Mar,2024-05-13,Monday,18:00,22:00,EMP00130,Barista,Entry,4,Available,No,23,2,3,1,Overstaffed
SHF0002612,SD009,Starbucks - Del Mar Plaza,Del Mar,2024-05-13,Monday,17:00,21:00,EMP00065,Barista,Intermediate,4,Available,No,24,2,2,0,Balanced
SHF0002613,SD009,Starbucks - Del Mar Plaza,Del Mar,2024-05-20,Monday,14:00,18:00,EMP00087,Barista,Intermediate,4,Available,No,42,2,2,0,Balanced
SHF0002614,SD009,Starbucks - Del Mar Plaza,Del Mar,2024-05-20,Monday,17:00,21:00,EMP00082,Shift Supervisor,Senior,4,Available,No,38,2,2,0,Balanced
SHF0002615,SD009,Starbucks - Del Mar Plaza,Del Mar,2024-05-20,Monday,18:00,22:00,EMP00307,Barista,Intermediate,4,Available,No,39,2,2,0,Balanced
SHF0002616,SD009,Starbucks - Del Mar Plaza,Del Mar,2024-05-20,Monday,09:00,13:00,EMP00344,Barista,Intermediate,4,Available,No,64,3,3,0,Balanced
SHF0002617,SD009,Starbucks - Del Mar Plaza,Del Mar,2024-05-20,Monday,11:00,15:00,EMP00268,Barista,Intermediate,4,Available,No,50,2,1,-1,Understaffed
SHF0002618,SD009,Starbucks - Del Mar Plaza,Del Mar,2024-05-20,Monday,18:00,22:00,EMP00477,Shift Supervisor,Intermediate,4,Available,No,21,2,2,0,Balanced
SHF0002619,SD009,Starbucks - Del Mar Plaza,Del Mar,2024-05-20,Monday,15:00,19:00,EMP00194,Lead Barista,Intermediate,4,Available,No,38,2,3,1,Overstaffed
SHF0002620,SD009,Starbucks - Del Mar Plaza,Del Mar,2024-05-20,Monday,18:00,22:00,EMP00092,Barista,Intermediate,4,Available,No,42,2,1,-1,Understaffed
SHF0002621,SD009,Starbucks - Del Mar Plaza,Del Mar,2024-05-20,Monday,07:00,11:00,EMP00065,Shift Supervisor,Intermediate,4,Available,No,81,4,4,0,Balanced
SHF0002622,SD009,Starbucks - Del Mar Plaza,Del Mar,2024-05-20,Monday,05:00,09:00,EMP00032,Barista,Entry,4,Available,No,35,2,2,0,Balanced
SHF0002623,SD009,Starbucks - Del Mar Plaza,Del Mar,2024-05-20,Monday,18:00,22:00,EMP00213,Barista,Entry,4,Available,No,21,2,2,0,Balanced
SHF0002624,SD009,Starbucks - Del Mar Plaza,Del Mar,2024-05-27,Monday,18:00,22:00,EMP00465,Barista,Entry,4,Available,No,44,2,2,0,Balanced
SHF0002625,SD009,Starbucks - Del Mar Plaza,Del Mar,2024-05-27,Monday,15:00,19:00,EMP00226,Shift Supervisor,Senior,4,Available,No,26,2,2,0,Balanced
SHF0002626,SD009,Starbucks - Del Mar Plaza,Del Mar,2024-05-27,Monday,17:00,21:00,EMP00020,Barista,Senior,4,Available,No,27,2,2,0,Balanced
SHF0002627,SD009,Starbucks - Del Mar Plaza,Del Mar,2024-05-27,Monday,13:00,17:00,EMP00378,Lead Barista,Senior,4,Available,No,44,2,2,0,Balanced
SHF0002628,SD009,Starbucks - Del Mar Plaza,Del Mar,2024-05-27,Monday,09:00,13:00,EMP00237,Barista,Entry,4,Available,No,85,4,6,2,Overstaffed
SHF0002629,SD009,Starbucks - Del Mar Plaza,Del Mar,2024-05-27,Monday,05:00,09:00,EMP00223,Shift Supervisor,Entry,4,Available,No,21,2,1,-1,Understaffed
SHF0002630,SD009,Starbucks - Del Mar Plaza,Del Mar,2024-05-27,Monday,11:00,15:00,EMP00064,Barista,Intermediate,4,Available,No,45,2,2,0,Balanced
SHF0002631,SD009,Starbucks - Del Mar Plaza,Del Mar,2024-05-27,Monday,17:00,21:00,EMP00175,Barista,Intermediate,4,Available,No,34,2,1,-1,Understaffed
SHF0002632,SD009,Starbucks - Del Mar Plaza,Del Mar,2024-05-27,Monday,06:00,10:00,EMP00341,Barista,Entry,4,Available,No,30,2,1,-1,Understaffed
SHF0002633,SD009,Starbucks - Del Mar Plaza,Del Mar,2024-06-03,Monday,07:00,11:00,EMP00378,Barista,Entry,4,Available,No,59,2,2,0,Balanced
SHF0002634,SD009,Starbucks - Del Mar Plaza,Del Mar,2024-06-03,Monday,17:00,21:00,EMP00104,Barista,Senior,4,Available,No,39,2,2,0,Balanced
SHF0002635,SD009,Starbucks - Del Mar Plaza,Del Mar,2024-06-03,Monday,14:00,18:00,EMP00157,Barista,Entry,4,Available,No,25,2,1,-1,Understaffed
SHF0002636,SD009,Starbucks - Del Mar Plaza,Del Mar,2024-06-03,Monday,05:00,09:00,EMP00237,Shift Supervisor,Intermediate,4,Available,No,43,2,2,0,Balanced
SHF0002637,SD009,Starbucks - Del Mar Plaza,Del Mar,2024-06-03,Monday,06:00,10:00,EMP00079,Lead Barista,Senior,4,Available,No,29,2,3,1,Overstaffed
SHF0002638,SD009,Starbucks - Del Mar Plaza,Del Mar,2024-06-03,Monday,13:00,17:00,EMP00442,Barista,Entry,4,Available,No,47,2,1,-1,Understaffed
SHF0002639,SD009,Starbucks - Del Mar Plaza,Del Mar,2024-06-03,Monday,10:00,14:00,EMP00369,Barista,Senior,4,Available,No,37,2,2,0,Balanced
SHF0002640,SD009,Starbucks - Del Mar Plaza,Del Mar,2024-06-03,Monday,13:00,17:00,EMP00411,Barista,Entry,4,Available,No,59,2,2,0,Balanced
SHF0002641,SD009,Starbucks - Del Mar Plaza,Del Mar,2024-06-03,Monday,07:00,11:00,EMP00434,Barista,Senior,4,Available,No,88,4,2,-2,Understaffed
SHF0002642,SD009,Starbucks - Del Mar Plaza,Del Mar,2024-06-03,Monday,06:00,10:00,EMP00001,Shift Supervisor,Intermediate,4,Available,No,22,2,1,-1,Understaffed
SHF0002643,SD009,Starbucks - Del Mar Plaza,Del Mar,2024-06-10,Monday,13:00,17:00,EMP00210,Barista,Senior,4,Available,No,35,2,2,0,Balanced
SHF0002644,SD009,Starbucks - Del Mar Plaza,Del Mar,2024-06-10,Monday,06:00,10:00,EMP00328,Barista,Entry,4,Available,No,25,2,2,0,Balanced
SHF0002645,SD009,Starbucks - Del Mar Plaza,Del Mar,2024-06-10,Monday,13:00,17:00,EMP00152,Shift Supervisor,Entry,4,Available,No,53,2,1,-1,Understaffed
SHF0002646,SD009,Starbucks - Del Mar Plaza,Del Mar,2024-06-10,Monday,10:00,14:00,EMP00156,Shift Supervisor,Intermediate,4,Available,No,39,2,2,0,Balanced
SHF0002647,SD009,Starbucks - Del Mar Plaza,Del Mar,2024-06-10,Monday,05:00,09:00,EMP00453,Barista,Intermediate,4,Available,No,39,2,2,0,Balanced
SHF0002648,SD009,Starbucks - Del Mar Plaza,Del Mar,2024-06-10,Monday,07:00,11:00,EMP00263,Barista,Intermediate,4,Available,No,77,3,2,-1,Understaffed
SHF0002649,SD009,Starbucks - Del Mar Plaza,Del Mar,2024-06-10,Monday,09:00,13:00,EMP00495,Barista,Entry,4,Available,No,59,2,2,0,Balanced
SHF0002650,SD009,Starbucks - Del Mar Plaza,Del Mar,2024-06-10,Monday,18:00,22:00,EMP00110,Barista,Senior,4,Available,No,33,2,2,0,Balanced
SHF0002651,SD009,Starbucks - Del Mar Plaza,Del Mar,2024-06-10,Monday,13:00,17:00,EMP00425,Barista,Entry,4,Available,No,53,2,1,-1,Understaffed
SHF0002652,SD009,Starbucks - Del Mar Plaza,Del Mar,2024-06-10,Monday,17:00,21:00,EMP00084,Barista,Entry,4,Available,No,35,2,2,0,Balanced
SHF0002653,SD009,Starbucks - Del Mar Plaza,Del Mar,2024-06-10,Monday,18:00,22:00,EMP00363,Barista,Intermediate,4,Available,No,22,2,2,0,Balanced
SHF0002654,SD009,Starbucks - Del Mar Plaza,Del Mar,2024-06-17,Monday,14:00,18:00,EMP00368,Shift Supervisor,Entry,4,Available,No,27,2,2,0,Balanced
SHF0002655,SD009,Starbucks - Del Mar Plaza,Del Mar,2024-06-17,Monday,05:00,09:00,EMP00350,Barista,Entry,4,Available,No,25,2,2,0,Balanced
SHF0002656,SD009,Starbucks - Del Mar Plaza,Del Mar,2024-06-17,Monday,17:00,21:00,EMP00457,Barista,Intermediate,4,Available,No,23,2,1,-1,Understaffed
SHF0002657,SD009,Starbucks - Del Mar Plaza,Del Mar,2024-06-17,Monday,07:00,11:00,EMP00386,Shift Supervisor,Intermediate,4,Available,No,59,2,1,-1,Understaffed
SHF0002658,SD009,Starbucks - Del Mar Plaza,Del Mar,2024-06-17,Monday,07:00,11:00,EMP00443,Barista,Entry,4,Available,No,89,4,4,0,Balanced
SHF0002659,SD009,Starbucks - Del Mar Plaza,Del Mar,2024-06-17,Monday,05:00,09:00,EMP00119,Barista,Senior,4,Available,No,26,2,2,0,Balanced
SHF0002660,SD009,Starbucks - Del Mar Plaza,Del Mar,2024-06-17,Monday,17:00,21:00,EMP00271,Barista,Intermediate,4,Available,No,28,2,1,-1,Understaffed
SHF0002661,SD009,Starbucks - Del Mar Plaza,Del Mar,2024-06-17,Monday,09:00,13:00,EMP00452,Barista,Entry,4,Available,No,57,2,4,2,Overstaffed
SHF0002662,SD009,Starbucks - Del Mar Plaza,Del Mar,2024-06-17,Monday,05:00,09:00,EMP00425,Barista,Entry,4,Available,No,35,2,2,0,Balanced
SHF0002663,SD009,Starbucks - Del Mar Plaza,Del Mar,2024-06-17,Monday,06:00,10:00,EMP00059,Lead Barista,Intermediate,4,Available,No,33,2,2,0,Balanced
SHF0002664,SD009,Starbucks - Del Mar Plaza,Del Mar,2024-06-17,Monday,15:00,19:00,EMP00269,Barista,Entry,4,Available,No,39,2,2,0,Balanced
SHF0002665,SD009,Starbucks - Del Mar Plaza,Del Mar,2024-06-17,Monday,15:00,19:00,EMP00323,Barista,Entry,4,Available,No,28,2,2,0,Balanced
SHF0002666,SD009,Starbucks - Del Mar Plaza,Del Mar,2024-06-24,Monday,07:00,11:00,EMP00339,Barista,Intermediate,4,Available,No,87,4,4,0,Balanced
SHF0002667,SD009,Starbucks - Del Mar Plaza,Del Mar,2024-06-24,Monday,15:00,19:00,EMP00157,Barista,Entry,4,Available,No,23,2,1,-1,Understaffed
SHF0002668,SD009,Starbucks - Del Mar Plaza,Del Mar,2024-06-24,Monday,15:00,19:00,EMP00273,Barista,Intermediate,4,Available,No,21,2,4,2,Overstaffed
SHF0002669,SD009,Starbucks - Del Mar Plaza,Del Mar,2024-06-24,Monday,09:00,13:00,EMP00054,Barista,Entry,4,Available,No,87,4,3,-1,Understaffed
SHF0002670,SD009,Starbucks - Del Mar Plaza,Del Mar,2024-06-24,Monday,11:00,15:00,EMP00212,Shift Supervisor,Senior,4,Available,No,45,2,2,0,Balanced
SHF0002671,SD009,Starbucks - Del Mar Plaza,Del Mar,2024-06-24,Monday,14:00,18:00,EMP00177,Barista,Senior,4,Available,No,27,2,2,0,Balanced
SHF0002672,SD009,Starbucks - Del Mar Plaza,Del Mar,2024-06-24,Monday,06:00,10:00,EMP00163,Barista,Senior,4,Available,No,44,2,3,1,Overstaffed
SHF0002673,SD009,Starbucks - Del Mar Plaza,Del Mar,2024-06-24,Monday,13:00,17:00,EMP00498,Barista,Intermediate,4,Available,No,59,2,2,0,Balanced
SHF0002674,SD009,Starbucks - Del Mar Plaza,Del Mar,2024-07-01,Monday,10:00,14:00,EMP00183,Shift Supervisor,Intermediate,4,Available,No,51,2,2,0,Balanced
SHF0002675,SD009,Starbucks - Del Mar Plaza,Del Mar,2024-07-01,Monday,07:00,11:00,EMP00141,Barista,Intermediate,4,Available,No,61,3,3,0,Balanced
SHF0002676,SD009,Starbucks - Del Mar Plaza,Del Mar,2024-07-01,Monday,13:00,17:00,EMP00260,Barista,Intermediate,4,Available,No,60,3,2,-1,Understaffed
SHF0002677,SD009,Starbucks - Del Mar Plaza,Del Mar,2024-07-01,Monday,09:00,13:00,EMP00020,Barista,Senior,4,Available,No,82,4,4,0,Balanced
SHF0002678,SD009,Starbucks - Del Mar Plaza,Del Mar,2024-07-01,Monday,06:00,10:00,EMP00112,Barista,Entry,4,Available,No,35,2,2,0,Balanced
SHF0002679,SD009,Starbucks - Del Mar Plaza,Del Mar,2024-07-01,Monday,18:00,22:00,EMP00107,Shift Supervisor,Intermediate,4,Available,No,28,2,2,0,Balanced
SHF0002680,SD009,Starbucks - Del Mar Plaza,Del Mar,2024-07-01,Monday,10:00,14:00,EMP00171,Shift Supervisor,Senior,4,Called Out,Yes,44,2,2,0,Balanced
SHF0002681,SD009,Starbucks - Del Mar Plaza,Del Mar,2024-07-01,Monday,15:00,19:00,EMP00208,Shift Supervisor,Intermediate,4,Available,No,21,2,2,0,Balanced
SHF0002682,SD009,Starbucks - Del Mar Plaza,Del Mar,2024-07-08,Monday,18:00,22:00,EMP00248,Barista,Intermediate,4,Available,No,39,2,2,0,Balanced
SHF0002683,SD009,Starbucks - Del Mar Plaza,Del Mar,2024-07-08,Monday,07:00,11:00,EMP00341,Shift Supervisor,Entry,4,Available,No,86,4,4,0,Balanced
SHF0002684,SD009,Starbucks - Del Mar Plaza,Del Mar,2024-07-08,Monday,10:00,14:00,EMP00459,Shift Supervisor,Senior,4,Available,No,44,2,2,0,Balanced
SHF0002685,SD009,Starbucks - Del Mar Plaza,Del Mar,2024-07-08,Monday,15:00,19:00,EMP00419,Barista,Senior,4,Called Out,Yes,22,2,2,0,Balanced
SHF0002686,SD009,Starbucks - Del Mar Plaza,Del Mar,2024-07-08,Monday,18:00,22:00,EMP00102,Barista,Intermediate,4,Available,No,30,2,2,0,Balanced
SHF0002687,SD009,Starbucks - Del Mar Plaza,Del Mar,2024-07-08,Monday,18:00,22:00,EMP00362,Barista,Entry,4,Available,No,31,2,4,2,Overstaffed
SHF0002688,SD009,Starbucks - Del Mar Plaza,Del Mar,2024-07-08,Monday,18:00,22:00,EMP00215,Lead Barista,Senior,4,Available,No,35,2,2,0,Balanced
SHF0002689,SD009,Starbucks - Del Mar Plaza,Del Mar,2024-07-08,Monday,05:00,09:00,EMP00185,Shift Supervisor,Entry,4,Available,No,44,2,2,0,Balanced
SHF0002690,SD009,Starbucks - Del Mar Plaza,Del Mar,2024-07-08,Monday,13:00,17:00,EMP00274,Barista,Intermediate,4,Available,No,48,2,1,-1,Understaffed
SHF0002691,SD009,Starbucks - Del Mar Plaza,Del Mar,2024-07-08,Monday,10:00,14:00,EMP00340,Barista,Intermediate,4,Available,No,65,3,3,0,Balanced
SHF0002692,SD009,Starbucks - Del Mar Plaza,Del Mar,2024-07-15,Monday,14:00,18:00,EMP00075,Barista,Entry,4,Available,No,29,2,2,0,Balanced
SHF0002693,SD009,Starbucks - Del Mar Plaza,Del Mar,2024-07-15,Monday,07:00,11:00,EMP00122,Barista,Intermediate,4,Available,No,71,3,5,2,Overstaffed
SHF0002694,SD009,Starbucks - Del Mar Plaza,Del Mar,2024-07-15,Monday,13:00,17:00,EMP00305,Barista,Entry,4,Available,No,61,3,1,-2,Understaffed
SHF0002695,SD009,Starbucks - Del Mar Plaza,Del Mar,2024-07-15,Monday,06:00,10:00,EMP00186,Barista,Entry,4,Available,No,41,2,2,0,Balanced
SHF0002696,SD009,Starbucks - Del Mar Plaza,Del Mar,2024-07-15,Monday,17:00,21:00,EMP00266,Shift Supervisor,Senior,4,Available,No,25,2,2,0,Balanced
SHF0002697,SD009,Starbucks - Del Mar Plaza,Del Mar,2024-07-15,Monday,18:00,22:00,EMP00073,Barista,Intermediate,4,Available,No,33,2,2,0,Balanced
SHF0002698,SD009,Starbucks - Del Mar Plaza,Del Mar,2024-07-15,Monday,05:00,09:00,EMP00019,Barista,Senior,4,Available,No,27,2,4,2,Overstaffed
SHF0002699,SD009,Starbucks - Del Mar Plaza,Del Mar,2024-07-15,Monday,10:00,14:00,EMP00143,Barista,Entry,4,Available,No,47,2,2,0,Balanced
SHF0002700,SD009,Starbucks - Del Mar Plaza,Del Mar,2024-07-15,Monday,07:00,11:00,EMP00029,Barista,Intermediate,4,Available,No,65,3,3,0,Balanced
SHF0002701,SD009,Starbucks - Del Mar Plaza,Del Mar,2024-07-15,Monday,15:00,19:00,EMP00265,Barista,Entry,4,Available,No,21,2,2,0,Balanced
SHF0002702,SD009,Starbucks - Del Mar Plaza,Del Mar,2024-07-22,Monday,06:00,10:00,EMP00294,Shift Supervisor,Intermediate,4,Available,No,34,2,1,-1,Understaffed
SHF0002703,SD009,Starbucks - Del Mar Plaza,Del Mar,2024-07-22,Monday,07:00,11:00,EMP00049,Barista,Entry,4,Available,No,87,4,6,2,Overstaffed
SHF0002704,SD009,Starbucks - Del Mar Plaza,Del Mar,2024-07-22,Monday,05:00,09:00,EMP00069,Barista,Senior,4,Available,No,30,2,1,-1,Understaffed
SHF0002705,SD009,Starbucks - Del Mar Plaza,Del Mar,2024-07-22,Monday,17:00,21:00,EMP00141,Barista,Entry,4,Available,No,25,2,2,0,Balanced
SHF0002706,SD009,Starbucks - Del Mar Plaza,Del Mar,2024-07-22,Monday,15:00,19:00,EMP00483,Barista,Entry,4,Available,No,42,2,4,2,Overstaffed
SHF0002707,SD009,Starbucks - Del Mar Plaza,Del Mar,2024-07-22,Monday,10:00,14:00,EMP00035,Barista,Intermediate,4,Available,No,63,3,1,-2,Understaffed
SHF0002708,SD009,Starbucks - Del Mar Plaza,Del Mar,2024-07-22,Monday,13:00,17:00,EMP00004,Barista,Senior,4,Available,No,37,2,2,0,Balanced
SHF0002709,SD009,Starbucks - Del Mar Plaza,Del Mar,2024-07-22,Monday,10:00,14:00,EMP00091,Barista,Intermediate,4,Available,No,52,2,2,0,Balanced
SHF0002710,SD009,Starbucks - Del Mar Plaza,Del Mar,2024-07-22,Monday,15:00,19:00,EMP00113,Barista,Intermediate,4,Available,No,45,2,2,0,Balanced
SHF0002711,SD009,Starbucks - Del Mar Plaza,Del Mar,2024-07-22,Monday,14:00,18:00,EMP00327,Barista,Senior,4,Available,No,26,2,2,0,Balanced
SHF0002712,SD009,Starbucks - Del Mar Plaza,Del Mar,2024-07-22,Monday,13:00,17:00,EMP00251,Barista,Entry,4,Available,No,62,3,4,1,Overstaffed
SHF0002713,SD009,Starbucks - Del Mar Plaza,Del Mar,2024-07-22,Monday,13:00,17:00,EMP00303,Barista,Entry,4,Available,No,46,2,2,0,Balanced
SHF0002714,SD010,Starbucks - Chula Vista Center,Chula Vista,2024-01-01,Monday,14:00,18:00,EMP00065,Barista,Entry,4,Available,No,20,2,2,0,Balanced
SHF0002715,SD010,Starbucks - Chula Vista Center,Chula Vista,2024-01-01,Monday,15:00,19:00,EMP00300,Lead Barista,Senior,4,Available,No,29,2,1,-1,Understaffed
SHF0002716,SD010,Starbucks - Chula Vista Center,Chula Vista,2024-01-01,Monday,05:00,09:00,EMP00053,Barista,Intermediate,4,Available,No,35,2,2,0,Balanced
SHF0002717,SD010,Starbucks - Chula Vista Center,Chula Vista,2024-01-01,Monday,14:00,18:00,EMP00196,Barista,Entry,4,Available,No,39,2,2,0,Balanced
SHF0002718,SD010,Starbucks - Chula Vista Center,Chula Vista,2024-01-01,Monday,14:00,18:00,EMP00228,Barista,Entry,4,Available,No,34,2,2,0,Balanced
SHF0002719,SD010,Starbucks - Chula Vista Center,Chula Vista,2024-01-01,Monday,17:00,21:00,EMP00246,Shift Supervisor,Entry,4,Available,No,42,2,4,2,Overstaffed
SHF0002720,SD010,Starbucks - Chula Vista Center,Chula Vista,2024-01-01,Monday,07:00,11:00,EMP00204,Shift Supervisor,Intermediate,4,Available,No,57,2,2,0,Balanced
SHF0002721,SD010,Starbucks - Chula Vista Center,Chula Vista,2024-01-01,Monday,07:00,11:00,EMP00377,Barista,Intermediate,4,Available,No,67,3,4,1,Overstaffed
SHF0002722,SD010,Starbucks - Chula Vista Center,Chula Vista,2024-01-01,Monday,15:00,19:00,EMP00051,Barista,Entry,4,Available,No,32,2,2,0,Balanced
SHF0002723,SD010,Starbucks - Chula Vista Center,Chula Vista,2024-01-08,Monday,15:00,19:00,EMP00444,Barista,Intermediate,4,Available,No,43,2,1,-1,Understaffed
SHF0002724,SD010,Starbucks - Chula Vista Center,Chula Vista,2024-01-08,Monday,17:00,21:00,EMP00021,Barista,Intermediate,4,Available,No,38,2,2,0,Balanced
SHF0002725,SD010,Starbucks - Chula Vista Center,Chula Vista,2024-01-08,Monday,11:00,15:00,EMP00335,Shift Supervisor,Senior,4,Called Out,Yes,48,2,2,0,Balanced
SHF0002726,SD010,Starbucks - Chula Vista Center,Chula Vista,2024-01-08,Monday,13:00,17:00,EMP00250,Barista,Senior,4,Available,No,65,3,3,0,Balanced
SHF0002727,SD010,Starbucks - Chula Vista Center,Chula Vista,2024-01-08,Monday,10:00,14:00,EMP00437,Barista,Intermediate,4,Available,No,37,2,2,0,Balanced
SHF0002728,SD010,Starbucks - Chula Vista Center,Chula Vista,2024-01-08,Monday,18:00,22:00,EMP00234,Barista,Intermediate,4,Available,No,37,2,1,-1,Understaffed
SHF0002729,SD010,Starbucks - Chula Vista Center,Chula Vista,2024-01-08,Monday,07:00,11:00,EMP00349,Shift Supervisor,Intermediate,4,Available,No,70,3,1,-2,Understaffed
SHF0002730,SD010,Starbucks - Chula Vista Center,Chula Vista,2024-01-08,Monday,05:00,09:00,EMP00138,Barista,Intermediate,4,Available,No,22,2,1,-1,Understaffed
SHF0002731,SD010,Starbucks - Chula Vista Center,Chula Vista,2024-01-08,Monday,17:00,21:00,EMP00214,Barista,Intermediate,4,Available,No,38,2,2,0,Balanced
SHF0002732,SD010,Starbucks - Chula Vista Center,Chula Vista,2024-01-08,Monday,06:00,10:00,EMP00357,Barista,Senior,4,Available,No,35,2,2,0,Balanced
SHF0002733,SD010,Starbucks - Chula Vista Center,Chula Vista,2024-01-08,Monday,11:00,15:00,EMP00014,Barista,Intermediate,4,Available,No,44,2,4,2,Overstaffed
SHF0002734,SD010,Starbucks - Chula Vista Center,Chula Vista,2024-01-15,Monday,14:00,18:00,EMP00128,Barista,Intermediate,4,Available,No,20,2,2,0,Balanced
SHF0002735,SD010,Starbucks - Chula Vista Center,Chula Vista,2024-01-15,Monday,14:00,18:00,EMP00344,Barista,Entry,4,Available,No,23,2,2,0,Balanced
SHF0002736,SD010,Starbucks - Chula Vista Center,Chula Vista,2024-01-15,Monday,15:00,19:00,EMP00272,Barista,Senior,4,Available,No,21,2,2,0,Balanced
SHF0002737,SD010,Starbucks - Chula Vista Center,Chula Vista,2024-01-15,Monday,17:00,21:00,EMP00176,Barista,Entry,4,Available,No,36,2,2,0,Balanced
SHF0002738,SD010,Starbucks - Chula Vista Center,Chula Vista,2024-01-15,Monday,05:00,09:00,EMP00453,Barista,Entry,4,Available,No,27,2,1,-1,Understaffed
SHF0002739,SD010,Starbucks - Chula Vista Center,Chula Vista,2024-01-15,Monday,11:00,15:00,EMP00499,Barista,Entry,4,Available,No,47,2,2,0,Balanced
SHF0002740,SD010,Starbucks - Chula Vista Center,Chula Vista,2024-01-15,Monday,18:00,22:00,EMP00361,Shift Supervisor,Entry,4,Available,No,32,2,2,0,Balanced
SHF0002741,SD010,Starbucks - Chula Vista Center,Chula Vista,2024-01-15,Monday,10:00,14:00,EMP00495,Barista,Intermediate,4,Called Out,Yes,60,3,3,0,Balanced
SHF0002742,SD010,Starbucks - Chula Vista Center,Chula Vista,2024-01-15,Monday,05:00,09:00,EMP00305,Barista,Senior,4,Available,No,42,2,2,0,Balanced
SHF0002743,SD010,Starbucks - Chula Vista Center,Chula Vista,2024-01-22,Monday,10:00,14:00,EMP00122,Barista,Entry,4,Available,No,51,2,1,-1,Understaffed
SHF0002744,SD010,Starbucks - Chula Vista Center,Chula Vista,2024-01-22,Monday,17:00,21:00,EMP00364,Barista,Entry,4,Available,No,34,2,2,0,Balanced
SHF0002745,SD010,Starbucks - Chula Vista Center,Chula Vista,2024-01-22,Monday,06:00,10:00,EMP00221,Barista,Intermediate,4,Available,No,24,2,1,-1,Understaffed
SHF0002746,SD010,Starbucks - Chula Vista Center,Chula Vista,2024-01-22,Monday,14:00,18:00,EMP00481,Shift Supervisor,Entry,4,Available,No,23,2,2,0,Balanced
SHF0002747,SD010,Starbucks - Chula Vista Center,Chula Vista,2024-01-22,Monday,09:00,13:00,EMP00062,Barista,Entry,4,Available,No,58,2,2,0,Balanced
SHF0002748,SD010,Starbucks - Chula Vista Center,Chula Vista,2024-01-22,Monday,09:00,13:00,EMP00159,Barista,Intermediate,4,Available,No,80,4,4,0,Balanced
SHF0002749,SD010,Starbucks - Chula Vista Center,Chula Vista,2024-01-22,Monday,17:00,21:00,EMP00061,Barista,Intermediate,4,Available,No,38,2,4,2,Overstaffed
SHF0002750,SD010,Starbucks - Chula Vista Center,Chula Vista,2024-01-22,Monday,18:00,22:00,EMP00191,Shift Supervisor,Entry,4,Available,No,23,2,2,0,Balanced
SHF0002751,SD010,Starbucks - Chula Vista Center,Chula Vista,2024-01-22,Monday,09:00,13:00,EMP00195,Barista,Intermediate,4,Available,No,79,3,3,0,Balanced
SHF0002752,SD010,Starbucks - Chula Vista Center,Chula Vista,2024-01-22,Monday,07:00,11:00,EMP00263,Barista,Entry,4,Available,No,69,3,3,0,Balanced
SHF0002753,SD010,Starbucks - Chula Vista Center,Chula Vista,2024-01-29,Monday,18:00,22:00,EMP00237,Barista,Entry,4,Available,No,42,2,4,2,Overstaffed
SHF0002754,SD010,Starbucks - Chula Vista Center,Chula Vista,2024-01-29,Monday,06:00,10:00,EMP00198,Barista,Intermediate,4,Available,No,45,2,2,0,Balanced
SHF0002755,SD010,Starbucks - Chula Vista Center,Chula Vista,2024-01-29,Monday,15:00,19:00,EMP00184,Barista,Intermediate,4,Available,No,43,2,2,0,Balanced
SHF0002756,SD010,Starbucks - Chula Vista Center,Chula Vista,2024-01-29,Monday,17:00,21:00,EMP00307,Barista,Senior,4,Available,No,35,2,2,0,Balanced
SHF0002757,SD010,Starbucks - Chula Vista Center,Chula Vista,2024-01-29,Monday,13:00,17:00,EMP00172,Barista,Entry,4,Available,No,51,2,2,0,Balanced
SHF0002758,SD010,Starbucks - Chula Vista Center,Chula Vista,2024-01-29,Monday,09:00,13:00,EMP00210,Barista,Intermediate,4,Available,No,89,4,4,0,Balanced
SHF0002759,SD010,Starbucks - Chula Vista Center,Chula Vista,2024-01-29,Monday,18:00,22:00,EMP00259,Shift Supervisor,Senior,4,Available,No,41,2,2,0,Balanced
SHF0002760,SD010,Starbucks - Chula Vista Center,Chula Vista,2024-01-29,Monday,06:00,10:00,EMP00211,Barista,Entry,4,Available,No,25,2,2,0,Balanced
SHF0002761,SD010,Starbucks - Chula Vista Center,Chula Vista,2024-01-29,Monday,07:00,11:00,EMP00323,Barista,Entry,4,Available,No,61,3,3,0,Balanced
SHF0002762,SD010,Starbucks - Chula Vista Center,Chula Vista,2024-02-05,Monday,14:00,18:00,EMP00058,Barista,Entry,4,Available,No,37,2,2,0,Balanced
SHF0002763,SD010,Starbucks - Chula Vista Center,Chula Vista,2024-02-05,Monday,07:00,11:00,EMP00069,Barista,Entry,4,Available,No,59,2,2,0,Balanced
SHF0002764,SD010,Starbucks - Chula Vista Center,Chula Vista,2024-02-05,Monday,17:00,21:00,EMP00031,Barista,Entry,4,Available,No,20,2,2,0,Balanced
SHF0002765,SD010,Starbucks - Chula Vista Center,Chula Vista,2024-02-05,Monday,05:00,09:00,EMP00181,Shift Supervisor,Senior,4,Available,No,29,2,2,0,Balanced
SHF0002766,SD010,Starbucks - Chula Vista Center,Chula Vista,2024-02-05,Monday,18:00,22:00,EMP00324,Lead Barista,Intermediate,4,Available,No,36,2,3,1,Overstaffed
SHF0002767,SD010,Starbucks - Chula Vista Center,Chula Vista,2024-02-05,Monday,09:00,13:00,EMP00399,Shift Supervisor,Senior,4,Available,No,59,2,2,0,Balanced
SHF0002768,SD010,Starbucks - Chula Vista Center,Chula Vista,2024-02-05,Monday,15:00,19:00,EMP00441,Barista,Intermediate,4,Available,No,39,2,2,0,Balanced
SHF0002769,SD010,Starbucks - Chula Vista Center,Chula Vista,2024-02-05,Monday,05:00,09:00,EMP00371,Shift Supervisor,Intermediate,4,Available,No,40,2,2,0,Balanced
SHF0002770,SD010,Starbucks - Chula Vista Center,Chula Vista,2024-02-12,Monday,05:00,09:00,EMP00066,Barista,Intermediate,4,Available,No,45,2,2,0,Balanced
SHF0002771,SD010,Starbucks - Chula Vista Center,Chula Vista,2024-02-12,Monday,18:00,22:00,EMP00354,Barista,Senior,4,Available,No,23,2,2,0,Balanced
SHF0002772,SD010,Starbucks - Chula Vista Center,Chula Vista,2024-02-12,Monday,18:00,22:00,EMP00253,Barista,Intermediate,4,Available,No,42,2,2,0,Balanced
SHF0002773,SD010,Starbucks - Chula Vista Center,Chula Vista,2024-02-12,Monday,10:00,14:00,EMP00190,Barista,Senior,4,Available,No,59,2,4,2,Overstaffed
SHF0002774,SD010,Starbucks - Chula Vista Center,Chula Vista,2024-02-12,Monday,15:00,19:00,EMP00191,Barista,Intermediate,4,Available,No,27,2,2,0,Balanced
SHF0002775,SD010,Starbucks - Chula Vista Center,Chula Vista,2024-02-12,Monday,09:00,13:00,EMP00167,Shift Supervisor,Entry,4,Available,No,64,3,1,-2,Understaffed
SHF0002776,SD010,Starbucks - Chula Vista Center,Chula Vista,2024-02-12,Monday,10:00,14:00,EMP00241,Barista,Intermediate,4,Available,No,50,2,2,0,Balanced
SHF0002777,SD010,Starbucks - Chula Vista Center,Chula Vista,2024-02-12,Monday,14:00,18:00,EMP00392,Barista,Intermediate,4,Available,No,42,2,4,2,Overstaffed
SHF0002778,SD010,Starbucks - Chula Vista Center,Chula Vista,2024-02-12,Monday,13:00,17:00,EMP00445,Barista,Entry,4,Available,No,38,2,4,2,Overstaffed
SHF0002779,SD010,Starbucks - Chula Vista Center,Chula Vista,2024-02-12,Monday,06:00,10:00,EMP00355,Barista,Senior,4,Available,No,37,2,1,-1,Understaffed
SHF0002780,SD010,Starbucks - Chula Vista Center,Chula Vista,2024-02-12,Monday,09:00,13:00,EMP00096,Barista,Senior,4,Available,No,78,3,3,0,Balanced
SHF0002781,SD010,Starbucks - Chula Vista Center,Chula Vista,2024-02-19,Monday,09:00,13:00,EMP00021,Barista,Entry,4,Available,No,88,4,4,0,Balanced
SHF0002782,SD010,Starbucks - Chula Vista Center,Chula Vista,2024-02-19,Monday,10:00,14:00,EMP00282,Barista,Senior,4,Available,No,64,3,4,1,Overstaffed
SHF0002783,SD010,Starbucks - Chula Vista Center,Chula Vista,2024-02-19,Monday,17:00,21:00,EMP00025,Shift Supervisor,Senior,4,Available,No,29,2,2,0,Balanced
SHF0002784,SD010,Starbucks - Chula Vista Center,Chula Vista,2024-02-19,Monday,17:00,21:00,EMP00369,Barista,Senior,4,Available,No,29,2,1,-1,Understaffed
SHF0002785,SD010,Starbucks - Chula Vista Center,Chula Vista,2024-02-19,Monday,07:00,11:00,EMP00216,Shift Supervisor,Entry,4,Available,No,56,2,2,0,Balanced
SHF0002786,SD010,Starbucks - Chula Vista Center,Chula Vista,2024-02-19,Monday,13:00,17:00,EMP00072,Barista,Intermediate,4,Available,No,60,3,5,2,Overstaffed
SHF0002787,SD010,Starbucks - Chula Vista Center,Chula Vista,2024-02-19,Monday,06:00,10:00,EMP00270,Barista,Intermediate,4,Available,No,29,2,2,0,Balanced
SHF0002788,SD010,Starbucks - Chula Vista Center,Chula Vista,2024-02-19,Monday,07:00,11:00,EMP00083,Shift Supervisor,Senior,4,Available,No,74,3,3,0,Balanced
SHF0002789,SD010,Starbucks - Chula Vista Center,Chula Vista,2024-02-19,Monday,14:00,18:00,EMP00028,Barista,Entry,4,Available,No,42,2,2,0,Balanced
SHF0002790,SD010,Starbucks - Chula Vista Center,Chula Vista,2024-02-26,Monday,13:00,17:00,EMP00353,Barista,Intermediate,4,Available,No,35,2,2,0,Balanced
SHF0002791,SD010,Starbucks - Chula Vista Center,Chula Vista,2024-02-26,Monday,07:00,11:00,EMP00374,Barista,Entry,4,Available,No,65,3,3,0,Balanced
SHF0002792,SD010,Starbucks - Chula Vista Center,Chula Vista,2024-02-26,Monday,09:00,13:00,EMP00319,Barista,Entry,4,Available,No,77,3,3,0,Balanced
SHF0002793,SD010,Starbucks - Chula Vista Center,Chula Vista,2024-02-26,Monday,07:00,11:00,EMP00081,Barista,Senior,4,Available,No,56,2,2,0,Balanced
SHF0002794,SD010,Starbucks - Chula Vista Center,Chula Vista,2024-02-26,Monday,07:00,11:00,EMP00178,Barista,Entry,4,Available,No,68,3,3,0,Balanced
SHF0002795,SD010,Starbucks - Chula Vista Center,Chula Vista,2024-02-26,Monday,05:00,09:00,EMP00366,Barista,Senior,4,Available,No,28,2,2,0,Balanced
SHF0002796,SD010,Starbucks - Chula Vista Center,Chula Vista,2024-02-26,Monday,13:00,17:00,EMP00446,Barista,Entry,4,Available,No,51,2,3,1,Overstaffed
SHF0002797,SD010,Starbucks - Chula Vista Center,Chula Vista,2024-02-26,Monday,07:00,11:00,EMP00268,Barista,Senior,4,Available,No,83,4,4,0,Balanced
SHF0002798,SD010,Starbucks - Chula Vista Center,Chula Vista,2024-03-04,Monday,15:00,19:00,EMP00382,Barista,Intermediate,4,Available,No,24,2,2,0,Balanced
SHF0002799,SD010,Starbucks - Chula Vista Center,Chula Vista,2024-03-04,Monday,09:00,13:00,EMP00375,Barista,Intermediate,4,Available,No,55,2,2,0,Balanced
SHF0002800,SD010,Starbucks - Chula Vista Center,Chula Vista,2024-03-04,Monday,18:00,22:00,EMP00292,Barista,Intermediate,4,Available,No,28,2,2,0,Balanced
SHF0002801,SD010,Starbucks - Chula Vista Center,Chula Vista,2024-03-04,Monday,11:00,15:00,EMP00147,Barista,Intermediate,4,Available,No,43,2,2,0,Balanced
SHF0002802,SD010,Starbucks - Chula Vista Center,Chula Vista,2024-03-04,Monday,05:00,09:00,EMP00015,Barista,Entry,4,Available,No,44,2,2,0,Balanced
SHF0002803,SD010,Starbucks - Chula Vista Center,Chula Vista,2024-03-04,Monday,17:00,21:00,EMP00076,Barista,Senior,4,Available,No,27,2,2,0,Balanced
SHF0002804,SD010,Starbucks - Chula Vista Center,Chula Vista,2024-03-04,Monday,09:00,13:00,EMP00122,Barista,Entry,4,Available,No,80,4,4,0,Balanced
SHF0002805,SD010,Starbucks - Chula Vista Center,Chula Vista,2024-03-04,Monday,06:00,10:00,EMP00238,Barista,Entry,4,Available,No,29,2,2,0,Balanced
SHF0002806,SD010,Starbucks - Chula Vista Center,Chula Vista,2024-03-04,Monday,15:00,19:00,EMP00397,Barista,Intermediate,4,Available,No,35,2,2,0,Balanced
SHF0002807,SD010,Starbucks - Chula Vista Center,Chula Vista,2024-03-04,Monday,06:00,10:00,EMP00222,Barista,Intermediate,4,Available,No,41,2,2,0,Balanced
SHF0002808,SD010,Starbucks - Chula Vista Center,Chula Vista,2024-03-04,Monday,11:00,15:00,EMP00256,Barista,Entry,4,Available,No,55,2,3,1,Overstaffed
SHF0002809,SD010,Starbucks - Chula Vista Center,Chula Vista,2024-03-11,Monday,07:00,11:00,EMP00470,Barista,Entry,4,Available,No,78,3,3,0,Balanced
SHF0002810,SD010,Starbucks - Chula Vista Center,Chula Vista,2024-03-11,Monday,05:00,09:00,EMP00294,Barista,Senior,4,Available,No,41,2,2,0,Balanced
SHF0002811,SD010,Starbucks - Chula Vista Center,Chula Vista,2024-03-11,Monday,13:00,17:00,EMP00299,Barista,Entry,4,Available,No,57,2,3,1,Overstaffed
SHF0002812,SD010,Starbucks - Chula Vista Center,Chula Vista,2024-03-11,Monday,18:00,22:00,EMP00483,Barista,Senior,4,Available,No,31,2,2,0,Balanced
SHF0002813,SD010,Starbucks - Chula Vista Center,Chula Vista,2024-03-11,Monday,06:00,10:00,EMP00497,Barista,Intermediate,4,Available,No,21,2,2,0,Balanced
SHF0002814,SD010,Starbucks - Chula Vista Center,Chula Vista,2024-03-11,Monday,10:00,14:00,EMP00232,Shift Supervisor,Intermediate,4,Available,No,35,2,1,-1,Understaffed
SHF0002815,SD010,Starbucks - Chula Vista Center,Chula Vista,2024-03-11,Monday,17:00,21:00,EMP00062,Barista,Entry,4,Available,No,24,2,2,0,Balanced
SHF0002816,SD010,Starbucks - Chula Vista Center,Chula Vista,2024-03-11,Monday,15:00,19:00,EMP00277,Barista,Entry,4,Available,No,29,2,2,0,Balanced
SHF0002817,SD010,Starbucks - Chula Vista Center,Chula Vista,2024-03-18,Monday,05:00,09:00,EMP00103,Barista,Entry,4,Available,No,23,2,2,0,Balanced
SHF0002818,SD010,Starbucks - Chula Vista Center,Chula Vista,2024-03-18,Monday,14:00,18:00,EMP00199,Barista,Entry,4,Available,No,21,2,2,0,Balanced
SHF0002819,SD010,Starbucks - Chula Vista Center,Chula Vista,2024-03-18,Monday,11:00,15:00,EMP00459,Barista,Intermediate,4,Available,No,46,2,1,-1,Understaffed
SHF0002820,SD010,Starbucks - Chula Vista Center,Chula Vista,2024-03-18,Monday,14:00,18:00,EMP00492,Lead Barista,Entry,4,Available,No,35,2,1,-1,Understaffed
SHF0002821,SD010,Starbucks - Chula Vista Center,Chula Vista,2024-03-18,Monday,14:00,18:00,EMP00249,Shift Supervisor,Intermediate,4,Available,No,25,2,2,0,Balanced
SHF0002822,SD010,Starbucks - Chula Vista Center,Chula Vista,2024-03-18,Monday,17:00,21:00,EMP00123,Shift Supervisor,Intermediate,4,Available,No,32,2,2,0,Balanced
SHF0002823,SD010,Starbucks - Chula Vista Center,Chula Vista,2024-03-18,Monday,07:00,11:00,EMP00235,Barista,Intermediate,4,Available,No,87,4,4,0,Balanced
SHF0002824,SD010,Starbucks - Chula Vista Center,Chula Vista,2024-03-18,Monday,05:00,09:00,EMP00177,Barista,Intermediate,4,Available,No,39,2,2,0,Balanced
SHF0002825,SD010,Starbucks - Chula Vista Center,Chula Vista,2024-03-18,Monday,07:00,11:00,EMP00460,Barista,Entry,4,Available,No,55,2,2,0,Balanced
SHF0002826,SD010,Starbucks - Chula Vista Center,Chula Vista,2024-03-18,Monday,05:00,09:00,EMP00464,Barista,Intermediate,4,Available,No,44,2,2,0,Balanced
SHF0002827,SD010,Starbucks - Chula Vista Center,Chula Vista,2024-03-18,Monday,17:00,21:00,EMP00032,Shift Supervisor,Intermediate,4,Available,No,39,2,4,2,Overstaffed
SHF0002828,SD010,Starbucks - Chula Vista Center,Chula Vista,2024-03-18,Monday,06:00,10:00,EMP00035,Barista,Intermediate,4,Available,No,24,2,2,0,Balanced
SHF0002829,SD010,Starbucks - Chula Vista Center,Chula Vista,2024-03-25,Monday,07:00,11:00,EMP00191,Lead Barista,Intermediate,4,Available,No,82,4,6,2,Overstaffed
SHF0002830,SD010,Starbucks - Chula Vista Center,Chula Vista,2024-03-25,Monday,07:00,11:00,EMP00191,Barista,Senior,4,Available,No,71,3,3,0,Balanced
SHF0002831,SD010,Starbucks - Chula Vista Center,Chula Vista,2024-03-25,Monday,17:00,21:00,EMP00418,Barista,Entry,4,Available,No,25,2,2,0,Balanced
SHF0002832,SD010,Starbucks - Chula Vista Center,Chula Vista,2024-03-25,Monday,18:00,22:00,EMP00258,Barista,Senior,4,Available,No,29,2,1,-1,Understaffed
SHF0002833,SD010,Starbucks - Chula Vista Center,Chula Vista,2024-03-25,Monday,14:00,18:00,EMP00345,Barista,Entry,4,Available,No,28,2,2,0,Balanced
SHF0002834,SD010,Starbucks - Chula Vista Center,Chula Vista,2024-03-25,Monday,14:00,18:00,EMP00231,Barista,Entry,4,Available,No,29,2,1,-1,Understaffed
SHF0002835,SD010,Starbucks - Chula Vista Center,Chula Vista,2024-03-25,Monday,14:00,18:00,EMP00128,Barista,Entry,4,Available,No,32,2,2,0,Balanced
SHF0002836,SD010,Starbucks - Chula Vista Center,Chula Vista,2024-03-25,Monday,09:00,13:00,EMP00122,Barista,Senior,4,Available,No,56,2,2,0,Balanced
SHF0002837,SD010,Starbucks - Chula Vista Center,Chula Vista,2024-04-01,Monday,10:00,14:00,EMP00074,Barista,Intermediate,4,Available,No,65,3,3,0,Balanced
SHF0002838,SD010,Starbucks - Chula Vista Center,Chula Vista,2024-04-01,Monday,10:00,14:00,EMP00262,Barista,Intermediate,4,Available,No,60,3,1,-2,Understaffed
SHF0002839,SD010,Starbucks - Chula Vista Center,Chula Vista,2024-04-01,Monday,15:00,19:00,EMP00101,Barista,Intermediate,4,Available,No,41,2,4,2,Overstaffed
SHF0002840,SD010,Starbucks - Chula Vista Center,Chula Vista,2024-04-01,Monday,07:00,11:00,EMP00453,Shift Supervisor,Entry,4,Available,No,58,2,2,0,Balanced
SHF0002841,SD010,Starbucks - Chula Vista Center,Chula Vista,2024-04-01,Monday,10:00,14:00,EMP00394,Barista,Entry,4,Available,No,54,2,2,0,Balanced
SHF0002842,SD010,Starbucks - Chula Vista Center,Chula Vista,2024-04-01,Monday,11:00,15:00,EMP00066,Barista,Entry,4,Available,No,51,2,2,0,Balanced
SHF0002843,SD010,Starbucks - Chula Vista Center,Chula Vista,2024-04-01,Monday,09:00,13:00,EMP00472,Barista,Senior,4,Available,No,78,3,3,0,Balanced
SHF0002844,SD010,Starbucks - Chula Vista Center,Chula Vista,2024-04-01,Monday,18:00,22:00,EMP00339,Barista,Intermediate,4,Available,No,20,2,2,0,Balanced
SHF0002845,SD010,Starbucks - Chula Vista Center,Chula Vista,2024-04-01,Monday,07:00,11:00,EMP00146,Barista,Entry,4,Available,No,83,4,4,0,Balanced
SHF0002846,SD010,Starbucks - Chula Vista Center,Chula Vista,2024-04-01,Monday,10:00,14:00,EMP00218,Barista,Intermediate,4,Available,No,61,3,3,0,Balanced
SHF0002847,SD010,Starbucks - Chula Vista Center,Chula Vista,2024-04-01,Monday,06:00,10:00,EMP00162,Barista,Intermediate,4,Available,No,37,2,4,2,Overstaffed
SHF0002848,SD010,Starbucks - Chula Vista Center,Chula Vista,2024-04-08,Monday,14:00,18:00,EMP00096,Barista,Senior,4,Available,No,39,2,2,0,Balanced
SHF0002849,SD010,Starbucks - Chula Vista Center,Chula Vista,2024-04-08,Monday,17:00,21:00,EMP00272,Barista,Entry,4,Available,No,23,2,2,0,Balanced
SHF0002850,SD010,Starbucks - Chula Vista Center,Chula Vista,2024-04-08,Monday,06:00,10:00,EMP00460,Shift Supervisor,Entry,4,Available,No,43,2,2,0,Balanced
SHF0002851,SD010,Starbucks - Chula Vista Center,Chula Vista,2024-04-08,Monday,07:00,11:00,EMP00216,Barista,Entry,4,Available,No,72,3,2,-1,Understaffed
SHF0002852,SD010,Starbucks - Chula Vista Center,Chula Vista,2024-04-08,Monday,07:00,11:00,EMP00043,Barista,Entry,4,Available,No,57,2,2,0,Balanced
SHF0002853,SD010,Starbucks - Chula Vista Center,Chula Vista,2024-04-08,Monday,15:00,19:00,EMP00386,Shift Supervisor,Entry,4,Available,No,20,2,4,2,Overstaffed
SHF0002854,SD010,Starbucks - Chula Vista Center,Chula Vista,2024-04-08,Monday,14:00,18:00,EMP00492,Lead Barista,Senior,4,Available,No,20,2,2,0,Balanced
SHF0002855,SD010,Starbucks - Chula Vista Center,Chula Vista,2024-04-08,Monday,10:00,14:00,EMP00074,Barista,Intermediate,4,Available,No,40,2,2,0,Balanced
SHF0002856,SD010,Starbucks - Chula Vista Center,Chula Vista,2024-04-08,Monday,17:00,21:00,EMP00371,Barista,Entry,4,Available,No,45,2,2,0,Balanced
SHF0002857,SD010,Starbucks - Chula Vista Center,Chula Vista,2024-04-15,Monday,06:00,10:00,EMP00113,Lead Barista,Intermediate,4,Available,No,29,2,2,0,Balanced
SHF0002858,SD010,Starbucks - Chula Vista Center,Chula Vista,2024-04-15,Monday,18:00,22:00,EMP00241,Barista,Senior,4,Available,No,25,2,3,1,Overstaffed
SHF0002859,SD010,Starbucks - Chula Vista Center,Chula Vista,2024-04-15,Monday,10:00,14:00,EMP00088,Barista,Entry,4,Available,No,36,2,1,-1,Understaffed
SHF0002860,SD010,Starbucks - Chula Vista Center,Chula Vista,2024-04-15,Monday,10:00,14:00,EMP00185,Shift Supervisor,Intermediate,4,Available,No,49,2,2,0,Balanced
SHF0002861,SD010,Starbucks - Chula Vista Center,Chula Vista,2024-04-15,Monday,18:00,22:00,EMP00293,Shift Supervisor,Intermediate,4,Available,No,22,2,2,0,Balanced
SHF0002862,SD010,Starbucks - Chula Vista Center,Chula Vista,2024-04-15,Monday,05:00,09:00,EMP00184,Shift Supervisor,Entry,4,Available,No,43,2,2,0,Balanced
SHF0002863,SD010,Starbucks - Chula Vista Center,Chula Vista,2024-04-15,Monday,11:00,15:00,EMP00244,Shift Supervisor,Intermediate,4,Available,No,47,2,1,-1,Understaffed
SHF0002864,SD010,Starbucks - Chula Vista Center,Chula Vista,2024-04-15,Monday,17:00,21:00,EMP00108,Barista,Entry,4,Available,No,45,2,2,0,Balanced
SHF0002865,SD010,Starbucks - Chula Vista Center,Chula Vista,2024-04-15,Monday,17:00,21:00,EMP00068,Barista,Intermediate,4,Available,No,25,2,2,0,Balanced
SHF0002866,SD010,Starbucks - Chula Vista Center,Chula Vista,2024-04-15,Monday,10:00,14:00,EMP00016,Barista,Entry,4,Available,No,63,3,3,0,Balanced
SHF0002867,SD010,Starbucks - Chula Vista Center,Chula Vista,2024-04-22,Monday,17:00,21:00,EMP00377,Shift Supervisor,Entry,4,Available,No,26,2,2,0,Balanced
SHF0002868,SD010,Starbucks - Chula Vista Center,Chula Vista,2024-04-22,Monday,18:00,22:00,EMP00058,Barista,Senior,4,Called Out,Yes,34,2,2,0,Balanced
SHF0002869,SD010,Starbucks - Chula Vista Center,Chula Vista,2024-04-22,Monday,15:00,19:00,EMP00046,Shift Supervisor,Senior,4,Available,No,36,2,1,-1,Understaffed
SHF0002870,SD010,Starbucks - Chula Vista Center,Chula Vista,2024-04-22,Monday,13:00,17:00,EMP00290,Barista,Intermediate,4,Available,No,52,2,1,-1,Understaffed
SHF0002871,SD010,Starbucks - Chula Vista Center,Chula Vista,2024-04-22,Monday,06:00,10:00,EMP00076,Barista,Intermediate,4,Available,No,31,2,1,-1,Understaffed
SHF0002872,SD010,Starbucks - Chula Vista Center,Chula Vista,2024-04-22,Monday,06:00,10:00,EMP00296,Shift Supervisor,Intermediate,4,Available,No,23,2,2,0,Balanced
SHF0002873,SD010,Starbucks - Chula Vista Center,Chula Vista,2024-04-22,Monday,17:00,21:00,EMP00374,Barista,Entry,4,Available,No,24,2,2,0,Balanced
SHF0002874,SD010,Starbucks - Chula Vista Center,Chula Vista,2024-04-22,Monday,06:00,10:00,EMP00240,Barista,Entry,4,Available,No,27,2,2,0,Balanced
SHF0002875,SD010,Starbucks - Chula Vista Center,Chula Vista,2024-04-22,Monday,14:00,18:00,EMP00305,Barista,Entry,4,Available,No,35,2,2,0,Balanced
SHF0002876,SD010,Starbucks - Chula Vista Center,Chula Vista,2024-04-22,Monday,11:00,15:00,EMP00131,Barista,Intermediate,4,Available,No,59,2,1,-1,Understaffed
SHF0002877,SD010,Starbucks - Chula Vista Center,Chula Vista,2024-04-29,Monday,06:00,10:00,EMP00307,Lead Barista,Intermediate,4,Available,No,29,2,2,0,Balanced
SHF0002878,SD010,Starbucks - Chula Vista Center,Chula Vista,2024-04-29,Monday,15:00,19:00,EMP00442,Barista,Entry,4,Available,No,22,2,2,0,Balanced
SHF0002879,SD010,Starbucks - Chula Vista Center,Chula Vista,2024-04-29,Monday,05:00,09:00,EMP00267,Shift Supervisor,Senior,4,Available,No,21,2,3,1,Overstaffed
SHF0002880,SD010,Starbucks - Chula Vista Center,Chula Vista,2024-04-29,Monday,06:00,10:00,EMP00402,Barista,Entry,4,Available,No,24,2,2,0,Balanced
SHF0002881,SD010,Starbucks - Chula Vista Center,Chula Vista,2024-04-29,Monday,09:00,13:00,EMP00178,Barista,Entry,4,Available,No,69,3,3,0,Balanced
SHF0002882,SD010,Starbucks - Chula Vista Center,Chula Vista,2024-04-29,Monday,15:00,19:00,EMP00372,Barista,Entry,4,Available,No,27,2,2,0,Balanced
SHF0002883,SD010,Starbucks - Chula Vista Center,Chula Vista,2024-04-29,Monday,09:00,13:00,EMP00135,Shift Supervisor,Entry,4,Available,No,90,4,3,-1,Understaffed
SHF0002884,SD010,Starbucks - Chula Vista Center,Chula Vista,2024-04-29,Monday,06:00,10:00,EMP00264,Barista,Intermediate,4,Available,No,40,2,3,1,Overstaffed
SHF0002885,SD010,Starbucks - Chula Vista Center,Chula Vista,2024-04-29,Monday,07:00,11:00,EMP00153,Barista,Intermediate,4,Available,No,55,2,1,-1,Understaffed
SHF0002886,SD010,Starbucks - Chula Vista Center,Chula Vista,2024-04-29,Monday,05:00,09:00,EMP00215,Barista,Intermediate,4,Available,No,26,2,2,0,Balanced
SHF0002887,SD010,Starbucks - Chula Vista Center,Chula Vista,2024-05-06,Monday,10:00,14:00,EMP00439,Barista,Entry,4,Available,No,55,2,2,0,Balanced
SHF0002888,SD010,Starbucks - Chula Vista Center,Chula Vista,2024-05-06,Monday,15:00,19:00,EMP00397,Shift Supervisor,Senior,4,Available,No,45,2,2,0,Balanced
SHF0002889,SD010,Starbucks - Chula Vista Center,Chula Vista,2024-05-06,Monday,11:00,15:00,EMP00315,Shift Supervisor,Entry,4,Available,No,44,2,2,0,Balanced
SHF0002890,SD010,Starbucks - Chula Vista Center,Chula Vista,2024-05-06,Monday,15:00,19:00,EMP00350,Barista,Intermediate,4,Available,No,39,2,2,0,Balanced
SHF0002891,SD010,Starbucks - Chula Vista Center,Chula Vista,2024-05-06,Monday,07:00,11:00,EMP00354,Barista,Entry,4,Available,No,62,3,3,0,Balanced
SHF0002892,SD010,Starbucks - Chula Vista Center,Chula Vista,2024-05-06,Monday,11:00,15:00,EMP00263,Barista,Entry,4,Available,No,62,3,3,0,Balanced
SHF0002893,SD010,Starbucks - Chula Vista Center,Chula Vista,2024-05-06,Monday,06:00,10:00,EMP00300,Barista,Intermediate,4,Called Out,Yes,42,2,2,0,Balanced
SHF0002894,SD010,Starbucks - Chula Vista Center,Chula Vista,2024-05-06,Monday,07:00,11:00,EMP00302,Barista,Intermediate,4,Available,No,74,3,3,0,Balanced
SHF0002895,SD010,Starbucks - Chula Vista Center,Chula Vista,2024-05-13,Monday,06:00,10:00,EMP00076,Barista,Entry,4,Available,No,41,2,2,0,Balanced
SHF0002896,SD010,Starbucks - Chula Vista Center,Chula Vista,2024-05-13,Monday,05:00,09:00,EMP00007,Barista,Entry,4,Available,No,24,2,2,0,Balanced
SHF0002897,SD010,Starbucks - Chula Vista Center,Chula Vista,2024-05-13,Monday,18:00,22:00,EMP00003,Barista,Intermediate,4,Available,No,31,2,2,0,Balanced
SHF0002898,SD010,Starbucks - Chula Vista Center,Chula Vista,2024-05-13,Monday,18:00,22:00,EMP00394,Shift Supervisor,Intermediate,4,Available,No,35,2,3,1,Overstaffed
SHF0002899,SD010,Starbucks - Chula Vista Center,Chula Vista,2024-05-13,Monday,10:00,14:00,EMP00088,Barista,Entry,4,Available,No,41,2,4,2,Overstaffed
SHF0002900,SD010,Starbucks - Chula Vista Center,Chula Vista,2024-05-13,Monday,10:00,14:00,EMP00434,Barista,Intermediate,4,Available,No,36,2,2,0,Balanced
SHF0002901,SD010,Starbucks - Chula Vista Center,Chula Vista,2024-05-13,Monday,15:00,19:00,EMP00221,Barista,Entry,4,Available,No,20,2,3,1,Overstaffed
SHF0002902,SD010,Starbucks - Chula Vista Center,Chula Vista,2024-05-13,Monday,14:00,18:00,EMP00468,Lead Barista,Intermediate,4,Available,No,40,2,2,0,Balanced
SHF0002903,SD010,Starbucks - Chula Vista Center,Chula Vista,2024-05-13,Monday,15:00,19:00,EMP00232,Barista,Entry,4,Available,No,27,2,2,0,Balanced
SHF0002904,SD010,Starbucks - Chula Vista Center,Chula Vista,2024-05-20,Monday,09:00,13:00,EMP00036,Barista,Intermediate,4,Available,No,82,4,2,-2,Understaffed
SHF0002905,SD010,Starbucks - Chula Vista Center,Chula Vista,2024-05-20,Monday,07:00,11:00,EMP00332,Lead Barista,Intermediate,4,Available,No,64,3,5,2,Overstaffed
SHF0002906,SD010,Starbucks - Chula Vista Center,Chula Vista,2024-05-20,Monday,10:00,14:00,EMP00392,Barista,Senior,4,Available,No,58,2,2,0,Balanced
SHF0002907,SD010,Starbucks - Chula Vista Center,Chula Vista,2024-05-20,Monday,18:00,22:00,EMP00391,Barista,Intermediate,4,Available,No,36,2,2,0,Balanced
SHF0002908,SD010,Starbucks - Chula Vista Center,Chula Vista,2024-05-20,Monday,18:00,22:00,EMP00088,Barista,Intermediate,4,Available,No,20,2,2,0,Balanced
SHF0002909,SD010,Starbucks - Chula Vista Center,Chula Vista,2024-05-20,Monday,17:00,21:00,EMP00110,Barista,Entry,4,Available,No,32,2,4,2,Overstaffed
SHF0002910,SD010,Starbucks - Chula Vista Center,Chula Vista,2024-05-20,Monday,11:00,15:00,EMP00345,Lead Barista,Entry,4,Available,No,40,2,2,0,Balanced
SHF0002911,SD010,Starbucks - Chula Vista Center,Chula Vista,2024-05-20,Monday,17:00,21:00,EMP00446,Lead Barista,Intermediate,4,Available,No,40,2,1,-1,Understaffed
SHF0002912,SD010,Starbucks - Chula Vista Center,Chula Vista,2024-05-27,Monday,15:00,19:00,EMP00073,Barista,Senior,4,Available,No,32,2,1,-1,Understaffed
SHF0002913,SD010,Starbucks - Chula Vista Center,Chula Vista,2024-05-27,Monday,10:00,14:00,EMP00091,Shift Supervisor,Entry,4,Available,No,58,2,1,-1,Understaffed
SHF0002914,SD010,Starbucks - Chula Vista Center,Chula Vista,2024-05-27,Monday,18:00,22:00,EMP00486,Barista,Senior,4,Available,No,40,2,2,0,Balanced
SHF0002915,SD010,Starbucks - Chula Vista Center,Chula Vista,2024-05-27,Monday,11:00,15:00,EMP00321,Barista,Entry,4,Available,No,61,3,4,1,Overstaffed
SHF0002916,SD010,Starbucks - Chula Vista Center,Chula Vista,2024-05-27,Monday,11:00,15:00,EMP00448,Barista,Entry,4,Available,No,55,2,2,0,Balanced
SHF0002917,SD010,Starbucks - Chula Vista Center,Chula Vista,2024-05-27,Monday,10:00,14:00,EMP00050,Barista,Intermediate,4,Available,No,38,2,3,1,Overstaffed
SHF0002918,SD010,Starbucks - Chula Vista Center,Chula Vista,2024-05-27,Monday,15:00,19:00,EMP00392,Shift Supervisor,Entry,4,Available,No,45,2,2,0,Balanced
SHF0002919,SD010,Starbucks - Chula Vista Center,Chula Vista,2024-05-27,Monday,11:00,15:00,EMP00468,Barista,Intermediate,4,Available,No,47,2,2,0,Balanced
SHF0002920,SD010,Starbucks - Chula Vista Center,Chula Vista,2024-06-03,Monday,17:00,21:00,EMP00460,Shift Supervisor,Intermediate,4,Available,No,24,2,2,0,Balanced
SHF0002921,SD010,Starbucks - Chula Vista Center,Chula Vista,2024-06-03,Monday,17:00,21:00,EMP00419,Lead Barista,Entry,4,Available,No,23,2,2,0,Balanced
SHF0002922,SD010,Starbucks - Chula Vista Center,Chula Vista,2024-06-03,Monday,15:00,19:00,EMP00107,Lead Barista,Intermediate,4,Available,No,40,2,1,-1,Understaffed
SHF0002923,SD010,Starbucks - Chula Vista Center,Chula Vista,2024-06-03,Monday,17:00,21:00,EMP00006,Barista,Intermediate,4,Available,No,21,2,2,0,Balanced
SHF0002924,SD010,Starbucks - Chula Vista Center,Chula Vista,2024-06-03,Monday,14:00,18:00,EMP00282,Shift Supervisor,Entry,4,Available,No,39,2,2,0,Balanced
SHF0002925,SD010,Starbucks - Chula Vista Center,Chula Vista,2024-06-03,Monday,15:00,19:00,EMP00331,Barista,Intermediate,4,Available,No,39,2,2,0,Balanced
SHF0002926,SD010,Starbucks - Chula Vista Center,Chula Vista,2024-06-03,Monday,05:00,09:00,EMP00374,Barista,Intermediate,4,Available,No,30,2,2,0,Balanced
SHF0002927,SD010,Starbucks - Chula Vista Center,Chula Vista,2024-06-03,Monday,17:00,21:00,EMP00219,Barista,Intermediate,4,Available,No,32,2,4,2,Overstaffed
SHF0002928,SD010,Starbucks - Chula Vista Center,Chula Vista,2024-06-03,Monday,09:00,13:00,EMP00461,Barista,Entry,4,Available,No,85,4,4,0,Balanced
SHF0002929,SD010,Starbucks - Chula Vista Center,Chula Vista,2024-06-03,Monday,11:00,15:00,EMP00419,Barista,Intermediate,4,Available,No,57,2,2,0,Balanced
SHF0002930,SD010,Starbucks - Chula Vista Center,Chula Vista,2024-06-10,Monday,07:00,11:00,EMP00447,Barista,Senior,4,Available,No,68,3,3,0,Balanced
SHF0002931,SD010,Starbucks - Chula Vista Center,Chula Vista,2024-06-10,Monday,15:00,19:00,EMP00037,Barista,Entry,4,Available,No,25,2,2,0,Balanced
SHF0002932,SD010,Starbucks - Chula Vista Center,Chula Vista,2024-06-10,Monday,07:00,11:00,EMP00418,Barista,Intermediate,4,Available,No,56,2,4,2,Overstaffed
SHF0002933,SD010,Starbucks - Chula Vista Center,Chula Vista,2024-06-10,Monday,07:00,11:00,EMP00388,Barista,Intermediate,4,Available,No,76,3,3,0,Balanced
SHF0002934,SD010,Starbucks - Chula Vista Center,Chula Vista,2024-06-10,Monday,15:00,19:00,EMP00149,Barista,Senior,4,Available,No,25,2,2,0,Balanced
SHF0002935,SD010,Starbucks - Chula Vista Center,Chula Vista,2024-06-10,Monday,18:00,22:00,EMP00459,Barista,Senior,4,Available,No,35,2,2,0,Balanced
SHF0002936,SD010,Starbucks - Chula Vista Center,Chula Vista,2024-06-10,Monday,05:00,09:00,EMP00090,Barista,Entry,4,Available,No,28,2,3,1,Overstaffed
SHF0002937,SD010,Starbucks - Chula Vista Center,Chula Vista,2024-06-10,Monday,13:00,17:00,EMP00332,Shift Supervisor,Entry,4,Available,No,63,3,3,0,Balanced
SHF0002938,SD010,Starbucks - Chula Vista Center,Chula Vista,2024-06-10,Monday,09:00,13:00,EMP00441,Barista,Entry,4,Available,No,76,3,3,0,Balanced
SHF0002939,SD010,Starbucks - Chula Vista Center,Chula Vista,2024-06-10,Monday,09:00,13:00,EMP00343,Barista,Entry,4,Available,No,85,4,5,1,Overstaffed
SHF0002940,SD010,Starbucks - Chula Vista Center,Chula Vista,2024-06-17,Monday,15:00,19:00,EMP00325,Barista,Entry,4,Available,No,30,2,2,0,Balanced
SHF0002941,SD010,Starbucks - Chula Vista Center,Chula Vista,2024-06-17,Monday,07:00,11:00,EMP00285,Barista,Entry,4,Available,No,77,3,3,0,Balanced
SHF0002942,SD010,Starbucks - Chula Vista Center,Chula Vista,2024-06-17,Monday,14:00,18:00,EMP00478,Barista,Intermediate,4,Available,No,39,2,3,1,Overstaffed
SHF0002943,SD010,Starbucks - Chula Vista Center,Chula Vista,2024-06-17,Monday,15:00,19:00,EMP00311,Barista,Entry,4,Available,No,37,2,2,0,Balanced
SHF0002944,SD010,Starbucks - Chula Vista Center,Chula Vista,2024-06-17,Monday,05:00,09:00,EMP00355,Barista,Intermediate,4,Available,No,33,2,4,2,Overstaffed
SHF0002945,SD010,Starbucks - Chula Vista Center,Chula Vista,2024-06-17,Monday,07:00,11:00,EMP00113,Shift Supervisor,Intermediate,4,Called Out,Yes,85,4,4,0,Balanced
SHF0002946,SD010,Starbucks - Chula Vista Center,Chula Vista,2024-06-17,Monday,18:00,22:00,EMP00269,Barista,Intermediate,4,Available,No,31,2,3,1,Overstaffed
SHF0002947,SD010,Starbucks - Chula Vista Center,Chula Vista,2024-06-17,Monday,13:00,17:00,EMP00411,Barista,Senior,4,Available,No,54,2,2,0,Balanced
SHF0002948,SD010,Starbucks - Chula Vista Center,Chula Vista,2024-06-17,Monday,18:00,22:00,EMP00240,Barista,Entry,4,Available,No,45,2,2,0,Balanced
SHF0002949,SD010,Starbucks - Chula Vista Center,Chula Vista,2024-06-17,Monday,15:00,19:00,EMP00285,Barista,Senior,4,Available,No,28,2,4,2,Overstaffed
SHF0002950,SD010,Starbucks - Chula Vista Center,Chula Vista,2024-06-24,Monday,11:00,15:00,EMP00299,Lead Barista,Intermediate,4,Available,No,45,2,2,0,Balanced
SHF0002951,SD010,Starbucks - Chula Vista Center,Chula Vista,2024-06-24,Monday,05:00,09:00,EMP00076,Lead Barista,Intermediate,4,Available,No,25,2,2,0,Balanced
SHF0002952,SD010,Starbucks - Chula Vista Center,Chula Vista,2024-06-24,Monday,17:00,21:00,EMP00236,Barista,Senior,4,Available,No,26,2,2,0,Balanced
SHF0002953,SD010,Starbucks - Chula Vista Center,Chula Vista,2024-06-24,Monday,15:00,19:00,EMP00444,Barista,Entry,4,Available,No,36,2,2,0,Balanced
SHF0002954,SD010,Starbucks - Chula Vista Center,Chula Vista,2024-06-24,Monday,07:00,11:00,EMP00194,Barista,Senior,4,Available,No,68,3,3,0,Balanced
SHF0002955,SD010,Starbucks - Chula Vista Center,Chula Vista,2024-06-24,Monday,09:00,13:00,EMP00313,Barista,Entry,4,Available,No,83,4,4,0,Balanced
SHF0002956,SD010,Starbucks - Chula Vista Center,Chula Vista,2024-06-24,Monday,11:00,15:00,EMP00427,Shift Supervisor,Entry,4,Available,No,49,2,2,0,Balanced
SHF0002957,SD010,Starbucks - Chula Vista Center,Chula Vista,2024-06-24,Monday,07:00,11:00,EMP00372,Barista,Intermediate,4,Available,No,78,3,1,-2,Understaffed
SHF0002958,SD010,Starbucks - Chula Vista Center,Chula Vista,2024-07-01,Monday,11:00,15:00,EMP00332,Lead Barista,Intermediate,4,Available,No,42,2,2,0,Balanced
SHF0002959,SD010,Starbucks - Chula Vista Center,Chula Vista,2024-07-01,Monday,18:00,22:00,EMP00262,Shift Supervisor,Senior,4,Available,No,43,2,2,0,Balanced
SHF0002960,SD010,Starbucks - Chula Vista Center,Chula Vista,2024-07-01,Monday,09:00,13:00,EMP00281,Barista,Intermediate,4,Available,No,77,3,1,-2,Understaffed
SHF0002961,SD010,Starbucks - Chula Vista Center,Chula Vista,2024-07-01,Monday,07:00,11:00,EMP00133,Barista,Intermediate,4,Available,No,57,2,1,-1,Understaffed
SHF0002962,SD010,Starbucks - Chula Vista Center,Chula Vista,2024-07-01,Monday,15:00,19:00,EMP00132,Shift Supervisor,Senior,4,Available,No,20,2,2,0,Balanced
SHF0002963,SD010,Starbucks - Chula Vista Center,Chula Vista,2024-07-01,Monday,14:00,18:00,EMP00287,Shift Supervisor,Entry,4,Available,No,23,2,2,0,Balanced
SHF0002964,SD010,Starbucks - Chula Vista Center,Chula Vista,2024-07-01,Monday,17:00,21:00,EMP00252,Barista,Entry,4,Available,No,26,2,2,0,Balanced
SHF0002965,SD010,Starbucks - Chula Vista Center,Chula Vista,2024-07-01,Monday,15:00,19:00,EMP00212,Barista,Senior,4,Available,No,23,2,2,0,Balanced
SHF0002966,SD010,Starbucks - Chula Vista Center,Chula Vista,2024-07-01,Monday,10:00,14:00,EMP00322,Barista,Senior,4,Available,No,44,2,2,0,Balanced
SHF0002967,SD010,Starbucks - Chula Vista Center,Chula Vista,2024-07-01,Monday,10:00,14:00,EMP00282,Barista,Entry,4,Available,No,61,3,3,0,Balanced
SHF0002968,SD010,Starbucks - Chula Vista Center,Chula Vista,2024-07-08,Monday,14:00,18:00,EMP00139,Barista,Entry,4,Available,No,41,2,1,-1,Understaffed
SHF0002969,SD010,Starbucks - Chula Vista Center,Chula Vista,2024-07-08,Monday,13:00,17:00,EMP00109,Barista,Entry,4,Available,No,63,3,3,0,Balanced
SHF0002970,SD010,Starbucks - Chula Vista Center,Chula Vista,2024-07-08,Monday,13:00,17:00,EMP00071,Barista,Intermediate,4,Available,No,35,2,2,0,Balanced
SHF0002971,SD010,Starbucks - Chula Vista Center,Chula Vista,2024-07-08,Monday,10:00,14:00,EMP00004,Barista,Entry,4,Available,No,54,2,2,0,Balanced
SHF0002972,SD010,Starbucks - Chula Vista Center,Chula Vista,2024-07-08,Monday,07:00,11:00,EMP00047,Barista,Entry,4,Available,No,76,3,3,0,Balanced
SHF0002973,SD010,Starbucks - Chula Vista Center,Chula Vista,2024-07-08,Monday,18:00,22:00,EMP00041,Barista,Intermediate,4,Available,No,34,2,2,0,Balanced
SHF0002974,SD010,Starbucks - Chula Vista Center,Chula Vista,2024-07-08,Monday,15:00,19:00,EMP00245,Barista,Intermediate,4,Called Out,Yes,27,2,2,0,Balanced
SHF0002975,SD010,Starbucks - Chula Vista Center,Chula Vista,2024-07-08,Monday,18:00,22:00,EMP00037,Barista,Entry,4,Available,No,27,2,4,2,Overstaffed
SHF0002976,SD010,Starbucks - Chula Vista Center,Chula Vista,2024-07-08,Monday,09:00,13:00,EMP00375,Barista,Intermediate,4,Available,No,80,4,4,0,Balanced
SHF0002977,SD010,Starbucks - Chula Vista Center,Chula Vista,2024-07-08,Monday,18:00,22:00,EMP00011,Barista,Entry,4,Called Out,Yes,42,2,2,0,Balanced
SHF0002978,SD010,Starbucks - Chula Vista Center,Chula Vista,2024-07-08,Monday,11:00,15:00,EMP00317,Barista,Intermediate,4,Available,No,36,2,1,-1,Understaffed
SHF0002979,SD010,Starbucks - Chula Vista Center,Chula Vista,2024-07-15,Monday,18:00,22:00,EMP00017,Shift Supervisor,Intermediate,4,Available,No,32,2,1,-1,Understaffed
SHF0002980,SD010,Starbucks - Chula Vista Center,Chula Vista,2024-07-15,Monday,15:00,19:00,EMP00087,Lead Barista,Intermediate,4,Available,No,24,2,2,0,Balanced
SHF0002981,SD010,Starbucks - Chula Vista Center,Chula Vista,2024-07-15,Monday,07:00,11:00,EMP00204,Barista,Senior,4,Available,No,71,3,5,2,Overstaffed
SHF0002982,SD010,Starbucks - Chula Vista Center,Chula Vista,2024-07-15,Monday,10:00,14:00,EMP00343,Barista,Intermediate,4,Available,No,49,2,1,-1,Understaffed
SHF0002983,SD010,Starbucks - Chula Vista Center,Chula Vista,2024-07-15,Monday,14:00,18:00,EMP00269,Barista,Entry,4,Available,No,35,2,3,1,Overstaffed
SHF0002984,SD010,Starbucks - Chula Vista Center,Chula Vista,2024-07-15,Monday,14:00,18:00,EMP00221,Barista,Entry,4,Available,No,28,2,2,0,Balanced
SHF0002985,SD010,Starbucks - Chula Vista Center,Chula Vista,2024-07-15,Monday,18:00,22:00,EMP00224,Barista,Senior,4,Available,No,45,2,2,0,Balanced
SHF0002986,SD010,Starbucks - Chula Vista Center,Chula Vista,2024-07-15,Monday,18:00,22:00,EMP00465,Barista,Intermediate,4,Available,No,32,2,2,0,Balanced
SHF0002987,SD010,Starbucks - Chula Vista Center,Chula Vista,2024-07-15,Monday,14:00,18:00,EMP00030,Barista,Senior,4,Available,No,28,2,2,0,Balanced
SHF0002988,SD010,Starbucks - Chula Vista Center,Chula Vista,2024-07-22,Monday,13:00,17:00,EMP00451,Barista,Entry,4,Available,No,44,2,4,2,Overstaffed
SHF0002989,SD010,Starbucks - Chula Vista Center,Chula Vista,2024-07-22,Monday,13:00,17:00,EMP00428,Barista,Intermediate,4,Available,No,44,2,1,-1,Understaffed
SHF0002990,SD010,Starbucks - Chula Vista Center,Chula Vista,2024-07-22,Monday,11:00,15:00,EMP00319,Shift Supervisor,Entry,4,Available,No,48,2,2,0,Balanced
SHF0002991,SD010,Starbucks - Chula Vista Center,Chula Vista,2024-07-22,Monday,14:00,18:00,EMP00170,Barista,Intermediate,4,Available,No,44,2,2,0,Balanced
SHF0002992,SD010,Starbucks - Chula Vista Center,Chula Vista,2024-07-22,Monday,09:00,13:00,EMP00169,Barista,Intermediate,4,Available,No,82,4,4,0,Balanced
SHF0002993,SD010,Starbucks - Chula Vista Center,Chula Vista,2024-07-22,Monday,11:00,15:00,EMP00295,Shift Supervisor,Entry,4,Available,No,64,3,4,1,Overstaffed
SHF0002994,SD010,Starbucks - Chula Vista Center,Chula Vista,2024-07-22,Monday,10:00,14:00,EMP00448,Barista,Entry,4,Available,No,39,2,1,-1,Understaffed
SHF0002995,SD010,Starbucks - Chula Vista Center,Chula Vista,2024-07-22,Monday,18:00,22:00,EMP00210,Shift Supervisor,Intermediate,4,Available,No,35,2,2,0,Balanced
SHF0002996,SD010,Starbucks - Chula Vista Center,Chula Vista,2024-07-22,Monday,09:00,13:00,EMP00489,Barista,Intermediate,4,Available,No,65,3,1,-2,Understaffed
SHF0002997,SD010,Starbucks - Chula Vista Center,Chula Vista,2024-07-22,Monday,13:00,17:00,EMP00238,Barista,Senior,4,Available,No,43,2,2,0,Balanced
SHF0002998,SD010,Starbucks - Chula Vista Center,Chula Vista,2024-07-22,Monday,11:00,15:00,EMP00077,Barista,Intermediate,4,Available,No,39,2,1,-1,Understaffed
SHF0002999,SD010,Starbucks - Chula Vista Center,Chula Vista,2024-07-22,Monday,07:00,11:00,EMP00288,Barista,Intermediate,4,Available,No,69,3,3,0,Balanced
